{"type":"FeatureCollection","features":[{"type":"Feature","id":"2529","properties":{"id":"2529","unitIds":["2529"],"name":"94 Trust - Floyd County Complex 3","counties":["Floyd"],"region":"Panhandle","acres":320.0,"type":"dove_lease","pdfUrl":"https://tpwd.texas.gov/huntwild/hunt/public/annual_public_hunting/resources/FloydCountyComplex3.pdf","aerialPdfUrl":"https://tpwd.texas.gov/huntwild/hunt/public/annual_public_hunting/resources/94Trust_2529.pdf","registration":"none","legalGameTags":["Dove","Waterfowl","Quail","Pheasant","Rabbit"],"legalGameText":"","species":["dove","pheasant","quail","rabbit","waterfowl"],"methods":["any_legal","shotgun"],"access":["aph_walk_in"],"complexes":[],"hasEpostcard":false,"hasRegularPermit":false,"epostcardUrl":"","countySlugs":["floyd"],"bookletPage":"8","bookletPdfPage":37,"bookletUrl":"https://tpwd.texas.gov/publications/pwdpubs/media/pwd_bk_w7000_0112a.pdf#page=37","lon":-101.28147,"lat":34.00354},"geometry":{"type":"Polygon","coordinates":[[[-101.29014,33.99988],[-101.27276,34.00003],[-101.27281,34.00722],[-101.29019,34.00705],[-101.29014,33.99988]]]}},{"type":"Feature","id":"2500","properties":{"id":"2500","unitIds":["2500"],"name":"Abernathy North","counties":["Hale"],"region":"Panhandle","acres":194.0,"type":"dove_lease","pdfUrl":"https://tpwd.texas.gov/huntwild/hunt/public/annual_public_hunting/resources/2500.pdf","aerialPdfUrl":"https://tpwd.texas.gov/huntwild/hunt/public/annual_public_hunting/resources/AbernathyNorth_2500.pdf","registration":"none","legalGameTags":["Dove","Rabbit","Coyotes"],"legalGameText":"","species":["coyote","dove","rabbit"],"methods":["any_legal","shotgun"],"access":["aph_walk_in"],"complexes":[],"hasEpostcard":false,"hasRegularPermit":false,"epostcardUrl":"","countySlugs":["hale"],"bookletPage":"12","bookletPdfPage":41,"bookletUrl":"https://tpwd.texas.gov/publications/pwdpubs/media/pwd_bk_w7000_0112a.pdf#page=41","lon":-101.84041,"lat":33.90081},"geometry":{"type":"Polygon","coordinates":[[[-101.8444,33.89632],[-101.8368,33.89628],[-101.83605,33.90524],[-101.84446,33.9051],[-101.8444,33.89632]]]}},{"type":"Feature","id":"1001","properties":{"id":"1001","unitIds":["1001"],"name":"Abilene State Park","counties":["Taylor"],"region":"Central Texas","acres":520.0,"type":"state_park","pdfUrl":"https://tpwd.texas.gov/huntwild/hunt/public/annual_public_hunting/resources/1001.pdf","aerialPdfUrl":"https://tpwd.texas.gov/huntwild/hunt/public/annual_public_hunting/resources/Abilene_1001.pdf","registration":"none","legalGameTags":["E-Postcard Feral Hog","Waterfowl","Squirel"],"legalGameText":"","species":["feral_hog","squirrel","waterfowl"],"methods":["any_legal","shotgun"],"access":["aph_walk_in","e_postcard"],"complexes":[],"hasEpostcard":true,"hasRegularPermit":false,"epostcardUrl":"https://tpwd.texas.gov/huntwild/hunt/public/public_hunt_drawing/hunt-area-details.phtml?OArea=AE","countySlugs":["taylor"],"bookletPage":"41","bookletPdfPage":70,"bookletUrl":"https://tpwd.texas.gov/publications/pwdpubs/media/pwd_bk_w7000_0112a.pdf#page=70","lon":-99.89532,"lat":32.23818},"geometry":{"type":"Polygon","coordinates":[[[-99.88994,32.24363],[-99.88777,32.24848],[-99.89158,32.24911],[-99.89254,32.2523],[-99.91305,32.24807],[-99.91026,32.23919],[-99.9143,32.23833],[-99.91102,32.22724],[-99.89505,32.23148],[-99.89226,32.23088],[-99.89,32.22287],[-99.87969,32.22513],[-99.88192,32.23268],[-99.87604,32.23413],[-99.87492,32.23621],[-99.87948,32.24358],[-99.87572,32.24626],[-99.88994,32.24363]]]}},{"type":"Feature","id":"904","properties":{"id":"904","unitIds":["904"],"name":"Alabama Creek WMA","counties":["Trinity"],"region":"Pineywoods","acres":14561.0,"type":"wma","pdfUrl":"https://tpwd.texas.gov/huntwild/hunt/public/annual_public_hunting/resources/904.pdf","aerialPdfUrl":"https://tpwd.texas.gov/huntwild/hunt/public/annual_public_hunting/resources/AlabamaCreek_904.pdf","registration":"none","legalGameTags":["Deer - Archery","Deer - General","Deer-Muzzleloader","Feral Hog","Exotic Mammals","Dove","Teal","Waterfowl","Other Migratory Birds","Squirrel","Rabbit","Coyotes","Furbearers/Predators","Fishing","Youth/Adult Squirrel","Youth Deer","Youth Waterfowl","Veteran Waterfowl"],"legalGameText":"","species":["coyote","dove","exotic_mammals","feral_hog","furbearers","other_migratory","rabbit","squirrel","teal","waterfowl","white_tailed_deer"],"methods":["any_legal","archery","firearm","muzzleloader","shotgun"],"access":["aph_walk_in","youth","youth_adult"],"complexes":[],"hasEpostcard":false,"hasRegularPermit":false,"epostcardUrl":"","countySlugs":["trinity"],"bookletPage":"85","bookletPdfPage":114,"bookletUrl":"https://tpwd.texas.gov/publications/pwdpubs/media/pwd_bk_w7000_0112a.pdf#page=114","lon":-94.90543,"lat":31.17088},"geometry":{"type":"Polygon","coordinates":[[[-94.94048,31.13512],[-94.94042,31.1427],[-94.94639,31.14273],[-94.94721,31.13864],[-94.95451,31.14914],[-94.94741,31.14929],[-94.94745,31.15494],[-94.95396,31.1549],[-94.96105,31.16068],[-94.96182,31.16353],[-94.95472,31.16608],[-94.95213,31.16066],[-94.94387,31.16316],[-94.94808,31.17314],[-94.95421,31.17121],[-94.95627,31.17601],[-94.96108,31.17423],[-94.96137,31.17807],[-94.96864,31.17806],[-94.97461,31.18986],[-94.96918,31.19096],[-94.96911,31.18987],[-94.95317,31.19025],[-94.95304,31.19457],[-94.94852,31.19484],[-94.94826,31.20226],[-94.94549,31.20231],[-94.94544,31.19706],[-94.93567,31.18492],[-94.93179,31.18711],[-94.93177,31.18504],[-94.92147,31.18549],[-94.9214,31.1904],[-94.90851,31.19019],[-94.90838,31.19467],[-94.90488,31.1947],[-94.90487,31.19879],[-94.89706,31.19877],[-94.89668,31.20722],[-94.87666,31.20716],[-94.87667,31.21001],[-94.8669,31.21161],[-94.86274,31.21973],[-94.8616,31.21833],[-94.859,31.21892],[-94.85946,31.21599],[-94.86377,31.21623],[-94.86143,31.21282],[-94.86565,31.21244],[-94.86272,31.21094],[-94.86638,31.20952],[-94.86324,31.2033],[-94.86176,31.20346],[-94.86248,31.20075],[-94.85914,31.1986],[-94.85848,31.19545],[-94.8606,31.19574],[-94.85769,31.19051],[-94.85369,31.18911],[-94.85308,31.18514],[-94.85448,31.18466],[-94.85194,31.1833],[-94.85019,31.17851],[-94.85219,31.17803],[-94.85223,31.17645],[-94.84994,31.17128],[-94.85323,31.17213],[-94.85317,31.17374],[-94.85517,31.17247],[-94.85304,31.1646],[-94.84973,31.15973],[-94.85153,31.15661],[-94.8502,31.15487],[-94.86346,31.15447],[-94.86338,31.15164],[-94.87297,31.15151],[-94.87381,31.14846],[-94.89183,31.14864],[-94.89181,31.15372],[-94.89599,31.15373],[-94.8963,31.13963],[-94.9053,31.13969],[-94.90541,31.13407],[-94.90676,31.13271],[-94.90568,31.13124],[-94.93151,31.13148],[-94.93154,31.13504],[-94.94048,31.13512]]]}},{"type":"Feature","id":"747","properties":{"id":"747","unitIds":["747"],"name":"Alazan Bayou WMA","counties":["Nacogdoches"],"region":"Pineywoods","acres":2255.0,"type":"wma","pdfUrl":"","aerialPdfUrl":"","registration":"none","legalGameTags":["E-Postcard Waterfowl"],"legalGameText":"","species":["waterfowl"],"methods":["shotgun"],"access":["e_postcard"],"complexes":[],"hasEpostcard":true,"hasRegularPermit":false,"epostcardUrl":"https://tpwd.texas.gov/huntwild/hunt/public/public_hunt_drawing/hunt-area-details.phtml?OArea=AB","countySlugs":["nacogdoches"],"bookletPage":"78–79","bookletPdfPage":107,"bookletUrl":"https://tpwd.texas.gov/publications/pwdpubs/media/pwd_bk_w7000_0112a.pdf#page=107","lon":-94.75831,"lat":31.48174},"geometry":{"type":"MultiPolygon","coordinates":[[[[-94.74337,31.49782],[-94.73324,31.49347],[-94.73505,31.48664],[-94.73206,31.47911],[-94.72983,31.47969],[-94.73205,31.47908],[-94.73143,31.4775],[-94.73292,31.47585],[-94.73556,31.47581],[-94.73506,31.46751],[-94.73369,31.46564],[-94.73551,31.46441],[-94.73484,31.46282],[-94.73913,31.46312],[-94.73849,31.46429],[-94.74073,31.46425],[-94.73926,31.46494],[-94.74051,31.46594],[-94.74317,31.46542],[-94.75551,31.47112],[-94.76004,31.46987],[-94.7614,31.4715],[-94.76239,31.46956],[-94.76461,31.46922],[-94.76494,31.47203],[-94.76696,31.47152],[-94.76924,31.47469],[-94.77209,31.47437],[-94.76948,31.47585],[-94.77026,31.47696],[-94.77206,31.47603],[-94.77125,31.47748],[-94.76774,31.48013],[-94.76328,31.47838],[-94.75998,31.49667],[-94.7558,31.49882],[-94.74924,31.49698],[-94.74337,31.49782]]],[[[-94.80145,31.48898],[-94.80364,31.48725],[-94.80012,31.48649],[-94.80002,31.48516],[-94.79814,31.48613],[-94.79299,31.48251],[-94.79241,31.47939],[-94.78877,31.48037],[-94.7878,31.47931],[-94.78938,31.4759],[-94.80053,31.47635],[-94.80929,31.48379],[-94.81387,31.48048],[-94.81891,31.48175],[-94.81484,31.48521],[-94.81036,31.48455],[-94.81199,31.48725],[-94.80863,31.48964],[-94.80537,31.48832],[-94.80358,31.49036],[-94.80145,31.48898]]]]}},{"type":"Feature","id":"747E","properties":{"id":"747E","unitIds":["747E"],"name":"Alazan Bayou WMA - Blount Tract","counties":["Nacogdoches"],"region":"Pineywoods","acres":2255.0,"type":"wma","pdfUrl":"https://tpwd.texas.gov/huntwild/hunt/public/annual_public_hunting/resources/747E.pdf","aerialPdfUrl":"https://tpwd.texas.gov/huntwild/hunt/public/annual_public_hunting/resources/AlazanBayouBlount_747E.pdf","registration":"none","legalGameTags":["Deer - Archery","Feral Hog","Exotic Mammals","Dove","Teal","Waterfowl","Other Migratory Birds","Squirrel","Rabbit","Coyotes","Furbearers/Predators","Fishing","Youth/Adult Squirrel"],"legalGameText":"","species":["coyote","dove","exotic_mammals","feral_hog","furbearers","other_migratory","rabbit","squirrel","teal","waterfowl","white_tailed_deer"],"methods":["any_legal","archery","shotgun"],"access":["aph_walk_in","youth_adult"],"complexes":[],"hasEpostcard":false,"hasRegularPermit":false,"epostcardUrl":"","countySlugs":["nacogdoches"],"bookletPage":"78","bookletPdfPage":107,"bookletUrl":"https://tpwd.texas.gov/publications/pwdpubs/media/pwd_bk_w7000_0112a.pdf#page=107","lon":-94.74872,"lat":31.4816},"geometry":{"type":"Polygon","coordinates":[[[-94.75019,31.49704],[-94.7558,31.49882],[-94.75998,31.49667],[-94.76328,31.47838],[-94.76774,31.48013],[-94.77125,31.47748],[-94.77206,31.47603],[-94.77026,31.47696],[-94.76948,31.47585],[-94.77209,31.47437],[-94.76924,31.47469],[-94.76696,31.47152],[-94.76494,31.47203],[-94.76461,31.46922],[-94.76239,31.46956],[-94.7614,31.4715],[-94.76004,31.46987],[-94.75551,31.47112],[-94.74317,31.46542],[-94.74051,31.46594],[-94.73926,31.46494],[-94.74073,31.46425],[-94.73849,31.46429],[-94.73913,31.46312],[-94.73484,31.46282],[-94.73551,31.46441],[-94.73369,31.46564],[-94.73506,31.46751],[-94.73556,31.47581],[-94.73292,31.47585],[-94.73143,31.4775],[-94.73205,31.47908],[-94.72983,31.47969],[-94.73206,31.47911],[-94.73505,31.48664],[-94.73324,31.49347],[-94.74337,31.49782],[-94.75019,31.49704]]]}},{"type":"Feature","id":"747W","properties":{"id":"747W","unitIds":["747W"],"name":"Alazan Bayou WMA - Old River Tract","counties":["Angelina"],"region":"Pineywoods","acres":485.0,"type":"wma","pdfUrl":"https://tpwd.texas.gov/huntwild/hunt/public/annual_public_hunting/resources/747W.pdf","aerialPdfUrl":"https://tpwd.texas.gov/huntwild/hunt/public/annual_public_hunting/resources/AlazanBayouOldRiver_747W.pdf","registration":"none","legalGameTags":["Deer - Archery","Feral Hog","Exotic Mammals","Dove","Teal","Waterfowl","Other Migratory Birds","Squirrel","Rabbit","Coyotes","Furbearers/Predators","Fishing","Youth/Adult Squirrel","Youth Waterfowl","Veteran Waterfowl"],"legalGameText":"","species":["coyote","dove","exotic_mammals","feral_hog","furbearers","other_migratory","rabbit","squirrel","teal","waterfowl","white_tailed_deer"],"methods":["any_legal","archery","shotgun"],"access":["aph_walk_in","youth","youth_adult"],"complexes":[],"hasEpostcard":false,"hasRegularPermit":false,"epostcardUrl":"","countySlugs":["angelina"],"bookletPage":"79","bookletPdfPage":108,"bookletUrl":"https://tpwd.texas.gov/publications/pwdpubs/media/pwd_bk_w7000_0112a.pdf#page=108","lon":-94.80214,"lat":31.48235},"geometry":{"type":"Polygon","coordinates":[[[-94.80145,31.48898],[-94.80399,31.49041],[-94.80537,31.48832],[-94.80863,31.48964],[-94.81199,31.48725],[-94.81036,31.48455],[-94.81484,31.48521],[-94.81891,31.48175],[-94.81387,31.48048],[-94.80929,31.48379],[-94.80053,31.47635],[-94.78938,31.4759],[-94.7878,31.47931],[-94.78877,31.48037],[-94.79241,31.47939],[-94.79299,31.48251],[-94.79814,31.48613],[-94.80002,31.48516],[-94.80012,31.48649],[-94.80364,31.48725],[-94.80145,31.48898]]]}},{"type":"Feature","id":"744","properties":{"id":"744","unitIds":["744"],"name":"Anacua Unit - Las Palomas WMA","counties":["Cameron"],"region":"San Antonio/Corpus Christi","acres":220.0,"type":"wma","pdfUrl":"https://tpwd.texas.gov/huntwild/hunt/public/annual_public_hunting/resources/744.pdf","aerialPdfUrl":"https://tpwd.texas.gov/huntwild/hunt/public/annual_public_hunting/resources/LasPalomasAnacua_744.pdf","registration":"none","legalGameTags":["Dove","Quail","Chachalaca","Rabbit"],"legalGameText":"","species":["chachalaca","dove","quail","rabbit"],"methods":["any_legal","shotgun"],"access":["aph_walk_in"],"complexes":[],"hasEpostcard":false,"hasRegularPermit":false,"epostcardUrl":"","countySlugs":["cameron"],"bookletPage":"134","bookletPdfPage":163,"bookletUrl":"https://tpwd.texas.gov/publications/pwdpubs/media/pwd_bk_w7000_0112a.pdf#page=163","lon":-97.84725,"lat":26.06063},"geometry":{"type":"MultiPolygon","coordinates":[[[[-97.8433,26.05868],[-97.84326,26.05485],[-97.84145,26.05396],[-97.85094,26.0524],[-97.85286,26.05809],[-97.85194,26.0604],[-97.84935,26.06042],[-97.84931,26.05682],[-97.8433,26.05868]]],[[[-97.85008,26.06382],[-97.84765,26.06799],[-97.84774,26.0714],[-97.84349,26.07154],[-97.84338,26.06533],[-97.85008,26.06382]]]]}},{"type":"Feature","id":"707","properties":{"id":"707","unitIds":["707"],"name":"Angelina Neches/Dam B WMA","counties":["Jasper","Tyler"],"region":"Pineywoods","acres":12706.0,"type":"wma","pdfUrl":"https://tpwd.texas.gov/huntwild/hunt/public/annual_public_hunting/resources/707.pdf","aerialPdfUrl":"https://tpwd.texas.gov/huntwild/hunt/public/annual_public_hunting/resources/AngelinaNechesDam_707.pdf","registration":"none","legalGameTags":["Deer - Archery","Deer - General","Deer-Muzzleloader","Feral Hog","Exotic Mammals","Dove","Teal","Waterfowl","Other Migratory Birds","Squirrel","Rabbit","Coyotes","Furbearers/Predators","Fishing","Youth Deer","Youth Waterfowl","Youth Squirrel","Veteran Waterfowl"],"legalGameText":"","species":["coyote","dove","exotic_mammals","feral_hog","furbearers","other_migratory","rabbit","squirrel","teal","waterfowl","white_tailed_deer"],"methods":["any_legal","archery","firearm","muzzleloader","shotgun"],"access":["aph_walk_in","youth"],"complexes":[],"hasEpostcard":false,"hasRegularPermit":false,"epostcardUrl":"","countySlugs":["jasper","tyler"],"bookletPage":"77","bookletPdfPage":106,"bookletUrl":"https://tpwd.texas.gov/publications/pwdpubs/media/pwd_bk_w7000_0112a.pdf#page=106","lon":-94.19717,"lat":30.89676},"geometry":{"type":"Polygon","coordinates":[[[-94.21123,30.93838],[-94.21231,30.94318],[-94.22285,30.93723],[-94.21997,30.93473],[-94.21528,30.93431],[-94.21095,30.93545],[-94.21017,30.93798],[-94.20415,30.9337],[-94.20781,30.93177],[-94.21698,30.93181],[-94.21701,30.92898],[-94.22594,30.929],[-94.22592,30.92625],[-94.2294,30.92624],[-94.2294,30.92356],[-94.21373,30.92094],[-94.21369,30.91884],[-94.21172,30.91763],[-94.21104,30.91431],[-94.21631,30.90202],[-94.22698,30.90209],[-94.22644,30.90736],[-94.22772,30.90822],[-94.23706,30.90826],[-94.23898,30.90106],[-94.24542,30.90054],[-94.24742,30.88603],[-94.24383,30.88708],[-94.24198,30.89172],[-94.23743,30.89453],[-94.23562,30.88491],[-94.22954,30.88013],[-94.2324,30.87387],[-94.23084,30.86933],[-94.22876,30.86933],[-94.22613,30.86608],[-94.21909,30.86233],[-94.21905,30.85959],[-94.19829,30.85661],[-94.19815,30.85354],[-94.17627,30.85337],[-94.17643,30.85607],[-94.18209,30.85637],[-94.18755,30.8608],[-94.18452,30.86394],[-94.18396,30.86722],[-94.18197,30.86813],[-94.18228,30.87167],[-94.17454,30.87206],[-94.17338,30.87146],[-94.17477,30.87027],[-94.17129,30.86759],[-94.16628,30.86903],[-94.16597,30.87316],[-94.15973,30.87289],[-94.15995,30.88116],[-94.15632,30.88546],[-94.15586,30.89264],[-94.14714,30.89352],[-94.14705,30.89546],[-94.16016,30.89476],[-94.16792,30.89862],[-94.17641,30.89487],[-94.18101,30.90365],[-94.17796,30.90558],[-94.17018,30.90174],[-94.16006,30.90377],[-94.15933,30.91133],[-94.16184,30.91492],[-94.1615,30.91867],[-94.16999,30.9178],[-94.17272,30.92065],[-94.17029,30.92217],[-94.16985,30.92507],[-94.17163,30.92841],[-94.16886,30.93218],[-94.17012,30.93579],[-94.17483,30.93802],[-94.17288,30.94162],[-94.18121,30.94156],[-94.18012,30.93798],[-94.21123,30.93838]]]}},{"type":"Feature","id":"739","properties":{"id":"739","unitIds":["739"],"name":"Arroyo Colorado Unit - Las Palomas WMA","counties":["Cameron"],"region":"San Antonio/Corpus Christi","acres":57.0,"type":"wma","pdfUrl":"https://tpwd.texas.gov/huntwild/hunt/public/annual_public_hunting/resources/739.pdf","aerialPdfUrl":"https://tpwd.texas.gov/huntwild/hunt/public/annual_public_hunting/resources/LasPalomasArroyoColorado_739.pdf","registration":"none","legalGameTags":["Dove","Quail","Rabbit"],"legalGameText":"","species":["dove","quail","rabbit"],"methods":["any_legal","shotgun"],"access":["aph_walk_in"],"complexes":[],"hasEpostcard":false,"hasRegularPermit":false,"epostcardUrl":"","countySlugs":["cameron"],"bookletPage":"135","bookletPdfPage":164,"bookletUrl":"https://tpwd.texas.gov/publications/pwdpubs/media/pwd_bk_w7000_0112a.pdf#page=164","lon":-97.514,"lat":26.3197},"geometry":{"type":"MultiPolygon","coordinates":[[[[-97.5253,26.32042],[-97.5206,26.32579],[-97.51424,26.32648],[-97.50734,26.32099],[-97.50802,26.31727],[-97.51338,26.31705],[-97.51493,26.31592],[-97.51489,26.31421],[-97.51322,26.31209],[-97.51672,26.31256],[-97.51912,26.31006],[-97.51919,26.31289],[-97.52623,26.31384],[-97.5253,26.32042]],[[-97.51826,26.31288],[-97.51917,26.313],[-97.51919,26.31289],[-97.51826,26.31288]]],[[[-97.50715,26.3131],[-97.51435,26.31438],[-97.51387,26.3163],[-97.50945,26.31641],[-97.50611,26.31807],[-97.50685,26.32186],[-97.51251,26.32619],[-97.50683,26.32904],[-97.50138,26.32152],[-97.50404,26.31556],[-97.50715,26.3131]]]]}},{"type":"Feature","id":"2563","properties":{"id":"2563","unitIds":["2563"],"name":"Askew CRP - Lynn County Complex","counties":["Lynn"],"region":"Panhandle","acres":320.0,"type":"dove_lease","pdfUrl":"https://tpwd.texas.gov/huntwild/hunt/public/annual_public_hunting/resources/LynnCountyComplex.pdf","aerialPdfUrl":"https://tpwd.texas.gov/huntwild/hunt/public/annual_public_hunting/resources/AskewCRP_2563.pdf","registration":"none","legalGameTags":["Dove","Quail","Rabbit"],"legalGameText":"","species":["dove","quail","rabbit"],"methods":["any_legal","shotgun"],"access":["aph_walk_in"],"complexes":[],"hasEpostcard":false,"hasRegularPermit":false,"epostcardUrl":"","countySlugs":["lynn"],"bookletPage":"19","bookletPdfPage":48,"bookletUrl":"https://tpwd.texas.gov/publications/pwdpubs/media/pwd_bk_w7000_0112a.pdf#page=48","lon":-102.0627,"lat":33.15941},"geometry":{"type":"Polygon","coordinates":[[[-102.06688,33.15222],[-102.0585,33.15226],[-102.05846,33.16654],[-102.06694,33.16655],[-102.06688,33.15222]]]}},{"type":"Feature","id":"710","properties":{"id":"710","unitIds":["710"],"name":"Baird Unit - Las Palomas WMA","counties":["Hidalgo"],"region":"San Antonio/Corpus Christi","acres":122.0,"type":"wma","pdfUrl":"https://tpwd.texas.gov/huntwild/hunt/public/annual_public_hunting/resources/710_715_718.pdf","aerialPdfUrl":"https://tpwd.texas.gov/huntwild/hunt/public/annual_public_hunting/resources/LasPalomasBaird_710.pdf","registration":"none","legalGameTags":["Dove","Quail","Chachalaca","Rabbit"],"legalGameText":"","species":["chachalaca","dove","quail","rabbit"],"methods":["any_legal","shotgun"],"access":["aph_walk_in"],"complexes":[],"hasEpostcard":false,"hasRegularPermit":false,"epostcardUrl":"","countySlugs":["hidalgo"],"bookletPage":"140","bookletPdfPage":169,"bookletUrl":"https://tpwd.texas.gov/publications/pwdpubs/media/pwd_bk_w7000_0112a.pdf#page=169","lon":-98.04563,"lat":26.11019},"geometry":{"type":"Polygon","coordinates":[[[-98.04418,26.10266],[-98.04442,26.1221],[-98.04504,26.12219],[-98.04817,26.1032],[-98.04418,26.10266]]]}},{"type":"Feature","id":"504","properties":{"id":"504","unitIds":["504"],"name":"Balcones Canyonlands NWR","counties":["Burnet","Travis","Williamson"],"region":"Austin/Waco","acres":null,"type":"other","pdfUrl":"","aerialPdfUrl":"","registration":"none","legalGameTags":["E-Postcard Archery Deer","Deer - Archery"],"legalGameText":"","species":["white_tailed_deer"],"methods":["archery"],"access":["aph_walk_in","e_postcard"],"complexes":[],"hasEpostcard":true,"hasRegularPermit":false,"epostcardUrl":"https://tpwd.texas.gov/huntwild/hunt/public/public_hunt_drawing/hunt-area-details.phtml?OArea=UB","countySlugs":["burnet","travis","williamson"],"bookletPage":"xxii","bookletPdfPage":25,"bookletUrl":"https://tpwd.texas.gov/publications/pwdpubs/media/pwd_bk_w7000_0112a.pdf#page=25","lon":-98.07,"lat":30.54},"geometry":{"type":"Point","coordinates":[-98.07,30.54]}},{"type":"Feature","id":"903","properties":{"id":"903","unitIds":["903"],"name":"Bannister WMA","counties":["San Augustine"],"region":"Pineywoods","acres":21131.0,"type":"wma","pdfUrl":"https://tpwd.texas.gov/huntwild/hunt/public/annual_public_hunting/resources/903.pdf","aerialPdfUrl":"https://tpwd.texas.gov/huntwild/hunt/public/annual_public_hunting/resources/Bannister_903.pdf","registration":"none","legalGameTags":["Deer - Archery","Deer - General","Deer-Muzzleloader","Feral Hog","Exotic Mammals","Dove","Teal","Waterfowl","Other Migratory Birds","Squirrel","Rabbit","Coyotes","Furbearers/Predators","Fishing","Youth/Adult Squirrel","Youth Deer","Youth Waterfowl","Veteran Waterfowl"],"legalGameText":"","species":["coyote","dove","exotic_mammals","feral_hog","furbearers","other_migratory","rabbit","squirrel","teal","waterfowl","white_tailed_deer"],"methods":["any_legal","archery","firearm","muzzleloader","shotgun"],"access":["aph_walk_in","youth","youth_adult"],"complexes":[],"hasEpostcard":false,"hasRegularPermit":false,"epostcardUrl":"","countySlugs":["san-augustine"],"bookletPage":"82","bookletPdfPage":111,"bookletUrl":"https://tpwd.texas.gov/publications/pwdpubs/media/pwd_bk_w7000_0112a.pdf#page=111","lon":-94.2251,"lat":31.35496},"geometry":{"type":"Polygon","coordinates":[[[-94.15738,31.34575],[-94.161,31.34206],[-94.15995,31.33639],[-94.1547,31.3364],[-94.15077,31.32887],[-94.14994,31.32322],[-94.14464,31.31735],[-94.16377,31.31745],[-94.16372,31.32452],[-94.16925,31.32457],[-94.1788,31.32437],[-94.1787,31.31737],[-94.18928,31.31727],[-94.18991,31.32171],[-94.19826,31.32158],[-94.1982,31.31705],[-94.227,31.31676],[-94.2269,31.32453],[-94.23314,31.32599],[-94.23324,31.32794],[-94.23101,31.32683],[-94.23436,31.33145],[-94.22675,31.32935],[-94.22696,31.33541],[-94.22887,31.33543],[-94.22888,31.33823],[-94.24532,31.34022],[-94.24797,31.34016],[-94.24787,31.33863],[-94.25215,31.33597],[-94.24852,31.33036],[-94.2485,31.31865],[-94.26169,31.31857],[-94.26168,31.31666],[-94.27197,31.32621],[-94.27728,31.32846],[-94.2773,31.33122],[-94.27064,31.33137],[-94.27068,31.33605],[-94.28618,31.33595],[-94.28623,31.34803],[-94.30866,31.34786],[-94.3105,31.34527],[-94.31316,31.34629],[-94.31027,31.34691],[-94.3104,31.34862],[-94.30805,31.34978],[-94.30969,31.35113],[-94.31367,31.34764],[-94.31574,31.35161],[-94.31189,31.3532],[-94.31282,31.35605],[-94.30355,31.36204],[-94.3036,31.36564],[-94.29344,31.36811],[-94.29503,31.3691],[-94.2951,31.37272],[-94.28852,31.37193],[-94.28673,31.37295],[-94.2866,31.37732],[-94.26581,31.38266],[-94.26823,31.39024],[-94.23988,31.39369],[-94.20816,31.39513],[-94.20656,31.39046],[-94.20218,31.39047],[-94.20226,31.38512],[-94.18211,31.38342],[-94.18196,31.37859],[-94.17001,31.37878],[-94.16991,31.37403],[-94.16276,31.3741],[-94.15635,31.36312],[-94.15263,31.36299],[-94.15306,31.35511],[-94.17136,31.35501],[-94.17127,31.34562],[-94.16726,31.34571],[-94.16716,31.34845],[-94.15875,31.34844],[-94.15869,31.3456],[-94.15738,31.34575]]]}},{"type":"Feature","id":"2567","properties":{"id":"2567","unitIds":["2567"],"name":"Betty - Canadian River Complex 3","counties":["Hansford"],"region":"Panhandle","acres":326.0,"type":"dove_lease","pdfUrl":"https://tpwd.texas.gov/huntwild/hunt/public/annual_public_hunting/resources/CanadianRiverComplex3.pdf","aerialPdfUrl":"https://tpwd.texas.gov/huntwild/hunt/public/annual_public_hunting/resources/CanadianRiverComplex3_Betty_2567.pdf","registration":"none","legalGameTags":["Dove","Teal","Waterfowl","Cranes","Pheasant","Rabbit","Coyotes","Youth Waterfowl","Veteran Waterfowl"],"legalGameText":"","species":["coyote","dove","pheasant","rabbit","sandhill_crane","teal","waterfowl"],"methods":["any_legal","shotgun"],"access":["aph_walk_in","youth"],"complexes":[],"hasEpostcard":false,"hasRegularPermit":false,"epostcardUrl":"","countySlugs":["hansford"],"bookletPage":"24","bookletPdfPage":53,"bookletUrl":"https://tpwd.texas.gov/publications/pwdpubs/media/pwd_bk_w7000_0112a.pdf#page=53","lon":-101.10077,"lat":36.29712},"geometry":{"type":"Polygon","coordinates":[[[-101.10978,36.29336],[-101.09163,36.29371],[-101.09172,36.30088],[-101.10995,36.30053],[-101.10978,36.29336]]]}},{"type":"Feature","id":"2470","properties":{"id":"2470","unitIds":["2470","2469"],"name":"Bexar County Complex","counties":["Bexar"],"region":"San Antonio/Corpus Christi","acres":540.0,"type":"dove_lease","pdfUrl":"https://tpwd.texas.gov/huntwild/hunt/public/annual_public_hunting/resources/BexarCountyComplex.pdf","aerialPdfUrl":"https://tpwd.texas.gov/huntwild/hunt/public/annual_public_hunting/resources/LoneStarPass_2470.pdf","registration":"none","legalGameTags":["Dove","Rabbit"],"legalGameText":"","species":["dove","rabbit"],"methods":["any_legal","shotgun"],"access":["aph_walk_in"],"complexes":["Lone Star Pass","Somerset Road"],"hasEpostcard":false,"hasRegularPermit":false,"epostcardUrl":"","countySlugs":["bexar"],"bookletPage":"127","bookletPdfPage":156,"bookletUrl":"https://tpwd.texas.gov/publications/pwdpubs/media/pwd_bk_w7000_0112a.pdf#page=156","lon":-98.59707,"lat":29.27251},"geometry":{"type":"MultiPolygon","coordinates":[[[[-98.63827,29.27853],[-98.62619,29.27788],[-98.62136,29.27926],[-98.62134,29.27593],[-98.62355,29.27346],[-98.62731,29.27261],[-98.62731,29.2692],[-98.63838,29.25665],[-98.63827,29.27853]]],[[[-98.56585,29.2816],[-98.56414,29.27792],[-98.56041,29.27519],[-98.55585,29.27977],[-98.55011,29.28093],[-98.55096,29.27218],[-98.55455,29.26737],[-98.56466,29.26947],[-98.57301,29.27313],[-98.56585,29.2816]]]]}},{"type":"Feature","id":"1152","properties":{"id":"1152","unitIds":["1152"],"name":"Big Bend Ranch State Park","counties":["Presidio"],"region":"Trans-Pecos","acres":null,"type":"state_park","pdfUrl":"","aerialPdfUrl":"","registration":"none","legalGameTags":["E-Postcard Quail"],"legalGameText":"","species":["quail"],"methods":["any_legal"],"access":["e_postcard"],"complexes":[],"hasEpostcard":true,"hasRegularPermit":false,"epostcardUrl":"https://tpwd.texas.gov/huntwild/hunt/public/public_hunt_drawing/hunt-area-details.phtml?OArea=BS","countySlugs":["presidio"],"bookletPage":"xxii","bookletPdfPage":25,"bookletUrl":"https://tpwd.texas.gov/publications/pwdpubs/media/pwd_bk_w7000_0112a.pdf#page=25","lon":-103.97,"lat":29.47},"geometry":{"type":"Point","coordinates":[-103.97,29.47]}},{"type":"Feature","id":"783N","properties":{"id":"783N","unitIds":["783N"],"name":"Big Hill Unit - J.D. Murphree WMA","counties":["Jefferson"],"region":"Houston/Beaumont","acres":null,"type":"wma","pdfUrl":"https://tpwd.texas.gov/huntwild/hunt/public/annual_public_hunting/resources/783N.pdf","aerialPdfUrl":"https://tpwd.texas.gov/huntwild/hunt/public/annual_public_hunting/resources/JDMurphreeBigHill_783N.pdf","registration":"none","legalGameTags":["Feral Hog","Teal","Waterfowl","Other Migratory Birds","Fishing","Youth/Adult Waterfowl","Youth Waterfowl","Veteran Waterfowl"],"legalGameText":"","species":["feral_hog","other_migratory","teal","waterfowl"],"methods":["any_legal","shotgun"],"access":["aph_walk_in","youth","youth_adult"],"complexes":[],"hasEpostcard":false,"hasRegularPermit":false,"epostcardUrl":"","countySlugs":["jefferson"],"bookletPage":"112","bookletPdfPage":141,"bookletUrl":"https://tpwd.texas.gov/publications/pwdpubs/media/pwd_bk_w7000_0112a.pdf#page=141","lon":-94.03295258724366,"lat":29.828841669352922},"geometry":{"type":"Point","coordinates":[-94.03295,29.82884]}},{"type":"Feature","id":"733","properties":{"id":"733","unitIds":["733"],"name":"Big Lake Bottom WMA","counties":["Anderson"],"region":"Pineywoods","acres":4253.0,"type":"wma","pdfUrl":"https://tpwd.texas.gov/huntwild/hunt/public/annual_public_hunting/resources/733.pdf","aerialPdfUrl":"https://tpwd.texas.gov/huntwild/hunt/public/annual_public_hunting/resources/BigLakeBottom_733.pdf","registration":"none","legalGameTags":["Feral Hog","Waterfowl","Other Migratory Birds","Squirrel","Rabbit","Fishing","Youth Deer","Youth Feral Hog","E-Postcard Archery Deer","E-Postcard General Deer","E-Postcard Feral Hog","E-Postcard Squirrel","E-Postcard Youth Deer"],"legalGameText":"","species":["feral_hog","other_migratory","rabbit","squirrel","waterfowl","white_tailed_deer"],"methods":["any_legal","archery","firearm","shotgun"],"access":["aph_walk_in","e_postcard","youth"],"complexes":[],"hasEpostcard":true,"hasRegularPermit":false,"epostcardUrl":"https://tpwd.texas.gov/huntwild/hunt/public/public_hunt_drawing/hunt-area-details.phtml?OArea=BL","countySlugs":["anderson"],"bookletPage":"69","bookletPdfPage":98,"bookletUrl":"https://tpwd.texas.gov/publications/pwdpubs/media/pwd_bk_w7000_0112a.pdf#page=98","lon":-95.82816,"lat":31.69625},"geometry":{"type":"Polygon","coordinates":[[[-95.82147,31.72294],[-95.8232,31.72155],[-95.82241,31.70504],[-95.83422,31.70497],[-95.85041,31.712],[-95.87711,31.70707],[-95.87476,31.70233],[-95.87963,31.70301],[-95.88068,31.7004],[-95.87659,31.69832],[-95.87359,31.69392],[-95.86441,31.6921],[-95.86176,31.68762],[-95.85391,31.69796],[-95.83347,31.69555],[-95.82414,31.68705],[-95.81914,31.68648],[-95.80805,31.67185],[-95.80542,31.67135],[-95.80048,31.67548],[-95.79577,31.67516],[-95.79152,31.68716],[-95.79149,31.69859],[-95.79268,31.6986],[-95.79424,31.7044],[-95.82177,31.70491],[-95.82172,31.71326],[-95.81842,31.71325],[-95.81823,31.71954],[-95.82149,31.71962],[-95.82147,31.72294]]]}},{"type":"Feature","id":"2530","properties":{"id":"2530","unitIds":["2530"],"name":"Bindweed - Floyd County Complex 3","counties":["Floyd"],"region":"Panhandle","acres":640.0,"type":"dove_lease","pdfUrl":"https://tpwd.texas.gov/huntwild/hunt/public/annual_public_hunting/resources/FloydCountyComplex3.pdf","aerialPdfUrl":"https://tpwd.texas.gov/huntwild/hunt/public/annual_public_hunting/resources/Bindweed_2530.pdf","registration":"none","legalGameTags":["Dove","Teal","Waterfowl","Cranes","Quail","Pheasant","Rabbit","Youth Waterfowl","Veteran Waterfowl"],"legalGameText":"","species":["dove","pheasant","quail","rabbit","sandhill_crane","teal","waterfowl"],"methods":["any_legal","shotgun"],"access":["aph_walk_in","youth"],"complexes":[],"hasEpostcard":false,"hasRegularPermit":false,"epostcardUrl":"","countySlugs":["floyd"],"bookletPage":"8","bookletPdfPage":37,"bookletUrl":"https://tpwd.texas.gov/publications/pwdpubs/media/pwd_bk_w7000_0112a.pdf#page=37","lon":-101.28161,"lat":34.01444},"geometry":{"type":"Polygon","coordinates":[[[-101.27304,34.02172],[-101.29035,34.02156],[-101.29016,34.00716],[-101.27289,34.0073],[-101.27304,34.02172]]]}},{"type":"Feature","id":"2297","properties":{"id":"2297","unitIds":["2297"],"name":"Black Branch - Hunt County Complex 2","counties":["Hunt"],"region":"Dallas/Ft. Worth","acres":200.0,"type":"dove_lease","pdfUrl":"https://tpwd.texas.gov/huntwild/hunt/public/annual_public_hunting/resources/HuntCountyComplex2.pdf","aerialPdfUrl":"https://tpwd.texas.gov/huntwild/hunt/public/annual_public_hunting/resources/BlackBranch_2297.pdf","registration":"none","legalGameTags":["Dove"],"legalGameText":"","species":["dove"],"methods":["shotgun"],"access":["aph_walk_in"],"complexes":[],"hasEpostcard":false,"hasRegularPermit":false,"epostcardUrl":"","countySlugs":["hunt"],"bookletPage":"62","bookletPdfPage":91,"bookletUrl":"https://tpwd.texas.gov/publications/pwdpubs/media/pwd_bk_w7000_0112a.pdf#page=91","lon":-96.16726,"lat":33.12086},"geometry":{"type":"MultiPolygon","coordinates":[[[[-96.17156,33.12603],[-96.16602,33.12599],[-96.16556,33.11479],[-96.1704,33.11326],[-96.17156,33.12603]]],[[[-96.16561,33.12597],[-96.16188,33.12586],[-96.16196,33.12011],[-96.16574,33.12011],[-96.16561,33.12597]]]]}},{"type":"Feature","id":"701","properties":{"id":"701","unitIds":["701"],"name":"Black Gap WMA","counties":["Brewster"],"region":"Trans-Pecos","acres":null,"type":"wma","pdfUrl":"https://tpwd.texas.gov/huntwild/hunt/public/annual_public_hunting/resources/701.pdf","aerialPdfUrl":"https://tpwd.texas.gov/huntwild/hunt/public/annual_public_hunting/resources/BlackGap_701.pdf","registration":"none","legalGameTags":["Dove","Teal","Quail","Rabbit","Fishing","Youth/Adult Quail","E-Postcard Predators"],"legalGameText":"","species":["dove","furbearers","quail","rabbit","teal"],"methods":["any_legal","shotgun"],"access":["aph_walk_in","e_postcard","youth_adult"],"complexes":[],"hasEpostcard":true,"hasRegularPermit":false,"epostcardUrl":"https://tpwd.texas.gov/huntwild/hunt/public/public_hunt_drawing/hunt-area-details.phtml?OArea=BG","countySlugs":["brewster"],"bookletPage":"31","bookletPdfPage":60,"bookletUrl":"https://tpwd.texas.gov/publications/pwdpubs/media/pwd_bk_w7000_0112a.pdf#page=60","lon":-102.90444,"lat":29.57639},"geometry":{"type":"MultiPolygon","coordinates":[[[[-102.83138,29.44429],[-102.85976,29.44345],[-102.86026,29.45069],[-102.82496,29.4519],[-102.8238,29.44924],[-102.83138,29.44429]]],[[[-102.82492,29.45202],[-102.82233,29.45207],[-102.82375,29.44922],[-102.82492,29.45202]]],[[[-102.96296,29.46192],[-102.963,29.46009],[-102.96719,29.46004],[-102.96738,29.46371],[-102.96296,29.46192]]],[[[-102.96528,29.46379],[-102.96528,29.46379],[-102.96515,29.46379],[-102.96528,29.46379]]],[[[-102.97768,29.49879],[-102.97781,29.50533],[-102.98161,29.50561],[-102.98144,29.50756],[-102.98567,29.50567],[-102.98664,29.52265],[-102.97818,29.52317],[-102.97824,29.52661],[-102.98205,29.52632],[-102.98223,29.53034],[-102.97833,29.52879],[-102.97858,29.53578],[-102.97059,29.536],[-102.97059,29.53804],[-102.98716,29.53751],[-102.9864,29.52266],[-103.00316,29.52269],[-103.00372,29.5369],[-103.03719,29.53555],[-103.03974,29.59401],[-103.05639,29.59349],[-103.05669,29.60787],[-103.08827,29.60685],[-103.089,29.63793],[-103.03934,29.63914],[-103.03946,29.65381],[-103.02195,29.65415],[-103.02207,29.63969],[-103.03135,29.6394],[-103.03114,29.63326],[-103.02199,29.6334],[-103.02203,29.63961],[-102.98853,29.64025],[-102.98824,29.62577],[-102.93798,29.62679],[-102.93988,29.65466],[-102.88994,29.65583],[-102.88978,29.64119],[-102.8731,29.64161],[-102.87316,29.65614],[-102.85686,29.65644],[-102.85666,29.64196],[-102.83993,29.64236],[-102.8394,29.61363],[-102.80579,29.61457],[-102.80638,29.62859],[-102.77582,29.62922],[-102.77759,29.62956],[-102.77768,29.63748],[-102.76082,29.63787],[-102.76102,29.64403],[-102.77292,29.64382],[-102.77366,29.67272],[-102.75693,29.673],[-102.7573,29.6585],[-102.74701,29.65869],[-102.7471,29.66252],[-102.74148,29.66265],[-102.74165,29.67077],[-102.72831,29.67106],[-102.72851,29.67916],[-102.73274,29.67912],[-102.73266,29.6883],[-102.72306,29.68837],[-102.72333,29.69531],[-102.70847,29.69584],[-102.70872,29.70411],[-102.72265,29.70373],[-102.72303,29.71173],[-102.69073,29.7124],[-102.6896,29.7042],[-102.69774,29.69697],[-102.69934,29.69163],[-102.69933,29.68458],[-102.69348,29.67623],[-102.69647,29.67089],[-102.70377,29.67126],[-102.70889,29.66613],[-102.71363,29.65714],[-102.72283,29.65077],[-102.72536,29.65101],[-102.72461,29.6461],[-102.72684,29.6421],[-102.73007,29.64043],[-102.73656,29.64149],[-102.74189,29.63287],[-102.74178,29.62902],[-102.73878,29.6236],[-102.73884,29.60765],[-102.74193,29.60248],[-102.74023,29.59939],[-102.74081,29.59709],[-102.74641,29.59243],[-102.75859,29.59791],[-102.76413,29.59759],[-102.76829,29.59467],[-102.76248,29.57981],[-102.76588,29.57216],[-102.77341,29.57318],[-102.77359,29.56644],[-102.77749,29.56063],[-102.77678,29.55279],[-102.77169,29.54789],[-102.77691,29.54629],[-102.78253,29.54159],[-102.78962,29.5434],[-102.79299,29.54095],[-102.83716,29.54041],[-102.83659,29.52653],[-102.91971,29.52517],[-102.9154,29.41064],[-102.94882,29.40979],[-102.95001,29.43869],[-102.96625,29.43848],[-102.96706,29.45683],[-102.96287,29.45677],[-102.9628,29.45344],[-102.95507,29.45378],[-102.95527,29.45711],[-102.95068,29.45738],[-102.95068,29.46723],[-102.955,29.46707],[-102.95488,29.46019],[-102.95907,29.46037],[-102.959,29.46381],[-102.96736,29.46463],[-102.96328,29.46548],[-102.96339,29.46674],[-102.9833,29.46659],[-102.98502,29.49856],[-102.97768,29.49879]]]]}},{"type":"Feature","id":"2562","properties":{"id":"2562","unitIds":["2562"],"name":"Blue Ridge Cemetery","counties":["Falls"],"region":"Austin/Waco","acres":182.0,"type":"dove_lease","pdfUrl":"https://tpwd.texas.gov/huntwild/hunt/public/annual_public_hunting/resources/2562.pdf","aerialPdfUrl":"https://tpwd.texas.gov/huntwild/hunt/public/annual_public_hunting/resources/BlueRidgeCemetery_2562.pdf","registration":"none","legalGameTags":["Feral Hog","Dove","Teal","Waterfowl","Veteran Waterfowl"],"legalGameText":"","species":["dove","feral_hog","teal","waterfowl"],"methods":["any_legal","shotgun"],"access":["aph_walk_in"],"complexes":[],"hasEpostcard":false,"hasRegularPermit":false,"epostcardUrl":"","countySlugs":["falls"],"bookletPage":"88","bookletPdfPage":117,"bookletUrl":"https://tpwd.texas.gov/publications/pwdpubs/media/pwd_bk_w7000_0112a.pdf#page=117","lon":-96.74571,"lat":31.28087},"geometry":{"type":"MultiPolygon","coordinates":[[[[-96.75435,31.27889],[-96.74501,31.28371],[-96.74548,31.28298],[-96.74538,31.28212],[-96.74381,31.27981],[-96.75196,31.27548],[-96.75435,31.27889]]],[[[-96.7428,31.27873],[-96.74513,31.28333],[-96.7389,31.28688],[-96.73749,31.28495],[-96.74053,31.2834],[-96.73872,31.28082],[-96.7428,31.27873]]]]}},{"type":"Feature","id":"602","properties":{"id":"602","unitIds":["602"],"name":"Bois d'Arc Lake PHL","counties":["Fannin"],"region":"Dallas/Ft. Worth","acres":5305.0,"type":"phl","pdfUrl":"https://tpwd.texas.gov/huntwild/hunt/public/annual_public_hunting/resources/602.pdf","aerialPdfUrl":"https://tpwd.texas.gov/huntwild/hunt/public/annual_public_hunting/resources/BoisdArcLake_602.pdf","registration":"none","legalGameTags":["Waterfowl","Other Migratory Birds","Quail"],"legalGameText":"","species":["other_migratory","quail","waterfowl"],"methods":["any_legal","shotgun"],"access":["aph_walk_in"],"complexes":[],"hasEpostcard":false,"hasRegularPermit":false,"epostcardUrl":"","countySlugs":["fannin"],"bookletPage":"58","bookletPdfPage":87,"bookletUrl":"https://tpwd.texas.gov/publications/pwdpubs/media/pwd_bk_w7000_0112a.pdf#page=87","lon":-96.09624,"lat":33.64277},"geometry":{"type":"Polygon","coordinates":[[[-96.12274,33.65092],[-96.11668,33.64892],[-96.11855,33.64762],[-96.11754,33.64603],[-96.11853,33.64363],[-96.12179,33.64077],[-96.12744,33.63946],[-96.12504,33.63893],[-96.12485,33.63706],[-96.12794,33.63639],[-96.13225,33.63176],[-96.13263,33.62762],[-96.13869,33.62817],[-96.13773,33.62653],[-96.14149,33.6234],[-96.14191,33.61838],[-96.14913,33.61855],[-96.14352,33.61785],[-96.1432,33.61562],[-96.14509,33.61705],[-96.14283,33.61479],[-96.14426,33.61522],[-96.14683,33.61245],[-96.14698,33.61031],[-96.14523,33.6092],[-96.14943,33.60397],[-96.14548,33.60382],[-96.14942,33.60294],[-96.14759,33.60257],[-96.14919,33.60093],[-96.14349,33.60243],[-96.14605,33.60284],[-96.14354,33.60385],[-96.14809,33.60395],[-96.14564,33.60587],[-96.14461,33.60583],[-96.14537,33.60423],[-96.14343,33.6056],[-96.14126,33.60489],[-96.13323,33.61591],[-96.13526,33.61035],[-96.13397,33.60924],[-96.13304,33.61389],[-96.13284,33.61076],[-96.13215,33.60895],[-96.1308,33.60946],[-96.13201,33.60987],[-96.13263,33.6111],[-96.13152,33.60983],[-96.12976,33.61103],[-96.1287,33.61625],[-96.12019,33.62062],[-96.11697,33.62656],[-96.11383,33.62863],[-96.10993,33.62551],[-96.10837,33.62531],[-96.10904,33.62296],[-96.10546,33.62104],[-96.1082,33.62549],[-96.10999,33.62585],[-96.1096,33.6277],[-96.11101,33.62806],[-96.10919,33.62844],[-96.11025,33.62895],[-96.10594,33.63601],[-96.10243,33.63708],[-96.10198,33.64102],[-96.10138,33.63919],[-96.09854,33.6382],[-96.09367,33.63867],[-96.09243,33.63546],[-96.0908,33.64324],[-96.08761,33.64298],[-96.08526,33.6407],[-96.08785,33.63504],[-96.08407,33.63922],[-96.07852,33.64087],[-96.08181,33.63456],[-96.07906,33.63649],[-96.07322,33.63106],[-96.07278,33.63271],[-96.06983,33.62772],[-96.06971,33.62883],[-96.06816,33.62736],[-96.06999,33.63117],[-96.07452,33.63493],[-96.07502,33.63782],[-96.07267,33.63865],[-96.06819,33.63649],[-96.06468,33.63964],[-96.05971,33.63981],[-96.05382,33.64482],[-96.04896,33.66302],[-96.05086,33.66605],[-96.04792,33.66763],[-96.05081,33.66989],[-96.04958,33.67126],[-96.0511,33.67507],[-96.05263,33.67468],[-96.05496,33.67755],[-96.05261,33.68105],[-96.05432,33.68181],[-96.05439,33.68368],[-96.05596,33.68615],[-96.05578,33.68749],[-96.0561,33.6862],[-96.05504,33.68465],[-96.05553,33.68338],[-96.05415,33.68126],[-96.05576,33.67901],[-96.06373,33.68365],[-96.05628,33.67562],[-96.05702,33.67381],[-96.05532,33.67415],[-96.05283,33.67188],[-96.05485,33.66679],[-96.05684,33.66892],[-96.05766,33.66698],[-96.05981,33.66689],[-96.06032,33.67055],[-96.06153,33.66657],[-96.0654,33.66793],[-96.06353,33.66558],[-96.06799,33.66165],[-96.07059,33.66226],[-96.06755,33.66082],[-96.06345,33.66372],[-96.05923,33.66414],[-96.05723,33.66358],[-96.05644,33.66018],[-96.05938,33.66084],[-96.05881,33.65938],[-96.06106,33.66004],[-96.06126,33.65863],[-96.06576,33.65751],[-96.06867,33.6583],[-96.0747,33.65529],[-96.07487,33.65725],[-96.07936,33.65908],[-96.07967,33.66199],[-96.07756,33.66315],[-96.08131,33.66185],[-96.08489,33.66655],[-96.08574,33.66528],[-96.08927,33.66616],[-96.08404,33.66257],[-96.08287,33.65951],[-96.08525,33.65723],[-96.08962,33.65947],[-96.09297,33.65806],[-96.09298,33.65936],[-96.09395,33.65825],[-96.09724,33.65907],[-96.09694,33.66201],[-96.09953,33.66222],[-96.10013,33.65824],[-96.10402,33.65773],[-96.10566,33.66091],[-96.10561,33.65866],[-96.10963,33.65543],[-96.11324,33.65695],[-96.11401,33.65945],[-96.1134,33.65705],[-96.11491,33.65601],[-96.12262,33.65481],[-96.12274,33.65092]]]}},{"type":"Feature","id":"901N","properties":{"id":"901N","unitIds":["901N"],"name":"Bois D'Arc Unit - Caddo National Grasslands WMA","counties":["Fannin"],"region":"Dallas/Ft. Worth","acres":13370.0,"type":"wma","pdfUrl":"https://tpwd.texas.gov/huntwild/hunt/public/annual_public_hunting/resources/901N.pdf","aerialPdfUrl":"https://tpwd.texas.gov/huntwild/hunt/public/annual_public_hunting/resources/CaddoBoisDarc_901.pdf","registration":"none","legalGameTags":["Deer - Archery","Deer- General","Feral Hog","Dove","Teal","Waterfowl","Other Migratory Birds","Quail","Squirrel","Rabbit","Coyotes","Furbearers","Fishing","Youth Deer","Youth Feral Hog","Youth Waterfowl","Youth Squirrel","Veteran Waterfowl","E-Postcard Turkey"],"legalGameText":"","species":["coyote","dove","feral_hog","furbearers","other_migratory","quail","rabbit","squirrel","teal","turkey","waterfowl","white_tailed_deer"],"methods":["any_legal","archery","firearm","shotgun"],"access":["aph_walk_in","e_postcard","youth"],"complexes":[],"hasEpostcard":true,"hasRegularPermit":false,"epostcardUrl":"https://tpwd.texas.gov/huntwild/hunt/public/public_hunt_drawing/hunt-area-details.phtml?OArea=CA","countySlugs":["fannin"],"bookletPage":"56","bookletPdfPage":85,"bookletUrl":"https://tpwd.texas.gov/publications/pwdpubs/media/pwd_bk_w7000_0112a.pdf#page=85","lon":-95.95922,"lat":33.74353},"geometry":{"type":"MultiPolygon","coordinates":[[[[-95.91793,33.709],[-95.91427,33.70885],[-95.91419,33.71053],[-95.91247,33.71052],[-95.91248,33.70748],[-95.91798,33.70759],[-95.91793,33.709]]],[[[-96.04275,33.7109],[-96.04363,33.71228],[-96.04273,33.71227],[-96.04275,33.7109]]],[[[-96.03669,33.72033],[-96.02986,33.72021],[-96.03045,33.70553],[-96.03716,33.7057],[-96.03837,33.71885],[-96.03674,33.71882],[-96.03669,33.72033]]],[[[-95.90894,33.71648],[-95.90915,33.71036],[-95.91183,33.71049],[-95.91065,33.7237],[-95.90546,33.72352],[-95.90569,33.71547],[-95.90894,33.71648]]],[[[-96.04555,33.71502],[-96.04509,33.71093],[-96.05454,33.71124],[-96.05451,33.71525],[-96.05939,33.71544],[-96.05895,33.72412],[-96.05497,33.724],[-96.05434,33.7194],[-96.04103,33.71894],[-96.04119,33.71488],[-96.04555,33.71502]]],[[[-96.03725,33.73156],[-96.03744,33.72745],[-96.04112,33.7274],[-96.04093,33.73165],[-96.03725,33.73156]]],[[[-95.90205,33.73791],[-95.91144,33.73811],[-95.91138,33.74187],[-95.90198,33.74168],[-95.90205,33.73791]]],[[[-95.912,33.71506],[-95.92067,33.71496],[-95.91965,33.71078],[-95.92161,33.71083],[-95.92181,33.707],[-95.92977,33.70727],[-95.9309,33.71656],[-95.93714,33.71671],[-95.93703,33.72161],[-95.94396,33.72181],[-95.94357,33.71731],[-95.95033,33.71756],[-95.95037,33.72005],[-95.96858,33.72039],[-95.96946,33.71795],[-95.99858,33.71846],[-95.99822,33.7245],[-96.00691,33.7247],[-96.00678,33.72752],[-96.01097,33.72733],[-96.0109,33.73336],[-96.01508,33.73342],[-96.01496,33.73641],[-96.01944,33.73669],[-96.01913,33.74368],[-96.02313,33.74378],[-96.02333,33.74053],[-96.02813,33.74072],[-96.02834,33.72558],[-96.03384,33.72569],[-96.03392,33.72351],[-96.02971,33.72342],[-96.02978,33.72176],[-96.03666,33.72186],[-96.03661,33.72356],[-96.03816,33.72357],[-96.03802,33.72721],[-96.03723,33.72741],[-96.03714,33.72941],[-96.03349,33.72931],[-96.03301,33.7409],[-96.03639,33.74105],[-96.03572,33.75474],[-96.03199,33.7546],[-96.03218,33.75078],[-96.01437,33.75033],[-96.01404,33.75772],[-96.0053,33.7574],[-96.0055,33.75024],[-95.99693,33.74998],[-95.99704,33.74633],[-95.99325,33.74623],[-95.99287,33.75361],[-95.97625,33.75287],[-95.97722,33.76404],[-95.95268,33.76294],[-95.9527,33.76628],[-95.95016,33.76624],[-95.95007,33.76973],[-95.94478,33.76963],[-95.94457,33.77249],[-95.94938,33.77266],[-95.9493,33.77437],[-95.9455,33.77434],[-95.9454,33.77661],[-95.94045,33.77649],[-95.94021,33.78062],[-95.93063,33.78036],[-95.93093,33.77661],[-95.92619,33.77596],[-95.92843,33.7471],[-95.93096,33.74717],[-95.931,33.74599],[-95.92847,33.74592],[-95.92951,33.74231],[-95.91153,33.74187],[-95.91161,33.73791],[-95.91588,33.73801],[-95.91639,33.72411],[-95.91113,33.72373],[-95.912,33.71506]],[[-95.92442,33.74203],[-95.92442,33.74192],[-95.92442,33.74203],[-95.92442,33.74203]],[[-95.91917,33.74161],[-95.91916,33.74167],[-95.91917,33.74167],[-95.91917,33.74161]],[[-95.93845,33.73014],[-95.94243,33.73021],[-95.9443,33.72737],[-95.93861,33.72727],[-95.93845,33.73014]],[[-95.9653,33.75137],[-95.96513,33.75851],[-95.96779,33.75859],[-95.96805,33.7514],[-95.9653,33.75137]],[[-95.96041,33.7514],[-95.95534,33.75139],[-95.95592,33.74767],[-95.95918,33.74788],[-95.95914,33.74444],[-95.95217,33.74399],[-95.9506,33.75833],[-95.96029,33.75855],[-95.96041,33.7514]],[[-95.94827,33.75571],[-95.94926,33.74696],[-95.94789,33.73759],[-95.93218,33.73679],[-95.93226,33.74061],[-95.93419,33.74064],[-95.93419,33.74314],[-95.93856,33.74463],[-95.93757,33.74702],[-95.94688,33.74716],[-95.94662,33.75573],[-95.94827,33.75571]]],[[[-95.86986,33.76014],[-95.87226,33.75982],[-95.87213,33.76352],[-95.8692,33.76343],[-95.86986,33.76014]]],[[[-95.88243,33.77325],[-95.87178,33.7729],[-95.87222,33.76273],[-95.88561,33.76312],[-95.88538,33.76665],[-95.89728,33.76695],[-95.89485,33.77818],[-95.9116,33.78009],[-95.91152,33.78112],[-95.90175,33.781],[-95.9015,33.78808],[-95.89097,33.78794],[-95.89054,33.8005],[-95.87922,33.80033],[-95.87975,33.78815],[-95.882,33.78821],[-95.88243,33.77325]],[[-95.89097,33.78792],[-95.89097,33.78794],[-95.89097,33.78794],[-95.89097,33.78792]]]]}},{"type":"Feature","id":"2226","properties":{"id":"2226","unitIds":["2226"],"name":"Bordages Road","counties":["Jefferson"],"region":"Houston/Beaumont","acres":1272.0,"type":"dove_lease","pdfUrl":"https://tpwd.texas.gov/huntwild/hunt/public/annual_public_hunting/resources/2226.pdf","aerialPdfUrl":"https://tpwd.texas.gov/huntwild/hunt/public/annual_public_hunting/resources/BordagesRoad_2226.pdf","registration":"none","legalGameTags":["Dove","Rabbit"],"legalGameText":"","species":["dove","rabbit"],"methods":["any_legal","shotgun"],"access":["aph_walk_in"],"complexes":[],"hasEpostcard":false,"hasRegularPermit":false,"epostcardUrl":"","countySlugs":["jefferson"],"bookletPage":"116","bookletPdfPage":145,"bookletUrl":"https://tpwd.texas.gov/publications/pwdpubs/media/pwd_bk_w7000_0112a.pdf#page=145","lon":-94.07268,"lat":29.94421},"geometry":{"type":"MultiPolygon","coordinates":[[[[-94.06388,29.93272],[-94.06999,29.93269],[-94.07002,29.93463],[-94.07173,29.93462],[-94.07068,29.93674],[-94.07077,29.94717],[-94.06494,29.94721],[-94.06388,29.93272]]],[[[-94.0881,29.93451],[-94.08841,29.94912],[-94.07156,29.94925],[-94.07251,29.93464],[-94.0881,29.93451]]],[[[-94.07031,29.94769],[-94.07026,29.95479],[-94.05494,29.95655],[-94.05446,29.94773],[-94.07031,29.94769]]]]}},{"type":"Feature","id":"2572","properties":{"id":"2572","unitIds":["2572"],"name":"Brillhart - Canadian River Complex 7","counties":["Ochiltree"],"region":"Panhandle","acres":322.0,"type":"dove_lease","pdfUrl":"https://tpwd.texas.gov/huntwild/hunt/public/annual_public_hunting/resources/CanadianRiverComplex7.pdf","aerialPdfUrl":"https://tpwd.texas.gov/huntwild/hunt/public/annual_public_hunting/resources/CanadianRiverComplex7_Brillhart_2572.pdf","registration":"none","legalGameTags":["Dove","Teal","Waterfowl","Cranes","Pheasant","Rabbit","Coyotes","Youth Waterfowl","Veteran Waterfowl"],"legalGameText":"","species":["coyote","dove","pheasant","rabbit","sandhill_crane","teal","waterfowl"],"methods":["any_legal","shotgun"],"access":["aph_walk_in","youth"],"complexes":[],"hasEpostcard":false,"hasRegularPermit":false,"epostcardUrl":"","countySlugs":["ochiltree"],"bookletPage":"28","bookletPdfPage":57,"bookletUrl":"https://tpwd.texas.gov/publications/pwdpubs/media/pwd_bk_w7000_0112a.pdf#page=57","lon":-100.90157,"lat":36.11886},"geometry":{"type":"Polygon","coordinates":[[[-100.91051,36.1153],[-100.89268,36.11524],[-100.89262,36.12244],[-100.9105,36.12245],[-100.91051,36.1153]]]}},{"type":"Feature","id":"2171","properties":{"id":"2171","unitIds":["2171"],"name":"Bruceville - Eddy","counties":["Falls"],"region":"Austin/Waco","acres":262.0,"type":"dove_lease","pdfUrl":"https://tpwd.texas.gov/huntwild/hunt/public/annual_public_hunting/resources/2171.pdf","aerialPdfUrl":"https://tpwd.texas.gov/huntwild/hunt/public/annual_public_hunting/resources/BrucevilleEddy_2171.pdf","registration":"none","legalGameTags":["Youth/Adult Dove","Youth/Adult Teal","Youth/Adult Rabbit"],"legalGameText":"","species":["dove","rabbit","teal"],"methods":["any_legal","shotgun"],"access":["youth_adult"],"complexes":[],"hasEpostcard":false,"hasRegularPermit":false,"epostcardUrl":"","countySlugs":["falls"],"bookletPage":"89","bookletPdfPage":118,"bookletUrl":"https://tpwd.texas.gov/publications/pwdpubs/media/pwd_bk_w7000_0112a.pdf#page=118","lon":-97.22504,"lat":31.24652},"geometry":{"type":"Polygon","coordinates":[[[-97.21812,31.24578],[-97.22222,31.25168],[-97.23152,31.24788],[-97.22822,31.24108],[-97.21812,31.24578]]]}},{"type":"Feature","id":"2585","properties":{"id":"2585","unitIds":["2585"],"name":"Burns East","counties":["DeWitt"],"region":"San Antonio/Corpus Christi","acres":390.0,"type":"dove_lease","pdfUrl":"https://tpwd.texas.gov/huntwild/hunt/public/annual_public_hunting/resources/CueroCreekComplex.pdf","aerialPdfUrl":"https://tpwd.texas.gov/huntwild/hunt/public/annual_public_hunting/resources/BurnsEast_2585.pdf","registration":"none","legalGameTags":["Dove"],"legalGameText":"","species":["dove"],"methods":["shotgun"],"access":["aph_walk_in"],"complexes":[],"hasEpostcard":false,"hasRegularPermit":false,"epostcardUrl":"","countySlugs":["dewitt"],"bookletPage":"141","bookletPdfPage":170,"bookletUrl":"https://tpwd.texas.gov/publications/pwdpubs/media/pwd_bk_w7000_0112a.pdf#page=170","lon":-97.20646,"lat":29.23682},"geometry":{"type":"Polygon","coordinates":[[[-97.20467,29.24415],[-97.22108,29.22632],[-97.21905,29.22617],[-97.2082,29.23327],[-97.19729,29.23665],[-97.19672,29.24369],[-97.20467,29.24415]]]}},{"type":"Feature","id":"2393","properties":{"id":"2393","unitIds":["2393"],"name":"Burns West","counties":["DeWitt"],"region":"San Antonio/Corpus Christi","acres":530.0,"type":"dove_lease","pdfUrl":"https://tpwd.texas.gov/huntwild/hunt/public/annual_public_hunting/resources/CueroCreekComplex.pdf","aerialPdfUrl":"https://tpwd.texas.gov/huntwild/hunt/public/annual_public_hunting/resources/BurnsWest_2393.pdf","registration":"none","legalGameTags":["Dove"],"legalGameText":"","species":["dove"],"methods":["shotgun"],"access":["aph_walk_in"],"complexes":[],"hasEpostcard":false,"hasRegularPermit":false,"epostcardUrl":"","countySlugs":["dewitt"],"bookletPage":"141","bookletPdfPage":170,"bookletUrl":"https://tpwd.texas.gov/publications/pwdpubs/media/pwd_bk_w7000_0112a.pdf#page=170","lon":-97.21664,"lat":29.23935},"geometry":{"type":"Polygon","coordinates":[[[-97.20522,29.24428],[-97.21172,29.24468],[-97.21152,29.24748],[-97.22162,29.24808],[-97.22292,29.22648],[-97.22152,29.22638],[-97.20522,29.24428]]]}},{"type":"Feature","id":"509","properties":{"id":"509","unitIds":["509"],"name":"Caddo Lake NWR","counties":["Harrison"],"region":"Pineywoods","acres":6940.0,"type":"other","pdfUrl":"https://tpwd.texas.gov/huntwild/hunt/public/annual_public_hunting/resources/509.pdf","aerialPdfUrl":"https://tpwd.texas.gov/huntwild/hunt/public/annual_public_hunting/resources/CaddoLakeNWR_509.pdf","registration":"none","legalGameTags":["Deer - Archery","Deer - General","Feral Hog","Squirrel"],"legalGameText":"","species":["feral_hog","squirrel","white_tailed_deer"],"methods":["any_legal","archery","firearm"],"access":["aph_walk_in"],"complexes":[],"hasEpostcard":false,"hasRegularPermit":false,"epostcardUrl":"","countySlugs":["harrison"],"bookletPage":"75","bookletPdfPage":104,"bookletUrl":"https://tpwd.texas.gov/publications/pwdpubs/media/pwd_bk_w7000_0112a.pdf#page=104","lon":-94.13651,"lat":32.67078},"geometry":{"type":"MultiPolygon","coordinates":[[[[-94.11097,32.69572],[-94.10932,32.69671],[-94.10615,32.6936],[-94.11073,32.69352],[-94.1139,32.68559],[-94.11189,32.68639],[-94.10767,32.68362],[-94.10886,32.68024],[-94.11357,32.68136],[-94.11378,32.67996],[-94.11133,32.67766],[-94.10631,32.67798],[-94.10539,32.68062],[-94.10416,32.67937],[-94.10494,32.67588],[-94.10037,32.67592],[-94.10376,32.6578],[-94.10285,32.64826],[-94.12137,32.64811],[-94.12129,32.64104],[-94.15199,32.64101],[-94.1667,32.66555],[-94.17451,32.67397],[-94.17499,32.67692],[-94.17177,32.67697],[-94.17501,32.67705],[-94.17503,32.67829],[-94.17145,32.68093],[-94.16674,32.69093],[-94.16957,32.69869],[-94.16537,32.69585],[-94.12533,32.69827],[-94.11748,32.69823],[-94.11561,32.69563],[-94.11252,32.69813],[-94.11085,32.69761],[-94.11097,32.69572]]],[[[-94.17031,32.69977],[-94.16925,32.69652],[-94.17135,32.69785],[-94.17031,32.69977]]]]}},{"type":"Feature","id":"730","properties":{"id":"730","unitIds":["730"],"name":"Caddo Lake WMA","counties":["Marion","Harrison"],"region":"Pineywoods","acres":25.0,"type":"wma","pdfUrl":"https://tpwd.texas.gov/huntwild/hunt/public/annual_public_hunting/resources/730.pdf","aerialPdfUrl":"https://tpwd.texas.gov/huntwild/hunt/public/annual_public_hunting/resources/CaddoLake_730.pdf","registration":"none","legalGameTags":["Deer - Archery","Deer - General","Deer - Muzzle loader","Feral Hog","Dove","Teal","Waterfowl","Other Migratory Birds","Quail","Squirrel","Rabbit","Coyotes","Furbearers/Predators","Fishing","Youth Deer","Youth Feral Hog","Youth Waterfowl","Youth Squirrel","Veteran Waterfowl"],"legalGameText":"","species":["coyote","dove","feral_hog","furbearers","other_migratory","quail","rabbit","squirrel","teal","waterfowl","white_tailed_deer"],"methods":["any_legal","archery","firearm","muzzleloader","shotgun"],"access":["aph_walk_in","youth"],"complexes":[],"hasEpostcard":false,"hasRegularPermit":false,"epostcardUrl":"","countySlugs":["marion","harrison"],"bookletPage":"74","bookletPdfPage":103,"bookletUrl":"https://tpwd.texas.gov/publications/pwdpubs/media/pwd_bk_w7000_0112a.pdf#page=103","lon":-94.13051,"lat":32.74095},"geometry":{"type":"MultiPolygon","coordinates":[[[[-94.10366,32.71147],[-94.09515,32.71092],[-94.09649,32.70566],[-94.09454,32.70082],[-94.09822,32.70582],[-94.10976,32.70345],[-94.11797,32.70856],[-94.11566,32.71339],[-94.11248,32.71496],[-94.10909,32.71305],[-94.1051,32.71406],[-94.10366,32.71147]]],[[[-94.08975,32.73178],[-94.08905,32.73275],[-94.08793,32.72861],[-94.09104,32.72425],[-94.08775,32.72145],[-94.09253,32.71871],[-94.0925,32.71612],[-94.09655,32.71594],[-94.09587,32.71232],[-94.10311,32.71192],[-94.10492,32.71472],[-94.10872,32.71356],[-94.11064,32.71585],[-94.11601,32.71387],[-94.12003,32.72146],[-94.11488,32.72361],[-94.11035,32.7229],[-94.1092,32.72541],[-94.10486,32.72792],[-94.107,32.72826],[-94.10562,32.72911],[-94.10981,32.73282],[-94.10759,32.73293],[-94.1065,32.73416],[-94.10622,32.73591],[-94.1021,32.73814],[-94.10035,32.73434],[-94.09819,32.73276],[-94.09644,32.73231],[-94.09437,32.73261],[-94.09428,32.73433],[-94.08975,32.73178]]],[[[-94.08167,32.71694],[-94.08502,32.71565],[-94.0866,32.71865],[-94.0855,32.72462],[-94.08762,32.72527],[-94.08526,32.7283],[-94.08607,32.73088],[-94.08388,32.73095],[-94.08518,32.73579],[-94.07831,32.7383],[-94.07635,32.74076],[-94.0763,32.73419],[-94.07282,32.73427],[-94.07288,32.72558],[-94.0808,32.7257],[-94.08167,32.71694]]],[[[-94.13215,32.72542],[-94.13576,32.7303],[-94.13537,32.73701],[-94.13091,32.73603],[-94.13171,32.73184],[-94.12815,32.72913],[-94.13215,32.72542]]],[[[-94.11428,32.73236],[-94.11671,32.73145],[-94.11509,32.73306],[-94.11678,32.7341],[-94.11653,32.73617],[-94.11835,32.73651],[-94.11372,32.73752],[-94.11065,32.73294],[-94.11306,32.72799],[-94.11428,32.73236]]],[[[-94.12251,32.73138],[-94.12693,32.73522],[-94.12885,32.73417],[-94.12991,32.73603],[-94.12843,32.73615],[-94.12985,32.73741],[-94.12764,32.73856],[-94.12136,32.73702],[-94.11674,32.73312],[-94.12251,32.73138]]],[[[-94.16764,32.74951],[-94.17617,32.74946],[-94.17541,32.75445],[-94.17281,32.75489],[-94.17114,32.75898],[-94.17019,32.75696],[-94.1673,32.75974],[-94.1666,32.7564],[-94.17035,32.75343],[-94.17067,32.75064],[-94.1667,32.75066],[-94.16523,32.74791],[-94.1633,32.74955],[-94.16383,32.75459],[-94.16055,32.75983],[-94.1451,32.77517],[-94.14763,32.77757],[-94.15118,32.77796],[-94.14465,32.77879],[-94.13712,32.77671],[-94.13588,32.77813],[-94.13207,32.77375],[-94.12467,32.76997],[-94.12306,32.76818],[-94.12453,32.76519],[-94.11537,32.75968],[-94.11019,32.75532],[-94.11017,32.75328],[-94.10102,32.75281],[-94.1036,32.75091],[-94.10765,32.75153],[-94.11114,32.74861],[-94.11752,32.74913],[-94.12095,32.74467],[-94.10471,32.74475],[-94.10301,32.74849],[-94.10013,32.74851],[-94.10006,32.74552],[-94.09702,32.74551],[-94.09544,32.74228],[-94.09319,32.74184],[-94.09408,32.74696],[-94.09129,32.74588],[-94.09026,32.74303],[-94.09242,32.73936],[-94.09231,32.73399],[-94.09478,32.73446],[-94.09458,32.7329],[-94.09672,32.73254],[-94.09989,32.73439],[-94.10194,32.73853],[-94.10646,32.73614],[-94.10716,32.73385],[-94.11271,32.73854],[-94.11773,32.73733],[-94.1254,32.74019],[-94.13232,32.73863],[-94.14167,32.74161],[-94.14492,32.74089],[-94.14654,32.73785],[-94.14488,32.73252],[-94.14984,32.73003],[-94.15113,32.72758],[-94.14957,32.72766],[-94.1501,32.72594],[-94.15443,32.72614],[-94.16091,32.7225],[-94.16434,32.71264],[-94.1701,32.71261],[-94.16909,32.71939],[-94.17013,32.72827],[-94.17125,32.72389],[-94.17681,32.7257],[-94.17654,32.74689],[-94.17244,32.7469],[-94.17245,32.74529],[-94.17099,32.74528],[-94.17213,32.74272],[-94.16879,32.74277],[-94.16939,32.74165],[-94.16565,32.7401],[-94.16867,32.74778],[-94.16764,32.74951]]]]}},{"type":"Feature","id":"730-32","properties":{"id":"730-32","unitIds":["730"],"name":"Caddo Lake WMA - E-Postcard Hunts","counties":["Marion","Harrison"],"region":"Pineywoods","acres":25.0,"type":"wma","pdfUrl":"https://tpwd.texas.gov/huntwild/hunt/public/annual_public_hunting/resources/730.pdf","aerialPdfUrl":"https://tpwd.texas.gov/huntwild/hunt/public/annual_public_hunting/resources/CaddoLake_730.pdf","registration":"none","legalGameTags":["E-Postcard Deer","E-Postcard Feral Hog","E-Postcard Youth Deer"],"legalGameText":"","species":["feral_hog","white_tailed_deer"],"methods":["any_legal"],"access":["e_postcard"],"complexes":[],"hasEpostcard":true,"hasRegularPermit":false,"epostcardUrl":"https://tpwd.texas.gov/huntwild/hunt/public/public_hunt_drawing/hunt-area-details.phtml?OArea=CD","countySlugs":["marion","harrison"],"bookletPage":"74","bookletPdfPage":103,"bookletUrl":"https://tpwd.texas.gov/publications/pwdpubs/media/pwd_bk_w7000_0112a.pdf#page=103","lon":-94.13051,"lat":32.74095},"geometry":{"type":"MultiPolygon","coordinates":[[[[-94.10366,32.71147],[-94.09515,32.71092],[-94.09649,32.70566],[-94.09454,32.70082],[-94.09822,32.70582],[-94.10976,32.70345],[-94.11797,32.70856],[-94.11566,32.71339],[-94.11248,32.71496],[-94.10909,32.71305],[-94.1051,32.71406],[-94.10366,32.71147]]],[[[-94.08975,32.73178],[-94.08905,32.73275],[-94.08793,32.72861],[-94.09104,32.72425],[-94.08775,32.72145],[-94.09253,32.71871],[-94.0925,32.71612],[-94.09655,32.71594],[-94.09587,32.71232],[-94.10311,32.71192],[-94.10492,32.71472],[-94.10872,32.71356],[-94.11064,32.71585],[-94.11601,32.71387],[-94.12003,32.72146],[-94.11488,32.72361],[-94.11035,32.7229],[-94.1092,32.72541],[-94.10486,32.72792],[-94.107,32.72826],[-94.10562,32.72911],[-94.10981,32.73282],[-94.10759,32.73293],[-94.1065,32.73416],[-94.10622,32.73591],[-94.1021,32.73814],[-94.10035,32.73434],[-94.09819,32.73276],[-94.09644,32.73231],[-94.09437,32.73261],[-94.09428,32.73433],[-94.08975,32.73178]]],[[[-94.08167,32.71694],[-94.08502,32.71565],[-94.0866,32.71865],[-94.0855,32.72462],[-94.08762,32.72527],[-94.08526,32.7283],[-94.08607,32.73088],[-94.08388,32.73095],[-94.08518,32.73579],[-94.07831,32.7383],[-94.07635,32.74076],[-94.0763,32.73419],[-94.07282,32.73427],[-94.07288,32.72558],[-94.0808,32.7257],[-94.08167,32.71694]]],[[[-94.13215,32.72542],[-94.13576,32.7303],[-94.13537,32.73701],[-94.13091,32.73603],[-94.13171,32.73184],[-94.12815,32.72913],[-94.13215,32.72542]]],[[[-94.11428,32.73236],[-94.11671,32.73145],[-94.11509,32.73306],[-94.11678,32.7341],[-94.11653,32.73617],[-94.11835,32.73651],[-94.11372,32.73752],[-94.11065,32.73294],[-94.11306,32.72799],[-94.11428,32.73236]]],[[[-94.12251,32.73138],[-94.12693,32.73522],[-94.12885,32.73417],[-94.12991,32.73603],[-94.12843,32.73615],[-94.12985,32.73741],[-94.12764,32.73856],[-94.12136,32.73702],[-94.11674,32.73312],[-94.12251,32.73138]]],[[[-94.16764,32.74951],[-94.17617,32.74946],[-94.17541,32.75445],[-94.17281,32.75489],[-94.17114,32.75898],[-94.17019,32.75696],[-94.1673,32.75974],[-94.1666,32.7564],[-94.17035,32.75343],[-94.17067,32.75064],[-94.1667,32.75066],[-94.16523,32.74791],[-94.1633,32.74955],[-94.16383,32.75459],[-94.16055,32.75983],[-94.1451,32.77517],[-94.14763,32.77757],[-94.15118,32.77796],[-94.14465,32.77879],[-94.13712,32.77671],[-94.13588,32.77813],[-94.13207,32.77375],[-94.12467,32.76997],[-94.12306,32.76818],[-94.12453,32.76519],[-94.11537,32.75968],[-94.11019,32.75532],[-94.11017,32.75328],[-94.10102,32.75281],[-94.1036,32.75091],[-94.10765,32.75153],[-94.11114,32.74861],[-94.11752,32.74913],[-94.12095,32.74467],[-94.10471,32.74475],[-94.10301,32.74849],[-94.10013,32.74851],[-94.10006,32.74552],[-94.09702,32.74551],[-94.09544,32.74228],[-94.09319,32.74184],[-94.09408,32.74696],[-94.09129,32.74588],[-94.09026,32.74303],[-94.09242,32.73936],[-94.09231,32.73399],[-94.09478,32.73446],[-94.09458,32.7329],[-94.09672,32.73254],[-94.09989,32.73439],[-94.10194,32.73853],[-94.10646,32.73614],[-94.10716,32.73385],[-94.11271,32.73854],[-94.11773,32.73733],[-94.1254,32.74019],[-94.13232,32.73863],[-94.14167,32.74161],[-94.14492,32.74089],[-94.14654,32.73785],[-94.14488,32.73252],[-94.14984,32.73003],[-94.15113,32.72758],[-94.14957,32.72766],[-94.1501,32.72594],[-94.15443,32.72614],[-94.16091,32.7225],[-94.16434,32.71264],[-94.1701,32.71261],[-94.16909,32.71939],[-94.17013,32.72827],[-94.17125,32.72389],[-94.17681,32.7257],[-94.17654,32.74689],[-94.17244,32.7469],[-94.17245,32.74529],[-94.17099,32.74528],[-94.17213,32.74272],[-94.16879,32.74277],[-94.16939,32.74165],[-94.16565,32.7401],[-94.16867,32.74778],[-94.16764,32.74951]]]]}},{"type":"Feature","id":"1079","properties":{"id":"1079","unitIds":["1079"],"name":"Caprock Canyons State Park","counties":["Briscoe"],"region":"Panhandle","acres":null,"type":"state_park","pdfUrl":"","aerialPdfUrl":"","registration":"none","legalGameTags":["E-Postcard Deer","E-Postcard Mult-Species"],"legalGameText":"","species":["white_tailed_deer"],"methods":["any_legal"],"access":["e_postcard"],"complexes":[],"hasEpostcard":true,"hasRegularPermit":false,"epostcardUrl":"https://tpwd.texas.gov/huntwild/hunt/public/public_hunt_drawing/hunt-area-details.phtml?OArea=CC","countySlugs":["briscoe"],"bookletPage":"xxii","bookletPdfPage":25,"bookletUrl":"https://tpwd.texas.gov/publications/pwdpubs/media/pwd_bk_w7000_0112a.pdf#page=25","lon":-101.05,"lat":34.41},"geometry":{"type":"Point","coordinates":[-101.05,34.41]}},{"type":"Feature","id":"714","properties":{"id":"714","unitIds":["714"],"name":"Carricitos Unit - Las Palomas WMA","counties":["Cameron"],"region":"San Antonio/Corpus Christi","acres":118.0,"type":"wma","pdfUrl":"https://tpwd.texas.gov/huntwild/hunt/public/annual_public_hunting/resources/714.pdf","aerialPdfUrl":"https://tpwd.texas.gov/huntwild/hunt/public/annual_public_hunting/resources/LasPalomasCarricitos_714.pdf","registration":"none","legalGameTags":["Dove","Quail","Chachalaca","Rabbit"],"legalGameText":"","species":["chachalaca","dove","quail","rabbit"],"methods":["any_legal","shotgun"],"access":["aph_walk_in"],"complexes":[],"hasEpostcard":false,"hasRegularPermit":false,"epostcardUrl":"","countySlugs":["cameron"],"bookletPage":"136","bookletPdfPage":165,"bookletUrl":"https://tpwd.texas.gov/publications/pwdpubs/media/pwd_bk_w7000_0112a.pdf#page=165","lon":-97.57692,"lat":26.1754},"geometry":{"type":"Polygon","coordinates":[[[-97.57593,26.18058],[-97.58138,26.17325],[-97.57976,26.17055],[-97.57381,26.17354],[-97.57376,26.18032],[-97.57593,26.18058]]]}},{"type":"Feature","id":"2381","properties":{"id":"2381","unitIds":["2381"],"name":"Catclaw Creek","counties":["Brooks"],"region":"San Antonio/Corpus Christi","acres":150.0,"type":"dove_lease","pdfUrl":"https://tpwd.texas.gov/huntwild/hunt/public/annual_public_hunting/resources/2381.pdf","aerialPdfUrl":"https://tpwd.texas.gov/huntwild/hunt/public/annual_public_hunting/resources/CatclawCreek_2381.pdf","registration":"none","legalGameTags":["Dove"],"legalGameText":"","species":["dove"],"methods":["shotgun"],"access":["aph_walk_in"],"complexes":[],"hasEpostcard":false,"hasRegularPermit":false,"epostcardUrl":"","countySlugs":["brooks"],"bookletPage":"128","bookletPdfPage":157,"bookletUrl":"https://tpwd.texas.gov/publications/pwdpubs/media/pwd_bk_w7000_0112a.pdf#page=157","lon":-98.18086,"lat":27.20145},"geometry":{"type":"Polygon","coordinates":[[[-98.17642,27.20807],[-98.18442,27.20887],[-98.18442,27.19417],[-98.17832,27.19337],[-98.17642,27.20807]]]}},{"type":"Feature","id":"700","properties":{"id":"700","unitIds":["700"],"name":"Chaparral WMA","counties":["Dimmit","La Salle"],"region":"San Antonio/Corpus Christi","acres":15200.0,"type":"wma","pdfUrl":"https://tpwd.texas.gov/huntwild/hunt/public/annual_public_hunting/resources/700.pdf","aerialPdfUrl":"https://tpwd.texas.gov/huntwild/hunt/public/annual_public_hunting/resources/Chaparral_700.pdf","registration":"none","legalGameTags":["Dove","Quail","Rabbit","Youth/Adult Quail","E-Postcard Multi-species"],"legalGameText":"","species":["dove","feral_hog","quail","rabbit","squirrel"],"methods":["any_legal","shotgun"],"access":["aph_walk_in","e_postcard","youth_adult"],"complexes":[],"hasEpostcard":true,"hasRegularPermit":false,"epostcardUrl":"https://tpwd.texas.gov/huntwild/hunt/public/public_hunt_drawing/hunt-area-details.phtml?OArea=CP","countySlugs":["dimmit","lasalle"],"bookletPage":"143","bookletPdfPage":172,"bookletUrl":"https://tpwd.texas.gov/publications/pwdpubs/media/pwd_bk_w7000_0112a.pdf#page=172","lon":-99.40518,"lat":28.32494},"geometry":{"type":"Polygon","coordinates":[[[-99.45649,28.34447],[-99.4562,28.32424],[-99.45424,28.32324],[-99.45427,28.32099],[-99.44849,28.31916],[-99.44947,28.30809],[-99.37072,28.28907],[-99.35665,28.28694],[-99.35679,28.30593],[-99.34015,28.30592],[-99.34015,28.32051],[-99.35616,28.32041],[-99.35636,28.3383],[-99.38928,28.34901],[-99.47337,28.36081],[-99.47313,28.34428],[-99.45649,28.34447]]]}},{"type":"Feature","id":"718","properties":{"id":"718","unitIds":["718"],"name":"Chapote Unit - Las Palomas WMA","counties":["Hidalgo"],"region":"San Antonio/Corpus Christi","acres":220.0,"type":"wma","pdfUrl":"https://tpwd.texas.gov/huntwild/hunt/public/annual_public_hunting/resources/710_715_718.pdf","aerialPdfUrl":"https://tpwd.texas.gov/huntwild/hunt/public/annual_public_hunting/resources/LasPalomasChapote_718.pdf","registration":"none","legalGameTags":["Dove","Quail","Chachalaca","Rabbit"],"legalGameText":"","species":["chachalaca","dove","quail","rabbit"],"methods":["any_legal","shotgun"],"access":["aph_walk_in"],"complexes":[],"hasEpostcard":false,"hasRegularPermit":false,"epostcardUrl":"","countySlugs":["hidalgo"],"bookletPage":"140","bookletPdfPage":169,"bookletUrl":"https://tpwd.texas.gov/publications/pwdpubs/media/pwd_bk_w7000_0112a.pdf#page=169","lon":-98.01168,"lat":26.11205},"geometry":{"type":"Polygon","coordinates":[[[-97.99792,26.11713],[-98.01652,26.11352],[-98.02171,26.11043],[-98.02168,26.10588],[-98.01662,26.10648],[-98.01623,26.11033],[-98.00989,26.11193],[-98.00994,26.11459],[-98.00832,26.11281],[-98.00591,26.11411],[-98.00585,26.11113],[-98.00485,26.11131],[-97.99789,26.11577],[-97.99792,26.11713]]]}},{"type":"Feature","id":"2521","properties":{"id":"2521","unitIds":["2521","2520","2519","2522"],"name":"Clay County Complex","counties":["Clay"],"region":"Dallas/Ft. Worth","acres":365.0,"type":"dove_lease","pdfUrl":"https://tpwd.texas.gov/huntwild/hunt/public/annual_public_hunting/resources/ClayCountyComplex.pdf","aerialPdfUrl":"https://tpwd.texas.gov/huntwild/hunt/public/annual_public_hunting/resources/HomePlace_2521.pdf","registration":"none","legalGameTags":["Dove","Waterfowl","Rabbit"],"legalGameText":"","species":["dove","rabbit","waterfowl"],"methods":["any_legal","shotgun"],"access":["aph_walk_in"],"complexes":["Home Place","Rater Crump","Thompson Aerial","Three Bs"],"hasEpostcard":false,"hasRegularPermit":false,"epostcardUrl":"","countySlugs":["clay"],"bookletPage":"47","bookletPdfPage":null,"bookletUrl":"https://tpwd.texas.gov/publications/pwdpubs/media/pwd_bk_w7000_0112a.pdf","lon":-98.03993,"lat":33.57052},"geometry":{"type":"MultiPolygon","coordinates":[[[[-98.04121,33.56609],[-98.03508,33.56604],[-98.03503,33.57357],[-98.03509,33.56609],[-98.04117,33.56611],[-98.0411,33.57608],[-98.02897,33.57607],[-98.02901,33.57257],[-98.03196,33.57222],[-98.032,33.5661],[-98.02907,33.56608],[-98.0292,33.55754],[-98.03445,33.5559],[-98.03679,33.55695],[-98.03704,33.55968],[-98.04122,33.55968],[-98.04121,33.56609]]],[[[-98.05335,33.57131],[-98.04133,33.57132],[-98.04134,33.56612],[-98.05336,33.56612],[-98.05335,33.57131]]],[[[-98.02912,33.5762],[-98.03624,33.57625],[-98.03623,33.58161],[-98.02891,33.58159],[-98.02912,33.5762]]],[[[-98.05883,33.58164],[-98.05885,33.57969],[-98.06106,33.57973],[-98.06103,33.58672],[-98.05337,33.58673],[-98.05339,33.58162],[-98.05883,33.58164]]]]}},{"type":"Feature","id":"2514","properties":{"id":"2514","unitIds":["2514"],"name":"Cobb Farms","counties":["Swisher"],"region":"Panhandle","acres":250.0,"type":"dove_lease","pdfUrl":"https://tpwd.texas.gov/huntwild/hunt/public/annual_public_hunting/resources/2514.pdf","aerialPdfUrl":"https://tpwd.texas.gov/huntwild/hunt/public/annual_public_hunting/resources/CobbFarms_2514.pdf","registration":"none","legalGameTags":["Dove","Teal","Waterfowl","Rabbit","Coyotes"],"legalGameText":"","species":["coyote","dove","rabbit","teal","waterfowl"],"methods":["any_legal","shotgun"],"access":["aph_walk_in"],"complexes":[],"hasEpostcard":false,"hasRegularPermit":false,"epostcardUrl":"","countySlugs":["swisher"],"bookletPage":"20","bookletPdfPage":49,"bookletUrl":"https://tpwd.texas.gov/publications/pwdpubs/media/pwd_bk_w7000_0112a.pdf#page=49","lon":-101.58763,"lat":34.53291},"geometry":{"type":"Polygon","coordinates":[[[-101.58398,34.53988],[-101.58996,34.53828],[-101.59022,34.53514],[-101.59358,34.53508],[-101.59282,34.52795],[-101.58286,34.52778],[-101.58287,34.53252],[-101.58116,34.53375],[-101.58392,34.53515],[-101.58398,34.53988]]]}},{"type":"Feature","id":"2267","properties":{"id":"2267","unitIds":["2267","2266"],"name":"Collin County Complex","counties":["Collin"],"region":"Dallas/Ft. Worth","acres":188.0,"type":"dove_lease","pdfUrl":"https://tpwd.texas.gov/huntwild/hunt/public/annual_public_hunting/resources/CollinCountyComplex.pdf","aerialPdfUrl":"https://tpwd.texas.gov/huntwild/hunt/public/annual_public_hunting/resources/NorthRoyseCity_2267.pdf","registration":"none","legalGameTags":["Dove"],"legalGameText":"","species":["dove"],"methods":["shotgun"],"access":["aph_walk_in"],"complexes":["North Royse City","West Farm Road 1777"],"hasEpostcard":false,"hasRegularPermit":false,"epostcardUrl":"","countySlugs":["collin"],"bookletPage":"48","bookletPdfPage":77,"bookletUrl":"https://tpwd.texas.gov/publications/pwdpubs/media/pwd_bk_w7000_0112a.pdf#page=77","lon":-96.32933,"lat":33.01639},"geometry":{"type":"MultiPolygon","coordinates":[[[[-96.32282,33.00868],[-96.32282,33.00688],[-96.32032,33.00678],[-96.32162,32.99658],[-96.32822,32.99668],[-96.32782,33.00578],[-96.32282,33.00868]]],[[[-96.32367,33.02738],[-96.32743,33.02751],[-96.32769,33.02208],[-96.32407,33.02198],[-96.32417,33.01918],[-96.33097,33.01838],[-96.33124,33.01252],[-96.32398,33.01224],[-96.32419,33.00933],[-96.32301,33.00934],[-96.32622,33.00734],[-96.32681,33.00872],[-96.32891,33.00679],[-96.33366,33.00696],[-96.33351,33.00959],[-96.33677,33.00998],[-96.33707,33.01318],[-96.33187,33.01458],[-96.34028,33.01518],[-96.33987,33.02188],[-96.33347,33.02168],[-96.33327,33.02768],[-96.32857,33.02748],[-96.32847,33.03158],[-96.33327,33.03178],[-96.33327,33.03588],[-96.32337,33.03558],[-96.32367,33.02738]]]]}},{"type":"Feature","id":"2298","properties":{"id":"2298","unitIds":["2298","2316"],"name":"Collin Rockwall County Complex","counties":["Collin","Rockwall"],"region":"Dallas/Ft. Worth","acres":98.0,"type":"dove_lease","pdfUrl":"https://tpwd.texas.gov/huntwild/hunt/public/annual_public_hunting/resources/Collin_RockwallCountyComplex.pdf","aerialPdfUrl":"","registration":"none","legalGameTags":["Dove"],"legalGameText":"","species":["dove"],"methods":["shotgun"],"access":["aph_walk_in"],"complexes":["Farm Road 1138","Farm Road 2755"],"hasEpostcard":false,"hasRegularPermit":false,"epostcardUrl":"","countySlugs":["collin","rockwall"],"bookletPage":"49","bookletPdfPage":78,"bookletUrl":"https://tpwd.texas.gov/publications/pwdpubs/media/pwd_bk_w7000_0112a.pdf#page=78","lon":-96.37228,"lat":32.98441},"geometry":{"type":"MultiPolygon","coordinates":[[[[-96.37339,32.98188],[-96.37056,32.98185],[-96.36934,32.97446],[-96.37337,32.97442],[-96.37339,32.98188]]],[[[-96.36952,32.98183],[-96.36614,32.98188],[-96.36619,32.97908],[-96.36902,32.97912],[-96.36952,32.98183]]],[[[-96.37192,32.98988],[-96.37722,32.99008],[-96.37702,32.99478],[-96.37182,32.99468],[-96.37192,32.98988]]]]}},{"type":"Feature","id":"731","properties":{"id":"731","unitIds":["731"],"name":"Cooper WMA","counties":["Delta","Hopkins"],"region":"Dallas/Ft. Worth","acres":14160.0,"type":"wma","pdfUrl":"https://tpwd.texas.gov/huntwild/hunt/public/annual_public_hunting/resources/731.pdf","aerialPdfUrl":"https://tpwd.texas.gov/huntwild/hunt/public/annual_public_hunting/resources/Cooper_731.pdf","registration":"none","legalGameTags":["Deer - Archery","Feral Hog","Dove","Teal","Waterfowl","Other Migratory Birds","Squirrel","Rabbit","Fishing","Youth Squirrel"],"legalGameText":"","species":["dove","feral_hog","other_migratory","rabbit","squirrel","teal","waterfowl","white_tailed_deer"],"methods":["any_legal","archery","shotgun"],"access":["aph_walk_in","youth"],"complexes":[],"hasEpostcard":false,"hasRegularPermit":false,"epostcardUrl":"","countySlugs":["delta","hopkins"],"bookletPage":"54","bookletPdfPage":83,"bookletUrl":"https://tpwd.texas.gov/publications/pwdpubs/media/pwd_bk_w7000_0112a.pdf#page=83","lon":-95.74459,"lat":33.30317},"geometry":{"type":"MultiPolygon","coordinates":[[[[-95.70359,33.3587],[-95.70331,33.35568],[-95.69691,33.3515],[-95.69473,33.34613],[-95.69135,33.34441],[-95.68969,33.34433],[-95.69302,33.34876],[-95.69253,33.35258],[-95.69122,33.3526],[-95.69086,33.35517],[-95.68617,33.35556],[-95.6862,33.35103],[-95.6906,33.34933],[-95.68714,33.34165],[-95.685,33.34023],[-95.68717,33.33982],[-95.69675,33.34268],[-95.69966,33.34949],[-95.70132,33.34968],[-95.70058,33.35086],[-95.70389,33.35372],[-95.70526,33.35295],[-95.70988,33.35592],[-95.71386,33.35489],[-95.70753,33.35327],[-95.70772,33.35063],[-95.70331,33.34049],[-95.69598,33.33436],[-95.69334,33.33391],[-95.69417,33.33221],[-95.68758,33.3306],[-95.68306,33.33218],[-95.67947,33.33033],[-95.69424,33.32767],[-95.69502,33.32459],[-95.69284,33.32178],[-95.71791,33.28388],[-95.71996,33.28512],[-95.72127,33.282],[-95.72459,33.28239],[-95.72606,33.27609],[-95.73038,33.27625],[-95.73695,33.27281],[-95.73487,33.26547],[-95.73661,33.26139],[-95.7463,33.26368],[-95.74599,33.26872],[-95.74927,33.27146],[-95.74795,33.27634],[-95.75363,33.27321],[-95.75839,33.27356],[-95.76075,33.27101],[-95.77525,33.26955],[-95.77319,33.25832],[-95.77684,33.25909],[-95.77756,33.25756],[-95.77383,33.2549],[-95.77938,33.24946],[-95.78834,33.24836],[-95.78992,33.24562],[-95.79459,33.2437],[-95.79633,33.24596],[-95.79466,33.24852],[-95.79949,33.24972],[-95.80119,33.2538],[-95.79571,33.25816],[-95.79908,33.25924],[-95.8007,33.26263],[-95.80244,33.26301],[-95.80164,33.2643],[-95.80531,33.26696],[-95.80476,33.27121],[-95.80078,33.27432],[-95.80255,33.27744],[-95.80107,33.27908],[-95.8205,33.27227],[-95.83207,33.27348],[-95.83065,33.2753],[-95.82822,33.27532],[-95.82807,33.28343],[-95.81859,33.28531],[-95.8173,33.28637],[-95.81965,33.28819],[-95.81788,33.28905],[-95.80998,33.29023],[-95.80663,33.29617],[-95.80347,33.29686],[-95.80345,33.29815],[-95.7959,33.29744],[-95.79588,33.30066],[-95.79023,33.29606],[-95.78179,33.30312],[-95.78166,33.30633],[-95.79306,33.30818],[-95.80299,33.31301],[-95.80896,33.32037],[-95.80704,33.32554],[-95.80169,33.32552],[-95.79989,33.32185],[-95.79496,33.32107],[-95.79454,33.3189],[-95.78951,33.31864],[-95.7881,33.31663],[-95.77989,33.3167],[-95.7799,33.31838],[-95.7783,33.31668],[-95.76899,33.31772],[-95.76549,33.31476],[-95.76263,33.31516],[-95.76111,33.31093],[-95.75819,33.31322],[-95.75508,33.31324],[-95.76025,33.31988],[-95.74688,33.31745],[-95.74807,33.31514],[-95.74555,33.31514],[-95.74554,33.31761],[-95.74062,33.31858],[-95.74317,33.31858],[-95.74434,33.32044],[-95.74316,33.32049],[-95.74365,33.32257],[-95.7403,33.32257],[-95.73908,33.33441],[-95.74116,33.33537],[-95.74042,33.33753],[-95.74412,33.33753],[-95.74411,33.34093],[-95.74652,33.34258],[-95.74902,33.34176],[-95.75806,33.34931],[-95.75807,33.35245],[-95.75499,33.35447],[-95.74342,33.35039],[-95.73865,33.34711],[-95.73519,33.34702],[-95.73078,33.34035],[-95.72883,33.33238],[-95.72519,33.33248],[-95.72289,33.32923],[-95.72008,33.32871],[-95.71736,33.3311],[-95.71357,33.33122],[-95.7135,33.33374],[-95.70414,33.33231],[-95.70148,33.33422],[-95.709,33.34278],[-95.709,33.344],[-95.70635,33.34397],[-95.70888,33.34691],[-95.70773,33.34823],[-95.7114,33.35042],[-95.71101,33.3515],[-95.7146,33.35098],[-95.716,33.35414],[-95.72168,33.3575],[-95.72366,33.36204],[-95.71969,33.36445],[-95.71611,33.3603],[-95.70359,33.3587]]],[[[-95.63232,33.34804],[-95.63366,33.34629],[-95.63254,33.34397],[-95.629,33.34166],[-95.62289,33.34089],[-95.61983,33.34218],[-95.61384,33.34978],[-95.61529,33.3522],[-95.61426,33.35466],[-95.60773,33.35433],[-95.60623,33.35211],[-95.60049,33.35299],[-95.5954,33.35636],[-95.59485,33.35534],[-95.59599,33.35357],[-95.60267,33.35209],[-95.60312,33.34904],[-95.60544,33.35093],[-95.61317,33.34802],[-95.6151,33.34511],[-95.61399,33.34392],[-95.61645,33.33723],[-95.61421,33.33037],[-95.6147,33.32575],[-95.61775,33.32582],[-95.63642,33.33917],[-95.65094,33.34505],[-95.66023,33.34647],[-95.6619,33.34975],[-95.65023,33.34831],[-95.6489,33.34912],[-95.64929,33.35703],[-95.63725,33.35537],[-95.63266,33.35049],[-95.62872,33.34994],[-95.62895,33.3486],[-95.63232,33.34804]]]]}},{"type":"Feature","id":"1097","properties":{"id":"1097","unitIds":["1097"],"name":"Copper Breaks State Park","counties":["Hardeman"],"region":"Panhandle","acres":null,"type":"state_park","pdfUrl":"","aerialPdfUrl":"https://tpwd.texas.gov/huntwild/hunt/public/annual_public_hunting/resources/CopperBreaks_1097.pdf","registration":"none","legalGameTags":["E-Postcard Waterfowl"],"legalGameText":"","species":["waterfowl"],"methods":["shotgun"],"access":["e_postcard"],"complexes":[],"hasEpostcard":true,"hasRegularPermit":false,"epostcardUrl":"https://tpwd.texas.gov/huntwild/hunt/public/public_hunt_drawing/hunt-area-details.phtml?OArea=CO","countySlugs":["hardeman"],"bookletPage":"xxii","bookletPdfPage":25,"bookletUrl":"https://tpwd.texas.gov/publications/pwdpubs/media/pwd_bk_w7000_0112a.pdf#page=25","lon":-99.75,"lat":34.11},"geometry":{"type":"Point","coordinates":[-99.75,34.11]}},{"type":"Feature","id":"2570","properties":{"id":"2570","unitIds":["2570"],"name":"Correll - Canadian River Complex 7","counties":["Ochiltree"],"region":"Panhandle","acres":384.0,"type":"dove_lease","pdfUrl":"https://tpwd.texas.gov/huntwild/hunt/public/annual_public_hunting/resources/CanadianRiverComplex7.pdf","aerialPdfUrl":"https://tpwd.texas.gov/huntwild/hunt/public/annual_public_hunting/resources/CanadianRiverComplex7_Correll_2570.pdf","registration":"none","legalGameTags":["Dove","Teal","Waterfowl","Cranes","Pheasant","Rabbit","Coyotes","Youth Waterfowl","Veteran Waterfowl"],"legalGameText":"","species":["coyote","dove","pheasant","rabbit","sandhill_crane","teal","waterfowl"],"methods":["any_legal","shotgun"],"access":["aph_walk_in","youth"],"complexes":[],"hasEpostcard":false,"hasRegularPermit":false,"epostcardUrl":"","countySlugs":["ochiltree"],"bookletPage":"28","bookletPdfPage":57,"bookletUrl":"https://tpwd.texas.gov/publications/pwdpubs/media/pwd_bk_w7000_0112a.pdf#page=57","lon":-100.99785,"lat":36.1505},"geometry":{"type":"Polygon","coordinates":[[[-101.00217,36.14196],[-100.99322,36.14202],[-100.99363,36.15904],[-101.00235,36.15915],[-101.00217,36.14196]]]}},{"type":"Feature","id":"2488","properties":{"id":"2488","unitIds":["2488"],"name":"CR 229","counties":["Falls"],"region":"Austin/Waco","acres":154.0,"type":"dove_lease","pdfUrl":"https://tpwd.texas.gov/huntwild/hunt/public/annual_public_hunting/resources/2488.pdf","aerialPdfUrl":"https://tpwd.texas.gov/huntwild/hunt/public/annual_public_hunting/resources/CR229_2488.pdf","registration":"none","legalGameTags":["Dove","Fishing","Veteran Waterfowl"],"legalGameText":"","species":["dove","waterfowl"],"methods":["any_legal","shotgun"],"access":["aph_walk_in"],"complexes":[],"hasEpostcard":false,"hasRegularPermit":false,"epostcardUrl":"","countySlugs":["falls"],"bookletPage":"89","bookletPdfPage":118,"bookletUrl":"https://tpwd.texas.gov/publications/pwdpubs/media/pwd_bk_w7000_0112a.pdf#page=118","lon":-96.76787,"lat":31.26449},"geometry":{"type":"Polygon","coordinates":[[[-96.77416,31.2655],[-96.77202,31.2605],[-96.76064,31.26414],[-96.76232,31.26807],[-96.76764,31.26532],[-96.76888,31.26821],[-96.77416,31.2655]]]}},{"type":"Feature","id":"2449","properties":{"id":"2449","unitIds":["2449"],"name":"Crossroad Farm","counties":["Fannin"],"region":"Dallas/Ft. Worth","acres":130.0,"type":"dove_lease","pdfUrl":"https://tpwd.texas.gov/huntwild/hunt/public/annual_public_hunting/resources/2449.pdf","aerialPdfUrl":"https://tpwd.texas.gov/huntwild/hunt/public/annual_public_hunting/resources/CrossroadsFarm_2449.pdf","registration":"none","legalGameTags":["Dove"],"legalGameText":"","species":["dove"],"methods":["shotgun"],"access":["aph_walk_in"],"complexes":[],"hasEpostcard":false,"hasRegularPermit":false,"epostcardUrl":"","countySlugs":["fannin"],"bookletPage":"59","bookletPdfPage":88,"bookletUrl":"https://tpwd.texas.gov/publications/pwdpubs/media/pwd_bk_w7000_0112a.pdf#page=88","lon":-96.02078,"lat":33.58347},"geometry":{"type":"Polygon","coordinates":[[[-96.01767,33.57971],[-96.01732,33.58718],[-96.02442,33.58678],[-96.02391,33.57989],[-96.01767,33.57971]]]}},{"type":"Feature","id":"2587","properties":{"id":"2587","unitIds":["2587"],"name":"Cuero Creek Complex - Immenhauser","counties":["DeWitt"],"region":"San Antonio/Corpus Christi","acres":293.0,"type":"dove_lease","pdfUrl":"https://tpwd.texas.gov/huntwild/hunt/public/annual_public_hunting/resources/CueroCreekComplex.pdf","aerialPdfUrl":"https://tpwd.texas.gov/huntwild/hunt/public/annual_public_hunting/resources/Immenhauser_2587.pdf","registration":"none","legalGameTags":["Dove"],"legalGameText":"","species":["dove"],"methods":["shotgun"],"access":["aph_walk_in"],"complexes":[],"hasEpostcard":false,"hasRegularPermit":false,"epostcardUrl":"","countySlugs":["dewitt"],"bookletPage":"141","bookletPdfPage":170,"bookletUrl":"https://tpwd.texas.gov/publications/pwdpubs/media/pwd_bk_w7000_0112a.pdf#page=170","lon":-97.26206,"lat":29.25348},"geometry":{"type":"Polygon","coordinates":[[[-97.25623,29.24881],[-97.25547,29.25869],[-97.25781,29.25886],[-97.25795,29.25725],[-97.26821,29.25791],[-97.26889,29.24946],[-97.25623,29.24881]]]}},{"type":"Feature","id":"2575","properties":{"id":"2575","unitIds":["2575"],"name":"De Campo - Canadian River Complex 6","counties":["Moore"],"region":"Panhandle","acres":626.0,"type":"dove_lease","pdfUrl":"https://tpwd.texas.gov/huntwild/hunt/public/annual_public_hunting/resources/CanadianRiverComplex6.pdf","aerialPdfUrl":"https://tpwd.texas.gov/huntwild/hunt/public/annual_public_hunting/resources/CanadianRiverComplex6_DeCampo_2575.pdf","registration":"none","legalGameTags":["Dove","Teal","Waterfowl","Cranes","Pheasant","Rabbit","Coyotes","Youth Waterfowl","Veteran Waterfowl"],"legalGameText":"","species":["coyote","dove","pheasant","rabbit","sandhill_crane","teal","waterfowl"],"methods":["any_legal","shotgun"],"access":["aph_walk_in","youth"],"complexes":[],"hasEpostcard":false,"hasRegularPermit":false,"epostcardUrl":"","countySlugs":["moore"],"bookletPage":"27","bookletPdfPage":56,"bookletUrl":"https://tpwd.texas.gov/publications/pwdpubs/media/pwd_bk_w7000_0112a.pdf#page=56","lon":-101.95407,"lat":35.916},"geometry":{"type":"Polygon","coordinates":[[[-101.96307,35.90946],[-101.94553,35.90885],[-101.94534,35.92323],[-101.96296,35.92244],[-101.96307,35.90946]]]}},{"type":"Feature","id":"2551","properties":{"id":"2551","unitIds":["2551"],"name":"Della Plains","counties":["Floyd"],"region":"Panhandle","acres":160.0,"type":"dove_lease","pdfUrl":"https://tpwd.texas.gov/huntwild/hunt/public/annual_public_hunting/resources/2551.pdf","aerialPdfUrl":"","registration":"none","legalGameTags":["Dove","Teal","Waterfowl","Cranes","Pheasant","Rabbit"],"legalGameText":"","species":["dove","pheasant","rabbit","sandhill_crane","teal","waterfowl"],"methods":["any_legal","shotgun"],"access":["aph_walk_in"],"complexes":[],"hasEpostcard":false,"hasRegularPermit":false,"epostcardUrl":"","countySlugs":["floyd"],"bookletPage":"9","bookletPdfPage":38,"bookletUrl":"https://tpwd.texas.gov/publications/pwdpubs/media/pwd_bk_w7000_0112a.pdf#page=38","lon":-101.30978,"lat":34.07065},"geometry":{"type":"Polygon","coordinates":[[[-101.3054,34.06708],[-101.30536,34.07424],[-101.31422,34.07421],[-101.31413,34.06702],[-101.3054,34.06708]]]}},{"type":"Feature","id":"736","properties":{"id":"736","unitIds":["736"],"name":"Dimmitt Playa Unit - Playa Lakes WMA","counties":["Castro"],"region":"Panhandle","acres":null,"type":"wma","pdfUrl":"","aerialPdfUrl":"","registration":"none","legalGameTags":["E-Postcard Waterfowl/Pheasant","E-Postcard Waterfowl"],"legalGameText":"","species":["pheasant","waterfowl"],"methods":["any_legal","shotgun"],"access":["e_postcard"],"complexes":[],"hasEpostcard":true,"hasRegularPermit":false,"epostcardUrl":"https://tpwd.texas.gov/huntwild/hunt/public/public_hunt_drawing/hunt-area-details.phtml?OArea=DP","countySlugs":["castro"],"bookletPage":"xxiv","bookletPdfPage":27,"bookletUrl":"https://tpwd.texas.gov/publications/pwdpubs/media/pwd_bk_w7000_0112a.pdf#page=27","lon":-102.32,"lat":34.55},"geometry":{"type":"Point","coordinates":[-102.32,34.55]}},{"type":"Feature","id":"2268","properties":{"id":"2268","unitIds":["2268"],"name":"East FM 1570 - Hunt County Complex 2","counties":["Hunt"],"region":"Dallas/Ft. Worth","acres":230.0,"type":"dove_lease","pdfUrl":"https://tpwd.texas.gov/huntwild/hunt/public/annual_public_hunting/resources/HuntCountyComplex2.pdf","aerialPdfUrl":"https://tpwd.texas.gov/huntwild/hunt/public/annual_public_hunting/resources/EastFM1570_2268.pdf","registration":"none","legalGameTags":["Dove"],"legalGameText":"","species":["dove"],"methods":["shotgun"],"access":["aph_walk_in"],"complexes":[],"hasEpostcard":false,"hasRegularPermit":false,"epostcardUrl":"","countySlugs":["hunt"],"bookletPage":"62","bookletPdfPage":91,"bookletUrl":"https://tpwd.texas.gov/publications/pwdpubs/media/pwd_bk_w7000_0112a.pdf#page=91","lon":-96.15066,"lat":33.09494},"geometry":{"type":"MultiPolygon","coordinates":[[[[-96.15812,33.08928],[-96.15922,33.09318],[-96.15422,33.09408],[-96.15242,33.09278],[-96.15192,33.08938],[-96.15812,33.08928]]],[[[-96.15562,33.09758],[-96.15472,33.09428],[-96.15894,33.09463],[-96.15932,33.09728],[-96.15562,33.09758]]],[[[-96.14692,33.09968],[-96.14132,33.09958],[-96.14142,33.09408],[-96.15352,33.09428],[-96.15382,33.09768],[-96.14702,33.09768],[-96.14692,33.09968]]]]}},{"type":"Feature","id":"719","properties":{"id":"719","unitIds":["719"],"name":"Ebony Unit - Las Palomas WMA - UPDATED","counties":["Cameron"],"region":"San Antonio/Corpus Christi","acres":303.0,"type":"wma","pdfUrl":"https://tpwd.texas.gov/huntwild/hunt/public/annual_public_hunting/resources/719.pdf","aerialPdfUrl":"https://tpwd.texas.gov/huntwild/hunt/public/annual_public_hunting/resources/LasPalomasEbony_719.pdf","registration":"none","legalGameTags":["Dove","Quail","Chachalaca","Rabbit"],"legalGameText":"","species":["chachalaca","dove","quail","rabbit"],"methods":["any_legal","shotgun"],"access":["aph_walk_in"],"complexes":[],"hasEpostcard":false,"hasRegularPermit":false,"epostcardUrl":"","countySlugs":["cameron"],"bookletPage":"137","bookletPdfPage":166,"bookletUrl":"https://tpwd.texas.gov/publications/pwdpubs/media/pwd_bk_w7000_0112a.pdf#page=166","lon":-97.74317,"lat":26.0825},"geometry":{"type":"MultiPolygon","coordinates":[[[[-97.75173,26.08007],[-97.75179,26.08175],[-97.74455,26.07836],[-97.74604,26.07612],[-97.75173,26.08007]]],[[[-97.73982,26.0863],[-97.73608,26.0792],[-97.73798,26.07738],[-97.74131,26.07893],[-97.74217,26.07743],[-97.74912,26.08058],[-97.74396,26.08986],[-97.73688,26.08773],[-97.73982,26.0863]]]]}},{"type":"Feature","id":"725","properties":{"id":"725","unitIds":["725"],"name":"Elephant Mountain WMA","counties":["Brewster"],"region":"Trans-Pecos","acres":23147.0,"type":"wma","pdfUrl":"https://tpwd.texas.gov/huntwild/hunt/public/annual_public_hunting/resources/725.pdf","aerialPdfUrl":"https://tpwd.texas.gov/huntwild/hunt/public/annual_public_hunting/resources/ElephantMountain_725.pdf","registration":"none","legalGameTags":["Dove","Quail","Rabbit","Youth/Adult Quail"],"legalGameText":"","species":["dove","quail","rabbit"],"methods":["any_legal","shotgun"],"access":["aph_walk_in","youth_adult"],"complexes":[],"hasEpostcard":false,"hasRegularPermit":false,"epostcardUrl":"","countySlugs":["brewster"],"bookletPage":"32","bookletPdfPage":61,"bookletUrl":"https://tpwd.texas.gov/publications/pwdpubs/media/pwd_bk_w7000_0112a.pdf#page=61","lon":-103.50751,"lat":30.01925},"geometry":{"type":"Polygon","coordinates":[[[-103.43542,29.99754],[-103.4425,30.01456],[-103.4496,30.04412],[-103.45677,30.04959],[-103.4636,30.04965],[-103.46399,30.05795],[-103.49883,30.05837],[-103.55709,30.04797],[-103.56786,30.04793],[-103.57228,30.05188],[-103.57803,30.05075],[-103.57158,30.04202],[-103.57397,30.03047],[-103.57208,30.02501],[-103.57242,30.01885],[-103.57617,30.01019],[-103.5762,30.00667],[-103.57181,29.99744],[-103.56138,29.99711],[-103.56018,29.99428],[-103.55246,29.98779],[-103.55091,29.98319],[-103.46186,29.98271],[-103.44891,29.99731],[-103.43542,29.99754]]]}},{"type":"Feature","id":"2532","properties":{"id":"2532","unitIds":["2532"],"name":"Finnell","counties":["Archer"],"region":"Panhandle","acres":426.0,"type":"dove_lease","pdfUrl":"https://tpwd.texas.gov/huntwild/hunt/public/annual_public_hunting/resources/2532.pdf","aerialPdfUrl":"https://tpwd.texas.gov/huntwild/hunt/public/annual_public_hunting/resources/Finnell_2532.pdf","registration":"none","legalGameTags":["Dove"],"legalGameText":"","species":["dove"],"methods":["shotgun"],"access":["aph_walk_in"],"complexes":[],"hasEpostcard":false,"hasRegularPermit":false,"epostcardUrl":"","countySlugs":["archer"],"bookletPage":"4","bookletPdfPage":33,"bookletUrl":"https://tpwd.texas.gov/publications/pwdpubs/media/pwd_bk_w7000_0112a.pdf#page=33","lon":-98.68984,"lat":33.83006},"geometry":{"type":"MultiPolygon","coordinates":[[[[-98.69414,33.82346],[-98.69416,33.82465],[-98.68032,33.83054],[-98.68104,33.82338],[-98.69414,33.82346]]],[[[-98.68739,33.83048],[-98.68372,33.83039],[-98.69424,33.82581],[-98.69406,33.82691],[-98.69799,33.82701],[-98.6963,33.83387],[-98.69717,33.83645],[-98.68869,33.83834],[-98.68727,33.84006],[-98.68739,33.83048]]]]}},{"type":"Feature","id":"2383","properties":{"id":"2383","unitIds":["2383","2362"],"name":"Floyd County Complex 1","counties":["Floyd"],"region":"Panhandle","acres":80.0,"type":"dove_lease","pdfUrl":"https://tpwd.texas.gov/huntwild/hunt/public/annual_public_hunting/resources/FloydCountyComplex1.pdf","aerialPdfUrl":"https://tpwd.texas.gov/huntwild/hunt/public/annual_public_hunting/resources/Bluestem_2383.pdf","registration":"none","legalGameTags":["Dove","Teal","Waterfowl","Cranes","Quail","Pheasant","Rabbit","Coyotes","Youth Waterfowl","Veteran Waterfowl"],"legalGameText":"","species":["coyote","dove","pheasant","quail","rabbit","sandhill_crane","teal","waterfowl"],"methods":["any_legal","shotgun"],"access":["aph_walk_in","youth"],"complexes":["Bluestem","Circle Tree"],"hasEpostcard":false,"hasRegularPermit":false,"epostcardUrl":"","countySlugs":["floyd"],"bookletPage":"7","bookletPdfPage":36,"bookletUrl":"https://tpwd.texas.gov/publications/pwdpubs/media/pwd_bk_w7000_0112a.pdf#page=36","lon":-101.42706,"lat":34.23625},"geometry":{"type":"MultiPolygon","coordinates":[[[[-101.43322,34.21808],[-101.44192,34.21788],[-101.44202,34.22168],[-101.43332,34.22178],[-101.43322,34.21808]]],[[[-101.41612,34.24418],[-101.41602,34.23558],[-101.43332,34.23548],[-101.43352,34.24408],[-101.41612,34.24418]]]]}},{"type":"Feature","id":"2466","properties":{"id":"2466","unitIds":["2466"],"name":"FM 1530","counties":["Delta"],"region":"Dallas/Ft. Worth","acres":103.0,"type":"dove_lease","pdfUrl":"https://tpwd.texas.gov/huntwild/hunt/public/annual_public_hunting/resources/2466.pdf","aerialPdfUrl":"https://tpwd.texas.gov/huntwild/hunt/public/annual_public_hunting/resources/FM1530_2466.pdf","registration":"none","legalGameTags":["Dove"],"legalGameText":"","species":["dove"],"methods":["shotgun"],"access":["aph_walk_in"],"complexes":[],"hasEpostcard":false,"hasRegularPermit":false,"epostcardUrl":"","countySlugs":["delta"],"bookletPage":"53","bookletPdfPage":82,"bookletUrl":"https://tpwd.texas.gov/publications/pwdpubs/media/pwd_bk_w7000_0112a.pdf#page=82","lon":-95.72333,"lat":33.38966},"geometry":{"type":"Polygon","coordinates":[[[-95.72976,33.38755],[-95.71895,33.38749],[-95.71842,33.39363],[-95.72062,33.39362],[-95.72233,33.39057],[-95.72964,33.3905],[-95.72976,33.38755]]]}},{"type":"Feature","id":"2490","properties":{"id":"2490","unitIds":["2490"],"name":"FM 1771","counties":["Falls"],"region":"Austin/Waco","acres":307.0,"type":"dove_lease","pdfUrl":"https://tpwd.texas.gov/huntwild/hunt/public/annual_public_hunting/resources/2490.pdf","aerialPdfUrl":"https://tpwd.texas.gov/huntwild/hunt/public/annual_public_hunting/resources/FM1771_2490.pdf","registration":"none","legalGameTags":["Feral Hog","Dove","Teal","Squirrel","Rabbit","Coyotes","Fishing","Veteran Waterfowl"],"legalGameText":"","species":["coyote","dove","feral_hog","rabbit","squirrel","teal","waterfowl"],"methods":["any_legal","shotgun"],"access":["aph_walk_in"],"complexes":[],"hasEpostcard":false,"hasRegularPermit":false,"epostcardUrl":"","countySlugs":["falls"],"bookletPage":"90","bookletPdfPage":119,"bookletUrl":"https://tpwd.texas.gov/publications/pwdpubs/media/pwd_bk_w7000_0112a.pdf#page=119","lon":-96.74787,"lat":31.26718},"geometry":{"type":"Polygon","coordinates":[[[-96.75052,31.25998],[-96.74335,31.26356],[-96.74503,31.26584],[-96.74035,31.26811],[-96.74422,31.27462],[-96.75568,31.26728],[-96.75052,31.25998]]]}},{"type":"Feature","id":"2489","properties":{"id":"2489","unitIds":["2489"],"name":"FM 413","counties":["Falls"],"region":"Austin/Waco","acres":310.0,"type":"dove_lease","pdfUrl":"https://tpwd.texas.gov/huntwild/hunt/public/annual_public_hunting/resources/2489.pdf","aerialPdfUrl":"https://tpwd.texas.gov/huntwild/hunt/public/annual_public_hunting/resources/FM413_2489.pdf","registration":"none","legalGameTags":["Feral Hog","Dove","Teal","Waterfowl","Squirrel","Rabbit","Coyotes","Fishing","Veteran Waterfowl"],"legalGameText":"","species":["coyote","dove","feral_hog","rabbit","squirrel","teal","waterfowl"],"methods":["any_legal","shotgun"],"access":["aph_walk_in"],"complexes":[],"hasEpostcard":false,"hasRegularPermit":false,"epostcardUrl":"","countySlugs":["falls"],"bookletPage":"90","bookletPdfPage":119,"bookletUrl":"https://tpwd.texas.gov/publications/pwdpubs/media/pwd_bk_w7000_0112a.pdf#page=119","lon":-96.7468,"lat":31.24706},"geometry":{"type":"Polygon","coordinates":[[[-96.74126,31.24649],[-96.74719,31.25493],[-96.75396,31.25165],[-96.74555,31.23813],[-96.74215,31.24066],[-96.74126,31.24649]]]}},{"type":"Feature","id":"2569","properties":{"id":"2569","unitIds":["2569"],"name":"FM 759 HQ - Canadian River Complex 7","counties":["Ochiltree"],"region":"Panhandle","acres":325.0,"type":"dove_lease","pdfUrl":"https://tpwd.texas.gov/huntwild/hunt/public/annual_public_hunting/resources/CanadianRiverComplex7.pdf","aerialPdfUrl":"https://tpwd.texas.gov/huntwild/hunt/public/annual_public_hunting/resources/CanadianRiverComplex7_FM759HQ_2569.pdf","registration":"none","legalGameTags":["Dove","Teal","Waterfowl","Cranes","Pheasant","Rabbit","Coyotes","Youth Waterfowl","Veteran Waterfowl"],"legalGameText":"","species":["coyote","dove","pheasant","rabbit","sandhill_crane","teal","waterfowl"],"methods":["any_legal","shotgun"],"access":["aph_walk_in","youth"],"complexes":[],"hasEpostcard":false,"hasRegularPermit":false,"epostcardUrl":"","countySlugs":["ochiltree"],"bookletPage":"28","bookletPdfPage":57,"bookletUrl":"https://tpwd.texas.gov/publications/pwdpubs/media/pwd_bk_w7000_0112a.pdf#page=57","lon":-100.9953,"lat":36.19573},"geometry":{"type":"Polygon","coordinates":[[[-100.9999,36.19101],[-100.99744,36.18838],[-100.99104,36.1882],[-100.99089,36.20283],[-100.99977,36.20282],[-100.9999,36.19101]]]}},{"type":"Feature","id":"2527","properties":{"id":"2527","unitIds":["2527"],"name":"FM 902 Farm","counties":["Grayson"],"region":"Dallas/Ft. Worth","acres":480.0,"type":"dove_lease","pdfUrl":"https://tpwd.texas.gov/huntwild/hunt/public/annual_public_hunting/resources/2527.pdf","aerialPdfUrl":"https://tpwd.texas.gov/huntwild/hunt/public/annual_public_hunting/resources/FM902Farm_2527.pdf","registration":"none","legalGameTags":["Dove"],"legalGameText":"","species":["dove"],"methods":["shotgun"],"access":["aph_walk_in"],"complexes":[],"hasEpostcard":false,"hasRegularPermit":false,"epostcardUrl":"","countySlugs":["grayson"],"bookletPage":"59","bookletPdfPage":88,"bookletUrl":"https://tpwd.texas.gov/publications/pwdpubs/media/pwd_bk_w7000_0112a.pdf#page=88","lon":-96.74461,"lat":33.51315},"geometry":{"type":"Polygon","coordinates":[[[-96.75341,33.51917],[-96.75394,33.50766],[-96.73907,33.51006],[-96.73856,33.50746],[-96.7341,33.50717],[-96.734,33.51572],[-96.74144,33.51622],[-96.74348,33.51883],[-96.75341,33.51917]]]}},{"type":"Feature","id":"2553","properties":{"id":"2553","unitIds":["2553"],"name":"Francis-Dunlap","counties":["Floyd"],"region":"Panhandle","acres":160.0,"type":"dove_lease","pdfUrl":"https://tpwd.texas.gov/huntwild/hunt/public/annual_public_hunting/resources/2553.pdf","aerialPdfUrl":"https://tpwd.texas.gov/huntwild/hunt/public/annual_public_hunting/resources/Francis-Dunlap_2553.pdf","registration":"none","legalGameTags":["Dove","Teal","Waterfowl","Cranes","Quail","Pheasant","Rabbit","Youth Waterfowl","Veteran Waterfowl"],"legalGameText":"","species":["dove","pheasant","quail","rabbit","sandhill_crane","teal","waterfowl"],"methods":["any_legal","shotgun"],"access":["aph_walk_in","youth"],"complexes":[],"hasEpostcard":false,"hasRegularPermit":false,"epostcardUrl":"","countySlugs":["floyd"],"bookletPage":"10","bookletPdfPage":39,"bookletUrl":"https://tpwd.texas.gov/publications/pwdpubs/media/pwd_bk_w7000_0112a.pdf#page=39","lon":-101.28774,"lat":34.14657},"geometry":{"type":"Polygon","coordinates":[[[-101.28333,34.14303],[-101.2834,34.15016],[-101.29214,34.15013],[-101.29207,34.14294],[-101.28333,34.14303]]]}},{"type":"Feature","id":"755","properties":{"id":"755","unitIds":["755"],"name":"Gene Howe WMA","counties":["Hemphill"],"region":"Panhandle","acres":5394.0,"type":"wma","pdfUrl":"https://tpwd.texas.gov/huntwild/hunt/public/annual_public_hunting/resources/755.pdf","aerialPdfUrl":"https://tpwd.texas.gov/huntwild/hunt/public/annual_public_hunting/resources/GeneHowe_755.pdf","registration":"none","legalGameTags":["Feral Hog","Dove","Teal","Waterfowl","Quail","Rabbit","Fishing"],"legalGameText":"","species":["dove","feral_hog","quail","rabbit","teal","waterfowl"],"methods":["any_legal","shotgun"],"access":["aph_walk_in"],"complexes":[],"hasEpostcard":false,"hasRegularPermit":false,"epostcardUrl":"","countySlugs":["hemphill"],"bookletPage":"14","bookletPdfPage":43,"bookletUrl":"https://tpwd.texas.gov/publications/pwdpubs/media/pwd_bk_w7000_0112a.pdf#page=43","lon":-100.2819,"lat":35.92046},"geometry":{"type":"Polygon","coordinates":[[[-100.34443,35.92445],[-100.32669,35.90995],[-100.31642,35.90978],[-100.30884,35.90599],[-100.29086,35.90606],[-100.29083,35.90244],[-100.28264,35.9024],[-100.27286,35.89911],[-100.27281,35.89515],[-100.2636,35.89519],[-100.25495,35.89099],[-100.25501,35.90264],[-100.27289,35.90253],[-100.273,35.9217],[-100.2413,35.92232],[-100.24141,35.92448],[-100.22369,35.92479],[-100.22392,35.93639],[-100.29126,35.93627],[-100.2914,35.92453],[-100.31275,35.92428],[-100.31514,35.9223],[-100.31365,35.92167],[-100.31353,35.9101],[-100.31787,35.9107],[-100.3177,35.93605],[-100.32577,35.93598],[-100.32675,35.92437],[-100.34443,35.92445]]]}},{"type":"Feature","id":"2511","properties":{"id":"2511","unitIds":["2511"],"name":"Germany","counties":["Houston"],"region":"Pineywoods","acres":64.0,"type":"dove_lease","pdfUrl":"https://tpwd.texas.gov/huntwild/hunt/public/annual_public_hunting/resources/2511.pdf","aerialPdfUrl":"https://tpwd.texas.gov/huntwild/hunt/public/annual_public_hunting/resources/Germany_2511.pdf","registration":"none","legalGameTags":["Feral Hog","Squirrel","Rabbit"],"legalGameText":"","species":["feral_hog","rabbit","squirrel"],"methods":["any_legal"],"access":["aph_walk_in"],"complexes":[],"hasEpostcard":false,"hasRegularPermit":false,"epostcardUrl":"","countySlugs":["houston"],"bookletPage":"76","bookletPdfPage":105,"bookletUrl":"https://tpwd.texas.gov/publications/pwdpubs/media/pwd_bk_w7000_0112a.pdf#page=105","lon":-95.33559,"lat":31.44256},"geometry":{"type":"Polygon","coordinates":[[[-95.33928,31.44624],[-95.33591,31.44266],[-95.3379,31.4413],[-95.33636,31.43943],[-95.3315,31.44105],[-95.33848,31.44704],[-95.33928,31.44624]]]}},{"type":"Feature","id":"2568","properties":{"id":"2568","unitIds":["2568"],"name":"Goat Barn - Canadian River Complex 3","counties":["Ochiltree"],"region":"Panhandle","acres":321.0,"type":"dove_lease","pdfUrl":"https://tpwd.texas.gov/huntwild/hunt/public/annual_public_hunting/resources/CanadianRiverComplex3.pdf","aerialPdfUrl":"https://tpwd.texas.gov/huntwild/hunt/public/annual_public_hunting/resources/CanadianRiverComplex3_GoatBarn_2568.pdf","registration":"none","legalGameTags":["Dove","Teal","Waterfowl","Cranes","Pheasant","Rabbit","Coyotes","Youth Waterfowl","Veteran Waterfowl"],"legalGameText":"","species":["coyote","dove","pheasant","rabbit","sandhill_crane","teal","waterfowl"],"methods":["any_legal","shotgun"],"access":["aph_walk_in","youth"],"complexes":[],"hasEpostcard":false,"hasRegularPermit":false,"epostcardUrl":"","countySlugs":["ochiltree"],"bookletPage":"24","bookletPdfPage":53,"bookletUrl":"https://tpwd.texas.gov/publications/pwdpubs/media/pwd_bk_w7000_0112a.pdf#page=53","lon":-101.07091,"lat":36.25021},"geometry":{"type":"Polygon","coordinates":[[[-101.07531,36.24294],[-101.06629,36.24302],[-101.06653,36.25752],[-101.07551,36.25737],[-101.07531,36.24294]]]}},{"type":"Feature","id":"709","properties":{"id":"709","unitIds":["709"],"name":"Granger PHL","counties":["Williamson"],"region":"Austin/Waco","acres":10888.0,"type":"phl","pdfUrl":"https://tpwd.texas.gov/huntwild/hunt/public/annual_public_hunting/resources/709.pdf","aerialPdfUrl":"https://tpwd.texas.gov/huntwild/hunt/public/annual_public_hunting/resources/Granger_709.pdf","registration":"none","legalGameTags":["E-Postcard Archery Deer","Feral Hog","Dove","Teal","Waterfowl","Other Migratory Birds","Quail","Squirrel","Rabbit","Coyotes","Furbearers","Youth Waterfowl","Veteran Waterfowl"],"legalGameText":"","species":["coyote","dove","feral_hog","furbearers","other_migratory","quail","rabbit","squirrel","teal","waterfowl","white_tailed_deer"],"methods":["any_legal","archery","shotgun"],"access":["aph_walk_in","e_postcard","youth"],"complexes":[],"hasEpostcard":true,"hasRegularPermit":false,"epostcardUrl":"https://tpwd.texas.gov/huntwild/hunt/public/public_hunt_drawing/hunt-area-details.phtml?OArea=GR","countySlugs":["williamson"],"bookletPage":"104","bookletPdfPage":133,"bookletUrl":"https://tpwd.texas.gov/publications/pwdpubs/media/pwd_bk_w7000_0112a.pdf#page=133","lon":-97.36959,"lat":30.69543},"geometry":{"type":"Polygon","coordinates":[[[-97.39553,30.68685],[-97.40205,30.68492],[-97.40383,30.68293],[-97.40283,30.68041],[-97.40012,30.68016],[-97.40143,30.67119],[-97.40552,30.66657],[-97.41245,30.66534],[-97.4108,30.66114],[-97.41503,30.65687],[-97.4137,30.65371],[-97.42221,30.64936],[-97.42525,30.64909],[-97.42622,30.65116],[-97.42982,30.65167],[-97.43408,30.64891],[-97.43251,30.64577],[-97.43913,30.64464],[-97.43853,30.64355],[-97.43205,30.64451],[-97.42801,30.64782],[-97.42746,30.64644],[-97.42419,30.64676],[-97.42287,30.6436],[-97.42494,30.64322],[-97.4241,30.6403],[-97.41487,30.64801],[-97.40861,30.6484],[-97.39375,30.65611],[-97.39411,30.65842],[-97.3927,30.65791],[-97.39132,30.66084],[-97.38932,30.66116],[-97.38863,30.6597],[-97.38463,30.66128],[-97.37631,30.66039],[-97.37486,30.66294],[-97.36597,30.66655],[-97.36501,30.66386],[-97.36504,30.66697],[-97.35889,30.67129],[-97.35816,30.67983],[-97.34877,30.6822],[-97.34858,30.67955],[-97.3431,30.6802],[-97.34227,30.67611],[-97.33345,30.67825],[-97.33389,30.68014],[-97.33057,30.68194],[-97.32861,30.68593],[-97.31175,30.6904],[-97.31096,30.70309],[-97.31738,30.70269],[-97.32071,30.70467],[-97.31969,30.71605],[-97.32091,30.71612],[-97.31972,30.7186],[-97.33488,30.72326],[-97.33502,30.72583],[-97.34004,30.72857],[-97.33947,30.73012],[-97.34065,30.72857],[-97.3412,30.72519],[-97.3437,30.72727],[-97.34412,30.72601],[-97.35121,30.72812],[-97.35191,30.72979],[-97.35338,30.72868],[-97.36169,30.73124],[-97.36257,30.7288],[-97.36426,30.72939],[-97.36932,30.726],[-97.37085,30.72082],[-97.37238,30.72042],[-97.37334,30.73487],[-97.37943,30.73655],[-97.38106,30.73287],[-97.38338,30.73226],[-97.38332,30.72116],[-97.38965,30.72292],[-97.38916,30.72051],[-97.3905,30.71949],[-97.39461,30.72059],[-97.39771,30.7253],[-97.4038,30.7266],[-97.39812,30.71323],[-97.40321,30.71467],[-97.41631,30.71055],[-97.41466,30.70712],[-97.41711,30.70648],[-97.41878,30.70856],[-97.42007,30.70733],[-97.419,30.70421],[-97.42445,30.70223],[-97.42242,30.69748],[-97.41411,30.69723],[-97.41145,30.69919],[-97.40795,30.69728],[-97.40638,30.69356],[-97.39948,30.69567],[-97.39553,30.68685]]]}},{"type":"Feature","id":"723","properties":{"id":"723","unitIds":["723"],"name":"Guadalupe River Unit - Guadalupe Delta WMA","counties":["Refugio"],"region":"San Antonio/Corpus Christi","acres":2146.0,"type":"wma","pdfUrl":"https://tpwd.texas.gov/huntwild/hunt/public/annual_public_hunting/resources/723_724.pdf","aerialPdfUrl":"https://tpwd.texas.gov/huntwild/hunt/public/annual_public_hunting/resources/GuadalupeDeltaHynesBayAndRiver_723_724.pdf","registration":"none","legalGameTags":["Dove","Teal","Waterfowl","Other Migratory Birds","Fishing","Youth Waterfowl","Veteran Waterfowl"],"legalGameText":"","species":["dove","other_migratory","teal","waterfowl"],"methods":["any_legal","shotgun"],"access":["aph_walk_in","youth"],"complexes":[],"hasEpostcard":false,"hasRegularPermit":false,"epostcardUrl":"","countySlugs":["refugio"],"bookletPage":"131","bookletPdfPage":160,"bookletUrl":"https://tpwd.texas.gov/publications/pwdpubs/media/pwd_bk_w7000_0112a.pdf#page=160","lon":-96.846,"lat":28.44212},"geometry":{"type":"Polygon","coordinates":[[[-96.82757,28.44674],[-96.83943,28.45762],[-96.84063,28.46548],[-96.84356,28.47042],[-96.85112,28.44281],[-96.86367,28.44549],[-96.86732,28.43156],[-96.85867,28.42971],[-96.85886,28.42662],[-96.8514,28.42483],[-96.84784,28.42903],[-96.83891,28.43311],[-96.83228,28.43],[-96.82757,28.44674]]]}},{"type":"Feature","id":"2493","properties":{"id":"2493","unitIds":["2493"],"name":"Gum Slough","counties":["Liberty"],"region":"Houston/Beaumont","acres":254.0,"type":"dove_lease","pdfUrl":"https://tpwd.texas.gov/huntwild/hunt/public/annual_public_hunting/resources/2493.pdf","aerialPdfUrl":"https://tpwd.texas.gov/huntwild/hunt/public/annual_public_hunting/resources/GumSlough_2493.pdf","registration":"none","legalGameTags":["Feral Hog","Squirrel","Rabbit"],"legalGameText":"","species":["feral_hog","rabbit","squirrel"],"methods":["any_legal"],"access":["aph_walk_in"],"complexes":[],"hasEpostcard":false,"hasRegularPermit":false,"epostcardUrl":"","countySlugs":["liberty"],"bookletPage":"116","bookletPdfPage":145,"bookletUrl":"https://tpwd.texas.gov/publications/pwdpubs/media/pwd_bk_w7000_0112a.pdf#page=145","lon":-94.79276,"lat":30.03261},"geometry":{"type":"Polygon","coordinates":[[[-94.80064,30.03459],[-94.8007,30.02942],[-94.78675,30.02938],[-94.78667,30.03453],[-94.78475,30.03455],[-94.7847,30.03662],[-94.79203,30.03667],[-94.79206,30.03452],[-94.80064,30.03459]]]}},{"type":"Feature","id":"754","properties":{"id":"754","unitIds":["754"],"name":"Gus Engeling WMA","counties":["Anderson"],"region":"Pineywoods","acres":9957.0,"type":"wma","pdfUrl":"https://tpwd.texas.gov/huntwild/hunt/public/annual_public_hunting/resources/754.pdf","aerialPdfUrl":"https://tpwd.texas.gov/huntwild/hunt/public/annual_public_hunting/resources/GusEngeling_754.pdf","registration":"none","legalGameTags":["Waterfowl","Other Migratory Birds","Squirrel","Rabbit","Fishing","Youth/Adult Squirrel","Youth Squirrel","E-Postcard Furbearers/Predators","E-Postcard Multi-Species","E-Postcard Squirrel","E-Postcard Waterfowl"],"legalGameText":"","species":["dove","feral_hog","furbearers","other_migratory","quail","rabbit","squirrel","waterfowl"],"methods":["any_legal","shotgun"],"access":["aph_walk_in","e_postcard","youth","youth_adult"],"complexes":[],"hasEpostcard":true,"hasRegularPermit":false,"epostcardUrl":"https://tpwd.texas.gov/huntwild/hunt/public/public_hunt_drawing/hunt-area-details.phtml?OArea=EN","countySlugs":["anderson"],"bookletPage":"70","bookletPdfPage":99,"bookletUrl":"https://tpwd.texas.gov/publications/pwdpubs/media/pwd_bk_w7000_0112a.pdf#page=99","lon":-95.89035,"lat":31.94354},"geometry":{"type":"MultiPolygon","coordinates":[[[[-95.91183,31.91172],[-95.90883,31.90998],[-95.91012,31.90831],[-95.90841,31.90772],[-95.9074,31.90927],[-95.90594,31.90732],[-95.90289,31.90691],[-95.8922,31.89863],[-95.89386,31.89617],[-95.89292,31.89111],[-95.90493,31.89101],[-95.90481,31.89624],[-95.90816,31.89613],[-95.90803,31.89828],[-95.91321,31.89839],[-95.91469,31.89587],[-95.91739,31.89588],[-95.91911,31.9006],[-95.91839,31.91361],[-95.91309,31.91007],[-95.91183,31.91172]]],[[[-95.86206,31.98682],[-95.86335,31.98556],[-95.86346,31.97083],[-95.85679,31.97081],[-95.85546,31.95929],[-95.8651,31.9594],[-95.86572,31.94946],[-95.87422,31.94953],[-95.87255,31.94372],[-95.87407,31.94029],[-95.87043,31.93735],[-95.87123,31.91597],[-95.86969,31.91455],[-95.87211,31.91245],[-95.87138,31.90982],[-95.86834,31.90755],[-95.87008,31.90386],[-95.87274,31.90278],[-95.87228,31.90008],[-95.87448,31.89935],[-95.87401,31.89512],[-95.88508,31.8946],[-95.88485,31.90895],[-95.88773,31.90892],[-95.88773,31.90383],[-95.89051,31.89813],[-95.90249,31.90697],[-95.90883,31.9103],[-95.90774,31.91192],[-95.90958,31.91288],[-95.9107,31.9113],[-95.91921,31.91795],[-95.91294,31.91703],[-95.91116,31.92232],[-95.90983,31.9223],[-95.90971,31.92659],[-95.92192,31.92697],[-95.91658,31.92705],[-95.91517,31.93162],[-95.90661,31.93185],[-95.90659,31.93488],[-95.92184,31.93511],[-95.91267,31.93542],[-95.91259,31.94434],[-95.91404,31.94457],[-95.91299,31.95696],[-95.91923,31.95703],[-95.91918,31.96152],[-95.91292,31.96162],[-95.91304,31.9711],[-95.92277,31.97115],[-95.92272,31.97482],[-95.8841,31.9897],[-95.8676,31.99122],[-95.86206,31.98682]]]]}},{"type":"Feature","id":"513","properties":{"id":"513","unitIds":["513"],"name":"Hagerman NWR - Nocona Unit","counties":["Montague"],"region":"Dallas/Ft. Worth","acres":822.0,"type":"other","pdfUrl":"https://tpwd.texas.gov/huntwild/hunt/public/annual_public_hunting/resources/513.pdf","aerialPdfUrl":"https://tpwd.texas.gov/huntwild/hunt/public/annual_public_hunting/resources/HagermanNocona_513.pdf","registration":"none","legalGameTags":["Deer - Archery","Deer - General","Feral Hog","Turkey","Dove","Squirrel","Rabbit"],"legalGameText":"","species":["dove","feral_hog","rabbit","squirrel","turkey","white_tailed_deer"],"methods":["any_legal","archery","firearm","shotgun"],"access":["aph_walk_in"],"complexes":[],"hasEpostcard":false,"hasRegularPermit":false,"epostcardUrl":"","countySlugs":["montague"],"bookletPage":"65","bookletPdfPage":94,"bookletUrl":"https://tpwd.texas.gov/publications/pwdpubs/media/pwd_bk_w7000_0112a.pdf#page=94","lon":-97.85966,"lat":33.74901},"geometry":{"type":"Polygon","coordinates":[[[-97.85959,33.73654],[-97.85194,33.73645],[-97.85152,33.75821],[-97.87178,33.75847],[-97.87193,33.75123],[-97.86462,33.75113],[-97.86484,33.74036],[-97.86301,33.74035],[-97.85959,33.73654]]]}},{"type":"Feature","id":"2533","properties":{"id":"2533","unitIds":["2533","2534"],"name":"Haskell County Complex","counties":["Haskell"],"region":"Panhandle","acres":null,"type":"dove_lease","pdfUrl":"https://tpwd.texas.gov/huntwild/hunt/public/annual_public_hunting/resources/HaskellCountyComplex.pdf","aerialPdfUrl":"","registration":"none","legalGameTags":["Dove","Quail"],"legalGameText":"","species":["dove","quail"],"methods":["any_legal","shotgun"],"access":["aph_walk_in"],"complexes":["Brushy Creek East","Brushy Creek West"],"hasEpostcard":false,"hasRegularPermit":false,"epostcardUrl":"","countySlugs":["haskell"],"bookletPage":null,"bookletPdfPage":null,"bookletUrl":"https://tpwd.texas.gov/publications/pwdpubs/media/pwd_bk_w7000_0112a.pdf","lon":-99.73,"lat":33.16},"geometry":{"type":"Point","coordinates":[-99.73,33.16]}},{"type":"Feature","id":"2526","properties":{"id":"2526","unitIds":["2526","2525"],"name":"Hemphill County Complex","counties":["Hemphill"],"region":"Panhandle","acres":821.0,"type":"dove_lease","pdfUrl":"https://tpwd.texas.gov/huntwild/hunt/public/annual_public_hunting/resources/HemphillCountyComplex.pdf","aerialPdfUrl":"https://tpwd.texas.gov/huntwild/hunt/public/annual_public_hunting/resources/BigTimber_2526.pdf","registration":"none","legalGameTags":["Dove","Quail","Rabbit"],"legalGameText":"","species":["dove","quail","rabbit"],"methods":["any_legal","shotgun"],"access":["aph_walk_in"],"complexes":["Big Timber","Horse Creek"],"hasEpostcard":false,"hasRegularPermit":false,"epostcardUrl":"","countySlugs":["hemphill"],"bookletPage":"13","bookletPdfPage":42,"bookletUrl":"https://tpwd.texas.gov/publications/pwdpubs/media/pwd_bk_w7000_0112a.pdf#page=42","lon":-100.43812,"lat":35.96312},"geometry":{"type":"MultiPolygon","coordinates":[[[[-100.43346,35.96066],[-100.44123,35.96067],[-100.44515,35.96813],[-100.41544,35.96793],[-100.41542,35.95339],[-100.43316,35.95343],[-100.43346,35.96066]]],[[[-100.45692,35.97264],[-100.45083,35.96088],[-100.469,35.96097],[-100.46818,35.96819],[-100.46272,35.96817],[-100.46332,35.97195],[-100.46156,35.97683],[-100.45692,35.97264]]]]}},{"type":"Feature","id":"2433","properties":{"id":"2433","unitIds":["2433"],"name":"Holland Road","counties":["Bell"],"region":"Austin/Waco","acres":128.0,"type":"dove_lease","pdfUrl":"https://tpwd.texas.gov/huntwild/hunt/public/annual_public_hunting/resources/2433.pdf","aerialPdfUrl":"https://tpwd.texas.gov/huntwild/hunt/public/annual_public_hunting/resources/HollandRoad_2433.pdf","registration":"none","legalGameTags":["Dove","Rabbit"],"legalGameText":"","species":["dove","rabbit"],"methods":["any_legal","shotgun"],"access":["aph_walk_in"],"complexes":[],"hasEpostcard":false,"hasRegularPermit":false,"epostcardUrl":"","countySlugs":["bell"],"bookletPage":"88","bookletPdfPage":117,"bookletUrl":"https://tpwd.texas.gov/publications/pwdpubs/media/pwd_bk_w7000_0112a.pdf#page=117","lon":-97.47108,"lat":30.90686},"geometry":{"type":"Polygon","coordinates":[[[-97.47232,30.91158],[-97.47552,30.90358],[-97.46992,30.90208],[-97.46662,30.91018],[-97.47232,30.91158]]]}},{"type":"Feature","id":"2082","properties":{"id":"2082","unitIds":["2082"],"name":"Hornsby East and West","counties":["Jim Wells"],"region":"San Antonio/Corpus Christi","acres":287.0,"type":"dove_lease","pdfUrl":"https://tpwd.texas.gov/huntwild/hunt/public/annual_public_hunting/resources/2082.pdf","aerialPdfUrl":"https://tpwd.texas.gov/huntwild/hunt/public/annual_public_hunting/resources/HornsbyEastandWest_2082.pdf","registration":"none","legalGameTags":["Dove"],"legalGameText":"","species":["dove"],"methods":["shotgun"],"access":["aph_walk_in"],"complexes":[],"hasEpostcard":false,"hasRegularPermit":false,"epostcardUrl":"","countySlugs":["jim-wells"],"bookletPage":"145","bookletPdfPage":174,"bookletUrl":"https://tpwd.texas.gov/publications/pwdpubs/media/pwd_bk_w7000_0112a.pdf#page=174","lon":-98.1564,"lat":27.27782},"geometry":{"type":"Polygon","coordinates":[[[-98.14731,27.28097],[-98.16551,27.28117],[-98.16531,27.27447],[-98.14711,27.27467],[-98.14731,27.28097]]]}},{"type":"Feature","id":"2504","properties":{"id":"2504","unitIds":["2504"],"name":"Huddleston","counties":["Dawson"],"region":"Central Texas","acres":859.0,"type":"dove_lease","pdfUrl":"https://tpwd.texas.gov/huntwild/hunt/public/annual_public_hunting/resources/2504.pdf","aerialPdfUrl":"https://tpwd.texas.gov/huntwild/hunt/public/annual_public_hunting/resources/Huddleston_2504.pdf","registration":"none","legalGameTags":["Dove","Quail"],"legalGameText":"","species":["dove","quail"],"methods":["any_legal","shotgun"],"access":["aph_walk_in"],"complexes":[],"hasEpostcard":false,"hasRegularPermit":false,"epostcardUrl":"","countySlugs":["dawson"],"bookletPage":"36","bookletPdfPage":65,"bookletUrl":"https://tpwd.texas.gov/publications/pwdpubs/media/pwd_bk_w7000_0112a.pdf#page=65","lon":-101.916,"lat":32.94728},"geometry":{"type":"Polygon","coordinates":[[[-101.9364,32.94931],[-101.93325,32.9389],[-101.8943,32.94749],[-101.89434,32.95206],[-101.90782,32.953],[-101.9076,32.95737],[-101.91048,32.95745],[-101.9124,32.95727],[-101.91238,32.9493],[-101.9364,32.94931]]]}},{"type":"Feature","id":"1044","properties":{"id":"1044","unitIds":["1044"],"name":"Huntsville State Park","counties":["Walker"],"region":"Houston/Beaumont","acres":2087.0,"type":"state_park","pdfUrl":"https://tpwd.texas.gov/huntwild/hunt/public/annual_public_hunting/resources/1044.pdf","aerialPdfUrl":"https://tpwd.texas.gov/huntwild/hunt/public/annual_public_hunting/resources/Huntsville_1044.pdf","registration":"none","legalGameTags":["Squirrel","Regular Permit Squirrel"],"legalGameText":"","species":["squirrel"],"methods":["any_legal"],"access":["aph_walk_in","regular_permit"],"complexes":[],"hasEpostcard":false,"hasRegularPermit":true,"epostcardUrl":"","countySlugs":["walker"],"bookletPage":"121","bookletPdfPage":150,"bookletUrl":"https://tpwd.texas.gov/publications/pwdpubs/media/pwd_bk_w7000_0112a.pdf#page=150","lon":-95.53044,"lat":30.62116},"geometry":{"type":"Polygon","coordinates":[[[-95.51532,30.63899],[-95.52955,30.62619],[-95.53584,30.63156],[-95.52949,30.63704],[-95.53239,30.6395],[-95.54618,30.62792],[-95.5465,30.61126],[-95.5426,30.60791],[-95.53502,30.60642],[-95.53096,30.60293],[-95.51713,30.6152],[-95.51796,30.61691],[-95.51333,30.621],[-95.51829,30.62485],[-95.50904,30.63362],[-95.51532,30.63899]]]}},{"type":"Feature","id":"724","properties":{"id":"724","unitIds":["724"],"name":"Hynes Bay Unit - Guadalupe Delta WMA","counties":["Refugio"],"region":"San Antonio/Corpus Christi","acres":null,"type":"wma","pdfUrl":"https://tpwd.texas.gov/huntwild/hunt/public/annual_public_hunting/resources/723_724.pdf","aerialPdfUrl":"https://tpwd.texas.gov/huntwild/hunt/public/annual_public_hunting/resources/GuadalupeDeltaHynesBayAndRiver_723_724.pdf","registration":"none","legalGameTags":["Feral Hog","Dove","Teal","Waterfowl","Other Migratory Birds","Fishing","Youth Waterfowl","Veteran Waterfowl"],"legalGameText":"","species":["dove","feral_hog","other_migratory","teal","waterfowl"],"methods":["any_legal","shotgun"],"access":["aph_walk_in","youth"],"complexes":[],"hasEpostcard":false,"hasRegularPermit":false,"epostcardUrl":"","countySlugs":["refugio"],"bookletPage":"131","bookletPdfPage":160,"bookletUrl":"https://tpwd.texas.gov/publications/pwdpubs/media/pwd_bk_w7000_0112a.pdf#page=160","lon":-96.85785,"lat":28.43581},"geometry":{"type":"Polygon","coordinates":[[[-96.85257,28.44312],[-96.84867,28.4323],[-96.8543,28.42552],[-96.85886,28.42662],[-96.85867,28.42971],[-96.86732,28.43156],[-96.86367,28.44549],[-96.85257,28.44312]]]}},{"type":"Feature","id":"2498","properties":{"id":"2498","unitIds":["2498"],"name":"Idalou","counties":["Lubbock"],"region":"Panhandle","acres":320.0,"type":"dove_lease","pdfUrl":"https://tpwd.texas.gov/huntwild/hunt/public/annual_public_hunting/resources/2498.pdf","aerialPdfUrl":"https://tpwd.texas.gov/huntwild/hunt/public/annual_public_hunting/resources/Idalou_2498.pdf","registration":"none","legalGameTags":["Dove"],"legalGameText":"","species":["dove"],"methods":["shotgun"],"access":["aph_walk_in"],"complexes":[],"hasEpostcard":false,"hasRegularPermit":false,"epostcardUrl":"","countySlugs":["lubbock"],"bookletPage":"16","bookletPdfPage":45,"bookletUrl":"https://tpwd.texas.gov/publications/pwdpubs/media/pwd_bk_w7000_0112a.pdf#page=45","lon":-101.60496,"lat":33.77276},"geometry":{"type":"Polygon","coordinates":[[[-101.61361,33.77637],[-101.61357,33.76915],[-101.5963,33.76916],[-101.59633,33.77637],[-101.61361,33.77637]]]}},{"type":"Feature","id":"2495","properties":{"id":"2495","unitIds":["2495"],"name":"Ivy","counties":["Anderson"],"region":"Pineywoods","acres":465.0,"type":"dove_lease","pdfUrl":"https://tpwd.texas.gov/huntwild/hunt/public/annual_public_hunting/resources/2495.pdf","aerialPdfUrl":"https://tpwd.texas.gov/huntwild/hunt/public/annual_public_hunting/resources/Ivy_2495.pdf","registration":"none","legalGameTags":["Deer - Archery","Feral Hog","Squirrel","Rabbit"],"legalGameText":"","species":["feral_hog","rabbit","squirrel","white_tailed_deer"],"methods":["any_legal","archery"],"access":["aph_walk_in"],"complexes":[],"hasEpostcard":false,"hasRegularPermit":false,"epostcardUrl":"","countySlugs":["anderson"],"bookletPage":"71","bookletPdfPage":100,"bookletUrl":"https://tpwd.texas.gov/publications/pwdpubs/media/pwd_bk_w7000_0112a.pdf#page=100","lon":-95.60514,"lat":31.63576},"geometry":{"type":"MultiPolygon","coordinates":[[[[-95.59456,31.62905],[-95.59816,31.62729],[-95.59982,31.62956],[-95.60366,31.62823],[-95.60532,31.63211],[-95.61421,31.6298],[-95.61212,31.63518],[-95.60977,31.63436],[-95.60805,31.63852],[-95.59327,31.63455],[-95.5953,31.63028],[-95.59456,31.62905]]],[[[-95.61524,31.64033],[-95.61277,31.64715],[-95.61539,31.64935],[-95.61445,31.65062],[-95.61068,31.64882],[-95.60928,31.64509],[-95.61187,31.63965],[-95.61524,31.64033]]]]}},{"type":"Feature","id":"713","properties":{"id":"713","unitIds":["713"],"name":"James E. Daughtrey WMA","counties":["Live Oak","McMullen"],"region":"San Antonio/Corpus Christi","acres":26153.0,"type":"wma","pdfUrl":"https://tpwd.texas.gov/huntwild/hunt/public/annual_public_hunting/resources/713.pdf","aerialPdfUrl":"https://tpwd.texas.gov/huntwild/hunt/public/annual_public_hunting/resources/JamesDaughtrey_713.pdf","registration":"none","legalGameTags":["Dove","Teal","Waterfowl","Cranes","Other Migratory Birds","Quail","Rabbit","Fishing"],"legalGameText":"","species":["dove","other_migratory","quail","rabbit","sandhill_crane","teal","waterfowl"],"methods":["any_legal","shotgun"],"access":["aph_walk_in"],"complexes":[],"hasEpostcard":false,"hasRegularPermit":false,"epostcardUrl":"","countySlugs":["live-oak","mcmullen"],"bookletPage":"146","bookletPdfPage":175,"bookletUrl":"https://tpwd.texas.gov/publications/pwdpubs/media/pwd_bk_w7000_0112a.pdf#page=175","lon":-98.34411,"lat":28.49456},"geometry":{"type":"Polygon","coordinates":[[[-98.38467,28.46427],[-98.39502,28.46717],[-98.3913,28.4718],[-98.39231,28.47243],[-98.3948,28.46933],[-98.3969,28.47201],[-98.3995,28.47042],[-98.40211,28.47375],[-98.41467,28.47111],[-98.41462,28.47425],[-98.40618,28.47909],[-98.40461,28.4853],[-98.40284,28.48574],[-98.40752,28.48949],[-98.41119,28.48861],[-98.41169,28.48581],[-98.41554,28.48488],[-98.41412,28.49279],[-98.41789,28.49533],[-98.41747,28.49764],[-98.41299,28.49902],[-98.41235,28.50269],[-98.40788,28.50287],[-98.4081,28.51256],[-98.40021,28.51201],[-98.39477,28.51892],[-98.39487,28.52134],[-98.39928,28.51844],[-98.39926,28.52145],[-98.40479,28.52148],[-98.40803,28.51792],[-98.40771,28.51325],[-98.40837,28.51661],[-98.41104,28.51663],[-98.41355,28.5096],[-98.41565,28.51075],[-98.4178,28.50616],[-98.42524,28.50447],[-98.43196,28.49781],[-98.43826,28.49783],[-98.43585,28.50106],[-98.4477,28.50742],[-98.45466,28.50577],[-98.45845,28.50738],[-98.46193,28.50624],[-98.46412,28.50419],[-98.45854,28.49845],[-98.45854,28.49336],[-98.46032,28.49337],[-98.46304,28.49948],[-98.46737,28.49967],[-98.47113,28.4889],[-98.48322,28.47451],[-98.49594,28.47529],[-98.50091,28.47177],[-98.50416,28.47453],[-98.50582,28.47289],[-98.50554,28.4605],[-98.50613,28.47905],[-98.49976,28.47718],[-98.49604,28.48081],[-98.4944,28.47887],[-98.4865,28.47854],[-98.48223,28.48143],[-98.48205,28.48431],[-98.47435,28.49122],[-98.47433,28.49449],[-98.47976,28.49415],[-98.48072,28.49675],[-98.47831,28.49918],[-98.47631,28.49861],[-98.47086,28.50448],[-98.47386,28.51182],[-98.47002,28.51059],[-98.46337,28.52064],[-98.46021,28.52097],[-98.45841,28.52739],[-98.45396,28.53309],[-98.45269,28.53341],[-98.45455,28.53117],[-98.44755,28.52552],[-98.44567,28.52551],[-98.44569,28.52267],[-98.43843,28.52263],[-98.43611,28.51672],[-98.43346,28.51671],[-98.43031,28.52407],[-98.42686,28.52241],[-98.42532,28.52487],[-98.42301,28.52486],[-98.41621,28.53354],[-98.4249,28.54557],[-98.42116,28.5455],[-98.41971,28.54809],[-98.41676,28.54541],[-98.40956,28.54719],[-98.39398,28.53939],[-98.38961,28.53599],[-98.39049,28.53224],[-98.38773,28.5314],[-98.38894,28.52451],[-98.38469,28.52703],[-98.38327,28.52522],[-98.38376,28.52098],[-98.37587,28.51484],[-98.36734,28.51998],[-98.36829,28.52121],[-98.3644,28.52358],[-98.36078,28.53209],[-98.36171,28.53644],[-98.36762,28.54274],[-98.36938,28.54214],[-98.36898,28.54767],[-98.37236,28.55184],[-98.37698,28.55275],[-98.37532,28.55459],[-98.37174,28.55429],[-98.36743,28.54966],[-98.36503,28.55011],[-98.36564,28.54797],[-98.36198,28.54451],[-98.36054,28.54494],[-98.3611,28.54368],[-98.35702,28.53982],[-98.35339,28.54311],[-98.35055,28.53957],[-98.35489,28.53744],[-98.35088,28.53245],[-98.35257,28.53129],[-98.34965,28.52619],[-98.35107,28.52182],[-98.34936,28.52136],[-98.3429,28.52746],[-98.34439,28.53219],[-98.33797,28.53184],[-98.33623,28.53032],[-98.33192,28.53551],[-98.3326,28.53822],[-98.32986,28.53921],[-98.32922,28.54218],[-98.32535,28.54216],[-98.32703,28.53549],[-98.32465,28.52993],[-98.3284,28.52773],[-98.32755,28.52556],[-98.32428,28.52712],[-98.32355,28.5243],[-98.32817,28.51843],[-98.32288,28.51741],[-98.31833,28.52503],[-98.31414,28.52468],[-98.31655,28.52172],[-98.31649,28.51819],[-98.31271,28.51695],[-98.31237,28.51499],[-98.3089,28.51806],[-98.30756,28.5177],[-98.30749,28.51533],[-98.30477,28.51599],[-98.30408,28.51778],[-98.29545,28.51395],[-98.29345,28.52478],[-98.28899,28.52677],[-98.27961,28.52268],[-98.27345,28.52521],[-98.27242,28.52873],[-98.26199,28.52626],[-98.26372,28.52651],[-98.26201,28.52615],[-98.26436,28.51827],[-98.25996,28.51724],[-98.26233,28.50926],[-98.25738,28.51084],[-98.25621,28.50926],[-98.2574,28.50411],[-98.25138,28.49906],[-98.24351,28.4956],[-98.23978,28.48777],[-98.23746,28.48719],[-98.24218,28.48033],[-98.2426,28.46756],[-98.29623,28.44791],[-98.33523,28.44832],[-98.33618,28.45014],[-98.33946,28.45094],[-98.33846,28.45636],[-98.35128,28.46048],[-98.35061,28.46239],[-98.35853,28.46476],[-98.3602,28.4603],[-98.36245,28.46024],[-98.36466,28.46459],[-98.36772,28.46548],[-98.36971,28.46028],[-98.37657,28.45274],[-98.37869,28.45335],[-98.37543,28.46212],[-98.38236,28.45928],[-98.38371,28.46162],[-98.38134,28.46528],[-98.384,28.46605],[-98.38467,28.46427]],[[-98.30748,28.51526],[-98.30745,28.51527],[-98.30749,28.51533],[-98.30748,28.51526]]]}},{"type":"Feature","id":"721","properties":{"id":"721","unitIds":["721"],"name":"Justin Hurst WMA","counties":["Brazoria"],"region":"Houston/Beaumont","acres":14880.0,"type":"wma","pdfUrl":"https://tpwd.texas.gov/huntwild/hunt/public/annual_public_hunting/resources/721.pdf","aerialPdfUrl":"https://tpwd.texas.gov/huntwild/hunt/public/annual_public_hunting/resources/JustinHurst_721.pdf","registration":"none","legalGameTags":["Dove","Teal","Waterfowl","Sandhill Cranes","Other Migratory Birds","Fishing","Youth/Adult Waterfowl","Youth Waterfowl","Veteran Waterfowl"],"legalGameText":"","species":["dove","other_migratory","sandhill_crane","teal","waterfowl"],"methods":["any_legal","shotgun"],"access":["aph_walk_in","youth","youth_adult"],"complexes":[],"hasEpostcard":false,"hasRegularPermit":false,"epostcardUrl":"","countySlugs":["brazoria"],"bookletPage":"108","bookletPdfPage":137,"bookletUrl":"https://tpwd.texas.gov/publications/pwdpubs/media/pwd_bk_w7000_0112a.pdf#page=137","lon":-95.43884,"lat":28.92926},"geometry":{"type":"Polygon","coordinates":[[[-95.39191,28.93587],[-95.39623,28.91742],[-95.40052,28.91829],[-95.39864,28.90438],[-95.40455,28.90253],[-95.40182,28.89831],[-95.44057,28.87442],[-95.44486,28.87746],[-95.44631,28.87563],[-95.4517,28.88078],[-95.45179,28.88376],[-95.4584,28.88226],[-95.46334,28.88485],[-95.4622,28.88707],[-95.45411,28.89045],[-95.45447,28.89381],[-95.4637,28.89262],[-95.46564,28.89453],[-95.46519,28.8973],[-95.4572,28.9025],[-95.45706,28.90618],[-95.45936,28.90773],[-95.4574,28.90766],[-95.45805,28.9168],[-95.45647,28.9211],[-95.45764,28.92947],[-95.4874,28.95038],[-95.50957,28.94986],[-95.51047,28.96888],[-95.51671,28.97435],[-95.50448,28.97417],[-95.5051,28.98498],[-95.5048,28.9825],[-95.50061,28.98258],[-95.49978,28.9627],[-95.46862,28.9632],[-95.46488,28.9594],[-95.45621,28.95972],[-95.45149,28.9487],[-95.43767,28.95329],[-95.43575,28.95268],[-95.43115,28.94204],[-95.41814,28.94551],[-95.41325,28.94883],[-95.41351,28.95593],[-95.42261,28.95035],[-95.42545,28.95146],[-95.4263,28.95356],[-95.43767,28.95329],[-95.44308,28.96593],[-95.44462,28.96542],[-95.44554,28.96751],[-95.44429,28.96927],[-95.42322,28.96914],[-95.42366,28.96726],[-95.41989,28.96261],[-95.41374,28.95929],[-95.4136,28.95764],[-95.41131,28.95769],[-95.41112,28.96235],[-95.41614,28.96227],[-95.41818,28.96445],[-95.41832,28.96837],[-95.40978,28.96637],[-95.40489,28.96373],[-95.39212,28.95185],[-95.39191,28.93587]]]}},{"type":"Feature","id":"721D","properties":{"id":"721D","unitIds":["721D"],"name":"Justin Hurst WMA - North Stringfellow Pasture","counties":["Brazoria"],"region":"Houston/Beaumont","acres":1412.0,"type":"wma","pdfUrl":"https://tpwd.texas.gov/huntwild/hunt/public/annual_public_hunting/resources/721D.pdf","aerialPdfUrl":"https://tpwd.texas.gov/huntwild/hunt/public/annual_public_hunting/resources/JustinHurstNStringfellowPasture_721D.pdf","registration":"none","legalGameTags":["Dove"],"legalGameText":"","species":["dove"],"methods":["shotgun"],"access":["aph_walk_in"],"complexes":[],"hasEpostcard":false,"hasRegularPermit":false,"epostcardUrl":"","countySlugs":["brazoria"],"bookletPage":"109","bookletPdfPage":138,"bookletUrl":"https://tpwd.texas.gov/publications/pwdpubs/media/pwd_bk_w7000_0112a.pdf#page=138","lon":-95.40366,"lat":28.94859},"geometry":{"type":"Polygon","coordinates":[[[-95.41278,28.9354],[-95.39185,28.9359],[-95.39212,28.95185],[-95.4057,28.96435],[-95.4139,28.96738],[-95.41372,28.96229],[-95.41109,28.96235],[-95.4113,28.95769],[-95.41355,28.95762],[-95.41278,28.9354]]]}},{"type":"Feature","id":"726","properties":{"id":"726","unitIds":["726"],"name":"Keechi Creek WMA","counties":["Leon"],"region":"Austin/Waco","acres":null,"type":"wma","pdfUrl":"","aerialPdfUrl":"","registration":"none","legalGameTags":["E-Postcard Deer Archery","E-Postcard Deer General","E-Postcard Feral Hog","E-Postcard Multi-species","E-Postcard Squirrel","E-Postcard Waterfowl"],"legalGameText":"","species":["dove","feral_hog","quail","rabbit","squirrel","waterfowl","white_tailed_deer"],"methods":["any_legal","archery","firearm","shotgun"],"access":["e_postcard"],"complexes":[],"hasEpostcard":true,"hasRegularPermit":false,"epostcardUrl":"https://tpwd.texas.gov/huntwild/hunt/public/public_hunt_drawing/hunt-area-details.phtml?OArea=KC","countySlugs":["leon"],"bookletPage":"xxiii","bookletPdfPage":26,"bookletUrl":"https://tpwd.texas.gov/publications/pwdpubs/media/pwd_bk_w7000_0112a.pdf#page=26","lon":-95.98,"lat":31.3},"geometry":{"type":"Point","coordinates":[-95.98,31.3]}},{"type":"Feature","id":"2583","properties":{"id":"2583","unitIds":["2583"],"name":"La Lanza - Canadian River Complex 4","counties":["Hansford"],"region":"Panhandle","acres":640.0,"type":"dove_lease","pdfUrl":"https://tpwd.texas.gov/huntwild/hunt/public/annual_public_hunting/resources/CanadianRiverComplex4.pdf","aerialPdfUrl":"https://tpwd.texas.gov/huntwild/hunt/public/annual_public_hunting/resources/CanadianRiverComplex4_LaLanza_2583.pdf","registration":"none","legalGameTags":["Dove","Teal","Waterfowl","Cranes","Pheasant","Rabbit","Coyotes","Youth Waterfowl","Veteran Waterfowl"],"legalGameText":"","species":["coyote","dove","pheasant","rabbit","sandhill_crane","teal","waterfowl"],"methods":["any_legal","shotgun"],"access":["aph_walk_in","youth"],"complexes":[],"hasEpostcard":false,"hasRegularPermit":false,"epostcardUrl":"","countySlugs":["hansford"],"bookletPage":"25","bookletPdfPage":54,"bookletUrl":"https://tpwd.texas.gov/publications/pwdpubs/media/pwd_bk_w7000_0112a.pdf#page=54","lon":-101.11948,"lat":36.19158},"geometry":{"type":"Polygon","coordinates":[[[-101.12847,36.19874],[-101.12828,36.18437],[-101.11052,36.18454],[-101.11064,36.19889],[-101.11955,36.19875],[-101.12009,36.19694],[-101.12127,36.19875],[-101.12847,36.19874]]]}},{"type":"Feature","id":"2573","properties":{"id":"2573","unitIds":["2573"],"name":"La Playa - Canadian River Complex 8","counties":["Sherman"],"region":"Panhandle","acres":1280.0,"type":"dove_lease","pdfUrl":"https://tpwd.texas.gov/huntwild/hunt/public/annual_public_hunting/resources/CanadianRiverComplex8.pdf","aerialPdfUrl":"https://tpwd.texas.gov/huntwild/hunt/public/annual_public_hunting/resources/CanadianRiverComplex8_LaPlaya_2573.pdf","registration":"none","legalGameTags":["Dove","Teal","Waterfowl","Cranes","Pheasant","Rabbit","Coyotes","Youth Waterfowl","Veteran Waterfowl"],"legalGameText":"","species":["coyote","dove","pheasant","rabbit","sandhill_crane","teal","waterfowl"],"methods":["any_legal","shotgun"],"access":["aph_walk_in","youth"],"complexes":[],"hasEpostcard":false,"hasRegularPermit":false,"epostcardUrl":"","countySlugs":["sherman"],"bookletPage":"29","bookletPdfPage":58,"bookletUrl":"https://tpwd.texas.gov/publications/pwdpubs/media/pwd_bk_w7000_0112a.pdf#page=58","lon":-101.97244,"lat":36.18334},"geometry":{"type":"Polygon","coordinates":[[[-101.97238,36.18346],[-101.9903,36.18331],[-101.9902,36.16889],[-101.97227,36.16897],[-101.97238,36.18328],[-101.95458,36.18357],[-101.95455,36.19782],[-101.97233,36.19781],[-101.97238,36.18346]]]}},{"type":"Feature","id":"901S","properties":{"id":"901S","unitIds":["901S"],"name":"Ladonia Unit - Caddo National Grasslands WMA","counties":["Fannin"],"region":"Dallas/Ft. Worth","acres":4111.0,"type":"wma","pdfUrl":"https://tpwd.texas.gov/huntwild/hunt/public/annual_public_hunting/resources/901S.pdf","aerialPdfUrl":"https://tpwd.texas.gov/huntwild/hunt/public/annual_public_hunting/resources/CaddoLadonia_901.pdf","registration":"none","legalGameTags":["Deer - Archery","Deer- General","Feral Hog","Dove","Teal","Waterfowl","Other Migratory Birds","Quail","Squirrel","Rabbit","Coyotes","Furbearers","Fishing","Youth Deer","Youth Feral Hog","Youth Waterfowl","Youth Squirrel","Veteran Waterfowl"],"legalGameText":"","species":["coyote","dove","feral_hog","furbearers","other_migratory","quail","rabbit","squirrel","teal","waterfowl","white_tailed_deer"],"methods":["any_legal","archery","firearm","shotgun"],"access":["aph_walk_in","youth"],"complexes":[],"hasEpostcard":false,"hasRegularPermit":false,"epostcardUrl":"","countySlugs":["fannin"],"bookletPage":"57","bookletPdfPage":86,"bookletUrl":"https://tpwd.texas.gov/publications/pwdpubs/media/pwd_bk_w7000_0112a.pdf#page=86","lon":-96.02037,"lat":33.42987},"geometry":{"type":"MultiPolygon","coordinates":[[[[-96.00358,33.40327],[-96.00353,33.4051],[-96.01206,33.40415],[-96.01257,33.40048],[-96.01465,33.39927],[-96.01188,33.39846],[-96.01208,33.39322],[-96.02176,33.39457],[-96.02165,33.40428],[-96.01191,33.4043],[-96.0118,33.40619],[-96.01737,33.40622],[-96.0171,33.4111],[-96.00122,33.41017],[-96.00146,33.40323],[-96.00358,33.40327]]],[[[-96.02141,33.41074],[-96.02908,33.41088],[-96.02886,33.41559],[-96.02148,33.41453],[-96.02141,33.41074]]],[[[-96.03552,33.41624],[-96.03513,33.42168],[-96.02866,33.42155],[-96.02882,33.41576],[-96.03552,33.41624]]],[[[-95.99043,33.42936],[-95.98575,33.42931],[-95.98583,33.42801],[-95.99206,33.42708],[-95.99026,33.42284],[-95.99835,33.42298],[-95.99776,33.43325],[-95.99421,33.43334],[-95.99413,33.43815],[-95.98542,33.43712],[-95.98563,33.43177],[-95.99029,33.43184],[-95.99043,33.42936]]],[[[-96.03389,33.44158],[-96.03778,33.44165],[-96.0376,33.44053],[-96.00894,33.43899],[-96.00815,33.43436],[-96.01012,33.43343],[-96.00703,33.43338],[-96.0069,33.43864],[-96.0028,33.43855],[-96.00277,33.43336],[-96.00531,33.43337],[-96.00816,33.43078],[-96.00833,33.42541],[-96.00437,33.42534],[-96.00574,33.42066],[-96.01308,33.42078],[-96.01305,33.42337],[-96.02073,33.42352],[-96.02161,33.42113],[-96.02148,33.4282],[-96.01947,33.42833],[-96.01925,33.43525],[-96.02134,33.43531],[-96.02141,33.43184],[-96.02487,33.4319],[-96.02474,33.42788],[-96.02152,33.42786],[-96.0216,33.42467],[-96.04141,33.42485],[-96.04127,33.42076],[-96.03734,33.42],[-96.03743,33.41632],[-96.04609,33.41675],[-96.05471,33.42421],[-96.05591,33.43006],[-96.04827,33.42997],[-96.0489,33.43598],[-96.04764,33.44014],[-96.04507,33.4401],[-96.04498,33.44499],[-96.01568,33.4538],[-96.01693,33.44681],[-96.01986,33.44774],[-96.02418,33.44263],[-96.03337,33.44278],[-96.03389,33.44158]]],[[[-95.99631,33.44468],[-95.99461,33.44812],[-95.99236,33.44792],[-95.9895,33.45088],[-95.98534,33.45079],[-95.98536,33.44773],[-95.98152,33.44757],[-95.98196,33.43712],[-95.99641,33.43855],[-95.99489,33.44359],[-95.99631,33.44468]]],[[[-96.01985,33.44689],[-96.01356,33.44625],[-96.0158,33.44151],[-96.01994,33.44295],[-96.01985,33.44689]]]]}},{"type":"Feature","id":"1096","properties":{"id":"1096","unitIds":["1096"],"name":"Lake Colorado City State Park","counties":["Mitchell"],"region":"Central Texas","acres":140.0,"type":"state_park","pdfUrl":"https://tpwd.texas.gov/huntwild/hunt/public/annual_public_hunting/resources/1096.pdf","aerialPdfUrl":"https://tpwd.texas.gov/huntwild/hunt/public/annual_public_hunting/resources/LakeColoradoCity_1096.pdf","registration":"none","legalGameTags":["Dove"],"legalGameText":"","species":["dove"],"methods":["shotgun"],"access":["aph_walk_in"],"complexes":[],"hasEpostcard":false,"hasRegularPermit":false,"epostcardUrl":"","countySlugs":["mitchell"],"bookletPage":"39","bookletPdfPage":68,"bookletUrl":"https://tpwd.texas.gov/publications/pwdpubs/media/pwd_bk_w7000_0112a.pdf#page=68","lon":-100.93311,"lat":32.32503},"geometry":{"type":"Polygon","coordinates":[[[-100.94422,32.32187],[-100.93655,32.32321],[-100.93833,32.33034],[-100.93016,32.33539],[-100.93083,32.33942],[-100.92145,32.3396],[-100.92252,32.33789],[-100.92748,32.33775],[-100.92762,32.33435],[-100.93415,32.33154],[-100.92791,32.33267],[-100.92597,32.33121],[-100.92878,32.329],[-100.9302,32.32513],[-100.92862,32.32303],[-100.93082,32.31931],[-100.92664,32.31756],[-100.92673,32.32037],[-100.92495,32.32144],[-100.92572,32.31414],[-100.93199,32.31666],[-100.94148,32.31579],[-100.94422,32.32187]]]}},{"type":"Feature","id":"601","properties":{"id":"601","unitIds":["601"],"name":"Lake Striker PHL","counties":["Cherokee","Rusk"],"region":"Pineywoods","acres":1476.0,"type":"phl","pdfUrl":"https://tpwd.texas.gov/huntwild/hunt/public/annual_public_hunting/resources/601.pdf","aerialPdfUrl":"https://tpwd.texas.gov/huntwild/hunt/public/annual_public_hunting/resources/LakeStriker_601.pdf","registration":"none","legalGameTags":["Feral Hog","Exotic Mammals","Dove","Teal","Waterfowl","Other Migratory Birds","Squirrel","Rabbit","Youth Waterfowl","Youth Squirrel","Veteran Waterfowl"],"legalGameText":"","species":["dove","exotic_mammals","feral_hog","other_migratory","rabbit","squirrel","teal","waterfowl"],"methods":["any_legal","shotgun"],"access":["aph_walk_in","youth"],"complexes":[],"hasEpostcard":false,"hasRegularPermit":false,"epostcardUrl":"","countySlugs":["cherokee","rusk"],"bookletPage":"73","bookletPdfPage":102,"bookletUrl":"https://tpwd.texas.gov/publications/pwdpubs/media/pwd_bk_w7000_0112a.pdf#page=102","lon":-94.98939,"lat":31.96754},"geometry":{"type":"Polygon","coordinates":[[[-94.98383,31.98327],[-94.98865,31.98007],[-94.97405,31.98017],[-94.97377,31.97713],[-94.97933,31.97684],[-94.97986,31.97229],[-94.9793,31.96904],[-94.97637,31.96977],[-94.97551,31.96676],[-94.97365,31.96676],[-94.97349,31.95853],[-94.97556,31.95847],[-94.97602,31.95536],[-94.97399,31.9553],[-94.97411,31.95368],[-94.97769,31.95331],[-94.97741,31.94615],[-94.97303,31.94288],[-94.97283,31.92834],[-94.97484,31.92831],[-94.97365,31.92566],[-94.96934,31.92664],[-94.96696,31.92396],[-94.9831,31.92412],[-94.98373,31.92232],[-94.98548,31.92251],[-94.98618,31.93848],[-94.98957,31.94398],[-94.9917,31.94364],[-94.99301,31.94549],[-94.99326,31.95596],[-94.99588,31.9584],[-94.99602,31.96149],[-95.00533,31.96134],[-95.00606,31.95834],[-95.01033,31.96092],[-95.01405,31.96029],[-95.01378,31.96665],[-95.00527,31.96656],[-95.00443,31.98585],[-95.00128,31.98588],[-95.00122,31.98876],[-95.00536,31.98868],[-95.00604,31.99198],[-95.00959,31.99635],[-95.01271,31.99509],[-95.01457,31.99923],[-95.01145,32.0002],[-95.00536,31.99645],[-95.0061,32.0013],[-95.00366,32.00177],[-95.00326,31.99886],[-94.99835,31.999],[-94.99844,32.00031],[-94.99303,32.00277],[-94.9846,32.0025],[-94.98296,31.99886],[-94.98417,31.99711],[-94.98092,31.99695],[-94.97981,31.98696],[-94.98108,31.98547],[-94.9795,31.98655],[-94.97849,31.98437],[-94.98383,31.98327]]]}},{"type":"Feature","id":"1019","properties":{"id":"1019","unitIds":["1019"],"name":"Lake Whitney State Park","counties":["Hill"],"region":"Austin/Waco","acres":null,"type":"state_park","pdfUrl":"","aerialPdfUrl":"","registration":"none","legalGameTags":["E-Postcard Youth Archery Deer"],"legalGameText":"","species":["white_tailed_deer"],"methods":["archery"],"access":["e_postcard"],"complexes":[],"hasEpostcard":true,"hasRegularPermit":false,"epostcardUrl":"https://tpwd.texas.gov/huntwild/hunt/public/public_hunt_drawing/hunt-area-details.phtml?OArea=LW","countySlugs":["hill"],"bookletPage":"xxiii","bookletPdfPage":26,"bookletUrl":"https://tpwd.texas.gov/publications/pwdpubs/media/pwd_bk_w7000_0112a.pdf#page=26","lon":-97.36,"lat":31.93},"geometry":{"type":"Point","coordinates":[-97.36,31.93]}},{"type":"Feature","id":"2586","properties":{"id":"2586","unitIds":["2586"],"name":"Lakeside","counties":["DeWitt"],"region":"San Antonio/Corpus Christi","acres":714.0,"type":"dove_lease","pdfUrl":"https://tpwd.texas.gov/huntwild/hunt/public/annual_public_hunting/resources/2586.pdf","aerialPdfUrl":"https://tpwd.texas.gov/huntwild/hunt/public/annual_public_hunting/resources/Lakeside_2586.pdf","registration":"none","legalGameTags":["Dove"],"legalGameText":"","species":["dove"],"methods":["shotgun"],"access":["aph_walk_in"],"complexes":[],"hasEpostcard":false,"hasRegularPermit":false,"epostcardUrl":"","countySlugs":["dewitt"],"bookletPage":"142","bookletPdfPage":171,"bookletUrl":"https://tpwd.texas.gov/publications/pwdpubs/media/pwd_bk_w7000_0112a.pdf#page=171","lon":-97.25919,"lat":29.13911},"geometry":{"type":"Polygon","coordinates":[[[-97.27626,29.1402],[-97.27533,29.13204],[-97.24889,29.13634],[-97.24959,29.13945],[-97.23992,29.13995],[-97.24099,29.1461],[-97.27626,29.1402]]]}},{"type":"Feature","id":"2070","properties":{"id":"2070","unitIds":["2070"],"name":"Latta Road","counties":["Jefferson"],"region":"Houston/Beaumont","acres":1641.0,"type":"dove_lease","pdfUrl":"https://tpwd.texas.gov/huntwild/hunt/public/annual_public_hunting/resources/2070.pdf","aerialPdfUrl":"https://tpwd.texas.gov/huntwild/hunt/public/annual_public_hunting/resources/LattaRoad_2070.pdf","registration":"none","legalGameTags":["Dove","Rabbit"],"legalGameText":"","species":["dove","rabbit"],"methods":["any_legal","shotgun"],"access":["aph_walk_in"],"complexes":[],"hasEpostcard":false,"hasRegularPermit":false,"epostcardUrl":"","countySlugs":["jefferson"],"bookletPage":"115","bookletPdfPage":144,"bookletUrl":"https://tpwd.texas.gov/publications/pwdpubs/media/pwd_bk_w7000_0112a.pdf#page=144","lon":-94.1168,"lat":29.95921},"geometry":{"type":"MultiPolygon","coordinates":[[[[-94.10871,29.94628],[-94.11441,29.94378],[-94.1143,29.93513],[-94.11805,29.93512],[-94.12135,29.93797],[-94.12061,29.94268],[-94.12561,29.94248],[-94.12242,29.94954],[-94.12948,29.95366],[-94.12501,29.96091],[-94.12223,29.97349],[-94.12007,29.97338],[-94.12025,29.98081],[-94.109,29.98097],[-94.10871,29.94628]]],[[[-94.109,29.98097],[-94.109,29.98097],[-94.109,29.98098],[-94.109,29.98097]]]]}},{"type":"Feature","id":"2351","properties":{"id":"2351","unitIds":["2351"],"name":"Limestone County Complex 2","counties":["Limestone"],"region":"Austin/Waco","acres":113.0,"type":"dove_lease","pdfUrl":"https://tpwd.texas.gov/huntwild/hunt/public/annual_public_hunting/resources/LimestoneCountyComplex2.pdf","aerialPdfUrl":"","registration":"none","legalGameTags":["Dove","Teal","Rabbit","Coyotes"],"legalGameText":"","species":["coyote","dove","rabbit","teal"],"methods":["any_legal","shotgun"],"access":["aph_walk_in"],"complexes":["Beevill Branch"],"hasEpostcard":false,"hasRegularPermit":false,"epostcardUrl":"","countySlugs":["limestone"],"bookletPage":"95","bookletPdfPage":124,"bookletUrl":"https://tpwd.texas.gov/publications/pwdpubs/media/pwd_bk_w7000_0112a.pdf#page=124","lon":-96.67688,"lat":31.54032},"geometry":{"type":"Polygon","coordinates":[[[-96.67548,31.53707],[-96.67104,31.54483],[-96.67126,31.54509],[-96.68438,31.53857],[-96.67548,31.53707]]]}},{"type":"Feature","id":"741","properties":{"id":"741","unitIds":["741"],"name":"Longoria Unit - Las Palomas WMA - UPDATED","counties":["Cameron"],"region":"San Antonio/Corpus Christi","acres":373.0,"type":"wma","pdfUrl":"https://tpwd.texas.gov/huntwild/hunt/public/annual_public_hunting/resources/741.pdf","aerialPdfUrl":"https://tpwd.texas.gov/huntwild/hunt/public/annual_public_hunting/resources/LasPalomasLongoria_741.pdf","registration":"none","legalGameTags":["Dove","Quail","Chachalaca","Rabbit"],"legalGameText":"","species":["chachalaca","dove","quail","rabbit"],"methods":["any_legal","shotgun"],"access":["aph_walk_in"],"complexes":[],"hasEpostcard":false,"hasRegularPermit":false,"epostcardUrl":"","countySlugs":["cameron"],"bookletPage":"138","bookletPdfPage":167,"bookletUrl":"https://tpwd.texas.gov/publications/pwdpubs/media/pwd_bk_w7000_0112a.pdf#page=167","lon":-97.8251,"lat":26.32056},"geometry":{"type":"Polygon","coordinates":[[[-97.81906,26.3249],[-97.83506,26.325],[-97.83498,26.32129],[-97.83297,26.32132],[-97.83289,26.31769],[-97.81697,26.31492],[-97.81576,26.32173],[-97.81952,26.32231],[-97.81906,26.3249]]]}},{"type":"Feature","id":"2494","properties":{"id":"2494","unitIds":["2494"],"name":"Los Rincones","counties":["Kerr"],"region":"Central Texas","acres":138.0,"type":"dove_lease","pdfUrl":"https://tpwd.texas.gov/huntwild/hunt/public/annual_public_hunting/resources/2494.pdf","aerialPdfUrl":"https://tpwd.texas.gov/huntwild/hunt/public/annual_public_hunting/resources/LosRincones_2494.pdf","registration":"none","legalGameTags":["Deer - Archery","Feral hog","Exotics Mammals","Rabbit"],"legalGameText":"","species":["exotic_mammals","feral_hog","rabbit","white_tailed_deer"],"methods":["any_legal","archery"],"access":["aph_walk_in"],"complexes":[],"hasEpostcard":false,"hasRegularPermit":false,"epostcardUrl":"","countySlugs":["kerr"],"bookletPage":"37","bookletPdfPage":66,"bookletUrl":"https://tpwd.texas.gov/publications/pwdpubs/media/pwd_bk_w7000_0112a.pdf#page=66","lon":-99.18086,"lat":30.04371},"geometry":{"type":"Polygon","coordinates":[[[-99.1763,30.0413],[-99.17583,30.04343],[-99.17899,30.0461],[-99.18366,30.04687],[-99.18582,30.04405],[-99.18335,30.04113],[-99.1763,30.0413]]]}},{"type":"Feature","id":"506","properties":{"id":"506","unitIds":["506"],"name":"Lower Rio Grande Valley NWR - La Casita East","counties":["Starr"],"region":"San Antonio/Corpus Christi","acres":1400.0,"type":"other","pdfUrl":"https://tpwd.texas.gov/huntwild/hunt/public/annual_public_hunting/resources/506.pdf","aerialPdfUrl":"https://tpwd.texas.gov/huntwild/hunt/public/annual_public_hunting/resources/LRGVLaCasitaEast_506.pdf","registration":"none","legalGameTags":["Dove"],"legalGameText":"","species":["dove"],"methods":["shotgun"],"access":["aph_walk_in"],"complexes":[],"hasEpostcard":false,"hasRegularPermit":false,"epostcardUrl":"","countySlugs":["starr"],"bookletPage":"147","bookletPdfPage":176,"bookletUrl":"https://tpwd.texas.gov/publications/pwdpubs/media/pwd_bk_w7000_0112a.pdf#page=176","lon":-98.71636,"lat":26.30622},"geometry":{"type":"Polygon","coordinates":[[[-98.71745,26.31973],[-98.72423,26.32144],[-98.72397,26.31817],[-98.72633,26.31758],[-98.72652,26.29934],[-98.72107,26.29508],[-98.71861,26.28963],[-98.70989,26.28943],[-98.70825,26.29822],[-98.7118,26.29894],[-98.71091,26.3023],[-98.70764,26.30168],[-98.70526,26.32044],[-98.71118,26.32058],[-98.71425,26.31631],[-98.71581,26.31693],[-98.7157,26.31495],[-98.71799,26.31573],[-98.71745,26.31973]]]}},{"type":"Feature","id":"607","properties":{"id":"607","unitIds":["607"],"name":"Luminant Texas","counties":["Robertson"],"region":"Austin/Waco","acres":1071.0,"type":"other","pdfUrl":"https://tpwd.texas.gov/huntwild/hunt/public/annual_public_hunting/resources/607.pdf","aerialPdfUrl":"https://tpwd.texas.gov/huntwild/hunt/public/annual_public_hunting/resources/Luminant_607.pdf","registration":"none","legalGameTags":["Deer- Archery","Deer - General","Deer-Muzzleloader","Feral Hog","Dove","Teal","Waterfowl","Other Migratory Birds","Quail","Squirrel","Rabbit","Coyotes","Furbearers","Fishing","Youth/Adult Squirrel","Youth Deer","Youth Waterfowl","Veteran Waterfowl"],"legalGameText":"","species":["coyote","dove","feral_hog","furbearers","other_migratory","quail","rabbit","squirrel","teal","waterfowl","white_tailed_deer"],"methods":["any_legal","archery","firearm","muzzleloader","shotgun"],"access":["aph_walk_in","youth","youth_adult"],"complexes":[],"hasEpostcard":false,"hasRegularPermit":false,"epostcardUrl":"","countySlugs":["robertson"],"bookletPage":"101","bookletPdfPage":130,"bookletUrl":"https://tpwd.texas.gov/publications/pwdpubs/media/pwd_bk_w7000_0112a.pdf#page=130","lon":-96.3873,"lat":31.27814},"geometry":{"type":"Polygon","coordinates":[[[-96.35946,31.28164],[-96.36068,31.28616],[-96.36326,31.28491],[-96.36634,31.28602],[-96.3712,31.28275],[-96.37313,31.28484],[-96.3821,31.27961],[-96.38927,31.2893],[-96.39852,31.28361],[-96.39709,31.28163],[-96.40287,31.27845],[-96.40424,31.28017],[-96.4092,31.27715],[-96.40667,31.27367],[-96.39996,31.27163],[-96.39567,31.2662],[-96.38576,31.27522],[-96.38682,31.2765],[-96.38335,31.27659],[-96.37631,31.26682],[-96.37304,31.26858],[-96.37881,31.2755],[-96.36995,31.28081],[-96.36858,31.27929],[-96.36381,31.28215],[-96.36245,31.28041],[-96.35946,31.28164]]]}},{"type":"Feature","id":"729","properties":{"id":"729","unitIds":["729"],"name":"Mad Island WMA","counties":["Matagorda"],"region":"Houston/Beaumont","acres":7719.0,"type":"wma","pdfUrl":"https://tpwd.texas.gov/huntwild/hunt/public/annual_public_hunting/resources/729.pdf","aerialPdfUrl":"https://tpwd.texas.gov/huntwild/hunt/public/annual_public_hunting/resources/MadIsland_729.pdf","registration":"none","legalGameTags":["Dove","Teal","Waterfowl","Sandhill Cranes","Other Migratory Birds","Youth Waterfowl","Veteran Waterfowl","E-Postcard Youth Deer"],"legalGameText":"","species":["dove","other_migratory","sandhill_crane","teal","waterfowl","white_tailed_deer"],"methods":["any_legal","shotgun"],"access":["aph_walk_in","e_postcard","youth"],"complexes":[],"hasEpostcard":true,"hasRegularPermit":false,"epostcardUrl":"https://tpwd.texas.gov/huntwild/hunt/public/public_hunt_drawing/hunt-area-details.phtml?OArea=MD","countySlugs":["matagorda"],"bookletPage":"117","bookletPdfPage":146,"bookletUrl":"https://tpwd.texas.gov/publications/pwdpubs/media/pwd_bk_w7000_0112a.pdf#page=146","lon":-96.0462,"lat":28.67604},"geometry":{"type":"Polygon","coordinates":[[[-96.01502,28.69964],[-96.04016,28.69919],[-96.04015,28.69638],[-96.0762,28.69629],[-96.07605,28.63745],[-96.06557,28.64756],[-96.04539,28.65889],[-96.02112,28.66187],[-96.01195,28.66577],[-96.01263,28.67154],[-96.00625,28.68661],[-96.00845,28.68952],[-96.01479,28.68941],[-96.01502,28.69964]]]}},{"type":"Feature","id":"2554","properties":{"id":"2554","unitIds":["2554"],"name":"Margolies","counties":["Floyd"],"region":"Panhandle","acres":160.0,"type":"dove_lease","pdfUrl":"https://tpwd.texas.gov/huntwild/hunt/public/annual_public_hunting/resources/2554.pdf","aerialPdfUrl":"https://tpwd.texas.gov/huntwild/hunt/public/annual_public_hunting/resources/Margolies_2554.pdf","registration":"none","legalGameTags":["Dove","Teal","Waterfowl","Cranes","Quail","Pheasant","Rabbit","Youth Waterfowl","Veteran Waterfowl"],"legalGameText":"","species":["dove","pheasant","quail","rabbit","sandhill_crane","teal","waterfowl"],"methods":["any_legal","shotgun"],"access":["aph_walk_in","youth"],"complexes":[],"hasEpostcard":false,"hasRegularPermit":false,"epostcardUrl":"","countySlugs":["floyd"],"bookletPage":"10","bookletPdfPage":39,"bookletUrl":"https://tpwd.texas.gov/publications/pwdpubs/media/pwd_bk_w7000_0112a.pdf#page=39","lon":-101.20901,"lat":34.12522},"geometry":{"type":"Polygon","coordinates":[[[-101.2133,34.1216],[-101.20462,34.12169],[-101.20469,34.1288],[-101.21338,34.12878],[-101.2133,34.1216]]]}},{"type":"Feature","id":"2574","properties":{"id":"2574","unitIds":["2574"],"name":"Margoso - Canadian River Complex 6","counties":["Moore"],"region":"Panhandle","acres":1568.0,"type":"dove_lease","pdfUrl":"https://tpwd.texas.gov/huntwild/hunt/public/annual_public_hunting/resources/CanadianRiverComplex6.pdf","aerialPdfUrl":"https://tpwd.texas.gov/huntwild/hunt/public/annual_public_hunting/resources/CanadianRiverComplex6_Margoso_2574.pdf","registration":"none","legalGameTags":["Dove","Teal","Waterfowl","Cranes","Pheasant","Rabbit","Coyotes","Youth Waterfowl","Veteran Waterfowl"],"legalGameText":"","species":["coyote","dove","pheasant","rabbit","sandhill_crane","teal","waterfowl"],"methods":["any_legal","shotgun"],"access":["aph_walk_in","youth"],"complexes":[],"hasEpostcard":false,"hasRegularPermit":false,"epostcardUrl":"","countySlugs":["moore"],"bookletPage":"27","bookletPdfPage":56,"bookletUrl":"https://tpwd.texas.gov/publications/pwdpubs/media/pwd_bk_w7000_0112a.pdf#page=56","lon":-102.13941,"lat":35.88575},"geometry":{"type":"Polygon","coordinates":[[[-102.15935,35.88095],[-102.13551,35.88071],[-102.1356,35.87077],[-102.12395,35.87061],[-102.12385,35.89518],[-102.1594,35.89534],[-102.15935,35.88095]]]}},{"type":"Feature","id":"2547","properties":{"id":"2547","unitIds":["2547"],"name":"Marlin Lake Park","counties":["Falls"],"region":"Austin/Waco","acres":903.0,"type":"dove_lease","pdfUrl":"https://tpwd.texas.gov/huntwild/hunt/public/annual_public_hunting/resources/2547.pdf","aerialPdfUrl":"https://tpwd.texas.gov/huntwild/hunt/public/annual_public_hunting/resources/MarlinLakePark_2547.pdf","registration":"none","legalGameTags":["Deer- Archery","Feral Hog","Dove","Teal","Waterfowl","Squirrel","Rabbit","Coyotes","Furbearers","Fishing","Youth Deer","Youth Waterfowl","Veteran Waterfowl"],"legalGameText":"","species":["coyote","dove","feral_hog","furbearers","rabbit","squirrel","teal","waterfowl","white_tailed_deer"],"methods":["any_legal","archery","shotgun"],"access":["aph_walk_in","youth"],"complexes":[],"hasEpostcard":false,"hasRegularPermit":false,"epostcardUrl":"","countySlugs":["falls"],"bookletPage":"91","bookletPdfPage":120,"bookletUrl":"https://tpwd.texas.gov/publications/pwdpubs/media/pwd_bk_w7000_0112a.pdf#page=120","lon":-96.86565,"lat":31.35009},"geometry":{"type":"MultiPolygon","coordinates":[[[[-96.86031,31.35296],[-96.85538,31.34547],[-96.85281,31.33683],[-96.86337,31.3326],[-96.86469,31.33563],[-96.86268,31.33755],[-96.86577,31.34056],[-96.86402,31.34158],[-96.86559,31.34424],[-96.87054,31.34523],[-96.87167,31.34692],[-96.86993,31.34783],[-96.87172,31.35071],[-96.86319,31.35355],[-96.86264,31.35198],[-96.86031,31.35296]]],[[[-96.86743,31.36576],[-96.86828,31.36245],[-96.86323,31.35362],[-96.87177,31.35076],[-96.87447,31.35469],[-96.87306,31.35534],[-96.87425,31.36041],[-96.88114,31.36256],[-96.87746,31.36349],[-96.88015,31.36604],[-96.87882,31.37172],[-96.87586,31.36613],[-96.87025,31.36413],[-96.86743,31.36576]]]]}},{"type":"Feature","id":"749","properties":{"id":"749","unitIds":["749"],"name":"Mason Mountain WMA","counties":["Mason"],"region":"Central Texas","acres":733.0,"type":"wma","pdfUrl":"https://tpwd.texas.gov/huntwild/hunt/public/annual_public_hunting/resources/749.pdf","aerialPdfUrl":"https://tpwd.texas.gov/huntwild/hunt/public/annual_public_hunting/resources/MasonMountain_749.pdf","registration":"none","legalGameTags":["Dove"],"legalGameText":"","species":["dove"],"methods":["shotgun"],"access":["aph_walk_in"],"complexes":[],"hasEpostcard":false,"hasRegularPermit":false,"epostcardUrl":"","countySlugs":["mason"],"bookletPage":"38","bookletPdfPage":67,"bookletUrl":"https://tpwd.texas.gov/publications/pwdpubs/media/pwd_bk_w7000_0112a.pdf#page=67","lon":-99.20742,"lat":30.846},"geometry":{"type":"MultiPolygon","coordinates":[[[[-99.23117,30.80776],[-99.23109,30.81514],[-99.21921,30.81506],[-99.21919,30.80941],[-99.23117,30.80776]]],[[[-99.19877,30.85445],[-99.20238,30.85041],[-99.20469,30.85008],[-99.20452,30.862],[-99.20157,30.86195],[-99.20145,30.86702],[-99.18929,30.86689],[-99.19159,30.8609],[-99.18922,30.85422],[-99.19877,30.85445]]],[[[-99.23407,30.86329],[-99.23352,30.86065],[-99.24019,30.86169],[-99.23975,30.86337],[-99.23407,30.86329]]]]}},{"type":"Feature","id":"702","properties":{"id":"702","unitIds":["702"],"name":"Matador WMA","counties":["Cottle"],"region":"Panhandle","acres":28183.0,"type":"wma","pdfUrl":"https://tpwd.texas.gov/huntwild/hunt/public/annual_public_hunting/resources/702.pdf","aerialPdfUrl":"https://tpwd.texas.gov/huntwild/hunt/public/annual_public_hunting/resources/Matador_702.pdf","registration":"none","legalGameTags":["Feral Hog","Dove","Teal","Quail","Rabbit","Fishing","Youth/Adult Dove","Youth/Adult Quail","E-Postcard Predator"],"legalGameText":"","species":["dove","feral_hog","furbearers","quail","rabbit","teal"],"methods":["any_legal","shotgun"],"access":["aph_walk_in","e_postcard","youth_adult"],"complexes":[],"hasEpostcard":true,"hasRegularPermit":false,"epostcardUrl":"https://tpwd.texas.gov/huntwild/hunt/public/public_hunt_drawing/hunt-area-details.phtml?OArea=MA","countySlugs":["cottle"],"bookletPage":"5","bookletPdfPage":34,"bookletUrl":"https://tpwd.texas.gov/publications/pwdpubs/media/pwd_bk_w7000_0112a.pdf#page=34","lon":-100.42557,"lat":34.13429},"geometry":{"type":"Polygon","coordinates":[[[-100.5163,34.17636],[-100.51379,34.10303],[-100.50496,34.10305],[-100.50157,34.10611],[-100.49741,34.10561],[-100.49636,34.1031],[-100.47845,34.10316],[-100.47595,34.10446],[-100.4688,34.10197],[-100.45825,34.10341],[-100.38889,34.10247],[-100.3348,34.10353],[-100.33464,34.11542],[-100.33764,34.11827],[-100.33352,34.11831],[-100.3338,34.16348],[-100.50625,34.16578],[-100.50443,34.17392],[-100.51411,34.17409],[-100.51413,34.17634],[-100.5163,34.17636]]]}},{"type":"Feature","id":"722","properties":{"id":"722","unitIds":["722"],"name":"Matagorda Island WMA","counties":["Calhoun"],"region":"San Antonio/Corpus Christi","acres":null,"type":"wma","pdfUrl":"https://tpwd.texas.gov/huntwild/hunt/public/annual_public_hunting/resources/722.pdf","aerialPdfUrl":"https://tpwd.texas.gov/huntwild/hunt/public/annual_public_hunting/resources/Matagorda_722.pdf","registration":"none","legalGameTags":["Waterfowl"],"legalGameText":"","species":["waterfowl"],"methods":["shotgun"],"access":["aph_walk_in"],"complexes":[],"hasEpostcard":false,"hasRegularPermit":false,"epostcardUrl":"","countySlugs":["calhoun"],"bookletPage":"129","bookletPdfPage":158,"bookletUrl":"https://tpwd.texas.gov/publications/pwdpubs/media/pwd_bk_w7000_0112a.pdf#page=158","lon":-96.64029,"lat":28.23172},"geometry":{"type":"Polygon","coordinates":[[[-96.44925,28.31447],[-96.5529,28.26854],[-96.62154,28.22992],[-96.66948,28.19941],[-96.72166,28.16366],[-96.77657,28.12347],[-96.84811,28.06566],[-96.85146,28.06573],[-96.84534,28.0713],[-96.84383,28.08326],[-96.82977,28.11085],[-96.82527,28.1125],[-96.8237,28.11594],[-96.81082,28.12451],[-96.80995,28.12704],[-96.81145,28.13318],[-96.80354,28.13584],[-96.80232,28.14116],[-96.8046,28.14478],[-96.81597,28.14157],[-96.81802,28.14402],[-96.82008,28.14219],[-96.81783,28.15154],[-96.81664,28.14904],[-96.81535,28.1534],[-96.81693,28.15181],[-96.81618,28.15351],[-96.8176,28.15218],[-96.81786,28.15326],[-96.8167,28.15505],[-96.81119,28.15608],[-96.81163,28.15706],[-96.81623,28.1553],[-96.81688,28.15995],[-96.82317,28.16758],[-96.81954,28.16788],[-96.81626,28.17537],[-96.81258,28.17491],[-96.80682,28.17778],[-96.79909,28.18516],[-96.79303,28.18845],[-96.77077,28.18932],[-96.77149,28.18792],[-96.76828,28.18526],[-96.76986,28.18911],[-96.76083,28.18925],[-96.75607,28.18576],[-96.75602,28.18849],[-96.75155,28.18784],[-96.74892,28.1782],[-96.75058,28.17146],[-96.74858,28.17204],[-96.74835,28.17793],[-96.7506,28.18704],[-96.74857,28.18971],[-96.74639,28.18945],[-96.74714,28.18556],[-96.74518,28.18416],[-96.74396,28.18519],[-96.7431,28.18313],[-96.74055,28.18238],[-96.74362,28.18693],[-96.74647,28.18703],[-96.74497,28.18955],[-96.73587,28.19127],[-96.73364,28.19019],[-96.70163,28.19833],[-96.70297,28.19927],[-96.69759,28.20253],[-96.69808,28.20642],[-96.69604,28.20436],[-96.69384,28.20518],[-96.69612,28.20667],[-96.69032,28.2069],[-96.69094,28.20869],[-96.69324,28.20885],[-96.69125,28.21563],[-96.69164,28.21174],[-96.68874,28.21077],[-96.68753,28.21183],[-96.69032,28.21609],[-96.69278,28.21579],[-96.69402,28.21426],[-96.69682,28.2157],[-96.69795,28.21217],[-96.70103,28.21307],[-96.69953,28.21002],[-96.70057,28.208],[-96.70295,28.21669],[-96.68928,28.21763],[-96.6733,28.22505],[-96.66919,28.22438],[-96.66799,28.22656],[-96.65426,28.22816],[-96.66293,28.23263],[-96.66357,28.23137],[-96.66531,28.23153],[-96.65819,28.2423],[-96.64962,28.24372],[-96.65044,28.24708],[-96.65386,28.24681],[-96.65689,28.24418],[-96.65169,28.25156],[-96.63492,28.26097],[-96.62409,28.26312],[-96.61535,28.26271],[-96.61579,28.26487],[-96.61929,28.26732],[-96.62588,28.26649],[-96.6264,28.26944],[-96.63126,28.26917],[-96.62332,28.26965],[-96.62223,28.26759],[-96.61921,28.27059],[-96.61491,28.27199],[-96.61105,28.27197],[-96.61079,28.27014],[-96.60339,28.27239],[-96.60187,28.2739],[-96.60329,28.2761],[-96.61053,28.27238],[-96.61367,28.27408],[-96.60689,28.27591],[-96.60686,28.27818],[-96.60422,28.27864],[-96.60236,28.27699],[-96.5924,28.27908],[-96.59222,28.28062],[-96.59354,28.28052],[-96.59064,28.28325],[-96.59677,28.28476],[-96.60735,28.28224],[-96.61037,28.28007],[-96.61285,28.27536],[-96.62421,28.27125],[-96.61715,28.27748],[-96.61216,28.2791],[-96.61318,28.28105],[-96.61163,28.2826],[-96.60513,28.28648],[-96.60187,28.28618],[-96.60493,28.28801],[-96.60021,28.28662],[-96.59294,28.28724],[-96.59206,28.28914],[-96.58616,28.29054],[-96.57288,28.30158],[-96.57715,28.30138],[-96.5818,28.29744],[-96.58435,28.29944],[-96.58601,28.29842],[-96.58582,28.29478],[-96.5893,28.29359],[-96.61353,28.29048],[-96.61234,28.29224],[-96.6087,28.29366],[-96.59897,28.29359],[-96.58573,28.30053],[-96.57935,28.30205],[-96.55128,28.30241],[-96.54776,28.30626],[-96.54501,28.30586],[-96.5418,28.30677],[-96.53712,28.3095],[-96.5398,28.3065],[-96.53813,28.30661],[-96.53871,28.30458],[-96.53553,28.3023],[-96.54072,28.29902],[-96.54971,28.29983],[-96.55643,28.29766],[-96.5541,28.30051],[-96.5583,28.29874],[-96.56275,28.29981],[-96.57162,28.29608],[-96.57503,28.29285],[-96.55766,28.29267],[-96.55308,28.29411],[-96.55302,28.29196],[-96.54917,28.29258],[-96.55041,28.29484],[-96.55341,28.29482],[-96.55311,28.29691],[-96.55075,28.29592],[-96.54767,28.29872],[-96.53651,28.2981],[-96.53522,28.303],[-96.53758,28.30526],[-96.53156,28.30316],[-96.52766,28.30556],[-96.52703,28.30804],[-96.52323,28.30705],[-96.52051,28.30338],[-96.51577,28.30416],[-96.50845,28.30929],[-96.50645,28.3133],[-96.50236,28.31234],[-96.49599,28.31793],[-96.4914,28.31734],[-96.4901,28.31965],[-96.48501,28.32084],[-96.48206,28.32536],[-96.47913,28.3269],[-96.48012,28.32763],[-96.48038,28.3263],[-96.48175,28.32841],[-96.48289,28.32744],[-96.48309,28.32891],[-96.49723,28.32531],[-96.50162,28.32622],[-96.50774,28.32253],[-96.51307,28.32473],[-96.52156,28.32309],[-96.5342,28.31782],[-96.54202,28.31095],[-96.545,28.3061],[-96.54707,28.30623],[-96.54318,28.31519],[-96.5327,28.32153],[-96.51719,28.32549],[-96.48985,28.32811],[-96.48118,28.33038],[-96.4791,28.33056],[-96.47892,28.32934],[-96.47695,28.33104],[-96.47162,28.33175],[-96.4756,28.33054],[-96.47574,28.32703],[-96.47192,28.33099],[-96.46561,28.33104],[-96.46459,28.33347],[-96.46336,28.33258],[-96.4639,28.33397],[-96.46152,28.33373],[-96.46378,28.33478],[-96.46346,28.33638],[-96.46035,28.33441],[-96.43934,28.34366],[-96.42995,28.35138],[-96.43121,28.35253],[-96.42973,28.35309],[-96.43108,28.35321],[-96.44057,28.34987],[-96.44122,28.35196],[-96.43632,28.3605],[-96.43277,28.36128],[-96.43241,28.3645],[-96.42917,28.36378],[-96.4301,28.36533],[-96.42776,28.36675],[-96.42877,28.36837],[-96.42742,28.37092],[-96.42876,28.37213],[-96.4367,28.37044],[-96.43761,28.37136],[-96.43861,28.36981],[-96.43964,28.37241],[-96.44521,28.37072],[-96.44549,28.37238],[-96.44109,28.37307],[-96.43462,28.37733],[-96.42996,28.38274],[-96.42963,28.38849],[-96.42733,28.3882],[-96.42165,28.38259],[-96.42712,28.38921],[-96.4217,28.39287],[-96.42752,28.39395],[-96.41859,28.39934],[-96.41209,28.3999],[-96.41237,28.38686],[-96.41867,28.38509],[-96.41247,28.38617],[-96.41174,28.38238],[-96.4118,28.3862],[-96.41026,28.38653],[-96.41196,28.38687],[-96.41162,28.39371],[-96.40584,28.3932],[-96.41161,28.39434],[-96.41151,28.39973],[-96.40659,28.39929],[-96.4052,28.39016],[-96.40305,28.38682],[-96.40523,28.38106],[-96.40458,28.37554],[-96.40768,28.37093],[-96.41484,28.37129],[-96.41817,28.36973],[-96.41122,28.37006],[-96.40488,28.36829],[-96.40415,28.37182],[-96.4005,28.35576],[-96.42408,28.33248],[-96.44925,28.31447]]]}},{"type":"Feature","id":"2318","properties":{"id":"2318","unitIds":["2318"],"name":"Mertens","counties":["Navarro"],"region":"Austin/Waco","acres":378.0,"type":"dove_lease","pdfUrl":"https://tpwd.texas.gov/huntwild/hunt/public/annual_public_hunting/resources/2318.pdf","aerialPdfUrl":"https://tpwd.texas.gov/huntwild/hunt/public/annual_public_hunting/resources/Mertens_2318.pdf","registration":"none","legalGameTags":["Dove","Teal","Waterfowl","Rabbit","Coyotes","Youth Waterfowl","Veteran Waterfowl"],"legalGameText":"","species":["coyote","dove","rabbit","teal","waterfowl"],"methods":["any_legal","shotgun"],"access":["aph_walk_in","youth"],"complexes":[],"hasEpostcard":false,"hasRegularPermit":false,"epostcardUrl":"","countySlugs":["navarro"],"bookletPage":"100","bookletPdfPage":129,"bookletUrl":"https://tpwd.texas.gov/publications/pwdpubs/media/pwd_bk_w7000_0112a.pdf#page=129","lon":-96.8455,"lat":32.02202},"geometry":{"type":"Polygon","coordinates":[[[-96.84892,32.01218],[-96.83682,32.01838],[-96.84542,32.03088],[-96.85482,32.02598],[-96.85242,32.02288],[-96.85042,32.02398],[-96.84832,32.02098],[-96.84652,32.02178],[-96.84422,32.01858],[-96.85082,32.01528],[-96.84892,32.01218]]]}},{"type":"Feature","id":"2156","properties":{"id":"2156","unitIds":["2156","2325"],"name":"Milam County Complex 1","counties":["Milam"],"region":"Austin/Waco","acres":523.0,"type":"dove_lease","pdfUrl":"https://tpwd.texas.gov/huntwild/hunt/public/annual_public_hunting/resources/MilamCountyComplex1.pdf","aerialPdfUrl":"","registration":"none","legalGameTags":["Dove"],"legalGameText":"","species":["dove"],"methods":["shotgun"],"access":["aph_walk_in"],"complexes":["Farm Road 1445 North","Little Pond Creek"],"hasEpostcard":false,"hasRegularPermit":false,"epostcardUrl":"","countySlugs":["milam"],"bookletPage":"97","bookletPdfPage":126,"bookletUrl":"https://tpwd.texas.gov/publications/pwdpubs/media/pwd_bk_w7000_0112a.pdf#page=126","lon":-96.91582,"lat":30.97562},"geometry":{"type":"MultiPolygon","coordinates":[[[[-96.90772,30.96978],[-96.91242,30.97688],[-96.90332,30.98158],[-96.89802,30.97408],[-96.90152,30.97218],[-96.89532,30.96368],[-96.90072,30.96088],[-96.91262,30.96428],[-96.90772,30.96978]]],[[[-96.93443,30.98658],[-96.94275,30.98271],[-96.95214,30.98836],[-96.94998,30.99001],[-96.94872,30.98852],[-96.94598,30.98928],[-96.93886,30.99297],[-96.93443,30.98658]]]]}},{"type":"Feature","id":"2484","properties":{"id":"2484","unitIds":["2484","2486"],"name":"Milam County Complex 2","counties":["Milam"],"region":"Austin/Waco","acres":227.0,"type":"dove_lease","pdfUrl":"https://tpwd.texas.gov/huntwild/hunt/public/annual_public_hunting/resources/MilamCountyComplex2.pdf","aerialPdfUrl":"","registration":"none","legalGameTags":["Dove","Teal"],"legalGameText":"","species":["dove","teal"],"methods":["shotgun"],"access":["aph_walk_in"],"complexes":["Ben Arnold","FM 485"],"hasEpostcard":false,"hasRegularPermit":false,"epostcardUrl":"","countySlugs":["milam"],"bookletPage":"98","bookletPdfPage":127,"bookletUrl":"https://tpwd.texas.gov/publications/pwdpubs/media/pwd_bk_w7000_0112a.pdf#page=127","lon":-96.98198,"lat":30.96157},"geometry":{"type":"MultiPolygon","coordinates":[[[[-97.00387,30.91747],[-97.01262,30.91994],[-97.01357,30.92147],[-97.01127,30.92273],[-97.00388,30.92061],[-97.00387,30.91747]]],[[[-96.97475,30.96962],[-96.97635,30.9701],[-96.97847,30.97814],[-96.97682,30.98065],[-96.96577,30.97767],[-96.96604,30.97563],[-96.96874,30.97481],[-96.97036,30.97221],[-96.97251,30.97279],[-96.97623,30.96316],[-96.97475,30.96962]]]]}},{"type":"Feature","id":"2502","properties":{"id":"2502","unitIds":["2502"],"name":"Miller Farm","counties":["Lynn"],"region":"Panhandle","acres":320.0,"type":"dove_lease","pdfUrl":"https://tpwd.texas.gov/huntwild/hunt/public/annual_public_hunting/resources/2502.pdf","aerialPdfUrl":"https://tpwd.texas.gov/huntwild/hunt/public/annual_public_hunting/resources/MillerFarm_2502.pdf","registration":"none","legalGameTags":["Teal","Waterfowl","Cranes"],"legalGameText":"","species":["sandhill_crane","teal","waterfowl"],"methods":["shotgun"],"access":["aph_walk_in"],"complexes":[],"hasEpostcard":false,"hasRegularPermit":false,"epostcardUrl":"","countySlugs":["lynn"],"bookletPage":"17","bookletPdfPage":46,"bookletUrl":"https://tpwd.texas.gov/publications/pwdpubs/media/pwd_bk_w7000_0112a.pdf#page=46","lon":-101.77903,"lat":33.11857},"geometry":{"type":"Polygon","coordinates":[[[-101.78682,33.12226],[-101.78579,33.11481],[-101.7717,33.11485],[-101.77174,33.12219],[-101.78682,33.12226]]]}},{"type":"Feature","id":"2559","properties":{"id":"2559","unitIds":["2559"],"name":"Millhollon Trust","counties":["Scurry"],"region":"Central Texas","acres":264.0,"type":"dove_lease","pdfUrl":"https://tpwd.texas.gov/huntwild/hunt/public/annual_public_hunting/resources/2559.pdf","aerialPdfUrl":"https://tpwd.texas.gov/huntwild/hunt/public/annual_public_hunting/resources/MillhollonTrust_2559.pdf","registration":"none","legalGameTags":["Dove","Quail"],"legalGameText":"","species":["dove","quail"],"methods":["any_legal","shotgun"],"access":["aph_walk_in"],"complexes":[],"hasEpostcard":false,"hasRegularPermit":false,"epostcardUrl":"","countySlugs":["scurry"],"bookletPage":"40","bookletPdfPage":69,"bookletUrl":"https://tpwd.texas.gov/publications/pwdpubs/media/pwd_bk_w7000_0112a.pdf#page=69","lon":-100.99534,"lat":32.66751},"geometry":{"type":"Polygon","coordinates":[[[-100.99972,32.66041],[-100.99102,32.66227],[-100.99083,32.67365],[-100.99934,32.67383],[-100.99972,32.66041]]]}},{"type":"Feature","id":"720","properties":{"id":"720","unitIds":["720"],"name":"Mission Lake Unit - Guadalupe Delta WMA","counties":["Calhoun"],"region":"San Antonio/Corpus Christi","acres":4448.0,"type":"wma","pdfUrl":"https://tpwd.texas.gov/huntwild/hunt/public/annual_public_hunting/resources/720.pdf","aerialPdfUrl":"https://tpwd.texas.gov/huntwild/hunt/public/annual_public_hunting/resources/GuadalupeDeltaMissionLake_720.pdf","registration":"none","legalGameTags":["Dove","Teal","Waterfowl","Other Migratory Birds","Fishing","Youth Waterfowl","Veteran Waterfowl"],"legalGameText":"","species":["dove","other_migratory","teal","waterfowl"],"methods":["any_legal","shotgun"],"access":["aph_walk_in","youth"],"complexes":[],"hasEpostcard":false,"hasRegularPermit":false,"epostcardUrl":"","countySlugs":["calhoun"],"bookletPage":"130","bookletPdfPage":159,"bookletUrl":"https://tpwd.texas.gov/publications/pwdpubs/media/pwd_bk_w7000_0112a.pdf#page=159","lon":-96.81912,"lat":28.49093},"geometry":{"type":"Polygon","coordinates":[[[-96.78989,28.48457],[-96.80477,28.51895],[-96.84106,28.49771],[-96.83235,28.4937],[-96.83024,28.49537],[-96.83109,28.49246],[-96.83605,28.49147],[-96.84285,28.49607],[-96.8513,28.48764],[-96.84963,28.48743],[-96.84449,28.48064],[-96.84103,28.48128],[-96.83496,28.471],[-96.83594,28.46663],[-96.83481,28.46397],[-96.82761,28.46089],[-96.82788,28.46776],[-96.82289,28.47116],[-96.80909,28.47892],[-96.78989,28.48457]]]}},{"type":"Feature","id":"902","properties":{"id":"902","unitIds":["902"],"name":"Moore Plantation WMA","counties":["Sabine"],"region":"Pineywoods","acres":23264.0,"type":"wma","pdfUrl":"https://tpwd.texas.gov/huntwild/hunt/public/annual_public_hunting/resources/902.pdf","aerialPdfUrl":"https://tpwd.texas.gov/huntwild/hunt/public/annual_public_hunting/resources/MoorePlantation_902.pdf","registration":"none","legalGameTags":["Deer - Archery","Deer - General","Deer-Muzzleloader","Feral Hog","Exotic Mammals","Dove","Teal","Waterfowl","Other Migratory Birds","Squirrel","Rabbit","Coyotes","Furbearers/Predators","Fishing","Youth/Adult Squirrel","Youth Deer","Youth Waterfowl","Veteran Waterfowl","E-Postcard Turkey"],"legalGameText":"","species":["coyote","dove","exotic_mammals","feral_hog","furbearers","other_migratory","rabbit","squirrel","teal","turkey","waterfowl","white_tailed_deer"],"methods":["any_legal","archery","firearm","muzzleloader","shotgun"],"access":["aph_walk_in","e_postcard","youth","youth_adult"],"complexes":[],"hasEpostcard":true,"hasRegularPermit":false,"epostcardUrl":"https://tpwd.texas.gov/huntwild/hunt/public/public_hunt_drawing/hunt-area-details.phtml?OArea=MP","countySlugs":["sabine"],"bookletPage":"81","bookletPdfPage":110,"bookletUrl":"https://tpwd.texas.gov/publications/pwdpubs/media/pwd_bk_w7000_0112a.pdf#page=110","lon":-93.90605,"lat":31.23664},"geometry":{"type":"MultiPolygon","coordinates":[[[[-93.91353,31.1855],[-93.90196,31.18728],[-93.90774,31.18129],[-93.91353,31.1855]]],[[[-93.9659,31.1966],[-93.96362,31.1964],[-93.96455,31.19339],[-93.96116,31.19247],[-93.96618,31.18911],[-93.95976,31.18517],[-93.95973,31.17487],[-93.96354,31.16576],[-93.96563,31.16638],[-93.96841,31.16358],[-93.96731,31.1627],[-93.96963,31.16238],[-93.96858,31.16121],[-93.97116,31.16096],[-93.97179,31.17726],[-93.97504,31.18828],[-93.97267,31.18982],[-93.97474,31.18933],[-93.97148,31.19446],[-93.97715,31.19599],[-93.96705,31.20604],[-93.96724,31.20874],[-93.96234,31.19572],[-93.96593,31.19868],[-93.9659,31.1966]]],[[[-93.83008,31.26631],[-93.83475,31.25814],[-93.83102,31.25617],[-93.8285,31.2595],[-93.82561,31.25862],[-93.82764,31.25317],[-93.83118,31.25462],[-93.83052,31.24967],[-93.82749,31.24971],[-93.82916,31.24702],[-93.82726,31.24583],[-93.82798,31.24197],[-93.83585,31.23399],[-93.84501,31.23048],[-93.84375,31.22854],[-93.84456,31.22692],[-93.85444,31.22864],[-93.85592,31.23258],[-93.84852,31.24296],[-93.86808,31.25289],[-93.86485,31.25701],[-93.86598,31.25857],[-93.87148,31.26119],[-93.87685,31.25475],[-93.89106,31.26347],[-93.89608,31.25752],[-93.88153,31.24904],[-93.87812,31.25326],[-93.86376,31.2449],[-93.87117,31.23612],[-93.8918,31.24057],[-93.92435,31.22981],[-93.9203,31.22011],[-93.88793,31.23039],[-93.88193,31.21606],[-93.92828,31.20179],[-93.92628,31.20038],[-93.92482,31.2019],[-93.91855,31.19712],[-93.92436,31.19156],[-93.92233,31.19594],[-93.92498,31.1972],[-93.92862,31.19157],[-93.9275,31.19068],[-93.93817,31.18001],[-93.93929,31.18096],[-93.93638,31.18388],[-93.93624,31.18818],[-93.95021,31.18803],[-93.95197,31.18127],[-93.94851,31.1789],[-93.93781,31.17913],[-93.93715,31.18038],[-93.93535,31.17908],[-93.91818,31.18373],[-93.89932,31.1695],[-93.90947,31.15973],[-93.91609,31.16104],[-93.9187,31.15718],[-93.91464,31.15431],[-93.91689,31.15176],[-93.92332,31.15673],[-93.91941,31.16379],[-93.92571,31.16824],[-93.92684,31.16532],[-93.93145,31.16608],[-93.9333,31.168],[-93.93511,31.16598],[-93.9397,31.16957],[-93.94149,31.16832],[-93.94503,31.16943],[-93.95011,31.16438],[-93.95698,31.16706],[-93.96026,31.164],[-93.96082,31.1656],[-93.96293,31.16558],[-93.95904,31.17612],[-93.95926,31.18444],[-93.9569,31.18258],[-93.95007,31.18865],[-93.95515,31.19247],[-93.95911,31.19067],[-93.95902,31.19304],[-93.96139,31.19495],[-93.96683,31.20837],[-93.96307,31.21722],[-93.95926,31.21436],[-93.9517,31.22161],[-93.96077,31.2189],[-93.95874,31.22338],[-93.95648,31.22272],[-93.95068,31.24394],[-93.94875,31.24582],[-93.94316,31.2425],[-93.94423,31.24106],[-93.94242,31.24006],[-93.94137,31.24144],[-93.93441,31.23731],[-93.92488,31.24929],[-93.93998,31.25866],[-93.93937,31.25967],[-93.94659,31.26279],[-93.94519,31.26444],[-93.94671,31.26533],[-93.92151,31.29513],[-93.89881,31.28125],[-93.89251,31.29008],[-93.88902,31.28835],[-93.89067,31.28619],[-93.884,31.28261],[-93.874,31.29668],[-93.86917,31.29419],[-93.86684,31.29758],[-93.86426,31.29653],[-93.86065,31.3017],[-93.85334,31.29787],[-93.85551,31.29413],[-93.84262,31.28778],[-93.84184,31.27963],[-93.83008,31.26631]]]]}},{"type":"Feature","id":"2576","properties":{"id":"2576","unitIds":["2576"],"name":"Morris - Canadian River Complex 2","counties":["Carson"],"region":"Panhandle","acres":1280.0,"type":"dove_lease","pdfUrl":"https://tpwd.texas.gov/huntwild/hunt/public/annual_public_hunting/resources/CanadianRiverComplex2.pdf","aerialPdfUrl":"https://tpwd.texas.gov/huntwild/hunt/public/annual_public_hunting/resources/CanadianRiverComplex2_Morris_2576.pdf","registration":"none","legalGameTags":["Dove","Teal","Waterfowl","Cranes","Pheasant","Rabbit","Coyotes","Youth Waterfowl","Veteran Waterfowl"],"legalGameText":"","species":["coyote","dove","pheasant","rabbit","sandhill_crane","teal","waterfowl"],"methods":["any_legal","shotgun"],"access":["aph_walk_in","youth"],"complexes":[],"hasEpostcard":false,"hasRegularPermit":false,"epostcardUrl":"","countySlugs":["carson"],"bookletPage":"23","bookletPdfPage":52,"bookletUrl":"https://tpwd.texas.gov/publications/pwdpubs/media/pwd_bk_w7000_0112a.pdf#page=52","lon":-101.4705,"lat":35.34693},"geometry":{"type":"Polygon","coordinates":[[[-101.48819,35.35395],[-101.48812,35.33958],[-101.45278,35.33994],[-101.45287,35.35426],[-101.48819,35.35395]]]}},{"type":"Feature","id":"2364","properties":{"id":"2364","unitIds":["2364"],"name":"Mount Moriah","counties":["Navarro"],"region":"Austin/Waco","acres":550.0,"type":"dove_lease","pdfUrl":"https://tpwd.texas.gov/huntwild/hunt/public/annual_public_hunting/resources/2364.pdf","aerialPdfUrl":"https://tpwd.texas.gov/huntwild/hunt/public/annual_public_hunting/resources/MountMoriah_2364.pdf","registration":"none","legalGameTags":["Youth/Adult Dove"],"legalGameText":"","species":["dove"],"methods":["shotgun"],"access":["youth_adult"],"complexes":[],"hasEpostcard":false,"hasRegularPermit":false,"epostcardUrl":"","countySlugs":["navarro"],"bookletPage":"99","bookletPdfPage":128,"bookletUrl":"https://tpwd.texas.gov/publications/pwdpubs/media/pwd_bk_w7000_0112a.pdf#page=128","lon":-96.6016,"lat":32.08742},"geometry":{"type":"Polygon","coordinates":[[[-96.59902,32.09768],[-96.60572,32.09898],[-96.60542,32.09478],[-96.60952,32.09268],[-96.60552,32.08648],[-96.60942,32.08468],[-96.60812,32.08268],[-96.60652,32.08348],[-96.60332,32.07898],[-96.60502,32.07808],[-96.60162,32.07318],[-96.59562,32.07628],[-96.60182,32.08408],[-96.59262,32.08838],[-96.59902,32.09768]]]}},{"type":"Feature","id":"750","properties":{"id":"750","unitIds":["750"],"name":"Muse WMA","counties":["Brown"],"region":"Central Texas","acres":82.0,"type":"wma","pdfUrl":"https://tpwd.texas.gov/huntwild/hunt/public/annual_public_hunting/resources/750.pdf","aerialPdfUrl":"https://tpwd.texas.gov/huntwild/hunt/public/annual_public_hunting/resources/Muse_750.pdf","registration":"none","legalGameTags":["Dove"],"legalGameText":"","species":["dove"],"methods":["shotgun"],"access":["aph_walk_in"],"complexes":[],"hasEpostcard":false,"hasRegularPermit":false,"epostcardUrl":"","countySlugs":["brown"],"bookletPage":"35","bookletPdfPage":64,"bookletUrl":"https://tpwd.texas.gov/publications/pwdpubs/media/pwd_bk_w7000_0112a.pdf#page=64","lon":-98.85588,"lat":31.8923},"geometry":{"type":"Polygon","coordinates":[[[-98.83131,31.89568],[-98.85327,31.89573],[-98.85337,31.90621],[-98.86472,31.90631],[-98.86475,31.90386],[-98.87251,31.90385],[-98.87571,31.89961],[-98.87593,31.88441],[-98.85117,31.88433],[-98.8496,31.87889],[-98.84185,31.87768],[-98.84196,31.885],[-98.83121,31.88512],[-98.83131,31.89568]]]}},{"type":"Feature","id":"1121","properties":{"id":"1121","unitIds":["1121"],"name":"Nails Creek - Lake Somerville SP","counties":["Lee","Burleson"],"region":"Austin/Waco","acres":null,"type":"state_park","pdfUrl":"","aerialPdfUrl":"","registration":"none","legalGameTags":["E-Postcard Archery Deer"],"legalGameText":"","species":["white_tailed_deer"],"methods":["archery"],"access":["e_postcard"],"complexes":[],"hasEpostcard":true,"hasRegularPermit":false,"epostcardUrl":"https://tpwd.texas.gov/huntwild/hunt/public/public_hunt_drawing/hunt-area-details.phtml?OArea=SS","countySlugs":["lee","burleson"],"bookletPage":"94","bookletPdfPage":123,"bookletUrl":"https://tpwd.texas.gov/publications/pwdpubs/media/pwd_bk_w7000_0112a.pdf#page=123","lon":-96.69622,"lat":30.30504},"geometry":{"type":"Polygon","coordinates":[[[-96.69005,30.30069],[-96.69055,30.30516],[-96.69613,30.31227],[-96.69846,30.31172],[-96.697,30.31392],[-96.70162,30.31122],[-96.69987,30.29919],[-96.69463,30.298],[-96.69005,30.30069]]]}},{"type":"Feature","id":"716","properties":{"id":"716","unitIds":["716"],"name":"Nannie Stringfellow WMA","counties":["Brazoria"],"region":"Houston/Beaumont","acres":3666.0,"type":"wma","pdfUrl":"https://tpwd.texas.gov/huntwild/hunt/public/annual_public_hunting/resources/716.pdf","aerialPdfUrl":"https://tpwd.texas.gov/huntwild/hunt/public/annual_public_hunting/resources/NannieMStringfellow_716.pdf","registration":"none","legalGameTags":["Squirrel","Rabbit","E-Postcard Feral Hog","E-Postcard Waterfowl","E-Postcard Youth/Adult Feral Hog"],"legalGameText":"","species":["feral_hog","rabbit","squirrel","waterfowl"],"methods":["any_legal","shotgun"],"access":["aph_walk_in","e_postcard"],"complexes":[],"hasEpostcard":true,"hasRegularPermit":false,"epostcardUrl":"https://tpwd.texas.gov/huntwild/hunt/public/public_hunt_drawing/hunt-area-details.phtml?OArea=SF","countySlugs":["brazoria"],"bookletPage":"107","bookletPdfPage":136,"bookletUrl":"https://tpwd.texas.gov/publications/pwdpubs/media/pwd_bk_w7000_0112a.pdf#page=136","lon":-95.62055,"lat":28.95901},"geometry":{"type":"MultiPolygon","coordinates":[[[[-95.63239,28.96212],[-95.62996,28.96005],[-95.62913,28.9608],[-95.62788,28.95769],[-95.62347,28.96179],[-95.61719,28.94669],[-95.62413,28.95142],[-95.65144,28.92624],[-95.64567,28.93887],[-95.6567,28.95215],[-95.65296,28.95562],[-95.64996,28.95312],[-95.63863,28.96363],[-95.63449,28.96014],[-95.63239,28.96212]]],[[[-95.58749,28.96871],[-95.58481,28.96643],[-95.59197,28.95996],[-95.59464,28.96225],[-95.61246,28.94614],[-95.61419,28.94757],[-95.61645,28.94551],[-95.62454,28.96502],[-95.61902,28.97013],[-95.62149,28.97221],[-95.61422,28.97891],[-95.61584,28.98026],[-95.60959,28.98587],[-95.58835,28.96794],[-95.58749,28.96871]]]]}},{"type":"Feature","id":"neches-river-nwr-dead-water-unit","properties":{"id":"neches-river-nwr-dead-water-unit","unitIds":["neches-river-nwr-dead-water-unit"],"name":"Neches River NWR - Dead Water Unit","counties":["Cherokee"],"region":"Pineywoods","acres":null,"type":"other","pdfUrl":"","aerialPdfUrl":"","registration":"none","legalGameTags":["E-Postcard Waterfowl"],"legalGameText":"","species":["waterfowl"],"methods":["shotgun"],"access":["e_postcard"],"complexes":[],"hasEpostcard":true,"hasRegularPermit":false,"epostcardUrl":"https://tpwd.texas.gov/huntwild/hunt/public/public_hunt_drawing/hunt-area-details.phtml?OArea=UO","countySlugs":["cherokee"],"bookletPage":"xxiv","bookletPdfPage":27,"bookletUrl":"https://tpwd.texas.gov/publications/pwdpubs/media/pwd_bk_w7000_0112a.pdf#page=27","lon":-95.17,"lat":31.82},"geometry":{"type":"Point","coordinates":[-95.17,31.82]}},{"type":"Feature","id":"neches-river-nwr-rocky-point-unit","properties":{"id":"neches-river-nwr-rocky-point-unit","unitIds":["neches-river-nwr-rocky-point-unit"],"name":"Neches River NWR - Rocky Point Unit","counties":["Cherokee"],"region":"Pineywoods","acres":null,"type":"other","pdfUrl":"","aerialPdfUrl":"","registration":"none","legalGameTags":["E-Postcard Squirrel"],"legalGameText":"","species":["squirrel"],"methods":["any_legal"],"access":["e_postcard"],"complexes":[],"hasEpostcard":true,"hasRegularPermit":false,"epostcardUrl":"https://tpwd.texas.gov/huntwild/hunt/public/public_hunt_drawing/hunt-area-details.phtml?OArea=US","countySlugs":["cherokee"],"bookletPage":"xxiii","bookletPdfPage":26,"bookletUrl":"https://tpwd.texas.gov/publications/pwdpubs/media/pwd_bk_w7000_0112a.pdf#page=26","lon":-95.14,"lat":31.79},"geometry":{"type":"Point","coordinates":[-95.14,31.79]}},{"type":"Feature","id":"neches-river-nwr-sandy-bluff-unit","properties":{"id":"neches-river-nwr-sandy-bluff-unit","unitIds":["neches-river-nwr-sandy-bluff-unit"],"name":"Neches River NWR - Sandy Bluff Unit","counties":["Cherokee"],"region":"Pineywoods","acres":null,"type":"other","pdfUrl":"","aerialPdfUrl":"","registration":"none","legalGameTags":["E-Postcard Squirrel"],"legalGameText":"","species":["squirrel"],"methods":["any_legal"],"access":["e_postcard"],"complexes":[],"hasEpostcard":true,"hasRegularPermit":false,"epostcardUrl":"https://tpwd.texas.gov/huntwild/hunt/public/public_hunt_drawing/hunt-area-details.phtml?OArea=UT","countySlugs":["cherokee"],"bookletPage":"xxiii","bookletPdfPage":26,"bookletUrl":"https://tpwd.texas.gov/publications/pwdpubs/media/pwd_bk_w7000_0112a.pdf#page=26","lon":-95.2,"lat":31.77},"geometry":{"type":"Point","coordinates":[-95.2,31.77]}},{"type":"Feature","id":"neches-river-nwr-walnut-branch-unit","properties":{"id":"neches-river-nwr-walnut-branch-unit","unitIds":["neches-river-nwr-walnut-branch-unit"],"name":"Neches River NWR - Walnut Branch Unit","counties":["Cherokee"],"region":"Pineywoods","acres":null,"type":"other","pdfUrl":"","aerialPdfUrl":"","registration":"none","legalGameTags":["E-Postcard Squirrel"],"legalGameText":"","species":["squirrel"],"methods":["any_legal"],"access":["e_postcard"],"complexes":[],"hasEpostcard":true,"hasRegularPermit":false,"epostcardUrl":"https://tpwd.texas.gov/huntwild/hunt/public/public_hunt_drawing/hunt-area-details.phtml?OArea=UU","countySlugs":["cherokee"],"bookletPage":"xxiii","bookletPdfPage":26,"bookletUrl":"https://tpwd.texas.gov/publications/pwdpubs/media/pwd_bk_w7000_0112a.pdf#page=26","lon":-95.11,"lat":31.84},"geometry":{"type":"Point","coordinates":[-95.11,31.84]}},{"type":"Feature","id":"738","properties":{"id":"738","unitIds":["738"],"name":"Nelda Stark - Lower Neches WMA","counties":["Orange"],"region":"Houston/Beaumont","acres":868.0,"type":"wma","pdfUrl":"https://tpwd.texas.gov/huntwild/hunt/public/annual_public_hunting/resources/738.pdf","aerialPdfUrl":"https://tpwd.texas.gov/huntwild/hunt/public/annual_public_hunting/resources/LowerNechesNeldaStark_738.pdf","registration":"none","legalGameTags":["Teal","Waterfowl","Other Migratory Birds","Rabbit","Fishing","Youth Waterfowl","Veteran Waterfowl"],"legalGameText":"","species":["other_migratory","rabbit","teal","waterfowl"],"methods":["any_legal","shotgun"],"access":["aph_walk_in","youth"],"complexes":[],"hasEpostcard":false,"hasRegularPermit":false,"epostcardUrl":"","countySlugs":["orange"],"bookletPage":"118","bookletPdfPage":147,"bookletUrl":"https://tpwd.texas.gov/publications/pwdpubs/media/pwd_bk_w7000_0112a.pdf#page=147","lon":-93.92895,"lat":30.03301},"geometry":{"type":"Polygon","coordinates":[[[-93.93429,30.04675],[-93.95789,30.04638],[-93.95744,30.02528],[-93.9326,30.02568],[-93.93242,30.01717],[-93.9259,30.01728],[-93.92582,30.01324],[-93.9108,30.01348],[-93.91118,30.03157],[-93.8989,30.03176],[-93.89848,30.04383],[-93.90893,30.04513],[-93.91753,30.04297],[-93.92061,30.04451],[-93.93424,30.04429],[-93.93429,30.04675]]]}},{"type":"Feature","id":"2545","properties":{"id":"2545","unitIds":["2545"],"name":"Noble Playa - Lynn County Complex","counties":["Lynn"],"region":"Panhandle","acres":308.0,"type":"dove_lease","pdfUrl":"https://tpwd.texas.gov/huntwild/hunt/public/annual_public_hunting/resources/LynnCountyComplex.pdf","aerialPdfUrl":"https://tpwd.texas.gov/huntwild/hunt/public/annual_public_hunting/resources/NoblePlaya_2545.pdf","registration":"none","legalGameTags":["Dove","Teal","Waterfowl","Cranes","Rabbit"],"legalGameText":"","species":["dove","rabbit","sandhill_crane","teal","waterfowl"],"methods":["any_legal","shotgun"],"access":["aph_walk_in"],"complexes":[],"hasEpostcard":false,"hasRegularPermit":false,"epostcardUrl":"","countySlugs":["lynn"],"bookletPage":"19","bookletPdfPage":48,"bookletUrl":"https://tpwd.texas.gov/publications/pwdpubs/media/pwd_bk_w7000_0112a.pdf#page=48","lon":-102.05836,"lat":33.1703},"geometry":{"type":"Polygon","coordinates":[[[-102.04982,33.17383],[-102.06694,33.1738],[-102.06693,33.16679],[-102.04979,33.1668],[-102.04982,33.17383]]]}},{"type":"Feature","id":"615","properties":{"id":"615","unitIds":["615"],"name":"North Toledo Bend WMA","counties":["Shelby"],"region":"Pineywoods","acres":2675.0,"type":"wma","pdfUrl":"https://tpwd.texas.gov/huntwild/hunt/public/annual_public_hunting/resources/615.pdf","aerialPdfUrl":"https://tpwd.texas.gov/huntwild/hunt/public/annual_public_hunting/resources/NorthToledoBend_615.pdf","registration":"none","legalGameTags":["Deer - Archery","Feral Hog","Exotic Mammals","Dove","Teal","Waterfowl","Other Migratory Birds","Squirrel","Rabbit","Coyotes","Furbearers/Predators","Fishing","Youth/Adult Squirrel","Youth Waterfowl","Veteran Waterfowl"],"legalGameText":"","species":["coyote","dove","exotic_mammals","feral_hog","furbearers","other_migratory","rabbit","squirrel","teal","waterfowl","white_tailed_deer"],"methods":["any_legal","archery","shotgun"],"access":["aph_walk_in","youth","youth_adult"],"complexes":[],"hasEpostcard":false,"hasRegularPermit":false,"epostcardUrl":"","countySlugs":["shelby"],"bookletPage":"83","bookletPdfPage":112,"bookletUrl":"https://tpwd.texas.gov/publications/pwdpubs/media/pwd_bk_w7000_0112a.pdf#page=112","lon":-93.95144,"lat":31.90358},"geometry":{"type":"Polygon","coordinates":[[[-93.9367,31.88833],[-93.92782,31.89759],[-93.92535,31.9024],[-93.92177,31.90391],[-93.92823,31.91212],[-93.93581,31.90919],[-93.95352,31.91056],[-93.95585,31.91311],[-93.95573,31.91603],[-93.95903,31.92249],[-93.9622,31.92422],[-93.96897,31.91999],[-93.96935,31.91775],[-93.9651,31.91608],[-93.96909,31.91054],[-93.97445,31.9097],[-93.97892,31.9064],[-93.97018,31.89525],[-93.96162,31.89378],[-93.95521,31.89039],[-93.94159,31.89179],[-93.9367,31.88833]]]}},{"type":"Feature","id":"728","properties":{"id":"728","unitIds":["728"],"name":"Old River - Lower Neches WMA","counties":["Orange"],"region":"Houston/Beaumont","acres":4386.0,"type":"wma","pdfUrl":"https://tpwd.texas.gov/huntwild/hunt/public/annual_public_hunting/resources/728.pdf","aerialPdfUrl":"https://tpwd.texas.gov/huntwild/hunt/public/annual_public_hunting/resources/LowerNechesOldRiver_728.pdf","registration":"none","legalGameTags":["Teal","Waterfowl","Other Migratory Birds","Rabbit","Fishing","Youth Waterfowl","Veteran Waterfowl"],"legalGameText":"","species":["other_migratory","rabbit","teal","waterfowl"],"methods":["any_legal","shotgun"],"access":["aph_walk_in","youth"],"complexes":[],"hasEpostcard":false,"hasRegularPermit":false,"epostcardUrl":"","countySlugs":["orange"],"bookletPage":"119","bookletPdfPage":148,"bookletUrl":"https://tpwd.texas.gov/publications/pwdpubs/media/pwd_bk_w7000_0112a.pdf#page=148","lon":-93.85809,"lat":30.00354},"geometry":{"type":"MultiPolygon","coordinates":[[[[-93.85735,29.99048],[-93.86561,29.9903],[-93.86606,29.99162],[-93.86632,29.99029],[-93.86802,29.99055],[-93.86613,29.99823],[-93.85735,29.99048]]],[[[-93.86855,29.99812],[-93.86932,29.99502],[-93.88866,29.99735],[-93.89011,29.98564],[-93.89822,29.98636],[-93.89968,29.9886],[-93.90004,30.00503],[-93.88522,30.01589],[-93.87617,30.01595],[-93.87566,30.00365],[-93.86855,29.99812]]],[[[-93.85069,29.98982],[-93.85528,29.99008],[-93.86576,29.99929],[-93.86505,30.00115],[-93.86705,30.00043],[-93.87227,30.00588],[-93.8392,30.00598],[-93.82763,30.00796],[-93.83921,30.00716],[-93.8356,30.00867],[-93.83522,30.01073],[-93.83246,30.01072],[-93.82769,30.0158],[-93.82767,30.01386],[-93.82534,30.01461],[-93.82209,30.02107],[-93.82651,30.02417],[-93.81996,30.02249],[-93.82134,30.01875],[-93.81191,30.0147],[-93.80814,30.02064],[-93.80479,30.02117],[-93.83683,29.98651],[-93.83621,29.98279],[-93.85069,29.98982]],[[-93.84104,29.98698],[-93.84571,29.98799],[-93.84616,29.98934],[-93.84872,29.98927],[-93.84749,29.99097],[-93.84898,29.99083],[-93.84769,29.99866],[-93.84935,29.98955],[-93.84877,29.98916],[-93.84782,29.98907],[-93.84597,29.98794],[-93.84359,29.98704],[-93.84117,29.98689],[-93.83987,29.98496],[-93.84104,29.98698]]],[[[-93.85512,30.02151],[-93.85735,30.0215],[-93.85709,30.00638],[-93.8662,30.00633],[-93.86635,30.02868],[-93.85797,30.02944],[-93.8574,30.02466],[-93.85523,30.02406],[-93.85512,30.02151]]]]}},{"type":"Feature","id":"732","properties":{"id":"732","unitIds":["732"],"name":"Old Sabine Bottom WMA","counties":["Smith"],"region":"Pineywoods","acres":5849.0,"type":"wma","pdfUrl":"https://tpwd.texas.gov/huntwild/hunt/public/annual_public_hunting/resources/732.pdf","aerialPdfUrl":"https://tpwd.texas.gov/huntwild/hunt/public/annual_public_hunting/resources/OldSabineBottom_732.pdf","registration":"none","legalGameTags":["Deer - Archery","Feral Hog","Teal","Waterfowl","Other Migratory Birds","Squirrel","Rabbit","Coyotes","Furbearers/Predators","Fishing","Youth Waterfowl","Youth Squirrel","Veteran Waterfowl"],"legalGameText":"","species":["coyote","feral_hog","furbearers","other_migratory","rabbit","squirrel","teal","waterfowl","white_tailed_deer"],"methods":["any_legal","archery","shotgun"],"access":["aph_walk_in","youth"],"complexes":[],"hasEpostcard":false,"hasRegularPermit":false,"epostcardUrl":"","countySlugs":["smith"],"bookletPage":"84","bookletPdfPage":113,"bookletUrl":"https://tpwd.texas.gov/publications/pwdpubs/media/pwd_bk_w7000_0112a.pdf#page=113","lon":-95.33912,"lat":32.59004},"geometry":{"type":"MultiPolygon","coordinates":[[[[-95.34395,32.6053],[-95.34433,32.60386],[-95.34123,32.60401],[-95.34124,32.6058],[-95.3397,32.60583],[-95.33886,32.60304],[-95.33695,32.6039],[-95.33776,32.60556],[-95.33516,32.60382],[-95.3312,32.6057],[-95.32687,32.59992],[-95.32527,32.6015],[-95.3188,32.5955],[-95.31466,32.59617],[-95.3133,32.59347],[-95.31029,32.59337],[-95.31036,32.5953],[-95.30719,32.59684],[-95.30534,32.59496],[-95.30604,32.59222],[-95.30326,32.59246],[-95.30222,32.59039],[-95.29807,32.59174],[-95.29715,32.59043],[-95.29969,32.58956],[-95.2964,32.58936],[-95.29701,32.58702],[-95.29407,32.58657],[-95.29504,32.58495],[-95.28974,32.5853],[-95.29046,32.58093],[-95.28144,32.58022],[-95.27798,32.57157],[-95.27723,32.57324],[-95.27447,32.57272],[-95.274,32.57395],[-95.26574,32.57255],[-95.26393,32.5753],[-95.25838,32.57588],[-95.25835,32.56072],[-95.26135,32.56073],[-95.26143,32.5654],[-95.26624,32.56541],[-95.26615,32.57007],[-95.2952,32.56996],[-95.29522,32.56776],[-95.30175,32.56772],[-95.30165,32.5801],[-95.3165,32.58018],[-95.31641,32.57567],[-95.32038,32.57569],[-95.32043,32.58323],[-95.35353,32.58317],[-95.35374,32.5755],[-95.35394,32.58201],[-95.3605,32.58584],[-95.36975,32.58649],[-95.36975,32.58873],[-95.38003,32.58882],[-95.38006,32.58719],[-95.38274,32.58702],[-95.38928,32.58857],[-95.39162,32.58666],[-95.39421,32.58929],[-95.39157,32.60129],[-95.38944,32.59886],[-95.38409,32.60222],[-95.38191,32.60188],[-95.38189,32.59852],[-95.37826,32.5993],[-95.37542,32.59741],[-95.37476,32.60304],[-95.3721,32.60293],[-95.37008,32.60495],[-95.36383,32.6034],[-95.36179,32.60679],[-95.35827,32.60805],[-95.35166,32.60509],[-95.35067,32.60763],[-95.34717,32.60523],[-95.34775,32.60748],[-95.34592,32.60928],[-95.34512,32.60519],[-95.34395,32.6053]]],[[[-95.40426,32.60669],[-95.40556,32.60366],[-95.40165,32.60335],[-95.40218,32.60626],[-95.39948,32.60639],[-95.39591,32.60446],[-95.39678,32.60178],[-95.39216,32.60133],[-95.39466,32.58947],[-95.39635,32.59069],[-95.39976,32.58969],[-95.39789,32.59163],[-95.41562,32.60136],[-95.41497,32.60643],[-95.41312,32.60709],[-95.41057,32.60445],[-95.40426,32.60669]]]]}},{"type":"Feature","id":"705","properties":{"id":"705","unitIds":["705"],"name":"Pat Mayse WMA","counties":["Lamar"],"region":"Dallas/Ft. Worth","acres":9005.0,"type":"wma","pdfUrl":"https://tpwd.texas.gov/huntwild/hunt/public/annual_public_hunting/resources/705.pdf","aerialPdfUrl":"https://tpwd.texas.gov/huntwild/hunt/public/annual_public_hunting/resources/PatMayse_705.pdf","registration":"none","legalGameTags":["Deer - Archery","Feral Hog","Dove","Teal","Waterfowl","Other Migratory Birds","Quail","Squirrel","Rabbit","Furbearers","Fishing","Youth Feral Hog","Youth Squirrel","E-Postcard Turkey"],"legalGameText":"","species":["dove","feral_hog","furbearers","other_migratory","quail","rabbit","squirrel","teal","turkey","waterfowl","white_tailed_deer"],"methods":["any_legal","archery","shotgun"],"access":["aph_walk_in","e_postcard","youth"],"complexes":[],"hasEpostcard":true,"hasRegularPermit":false,"epostcardUrl":"https://tpwd.texas.gov/huntwild/hunt/public/public_hunt_drawing/hunt-area-details.phtml?OArea=PM","countySlugs":["lamar"],"bookletPage":"64","bookletPdfPage":93,"bookletUrl":"https://tpwd.texas.gov/publications/pwdpubs/media/pwd_bk_w7000_0112a.pdf#page=93","lon":-95.67036,"lat":33.81103},"geometry":{"type":"Polygon","coordinates":[[[-95.6384,33.84335],[-95.64112,33.84511],[-95.64232,33.84447],[-95.6411,33.84326],[-95.6465,33.84324],[-95.6472,33.84196],[-95.65049,33.84173],[-95.64994,33.84323],[-95.66615,33.84322],[-95.66612,33.83979],[-95.68039,33.83973],[-95.68033,33.83759],[-95.68856,33.83747],[-95.68848,33.83197],[-95.69596,33.83199],[-95.69435,33.82162],[-95.6987,33.8215],[-95.6986,33.81608],[-95.70808,33.81606],[-95.70809,33.81295],[-95.71397,33.81286],[-95.71391,33.80911],[-95.71132,33.8086],[-95.71042,33.80171],[-95.70571,33.80167],[-95.70573,33.79369],[-95.7026,33.78448],[-95.7044,33.77946],[-95.69703,33.7794],[-95.69711,33.77296],[-95.69583,33.77294],[-95.6957,33.77717],[-95.69033,33.77705],[-95.69017,33.77292],[-95.68559,33.77298],[-95.68567,33.77932],[-95.69574,33.78079],[-95.69561,33.78653],[-95.68114,33.78651],[-95.68107,33.78435],[-95.66513,33.78537],[-95.66527,33.78864],[-95.66697,33.7887],[-95.66402,33.79044],[-95.65509,33.78889],[-95.65612,33.79558],[-95.65167,33.79239],[-95.65155,33.78798],[-95.64113,33.78843],[-95.64189,33.78453],[-95.63924,33.78453],[-95.63921,33.78676],[-95.62746,33.78548],[-95.6275,33.79063],[-95.64418,33.7908],[-95.64412,33.79361],[-95.62757,33.79288],[-95.62749,33.79896],[-95.63467,33.79903],[-95.6347,33.80536],[-95.64481,33.80539],[-95.64575,33.8116],[-95.64234,33.81162],[-95.6422,33.81659],[-95.63906,33.81663],[-95.6384,33.84335]]]}},{"type":"Feature","id":"706","properties":{"id":"706","unitIds":["706"],"name":"Pat Murphy Unit - Gene Howe WMA","counties":["Lipscomb"],"region":"Panhandle","acres":889.0,"type":"wma","pdfUrl":"https://tpwd.texas.gov/huntwild/hunt/public/annual_public_hunting/resources/706.pdf","aerialPdfUrl":"https://tpwd.texas.gov/huntwild/hunt/public/annual_public_hunting/resources/GeneHowePatMurphy_706.pdf","registration":"none","legalGameTags":["Dove","Quail","Rabbit","Fishing"],"legalGameText":"","species":["dove","quail","rabbit"],"methods":["any_legal","shotgun"],"access":["aph_walk_in"],"complexes":[],"hasEpostcard":false,"hasRegularPermit":false,"epostcardUrl":"","countySlugs":["lipscomb"],"bookletPage":"15","bookletPdfPage":44,"bookletUrl":"https://tpwd.texas.gov/publications/pwdpubs/media/pwd_bk_w7000_0112a.pdf#page=44","lon":-100.26092,"lat":36.18139},"geometry":{"type":"Polygon","coordinates":[[[-100.27602,36.17279],[-100.26263,36.17254],[-100.26256,36.17962],[-100.24004,36.17957],[-100.24001,36.18685],[-100.2758,36.18696],[-100.27602,36.17279]]]}},{"type":"Feature","id":"2579","properties":{"id":"2579","unitIds":["2579"],"name":"Pat's Place - Canadian River Complex 1","counties":["Carson"],"region":"Panhandle","acres":350.0,"type":"dove_lease","pdfUrl":"https://tpwd.texas.gov/huntwild/hunt/public/annual_public_hunting/resources/CanadianRiverComplex1.pdf","aerialPdfUrl":"https://tpwd.texas.gov/huntwild/hunt/public/annual_public_hunting/resources/CanadianRiverComplex1_PatsPlace_2579.pdf","registration":"none","legalGameTags":["Dove","Teal","Waterfowl","Cranes","Pheasant","Rabbit","Coyotes","Youth Waterfowl","Veteran Waterfowl"],"legalGameText":"","species":["coyote","dove","pheasant","rabbit","sandhill_crane","teal","waterfowl"],"methods":["any_legal","shotgun"],"access":["aph_walk_in","youth"],"complexes":[],"hasEpostcard":false,"hasRegularPermit":false,"epostcardUrl":"","countySlugs":["carson"],"bookletPage":"22","bookletPdfPage":51,"bookletUrl":"https://tpwd.texas.gov/publications/pwdpubs/media/pwd_bk_w7000_0112a.pdf#page=51","lon":-101.19565,"lat":35.25073},"geometry":{"type":"Polygon","coordinates":[[[-101.18676,35.24894],[-101.18671,35.25474],[-101.20424,35.25459],[-101.20434,35.24662],[-101.18894,35.24674],[-101.18676,35.24894]]]}},{"type":"Feature","id":"2584","properties":{"id":"2584","unitIds":["2584"],"name":"Porter - Canadian River Complex 4","counties":["Hansford","Ochiltree"],"region":"Panhandle","acres":965.0,"type":"dove_lease","pdfUrl":"https://tpwd.texas.gov/huntwild/hunt/public/annual_public_hunting/resources/CanadianRiverComplex4.pdf","aerialPdfUrl":"https://tpwd.texas.gov/huntwild/hunt/public/annual_public_hunting/resources/CanadianRiverComplex4_Porter_2584.pdf","registration":"none","legalGameTags":["Dove","Teal","Waterfowl","Cranes","Pheasant","Rabbit","Coyotes","Youth Waterfowl","Veteran Waterfowl"],"legalGameText":"","species":["coyote","dove","pheasant","rabbit","sandhill_crane","teal","waterfowl"],"methods":["any_legal","shotgun"],"access":["aph_walk_in","youth"],"complexes":[],"hasEpostcard":false,"hasRegularPermit":false,"epostcardUrl":"","countySlugs":["hansford","ochiltree"],"bookletPage":"25","bookletPdfPage":54,"bookletUrl":"https://tpwd.texas.gov/publications/pwdpubs/media/pwd_bk_w7000_0112a.pdf#page=54","lon":-101.08765,"lat":36.16289},"geometry":{"type":"Polygon","coordinates":[[[-101.10103,36.15559],[-101.07412,36.15575],[-101.07433,36.17026],[-101.10122,36.16996],[-101.10103,36.15559]]]}},{"type":"Feature","id":"2473","properties":{"id":"2473","unitIds":["2473"],"name":"Pride Cemetery","counties":["Terry","Lynn"],"region":"Panhandle","acres":320.0,"type":"dove_lease","pdfUrl":"https://tpwd.texas.gov/huntwild/hunt/public/annual_public_hunting/resources/2473.pdf","aerialPdfUrl":"https://tpwd.texas.gov/huntwild/hunt/public/annual_public_hunting/resources/PrideCemetery_2473.pdf","registration":"none","legalGameTags":["Dove","Quail"],"legalGameText":"","species":["dove","quail"],"methods":["any_legal","shotgun"],"access":["aph_walk_in"],"complexes":[],"hasEpostcard":false,"hasRegularPermit":false,"epostcardUrl":"","countySlugs":["terry","lynn"],"bookletPage":"20","bookletPdfPage":49,"bookletUrl":"https://tpwd.texas.gov/publications/pwdpubs/media/pwd_bk_w7000_0112a.pdf#page=49","lon":-102.07168,"lat":32.97139},"geometry":{"type":"Polygon","coordinates":[[[-102.07596,32.96418],[-102.06743,32.96417],[-102.0674,32.97858],[-102.07593,32.97864],[-102.07596,32.96418]]]}},{"type":"Feature","id":"2566","properties":{"id":"2566","unitIds":["2566"],"name":"Ramsey Place","counties":["Lubbock"],"region":"Panhandle","acres":320.0,"type":"dove_lease","pdfUrl":"https://tpwd.texas.gov/huntwild/hunt/public/annual_public_hunting/resources/2566.pdf","aerialPdfUrl":"https://tpwd.texas.gov/huntwild/hunt/public/annual_public_hunting/resources/RamseyPlace_2566.pdf","registration":"none","legalGameTags":["Dove","Quail","Pheasant","Rabbit"],"legalGameText":"","species":["dove","pheasant","quail","rabbit"],"methods":["any_legal","shotgun"],"access":["aph_walk_in"],"complexes":[],"hasEpostcard":false,"hasRegularPermit":false,"epostcardUrl":"","countySlugs":["lubbock"],"bookletPage":"16","bookletPdfPage":45,"bookletUrl":"https://tpwd.texas.gov/publications/pwdpubs/media/pwd_bk_w7000_0112a.pdf#page=45","lon":-102.01386,"lat":33.78806},"geometry":{"type":"Polygon","coordinates":[[[-102.01827,33.78083],[-102.00955,33.78087],[-102.00951,33.7953],[-102.0181,33.79533],[-102.01827,33.78083]]]}},{"type":"Feature","id":"2363","properties":{"id":"2363","unitIds":["2363"],"name":"Rattan Community","counties":["Delta"],"region":"Dallas/Ft. Worth","acres":1753.0,"type":"dove_lease","pdfUrl":"https://tpwd.texas.gov/huntwild/hunt/public/annual_public_hunting/resources/2363.pdf","aerialPdfUrl":"https://tpwd.texas.gov/huntwild/hunt/public/annual_public_hunting/resources/RattanCommunity_2363.pdf","registration":"none","legalGameTags":["Dove"],"legalGameText":"","species":["dove"],"methods":["shotgun"],"access":["aph_walk_in"],"complexes":[],"hasEpostcard":false,"hasRegularPermit":false,"epostcardUrl":"","countySlugs":["delta"],"bookletPage":"52","bookletPdfPage":81,"bookletUrl":"https://tpwd.texas.gov/publications/pwdpubs/media/pwd_bk_w7000_0112a.pdf#page=81","lon":-95.79703,"lat":33.42905},"geometry":{"type":"Polygon","coordinates":[[[-95.81554,33.40983],[-95.80126,33.4097],[-95.80125,33.41178],[-95.79928,33.41179],[-95.79926,33.41583],[-95.78226,33.41565],[-95.78215,33.4228],[-95.79404,33.42277],[-95.79411,33.43123],[-95.78177,33.43127],[-95.78145,33.43827],[-95.7855,33.43888],[-95.78559,33.44603],[-95.78357,33.4461],[-95.7848,33.45413],[-95.78893,33.45421],[-95.78906,33.44866],[-95.79582,33.44887],[-95.79595,33.44428],[-95.80506,33.44438],[-95.80513,33.44079],[-95.79392,33.4406],[-95.79389,33.43685],[-95.80155,33.43675],[-95.80221,33.43012],[-95.81603,33.43137],[-95.81539,33.42408],[-95.81033,33.42403],[-95.81034,33.41648],[-95.80831,33.41649],[-95.80837,33.41173],[-95.8155,33.41182],[-95.81554,33.40983]]]}},{"type":"Feature","id":"501","properties":{"id":"501","unitIds":["501"],"name":"Ray Roberts PHL","counties":["Cooke","Denton","Grayson"],"region":"Dallas/Ft. Worth","acres":null,"type":"phl","pdfUrl":"https://tpwd.texas.gov/huntwild/hunt/public/annual_public_hunting/resources/501EandW.pdf","aerialPdfUrl":"https://tpwd.texas.gov/huntwild/hunt/public/annual_public_hunting/resources/RayRoberts_501.pdf","registration":"none","legalGameTags":["Feral Hog","Dove","Teal","Waterfowl","Other Migratory Birds","Quail","Squirrel","Rabbit","Fishing","Youth Waterfowl","Veteran Waterfowl"],"legalGameText":"","species":["dove","feral_hog","other_migratory","quail","rabbit","squirrel","teal","waterfowl"],"methods":["any_legal","shotgun"],"access":["aph_walk_in","youth"],"complexes":[],"hasEpostcard":false,"hasRegularPermit":false,"epostcardUrl":"","countySlugs":["cooke","denton","grayson"],"bookletPage":"50–51","bookletPdfPage":79,"bookletUrl":"https://tpwd.texas.gov/publications/pwdpubs/media/pwd_bk_w7000_0112a.pdf#page=79","lon":-97.02408,"lat":33.42919},"geometry":{"type":"Polygon","coordinates":[[[-97.09953,33.3533],[-97.0995,33.34991],[-97.09572,33.34601],[-97.09573,33.34319],[-97.09254,33.34574],[-97.09577,33.34889],[-97.0958,33.35291],[-97.08146,33.34782],[-97.0514,33.35024],[-97.05139,33.34748],[-97.04852,33.34761],[-97.04849,33.34881],[-97.04482,33.34668],[-97.03331,33.34814],[-97.03195,33.34498],[-97.0308,33.34538],[-97.03229,33.3503],[-97.03019,33.3503],[-97.02993,33.3569],[-97.02472,33.36113],[-97.00853,33.36077],[-97.00863,33.36976],[-97.00617,33.3697],[-97.00588,33.38239],[-97.00124,33.38204],[-97.00155,33.384],[-96.99939,33.38387],[-96.99919,33.38116],[-96.99562,33.37986],[-96.99386,33.37725],[-96.98882,33.37724],[-96.98806,33.3818],[-96.99021,33.3813],[-96.992,33.38335],[-96.98332,33.38513],[-96.98307,33.39323],[-96.99227,33.39626],[-96.9943,33.40341],[-96.99937,33.40525],[-96.99931,33.40656],[-96.99361,33.4078],[-96.98696,33.40682],[-96.983,33.40835],[-96.98288,33.41146],[-96.9737,33.42232],[-96.97852,33.42896],[-96.97764,33.43095],[-96.97343,33.4291],[-96.97156,33.42526],[-96.96675,33.42318],[-96.96791,33.41987],[-96.9658,33.41841],[-96.96949,33.41453],[-96.96802,33.41454],[-96.96848,33.41203],[-96.9671,33.41093],[-96.96483,33.41405],[-96.96254,33.40949],[-96.95647,33.42097],[-96.9589,33.42188],[-96.95613,33.42341],[-96.95762,33.42491],[-96.96175,33.42396],[-96.96259,33.42628],[-96.96141,33.42796],[-96.95586,33.42897],[-96.95598,33.42669],[-96.95462,33.42697],[-96.94731,33.43221],[-96.94777,33.434],[-96.94305,33.43379],[-96.94207,33.43555],[-96.94101,33.43417],[-96.93852,33.43484],[-96.93809,33.42862],[-96.93587,33.42951],[-96.93594,33.43379],[-96.93123,33.43233],[-96.93098,33.43537],[-96.93261,33.43539],[-96.93443,33.43952],[-96.94037,33.44215],[-96.93808,33.44186],[-96.93815,33.44368],[-96.93469,33.44449],[-96.93487,33.44713],[-96.93113,33.44722],[-96.9295,33.44341],[-96.92402,33.44321],[-96.92337,33.44097],[-96.91391,33.44412],[-96.91429,33.44148],[-96.91109,33.44162],[-96.91252,33.43729],[-96.91101,33.43603],[-96.91012,33.43842],[-96.90845,33.43663],[-96.90623,33.43906],[-96.90799,33.44389],[-96.90492,33.44193],[-96.90512,33.44673],[-96.90365,33.44523],[-96.90222,33.44658],[-96.903,33.44388],[-96.90129,33.43961],[-96.89741,33.43695],[-96.8959,33.43774],[-96.89867,33.44329],[-96.89217,33.43748],[-96.89043,33.44109],[-96.88851,33.43923],[-96.88181,33.43825],[-96.88352,33.44192],[-96.88083,33.44056],[-96.87682,33.44147],[-96.87265,33.43736],[-96.87168,33.44095],[-96.86672,33.44107],[-96.85555,33.44591],[-96.85409,33.4497],[-96.85675,33.45129],[-96.86192,33.45023],[-96.86393,33.44753],[-96.8727,33.44593],[-96.87237,33.44756],[-96.878,33.44638],[-96.87941,33.44678],[-96.87856,33.44795],[-96.8869,33.44822],[-96.8941,33.45065],[-96.89544,33.45311],[-96.88569,33.45999],[-96.88762,33.46076],[-96.88472,33.46375],[-96.88098,33.46377],[-96.88471,33.46578],[-96.88623,33.46449],[-96.88823,33.46532],[-96.88762,33.46408],[-96.89105,33.46247],[-96.89008,33.46118],[-96.89384,33.45797],[-96.89956,33.45617],[-96.90201,33.4592],[-96.90149,33.46222],[-96.90311,33.46434],[-96.90269,33.45327],[-96.90375,33.45508],[-96.90564,33.45519],[-96.90623,33.45373],[-96.90712,33.45516],[-96.91076,33.45537],[-96.91153,33.45268],[-96.91426,33.45178],[-96.91434,33.45554],[-96.91701,33.45559],[-96.91699,33.45452],[-96.91976,33.45561],[-96.92094,33.45384],[-96.92434,33.45487],[-96.92081,33.45705],[-96.91987,33.46018],[-96.92222,33.46145],[-96.92395,33.45995],[-96.92372,33.46496],[-96.92687,33.46509],[-96.92788,33.46091],[-96.9302,33.46054],[-96.9353,33.46184],[-96.93713,33.46639],[-96.93921,33.46514],[-96.93964,33.4684],[-96.93403,33.47065],[-96.93318,33.4786],[-96.93585,33.47859],[-96.93632,33.4764],[-96.93625,33.47855],[-96.94022,33.48262],[-96.93796,33.48243],[-96.93835,33.48461],[-96.93487,33.48541],[-96.92982,33.48471],[-96.92983,33.48273],[-96.92871,33.48297],[-96.92486,33.48933],[-96.92322,33.48951],[-96.92235,33.48633],[-96.9187,33.49126],[-96.92063,33.49186],[-96.91942,33.49261],[-96.92085,33.49425],[-96.92298,33.49215],[-96.9228,33.49357],[-96.92436,33.49308],[-96.92419,33.49854],[-96.92221,33.49661],[-96.91923,33.49763],[-96.91686,33.50198],[-96.91453,33.49939],[-96.91519,33.49609],[-96.91373,33.49477],[-96.91145,33.49926],[-96.90116,33.50285],[-96.89607,33.49584],[-96.89351,33.49664],[-96.89688,33.50326],[-96.8935,33.50555],[-96.89066,33.50203],[-96.88871,33.50386],[-96.88691,33.50014],[-96.88088,33.49954],[-96.88132,33.49324],[-96.87593,33.49293],[-96.87564,33.49796],[-96.87233,33.49789],[-96.87219,33.50089],[-96.86938,33.49984],[-96.86392,33.50176],[-96.85268,33.50007],[-96.85087,33.50105],[-96.85049,33.50632],[-96.85166,33.50513],[-96.85502,33.50571],[-96.85358,33.50758],[-96.8545,33.50814],[-96.8613,33.50816],[-96.86959,33.51069],[-96.87656,33.50973],[-96.87618,33.51611],[-96.87418,33.51606],[-96.87259,33.5187],[-96.87419,33.52076],[-96.87799,33.51626],[-96.88475,33.5156],[-96.88497,33.51242],[-96.88782,33.51302],[-96.8886,33.51027],[-96.892,33.51245],[-96.89835,33.51053],[-96.90033,33.51163],[-96.90643,33.50766],[-96.90629,33.51173],[-96.89799,33.51708],[-96.90556,33.51657],[-96.90728,33.51557],[-96.90745,33.51315],[-96.91048,33.51312],[-96.91173,33.51073],[-96.91393,33.51311],[-96.91477,33.51154],[-96.91599,33.51253],[-96.91608,33.51861],[-96.91791,33.51838],[-96.91918,33.52034],[-96.91867,33.52442],[-96.91734,33.52323],[-96.91625,33.52494],[-96.92073,33.52936],[-96.92367,33.52869],[-96.9236,33.52996],[-96.9256,33.53007],[-96.92825,33.53438],[-96.92682,33.53663],[-96.92774,33.54214],[-96.93129,33.54516],[-96.93042,33.54655],[-96.93261,33.54658],[-96.93218,33.54128],[-96.93862,33.54133],[-96.93767,33.53591],[-96.94123,33.53607],[-96.94129,33.53489],[-96.93975,33.53156],[-96.9343,33.53042],[-96.93207,33.53164],[-96.92941,33.52802],[-96.93014,33.52636],[-96.92312,33.52418],[-96.92526,33.51661],[-96.92347,33.51709],[-96.92175,33.51306],[-96.92292,33.51073],[-96.92714,33.51132],[-96.92706,33.50875],[-96.9297,33.508],[-96.92735,33.50636],[-96.93316,33.50715],[-96.9325,33.50509],[-96.92983,33.50432],[-96.93208,33.50316],[-96.93484,33.49696],[-96.93841,33.4963],[-96.93968,33.49947],[-96.94146,33.49873],[-96.94213,33.50646],[-96.9443,33.50654],[-96.94714,33.50073],[-96.94551,33.4974],[-96.95342,33.4963],[-96.9532,33.4919],[-96.95489,33.49106],[-96.9516,33.48815],[-96.9557,33.48375],[-96.95447,33.48147],[-96.95638,33.48191],[-96.95584,33.48034],[-96.95752,33.47935],[-96.95505,33.47818],[-96.95494,33.4745],[-96.9568,33.47159],[-96.95437,33.47212],[-96.95407,33.47048],[-96.95946,33.4677],[-96.95676,33.46637],[-96.96006,33.46447],[-96.9581,33.45684],[-96.95987,33.45351],[-96.96236,33.45544],[-96.96216,33.45349],[-96.96431,33.45153],[-96.96698,33.45211],[-96.96799,33.45399],[-96.96679,33.4567],[-96.96802,33.46023],[-96.97398,33.45987],[-96.97256,33.46323],[-96.97616,33.46389],[-96.97505,33.4646],[-96.97667,33.46658],[-96.97604,33.46853],[-96.97236,33.46807],[-96.9678,33.47041],[-96.96823,33.47232],[-96.97251,33.47071],[-96.97508,33.47871],[-96.9726,33.4788],[-96.97097,33.47705],[-96.97096,33.47971],[-96.96813,33.4789],[-96.96786,33.48074],[-96.97008,33.48299],[-96.97666,33.4829],[-96.97568,33.48873],[-96.98155,33.48414],[-96.98255,33.48627],[-96.98087,33.49367],[-96.98387,33.49369],[-96.98047,33.49592],[-96.98193,33.49802],[-96.98134,33.50424],[-96.98452,33.50596],[-96.9836,33.50012],[-96.98472,33.49749],[-96.98988,33.49604],[-96.98881,33.50119],[-96.99158,33.50148],[-96.99158,33.50858],[-96.99676,33.50857],[-96.99774,33.51083],[-97.00277,33.5115],[-97.0029,33.51388],[-97.00649,33.51542],[-97.0085,33.51903],[-97.01397,33.51888],[-97.01393,33.5167],[-97.01205,33.51809],[-97.01064,33.51733],[-97.01023,33.5134],[-97.00642,33.51209],[-97.0047,33.50792],[-96.99742,33.50591],[-96.9964,33.50368],[-96.99584,33.49871],[-96.99825,33.49975],[-96.99721,33.49797],[-96.99891,33.49645],[-96.99441,33.49298],[-96.99496,33.48851],[-96.99168,33.48994],[-96.98971,33.488],[-96.99631,33.48769],[-96.99568,33.48481],[-96.99054,33.48551],[-96.9905,33.48176],[-96.98669,33.48045],[-96.98618,33.47607],[-96.99052,33.47529],[-96.98923,33.4732],[-96.98455,33.47166],[-96.98464,33.46802],[-96.98727,33.46619],[-96.98557,33.46347],[-96.98323,33.46179],[-96.98098,33.46235],[-96.98239,33.45988],[-96.98591,33.45967],[-96.98658,33.4551],[-96.98386,33.45249],[-96.988,33.45003],[-96.99063,33.45112],[-96.99187,33.44891],[-96.99218,33.45064],[-96.99491,33.45146],[-96.99629,33.44828],[-96.9987,33.44715],[-96.99865,33.4491],[-96.99484,33.45171],[-96.99469,33.4541],[-96.99961,33.45522],[-97.00094,33.45811],[-96.999,33.45928],[-97.00057,33.46226],[-96.99743,33.46376],[-96.99941,33.46371],[-96.99934,33.46606],[-97.00365,33.46604],[-97.0066,33.47256],[-97.00477,33.47345],[-97.00905,33.47457],[-97.00826,33.48488],[-97.01577,33.48496],[-97.01206,33.48407],[-97.01362,33.48243],[-97.01612,33.48401],[-97.01483,33.48153],[-97.01699,33.47953],[-97.01646,33.47438],[-97.01216,33.47143],[-97.01537,33.46997],[-97.01091,33.46895],[-97.00783,33.46512],[-97.01052,33.46151],[-97.01345,33.46073],[-97.01207,33.45378],[-97.00812,33.44873],[-97.01043,33.44525],[-97.00966,33.44409],[-97.01158,33.44294],[-97.01815,33.44876],[-97.02113,33.44271],[-97.01971,33.43911],[-97.02197,33.43841],[-97.02179,33.44179],[-97.0241,33.44447],[-97.02141,33.44709],[-97.02541,33.45415],[-97.02537,33.45916],[-97.02835,33.45922],[-97.0281,33.45657],[-97.03252,33.4541],[-97.032,33.45186],[-97.03361,33.45112],[-97.03189,33.45076],[-97.03254,33.4458],[-97.03621,33.44506],[-97.03824,33.44053],[-97.03987,33.4397],[-97.04836,33.44736],[-97.04848,33.44438],[-97.04587,33.44025],[-97.03227,33.42937],[-97.03854,33.43172],[-97.03873,33.42999],[-97.04151,33.43097],[-97.04406,33.42927],[-97.0437,33.42533],[-97.04492,33.42455],[-97.05517,33.42468],[-97.0549,33.43365],[-97.05884,33.43403],[-97.05889,33.43195],[-97.06289,33.43198],[-97.06458,33.4249],[-97.06518,33.40336],[-97.06024,33.40313],[-97.05827,33.39933],[-97.06046,33.39922],[-97.06068,33.39483],[-97.06582,33.39458],[-97.0657,33.39646],[-97.07174,33.39663],[-97.07193,33.399],[-97.07591,33.39939],[-97.07635,33.39714],[-97.07808,33.39713],[-97.07625,33.40066],[-97.07765,33.40335],[-97.082,33.40553],[-97.082,33.40896],[-97.08554,33.40977],[-97.08361,33.41074],[-97.08438,33.41203],[-97.08315,33.4125],[-97.08519,33.41394],[-97.0828,33.4151],[-97.08205,33.4205],[-97.08654,33.42082],[-97.08809,33.41824],[-97.09413,33.41987],[-97.09152,33.41566],[-97.09262,33.4148],[-97.09409,33.41652],[-97.09559,33.41568],[-97.09713,33.41912],[-97.10074,33.41946],[-97.09942,33.42099],[-97.10213,33.42262],[-97.10293,33.4253],[-97.09874,33.42728],[-97.10221,33.43556],[-97.10118,33.4369],[-97.09565,33.43656],[-97.0953,33.44216],[-97.09801,33.44226],[-97.09864,33.4465],[-97.09478,33.44613],[-97.09515,33.44873],[-97.09322,33.44779],[-97.09289,33.44887],[-97.09414,33.45061],[-97.09857,33.45104],[-97.09977,33.44982],[-97.09983,33.45456],[-97.09911,33.45628],[-97.09362,33.45465],[-97.0919,33.4574],[-97.09503,33.45766],[-97.09862,33.46216],[-97.09665,33.46398],[-97.0924,33.46273],[-97.09356,33.46385],[-97.0922,33.46442],[-97.09608,33.46755],[-97.09695,33.4806],[-97.09,33.48225],[-97.09227,33.49445],[-97.09509,33.49798],[-97.09441,33.5006],[-97.10061,33.50061],[-97.10045,33.50282],[-97.0974,33.50513],[-97.10042,33.50761],[-97.09958,33.50954],[-97.0945,33.5096],[-97.09453,33.51657],[-97.10089,33.51678],[-97.0998,33.52104],[-97.09605,33.52191],[-97.10001,33.527],[-97.09731,33.53014],[-97.09786,33.53587],[-97.09933,33.53824],[-97.1025,33.53806],[-97.10111,33.54181],[-97.10269,33.54377],[-97.106,33.54375],[-97.10611,33.54132],[-97.10439,33.53974],[-97.10521,33.53752],[-97.10112,33.53475],[-97.10027,33.53017],[-97.10362,33.52426],[-97.10657,33.52426],[-97.10433,33.5221],[-97.10433,33.51659],[-97.11178,33.51665],[-97.11187,33.51115],[-97.11427,33.50935],[-97.10851,33.50819],[-97.1078,33.5024],[-97.10267,33.49558],[-97.10388,33.4914],[-97.10277,33.48975],[-97.10835,33.48678],[-97.11261,33.48893],[-97.11272,33.4906],[-97.11572,33.49119],[-97.11564,33.48814],[-97.11217,33.48416],[-97.11374,33.48061],[-97.11543,33.4803],[-97.11355,33.47603],[-97.11363,33.47396],[-97.11518,33.47395],[-97.11451,33.47139],[-97.11564,33.47222],[-97.11458,33.46559],[-97.11504,33.46421],[-97.1176,33.46435],[-97.11817,33.46252],[-97.11681,33.46185],[-97.11892,33.45997],[-97.11902,33.45695],[-97.12937,33.46769],[-97.12741,33.45962],[-97.12604,33.45945],[-97.12518,33.45512],[-97.12154,33.45297],[-97.12103,33.44835],[-97.12528,33.44916],[-97.12363,33.44429],[-97.12686,33.446],[-97.13124,33.4505],[-97.13353,33.45782],[-97.13501,33.45709],[-97.13798,33.45986],[-97.14177,33.45831],[-97.15324,33.46094],[-97.15579,33.4643],[-97.15912,33.46351],[-97.15911,33.45942],[-97.15604,33.4555],[-97.15385,33.45603],[-97.14422,33.45152],[-97.13992,33.45151],[-97.13663,33.44398],[-97.13319,33.44264],[-97.13415,33.44096],[-97.13232,33.44089],[-97.13235,33.43949],[-97.13525,33.43875],[-97.13089,33.4301],[-97.12806,33.43034],[-97.12634,33.42874],[-97.12754,33.42292],[-97.12563,33.42158],[-97.13326,33.42562],[-97.13827,33.42569],[-97.13842,33.42288],[-97.13572,33.42068],[-97.13772,33.42035],[-97.13766,33.41888],[-97.13414,33.41734],[-97.1319,33.41366],[-97.12063,33.40853],[-97.12227,33.40727],[-97.12225,33.40903],[-97.12415,33.40986],[-97.14238,33.41078],[-97.13839,33.40887],[-97.13835,33.40605],[-97.13163,33.40325],[-97.13169,33.40131],[-97.12608,33.39836],[-97.12615,33.39704],[-97.13389,33.39869],[-97.13453,33.39664],[-97.14019,33.39693],[-97.14099,33.39269],[-97.13712,33.39262],[-97.1383,33.38995],[-97.13698,33.38888],[-97.13163,33.38981],[-97.1296,33.39215],[-97.12933,33.38838],[-97.12604,33.38767],[-97.12281,33.39191],[-97.11801,33.39438],[-97.11914,33.39059],[-97.11706,33.38944],[-97.12122,33.38757],[-97.11928,33.38372],[-97.11269,33.38641],[-97.11143,33.38641],[-97.11281,33.38419],[-97.10867,33.38393],[-97.10864,33.38601],[-97.10615,33.38674],[-97.1067,33.38016],[-97.11116,33.37897],[-97.10971,33.37664],[-97.11383,33.37703],[-97.11564,33.37376],[-97.11437,33.3724],[-97.1121,33.37381],[-97.10984,33.36936],[-97.11243,33.36659],[-97.11104,33.36455],[-97.10787,33.3646],[-97.10466,33.36877],[-97.09813,33.36393],[-97.09694,33.3579],[-97.09953,33.3533]]]}},{"type":"Feature","id":"2262","properties":{"id":"2262","unitIds":["2262"],"name":"Red Bluff Reservoir","counties":["Loving"],"region":"Trans-Pecos","acres":null,"type":"dove_lease","pdfUrl":"https://tpwd.texas.gov/huntwild/hunt/public/annual_public_hunting/resources/2262.pdf","aerialPdfUrl":"https://tpwd.texas.gov/huntwild/hunt/public/annual_public_hunting/resources/RedBluffReservoir_2262.pdf","registration":"none","legalGameTags":["Teal","Waterfowl","Cranes","Youth Waterfowl","Veteran Waterfowl"],"legalGameText":"","species":["sandhill_crane","teal","waterfowl"],"methods":["shotgun"],"access":["aph_walk_in","youth"],"complexes":[],"hasEpostcard":false,"hasRegularPermit":false,"epostcardUrl":"","countySlugs":["loving"],"bookletPage":"33","bookletPdfPage":62,"bookletUrl":"https://tpwd.texas.gov/publications/pwdpubs/media/pwd_bk_w7000_0112a.pdf#page=62","lon":-103.92592,"lat":31.93382},"geometry":{"type":"Polygon","coordinates":[[[-103.98359,31.99159],[-103.97968,32.00001],[-103.98401,31.99127],[-103.9801,31.98472],[-103.9732,31.97917],[-103.96497,31.98096],[-103.95411,31.98712],[-103.94885,31.98501],[-103.94795,31.97175],[-103.94351,31.95079],[-103.94018,31.94776],[-103.93089,31.9468],[-103.92723,31.94494],[-103.91926,31.9227],[-103.91904,31.92119],[-103.92439,31.92228],[-103.93451,31.91972],[-103.93144,31.90539],[-103.91392,31.89709],[-103.9099,31.90659],[-103.91171,31.90959],[-103.91119,31.91343],[-103.90945,31.914],[-103.91094,31.91395],[-103.91022,31.91815],[-103.90671,31.91914],[-103.90444,31.92319],[-103.90519,31.93141],[-103.90753,31.93397],[-103.90439,31.93706],[-103.90934,31.93619],[-103.91332,31.93747],[-103.91606,31.93622],[-103.91833,31.93911],[-103.91612,31.94169],[-103.91852,31.94119],[-103.9202,31.94337],[-103.91941,31.94466],[-103.92113,31.94501],[-103.9199,31.95218],[-103.92247,31.95128],[-103.92667,31.95477],[-103.93086,31.95261],[-103.93461,31.95686],[-103.93506,31.95576],[-103.93934,31.95892],[-103.93829,31.96152],[-103.94176,31.96762],[-103.94005,31.97228],[-103.94238,31.97058],[-103.94326,31.97223],[-103.94082,31.97449],[-103.9448,31.97247],[-103.9445,31.97003],[-103.94659,31.97511],[-103.94678,31.97865],[-103.94443,31.97965],[-103.94629,31.98019],[-103.94514,31.98311],[-103.9478,31.9872],[-103.94397,31.98917],[-103.94675,31.9892],[-103.94814,31.98697],[-103.95054,31.9891],[-103.95392,31.98934],[-103.95632,31.99203],[-103.95698,31.98997],[-103.9547,31.98878],[-103.96504,31.98186],[-103.97115,31.97992],[-103.97397,31.98044],[-103.97945,31.98498],[-103.98359,31.99159]]]}},{"type":"Feature","id":"1743","properties":{"id":"1743","unitIds":["1743"],"name":"Resaca de la Palma State Park","counties":["Cameron"],"region":"San Antonio/Corpus Christi","acres":252.0,"type":"state_park","pdfUrl":"https://tpwd.texas.gov/huntwild/hunt/public/annual_public_hunting/resources/1743.pdf","aerialPdfUrl":"https://tpwd.texas.gov/huntwild/hunt/public/annual_public_hunting/resources/ResacaDeLaPalma_1743.pdf","registration":"none","legalGameTags":["Dove","Regular Permit Dove"],"legalGameText":"","species":["dove"],"methods":["shotgun"],"access":["aph_walk_in","regular_permit"],"complexes":[],"hasEpostcard":false,"hasRegularPermit":true,"epostcardUrl":"","countySlugs":["cameron"],"bookletPage":"132","bookletPdfPage":161,"bookletUrl":"https://tpwd.texas.gov/publications/pwdpubs/media/pwd_bk_w7000_0112a.pdf#page=161","lon":-97.56465,"lat":25.98727},"geometry":{"type":"Polygon","coordinates":[[[-97.57099,26.0023],[-97.57525,25.97334],[-97.55778,25.97152],[-97.55698,25.9776],[-97.56024,25.97552],[-97.56865,25.97488],[-97.5748,25.97593],[-97.55829,25.97684],[-97.55369,26.00023],[-97.57099,26.0023]]]}},{"type":"Feature","id":"703N","properties":{"id":"703N","unitIds":["703N"],"name":"Richland Creek WMA - Carl Frentress Unit","counties":["Freestone","Navarro"],"region":"Austin/Waco","acres":5597.0,"type":"wma","pdfUrl":"https://tpwd.texas.gov/huntwild/hunt/public/annual_public_hunting/resources/703N.pdf","aerialPdfUrl":"https://tpwd.texas.gov/huntwild/hunt/public/annual_public_hunting/resources/RichlandCreekNorth_703N.pdf","registration":"none","legalGameTags":["Teal","Waterfowl","Other Migratory Birds","Fishing","Youth/Adult Waterfowl","Youth Waterfowl","Veteran Waterfowl","E-Postcard Feral Hog","E-Postcard Teal","E-Postcard Waterfowl","E-Postcard Youth/Adult Waterfowl"],"legalGameText":"","species":["feral_hog","other_migratory","teal","waterfowl"],"methods":["any_legal","shotgun"],"access":["aph_walk_in","e_postcard","youth","youth_adult"],"complexes":[],"hasEpostcard":true,"hasRegularPermit":false,"epostcardUrl":"https://tpwd.texas.gov/huntwild/hunt/public/public_hunt_drawing/hunt-area-details.phtml?OArea=RN","countySlugs":["freestone","navarro"],"bookletPage":"92","bookletPdfPage":121,"bookletUrl":"https://tpwd.texas.gov/publications/pwdpubs/media/pwd_bk_w7000_0112a.pdf#page=121","lon":-96.07755,"lat":31.99371},"geometry":{"type":"Polygon","coordinates":[[[-96.0572,32.02011],[-96.06192,32.02497],[-96.06792,32.02201],[-96.0706,32.02478],[-96.07566,32.02225],[-96.07476,32.01865],[-96.09184,32.01018],[-96.09387,32.01314],[-96.103,32.00864],[-96.09958,32.00363],[-96.10124,32.0028],[-96.09581,31.99488],[-96.10654,31.9864],[-96.10725,31.98743],[-96.11588,31.98317],[-96.08351,31.9694],[-96.04736,31.9673],[-96.0465,31.97001],[-96.05383,31.9701],[-96.05593,31.97226],[-96.05505,31.97505],[-96.06128,31.9751],[-96.06523,31.98092],[-96.06056,31.98729],[-96.05711,31.98714],[-96.05706,31.99117],[-96.04927,31.99758],[-96.05234,32.00205],[-96.05384,32.01021],[-96.05534,32.01101],[-96.06473,32.00636],[-96.07356,32.01925],[-96.06806,32.01295],[-96.06479,32.01458],[-96.06267,32.01149],[-96.05516,32.01557],[-96.05124,32.01572],[-96.05195,32.01808],[-96.0572,32.02011]]]}},{"type":"Feature","id":"703S","properties":{"id":"703S","unitIds":["703S"],"name":"Richland Creek WMA - South Unit","counties":["Freestone","Navarro"],"region":"Austin/Waco","acres":8974.0,"type":"wma","pdfUrl":"https://tpwd.texas.gov/huntwild/hunt/public/annual_public_hunting/resources/703S.pdf","aerialPdfUrl":"https://tpwd.texas.gov/huntwild/hunt/public/annual_public_hunting/resources/RichlandCreekSouth_703S.pdf","registration":"none","legalGameTags":["Squirrel","Rabbit","Fishing","E-Postcard Furbearers/Predators","E-Postcard Waterfowl","E-Postcard Youth/Adult Waterfowl"],"legalGameText":"","species":["furbearers","rabbit","squirrel","waterfowl"],"methods":["any_legal","shotgun"],"access":["aph_walk_in","e_postcard"],"complexes":[],"hasEpostcard":true,"hasRegularPermit":false,"epostcardUrl":"https://tpwd.texas.gov/huntwild/hunt/public/public_hunt_drawing/hunt-area-details.phtml?OArea=RS","countySlugs":["freestone","navarro"],"bookletPage":"93","bookletPdfPage":122,"bookletUrl":"https://tpwd.texas.gov/publications/pwdpubs/media/pwd_bk_w7000_0112a.pdf#page=122","lon":-96.05295,"lat":31.93124},"geometry":{"type":"Polygon","coordinates":[[[-96.06211,31.95841],[-96.065,31.96249],[-96.06653,31.95805],[-96.06806,31.958],[-96.06898,31.96108],[-96.07321,31.95957],[-96.07292,31.95641],[-96.07063,31.95688],[-96.07139,31.95443],[-96.07612,31.95719],[-96.07659,31.9539],[-96.07929,31.95684],[-96.08159,31.95536],[-96.08233,31.95707],[-96.08457,31.9566],[-96.08717,31.95442],[-96.08607,31.95259],[-96.08793,31.95184],[-96.08587,31.95069],[-96.09102,31.9516],[-96.08988,31.94897],[-96.09252,31.94844],[-96.09333,31.9466],[-96.0977,31.95139],[-96.10514,31.93216],[-96.09424,31.93605],[-96.08999,31.92999],[-96.08601,31.93201],[-96.08148,31.92551],[-96.07742,31.92659],[-96.07752,31.92211],[-96.06971,31.91081],[-96.07325,31.90921],[-96.06789,31.90117],[-96.07204,31.89905],[-96.06938,31.89843],[-96.06494,31.89143],[-96.03446,31.91532],[-96.02272,31.91826],[-96.01729,31.92153],[-96.00897,31.90581],[-96.00754,31.90572],[-96.00678,31.9088],[-96.00182,31.90675],[-96.00463,31.9187],[-96.00646,31.91763],[-96.00874,31.9186],[-96.00664,31.92491],[-96.01367,31.92971],[-96.01061,31.93366],[-96.0157,31.93438],[-96.02108,31.93798],[-96.01484,31.9461],[-96.01599,31.94818],[-96.02058,31.94994],[-96.01969,31.95448],[-96.02223,31.9571],[-96.0335,31.95858],[-96.03419,31.95715],[-96.02998,31.95695],[-96.02951,31.95492],[-96.03397,31.95256],[-96.0407,31.95197],[-96.03696,31.94882],[-96.04237,31.9448],[-96.04645,31.95168],[-96.0512,31.94829],[-96.05476,31.94809],[-96.05732,31.95313],[-96.06177,31.95486],[-96.06211,31.95841]]]}},{"type":"Feature","id":"2578","properties":{"id":"2578","unitIds":["2578"],"name":"Rio Farms - Canadian River Complex 1","counties":["Carson"],"region":"Panhandle","acres":2552.0,"type":"dove_lease","pdfUrl":"https://tpwd.texas.gov/huntwild/hunt/public/annual_public_hunting/resources/CanadianRiverComplex1.pdf","aerialPdfUrl":"https://tpwd.texas.gov/huntwild/hunt/public/annual_public_hunting/resources/CanadianRiverComplex1_RioFarms_2578.pdf","registration":"none","legalGameTags":["Dove","Teal","Waterfowl","Cranes","Pheasant","Rabbit","Coyotes","Youth Waterfowl","Veteran Waterfowl"],"legalGameText":"","species":["coyote","dove","pheasant","rabbit","sandhill_crane","teal","waterfowl"],"methods":["any_legal","shotgun"],"access":["aph_walk_in","youth"],"complexes":[],"hasEpostcard":false,"hasRegularPermit":false,"epostcardUrl":"","countySlugs":["carson"],"bookletPage":"22","bookletPdfPage":51,"bookletUrl":"https://tpwd.texas.gov/publications/pwdpubs/media/pwd_bk_w7000_0112a.pdf#page=51","lon":-101.21756,"lat":35.22286},"geometry":{"type":"Polygon","coordinates":[[[-101.19057,35.23867],[-101.20534,35.23865],[-101.20529,35.22303],[-101.22299,35.2228],[-101.22323,35.23888],[-101.23479,35.23897],[-101.23971,35.22459],[-101.23741,35.22456],[-101.23732,35.22273],[-101.24044,35.22258],[-101.24031,35.20811],[-101.20523,35.20796],[-101.20524,35.22294],[-101.18792,35.22319],[-101.18797,35.23663],[-101.19057,35.23867]]]}},{"type":"Feature","id":"2464","properties":{"id":"2464","unitIds":["2464"],"name":"Rocky Creek","counties":["Limestone"],"region":"Austin/Waco","acres":282.0,"type":"dove_lease","pdfUrl":"https://tpwd.texas.gov/huntwild/hunt/public/annual_public_hunting/resources/2464.pdf","aerialPdfUrl":"https://tpwd.texas.gov/huntwild/hunt/public/annual_public_hunting/resources/RockyCreek_2464.pdf","registration":"none","legalGameTags":["Feral Hog","Dove","Teal","Squirrel","Rabbit","Coyotes"],"legalGameText":"","species":["coyote","dove","feral_hog","rabbit","squirrel","teal"],"methods":["any_legal","shotgun"],"access":["aph_walk_in"],"complexes":[],"hasEpostcard":false,"hasRegularPermit":false,"epostcardUrl":"","countySlugs":["limestone"],"bookletPage":"96","bookletPdfPage":125,"bookletUrl":"https://tpwd.texas.gov/publications/pwdpubs/media/pwd_bk_w7000_0112a.pdf#page=125","lon":-96.58155,"lat":31.46857},"geometry":{"type":"Polygon","coordinates":[[[-96.57291,31.47375],[-96.57893,31.47391],[-96.59004,31.46897],[-96.58792,31.46367],[-96.58368,31.46532],[-96.58025,31.46282],[-96.5772,31.46382],[-96.57665,31.46858],[-96.57291,31.47375]]]}},{"type":"Feature","id":"781","properties":{"id":"781","unitIds":["781"],"name":"Roger R. Fawcett WMA","counties":["Palo Pinto"],"region":"Dallas/Ft. Worth","acres":118.0,"type":"wma","pdfUrl":"https://tpwd.texas.gov/huntwild/hunt/public/annual_public_hunting/resources/781.pdf","aerialPdfUrl":"https://tpwd.texas.gov/huntwild/hunt/public/annual_public_hunting/resources/RogerRFawcett_781.pdf.pdf","registration":"none","legalGameTags":["Dove","E-Postcard Feral Hop/Predators","E-Postcard Waterfowl"],"legalGameText":"","species":["dove","feral_hog","waterfowl"],"methods":["any_legal","shotgun"],"access":["aph_walk_in","e_postcard"],"complexes":[],"hasEpostcard":true,"hasRegularPermit":false,"epostcardUrl":"https://tpwd.texas.gov/huntwild/hunt/public/public_hunt_drawing/hunt-area-details.phtml?OArea=RF","countySlugs":["palo-pinto"],"bookletPage":"66","bookletPdfPage":95,"bookletUrl":"https://tpwd.texas.gov/publications/pwdpubs/media/pwd_bk_w7000_0112a.pdf#page=95","lon":-98.27055,"lat":32.56539},"geometry":{"type":"MultiPolygon","coordinates":[[[[-98.26441,32.56144],[-98.26777,32.5598],[-98.26803,32.56435],[-98.26418,32.56502],[-98.26441,32.56144]]],[[[-98.26874,32.56431],[-98.27563,32.56481],[-98.27756,32.56782],[-98.26972,32.56941],[-98.26874,32.56431]]]]}},{"type":"Feature","id":"1155","properties":{"id":"1155","unitIds":["1155"],"name":"S. Sulphur Unit - Cooper Lake State Park","counties":["Hopkins"],"region":"Dallas/Ft. Worth","acres":1020.0,"type":"state_park","pdfUrl":"https://tpwd.texas.gov/huntwild/hunt/public/annual_public_hunting/resources/1155.pdf","aerialPdfUrl":"https://tpwd.texas.gov/huntwild/hunt/public/annual_public_hunting/resources/CooperLakeSouthSulphur_1155.pdf","registration":"none","legalGameTags":["Deer - Archery","Feral Hog"],"legalGameText":"","species":["feral_hog","white_tailed_deer"],"methods":["any_legal","archery"],"access":["aph_walk_in"],"complexes":[],"hasEpostcard":false,"hasRegularPermit":false,"epostcardUrl":"","countySlugs":["hopkins"],"bookletPage":"60","bookletPdfPage":89,"bookletUrl":"https://tpwd.texas.gov/publications/pwdpubs/media/pwd_bk_w7000_0112a.pdf#page=89","lon":-95.65335,"lat":33.29113},"geometry":{"type":"Polygon","coordinates":[[[-95.60816,33.30879],[-95.61072,33.31188],[-95.60183,33.3119],[-95.6031,33.30302],[-95.61029,33.30155],[-95.61034,33.30292],[-95.61552,33.30298],[-95.61657,33.29693],[-95.62271,33.29856],[-95.62279,33.29038],[-95.62722,33.29035],[-95.62723,33.28927],[-95.63154,33.28926],[-95.63145,33.28764],[-95.63669,33.28692],[-95.63656,33.28196],[-95.64875,33.28164],[-95.64867,33.28299],[-95.65188,33.2829],[-95.65191,33.28582],[-95.65772,33.2862],[-95.65768,33.28336],[-95.68023,33.28172],[-95.68024,33.27924],[-95.70411,33.27936],[-95.70397,33.28718],[-95.69967,33.28866],[-95.69179,33.28996],[-95.68768,33.28699],[-95.68391,33.29021],[-95.67731,33.29253],[-95.67539,33.28866],[-95.67408,33.29024],[-95.66936,33.29065],[-95.66848,33.2886],[-95.66542,33.28979],[-95.66731,33.29222],[-95.66604,33.29299],[-95.66801,33.29292],[-95.66779,33.29403],[-95.66135,33.29683],[-95.6585,33.29616],[-95.65818,33.29462],[-95.65272,33.29586],[-95.65185,33.29056],[-95.65056,33.29034],[-95.64599,33.2953],[-95.64201,33.29227],[-95.64222,33.29613],[-95.64033,33.29646],[-95.64186,33.29737],[-95.64126,33.29999],[-95.63147,33.29553],[-95.63221,33.30087],[-95.63043,33.30369],[-95.62485,33.30188],[-95.62311,33.30443],[-95.61873,33.30154],[-95.62031,33.30615],[-95.6178,33.30631],[-95.616,33.30843],[-95.61691,33.31184],[-95.61513,33.30798],[-95.61276,33.3087],[-95.61339,33.31019],[-95.60975,33.30699],[-95.60816,33.30879]]]}},{"type":"Feature","id":"630","properties":{"id":"630","unitIds":["630"],"name":"Sabine River Authority Unit 630","counties":["Panola"],"region":"Pineywoods","acres":7484.0,"type":"other","pdfUrl":"https://tpwd.texas.gov/huntwild/hunt/public/annual_public_hunting/resources/630.pdf","aerialPdfUrl":"https://tpwd.texas.gov/huntwild/hunt/public/annual_public_hunting/resources/SabineRiverAuthority_630.pdf","registration":"none","legalGameTags":["Deer - Archery","Deer - General","Deer-Muzzleloader","Feral Hog","Exotic Mammals","Dove","Teal","Waterfowl","Other Migratory Birds","Quail","Squirrel","Rabbit","Coyotes","Furbearers/Predators","Fishing","Youth/Adult Squirrel","Youth Deer","Youth Waterfowl","Veteran Waterfowl"],"legalGameText":"","species":["coyote","dove","exotic_mammals","feral_hog","furbearers","other_migratory","quail","rabbit","squirrel","teal","waterfowl","white_tailed_deer"],"methods":["any_legal","archery","firearm","muzzleloader","shotgun"],"access":["aph_walk_in","youth","youth_adult"],"complexes":[],"hasEpostcard":false,"hasRegularPermit":false,"epostcardUrl":"","countySlugs":["panola"],"bookletPage":"80","bookletPdfPage":109,"bookletUrl":"https://tpwd.texas.gov/publications/pwdpubs/media/pwd_bk_w7000_0112a.pdf#page=109","lon":-94.08954,"lat":32.01019},"geometry":{"type":"Polygon","coordinates":[[[-94.09096,32.01307],[-94.10443,32.01933],[-94.10682,32.02464],[-94.10297,32.02947],[-94.10333,32.03195],[-94.11304,32.039],[-94.11957,32.03711],[-94.1192,32.02579],[-94.12308,32.02226],[-94.13207,32.02525],[-94.13302,32.02423],[-94.13458,32.02719],[-94.13765,32.02557],[-94.13887,32.02684],[-94.13317,32.03185],[-94.13311,32.03519],[-94.13625,32.03752],[-94.13588,32.03924],[-94.15338,32.03895],[-94.15247,32.02702],[-94.14852,32.02479],[-94.14595,32.0253],[-94.14607,32.02307],[-94.14332,32.02226],[-94.1457,32.02149],[-94.14108,32.02159],[-94.13715,32.01951],[-94.1384,32.01697],[-94.13469,32.01027],[-94.13618,32.00811],[-94.13233,32.00552],[-94.13184,31.9985],[-94.11647,31.99822],[-94.11499,32.00008],[-94.11351,31.99917],[-94.10874,32.00097],[-94.10703,31.99595],[-94.10514,31.9959],[-94.10084,31.99683],[-94.09771,32.00164],[-94.09523,32.00187],[-94.08659,31.9975],[-94.07464,31.99678],[-94.0721,32.00168],[-94.06278,32.007],[-94.05909,32.00334],[-94.0709,31.99659],[-94.06645,31.98857],[-94.0621,31.98747],[-94.05839,31.99001],[-94.05125,31.98992],[-94.04671,31.98554],[-94.04386,31.98625],[-94.04275,31.98993],[-94.03834,31.99005],[-94.03345,31.98791],[-94.03,31.97756],[-94.02787,31.97746],[-94.02203,31.9815],[-94.01691,31.98069],[-94.01751,31.98657],[-94.01931,31.98915],[-94.01837,31.99218],[-94.02331,31.98997],[-94.0288,31.99582],[-94.03892,31.99186],[-94.04252,31.99326],[-94.04131,31.99644],[-94.04271,31.99894],[-94.04275,32.01851],[-94.04418,32.01808],[-94.04522,32.0201],[-94.04738,32.02044],[-94.0507,32.01715],[-94.05258,32.01717],[-94.06257,32.02349],[-94.0745,32.02414],[-94.0733,32.01868],[-94.07632,32.01905],[-94.07456,32.01779],[-94.07893,32.01605],[-94.08003,32.01459],[-94.0786,32.01406],[-94.08007,32.01297],[-94.09018,32.01307],[-94.09244,32.00812],[-94.09106,32.00309],[-94.0947,32.00411],[-94.09096,32.01307]]]}},{"type":"Feature","id":"783S","properties":{"id":"783S","unitIds":["783S"],"name":"Salt Bayou Unit - J.D. Murphree WMA","counties":["Jefferson"],"region":"Houston/Beaumont","acres":null,"type":"wma","pdfUrl":"https://tpwd.texas.gov/huntwild/hunt/public/annual_public_hunting/resources/783S.pdf","aerialPdfUrl":"https://tpwd.texas.gov/huntwild/hunt/public/annual_public_hunting/resources/JDMurphreeSaltBayou_783S.pdf","registration":"none","legalGameTags":["Feral Hog","Teal","Waterfowl","Other Migratory Birds","Fishing","Youth/Adult Waterfowl","Youth Waterfowl","Veteran Waterfowl"],"legalGameText":"","species":["feral_hog","other_migratory","teal","waterfowl"],"methods":["any_legal","shotgun"],"access":["aph_walk_in","youth","youth_adult"],"complexes":[],"hasEpostcard":false,"hasRegularPermit":false,"epostcardUrl":"","countySlugs":["jefferson"],"bookletPage":"113","bookletPdfPage":142,"bookletUrl":"https://tpwd.texas.gov/publications/pwdpubs/media/pwd_bk_w7000_0112a.pdf#page=142","lon":-94.00122088621961,"lat":29.760089660186097},"geometry":{"type":"Point","coordinates":[-94.00122,29.76009]}},{"type":"Feature","id":"905","properties":{"id":"905","unitIds":["905"],"name":"Sam Houston National Forest WMA","counties":["Walker","San Jacinto","Montgomery"],"region":"Houston/Beaumont","acres":null,"type":"wma","pdfUrl":"https://tpwd.texas.gov/huntwild/hunt/public/annual_public_hunting/resources/905.pdf","aerialPdfUrl":"https://tpwd.texas.gov/huntwild/hunt/public/annual_public_hunting/resources/SamHouston_905.pdf","registration":"none","legalGameTags":["Deer - Archery","Deer - General","Deer-Muzzleloader","Feral Hog","Exotic Mammals","Dove","Teal","Waterfowl","Other Migratory Birds","Squirrel","Rabbit","Coyotes","Furbearers","Fishing","Youth/Adult Squirrel","Youth Deer","Youth Waterfowl","Veteran Waterfowl"],"legalGameText":"","species":["coyote","dove","exotic_mammals","feral_hog","furbearers","other_migratory","rabbit","squirrel","teal","waterfowl","white_tailed_deer"],"methods":["any_legal","archery","firearm","muzzleloader","shotgun"],"access":["aph_walk_in","youth","youth_adult"],"complexes":[],"hasEpostcard":false,"hasRegularPermit":false,"epostcardUrl":"","countySlugs":["walker","san-jacinto","montgomery"],"bookletPage":"122–123","bookletPdfPage":151,"bookletUrl":"https://tpwd.texas.gov/publications/pwdpubs/media/pwd_bk_w7000_0112a.pdf#page=151","lon":-95.44674,"lat":30.54177},"geometry":{"type":"MultiPolygon","coordinates":[[[[-95.57228,30.58977],[-95.5665,30.58493],[-95.56698,30.58334],[-95.56506,30.58169],[-95.56395,30.58272],[-95.54966,30.57091],[-95.54475,30.57506],[-95.54274,30.57343],[-95.54763,30.569],[-95.54153,30.56379],[-95.53543,30.56887],[-95.53444,30.56807],[-95.53787,30.56501],[-95.52783,30.55798],[-95.52973,30.55629],[-95.52355,30.55075],[-95.52642,30.54837],[-95.52454,30.54667],[-95.53136,30.54044],[-95.5423,30.50499],[-95.54716,30.4958],[-95.55504,30.49683],[-95.55431,30.50018],[-95.55627,30.50019],[-95.5569,30.49774],[-95.56045,30.49829],[-95.56332,30.48931],[-95.57226,30.49127],[-95.57265,30.48037],[-95.58142,30.47992],[-95.58047,30.47738],[-95.58263,30.47362],[-95.58121,30.47158],[-95.58382,30.47083],[-95.58301,30.46457],[-95.59394,30.46446],[-95.59398,30.47001],[-95.59653,30.46758],[-95.59843,30.47162],[-95.60078,30.47163],[-95.59828,30.46665],[-95.59967,30.46454],[-95.60898,30.46855],[-95.61136,30.46815],[-95.60244,30.46217],[-95.60223,30.45709],[-95.60586,30.45611],[-95.60937,30.45956],[-95.61016,30.45608],[-95.61337,30.45654],[-95.61407,30.45846],[-95.61458,30.45621],[-95.61756,30.456],[-95.62012,30.46139],[-95.6201,30.44903],[-95.64269,30.44867],[-95.64306,30.46118],[-95.64658,30.46115],[-95.64666,30.46747],[-95.66558,30.46743],[-95.66547,30.46123],[-95.66888,30.46119],[-95.66883,30.45666],[-95.67073,30.45669],[-95.67055,30.44226],[-95.68331,30.44227],[-95.68325,30.45531],[-95.69341,30.45512],[-95.69327,30.44867],[-95.695,30.44867],[-95.69508,30.45536],[-95.70734,30.45519],[-95.7072,30.45191],[-95.72355,30.45171],[-95.72372,30.46254],[-95.73618,30.46243],[-95.73636,30.47128],[-95.74914,30.47109],[-95.74908,30.47381],[-95.7581,30.47388],[-95.75803,30.47001],[-95.76419,30.47006],[-95.76422,30.49462],[-95.76784,30.49554],[-95.76794,30.50138],[-95.77116,30.50132],[-95.77133,30.49537],[-95.7736,30.49529],[-95.77331,30.48661],[-95.78655,30.4867],[-95.7867,30.49145],[-95.80228,30.49132],[-95.80257,30.52594],[-95.78875,30.52587],[-95.78899,30.54547],[-95.80475,30.54561],[-95.80472,30.55127],[-95.81134,30.55128],[-95.81138,30.55473],[-95.78904,30.55508],[-95.78899,30.55724],[-95.77693,30.55706],[-95.77692,30.55436],[-95.77297,30.55435],[-95.77306,30.55112],[-95.76575,30.55125],[-95.76577,30.5542],[-95.76903,30.55415],[-95.76921,30.55929],[-95.76559,30.55926],[-95.76567,30.55667],[-95.75982,30.55662],[-95.75994,30.56343],[-95.76981,30.56449],[-95.76992,30.57031],[-95.78336,30.5702],[-95.78345,30.59285],[-95.75876,30.59346],[-95.75869,30.60369],[-95.74901,30.60364],[-95.74876,30.59349],[-95.74987,30.59347],[-95.75172,30.58493],[-95.74711,30.58514],[-95.74653,30.58841],[-95.73948,30.58909],[-95.73995,30.59349],[-95.72502,30.59501],[-95.72491,30.58769],[-95.71803,30.58781],[-95.71805,30.591],[-95.71668,30.59104],[-95.71662,30.5884],[-95.69503,30.58761],[-95.69105,30.58758],[-95.69106,30.58953],[-95.68478,30.58965],[-95.68481,30.58761],[-95.68124,30.58759],[-95.68128,30.58973],[-95.67754,30.58987],[-95.67782,30.5841],[-95.67131,30.58403],[-95.66846,30.58545],[-95.66807,30.58914],[-95.66629,30.59055],[-95.65817,30.58933],[-95.65707,30.5841],[-95.65169,30.58413],[-95.65423,30.59182],[-95.64397,30.59803],[-95.64371,30.59455],[-95.64172,30.59318],[-95.64883,30.58876],[-95.64515,30.58431],[-95.63927,30.58798],[-95.63245,30.58012],[-95.63315,30.57906],[-95.63155,30.57926],[-95.6328,30.57699],[-95.63132,30.57399],[-95.62746,30.57354],[-95.62732,30.5703],[-95.62493,30.56966],[-95.62484,30.57089],[-95.61974,30.57149],[-95.62292,30.57302],[-95.6209,30.57778],[-95.61717,30.5782],[-95.62296,30.58566],[-95.61943,30.58768],[-95.61468,30.58151],[-95.60579,30.58709],[-95.6069,30.58832],[-95.60554,30.58921],[-95.6096,30.59348],[-95.60066,30.59899],[-95.60472,30.604],[-95.60014,30.61044],[-95.60334,30.61118],[-95.60023,30.61521],[-95.59744,30.61408],[-95.59452,30.61818],[-95.58604,30.60801],[-95.58168,30.61008],[-95.5792,30.60353],[-95.59161,30.59352],[-95.58005,30.58328],[-95.57228,30.58977]]],[[[-95.46566,30.57894],[-95.47862,30.58186],[-95.47697,30.59195],[-95.48115,30.60322],[-95.44624,30.59591],[-95.46566,30.57894]]],[[[-95.42094,30.60587],[-95.41703,30.60842],[-95.40497,30.60888],[-95.40414,30.60766],[-95.39756,30.60731],[-95.39224,30.60116],[-95.38901,30.60128],[-95.38592,30.5968],[-95.42094,30.60587]]],[[[-95.38763,30.60968],[-95.38333,30.61127],[-95.3818,30.6086],[-95.37623,30.61088],[-95.37352,30.60786],[-95.38331,30.60405],[-95.38763,30.60968]]],[[[-95.43516,30.63197],[-95.43271,30.6299],[-95.43859,30.62504],[-95.44099,30.62693],[-95.44681,30.62235],[-95.45293,30.62822],[-95.44073,30.63978],[-95.43521,30.63472],[-95.43516,30.63197]]],[[[-95.48633,30.64032],[-95.48394,30.63821],[-95.48531,30.63719],[-95.48772,30.63924],[-95.48633,30.64032]]],[[[-95.5415,30.64722],[-95.5319,30.6457],[-95.53024,30.65374],[-95.52701,30.65376],[-95.52699,30.65704],[-95.52221,30.65693],[-95.52219,30.66522],[-95.51105,30.65363],[-95.50917,30.63379],[-95.51537,30.63898],[-95.52361,30.63208],[-95.5415,30.64722]]],[[[-95.57091,30.63513],[-95.58278,30.63516],[-95.57787,30.64621],[-95.5754,30.64526],[-95.57548,30.64936],[-95.57097,30.64936],[-95.57098,30.65103],[-95.55968,30.65107],[-95.55968,30.65604],[-95.55463,30.65384],[-95.54752,30.66752],[-95.53684,30.66747],[-95.53683,30.657],[-95.54112,30.65759],[-95.54331,30.64737],[-95.571,30.63864],[-95.57091,30.63513]]],[[[-95.47356,30.64402],[-95.47519,30.64273],[-95.47767,30.64491],[-95.48236,30.64106],[-95.4835,30.64253],[-95.47912,30.64623],[-95.48122,30.64816],[-95.46508,30.66172],[-95.45895,30.65604],[-95.45975,30.65178],[-95.464,30.65561],[-95.46658,30.65351],[-95.46702,30.64664],[-95.47189,30.64257],[-95.47356,30.64402]]],[[[-95.50407,30.66322],[-95.49308,30.66295],[-95.4937,30.66412],[-95.48777,30.66666],[-95.48495,30.66406],[-95.48296,30.66559],[-95.47515,30.65841],[-95.48431,30.65081],[-95.49135,30.65746],[-95.49715,30.65276],[-95.50407,30.66322]]],[[[-95.47361,30.67362],[-95.46738,30.6786],[-95.46509,30.67405],[-95.46347,30.67462],[-95.46598,30.67969],[-95.46107,30.68353],[-95.45557,30.6786],[-95.44884,30.68171],[-95.44777,30.6808],[-95.46727,30.66512],[-95.47082,30.66773],[-95.46849,30.66956],[-95.47361,30.67362]]],[[[-95.3237,30.71375],[-95.32568,30.71224],[-95.32369,30.71046],[-95.33961,30.69844],[-95.32944,30.68857],[-95.34404,30.67788],[-95.3419,30.67571],[-95.36221,30.65612],[-95.35158,30.64597],[-95.36025,30.64086],[-95.36938,30.64365],[-95.37151,30.64076],[-95.36731,30.63721],[-95.37024,30.63384],[-95.36912,30.62887],[-95.37194,30.62765],[-95.36512,30.61933],[-95.37817,30.61406],[-95.38064,30.61636],[-95.37347,30.62024],[-95.37749,30.62487],[-95.39689,30.61734],[-95.40498,30.62468],[-95.4123,30.6188],[-95.41828,30.62442],[-95.41004,30.63072],[-95.41341,30.63396],[-95.40906,30.63764],[-95.41946,30.64693],[-95.42288,30.64412],[-95.42973,30.65103],[-95.42581,30.65425],[-95.43101,30.65898],[-95.42462,30.66413],[-95.43608,30.67445],[-95.42738,30.68172],[-95.43568,30.68921],[-95.43228,30.69177],[-95.42743,30.68973],[-95.4173,30.68092],[-95.40961,30.68679],[-95.40765,30.68484],[-95.39518,30.69394],[-95.39973,30.69871],[-95.40365,30.69608],[-95.40765,30.70003],[-95.41,30.69833],[-95.41328,30.7018],[-95.41662,30.69941],[-95.42075,30.70397],[-95.41746,30.70623],[-95.42004,30.70906],[-95.41646,30.71172],[-95.41637,30.71683],[-95.40576,30.71697],[-95.4065,30.70588],[-95.40102,30.70007],[-95.39984,30.70082],[-95.3979,30.69895],[-95.39455,30.7013],[-95.39027,30.69705],[-95.38444,30.70128],[-95.38277,30.69961],[-95.37958,30.70196],[-95.37762,30.7001],[-95.38081,30.69759],[-95.37955,30.6963],[-95.3882,30.69019],[-95.38431,30.68613],[-95.38007,30.68925],[-95.37724,30.68644],[-95.36712,30.69444],[-95.36446,30.69169],[-95.36132,30.69464],[-95.35929,30.69967],[-95.35506,30.69941],[-95.35806,30.70244],[-95.35404,30.7047],[-95.35473,30.70616],[-95.35153,30.70805],[-95.35001,30.70575],[-95.34545,30.70493],[-95.343,30.70748],[-95.3464,30.71087],[-95.34251,30.71387],[-95.3474,30.71852],[-95.35239,30.71491],[-95.35272,30.73845],[-95.34345,30.73852],[-95.34323,30.72161],[-95.33675,30.72622],[-95.3269,30.71694],[-95.32351,30.71926],[-95.3184,30.71441],[-95.32169,30.71196],[-95.3237,30.71375]]],[[[-95.41241,30.73575],[-95.41237,30.72268],[-95.41509,30.72058],[-95.42184,30.72047],[-95.42183,30.71707],[-95.44038,30.71687],[-95.4401,30.70964],[-95.46601,30.70945],[-95.4659,30.70707],[-95.47568,30.70709],[-95.47573,30.7045],[-95.48766,30.7045],[-95.48775,30.70122],[-95.48453,30.70252],[-95.48145,30.69746],[-95.49251,30.69282],[-95.49542,30.69789],[-95.49902,30.69653],[-95.49911,30.68732],[-95.50661,30.69311],[-95.50584,30.69886],[-95.51045,30.69884],[-95.51048,30.70564],[-95.48762,30.70501],[-95.48757,30.71091],[-95.50242,30.71095],[-95.50261,30.73185],[-95.5068,30.73184],[-95.50671,30.73573],[-95.52109,30.73575],[-95.52101,30.73879],[-95.50296,30.74269],[-95.5014,30.74261],[-95.50127,30.73843],[-95.4956,30.73899],[-95.49557,30.73629],[-95.47268,30.73628],[-95.47269,30.73849],[-95.46949,30.73861],[-95.46979,30.75048],[-95.45209,30.75043],[-95.45198,30.74802],[-95.44752,30.74725],[-95.44706,30.72203],[-95.4313,30.72229],[-95.43149,30.73573],[-95.41241,30.73575]]],[[[-95.50416,30.74603],[-95.50549,30.74734],[-95.51562,30.74727],[-95.51565,30.75044],[-95.50429,30.75048],[-95.50416,30.74603]]],[[[-95.18439,30.32779],[-95.21198,30.32798],[-95.21239,30.33632],[-95.18442,30.33669],[-95.18439,30.32779]]],[[[-95.06267,30.4242],[-95.06218,30.41377],[-95.08543,30.41363],[-95.08566,30.4241],[-95.06267,30.4242]]],[[[-95.29005,30.44629],[-95.27841,30.4567],[-95.2663,30.4468],[-95.27789,30.43621],[-95.29005,30.44629]]],[[[-95.14807,30.55976],[-95.14909,30.56045],[-95.15129,30.55841],[-95.1548,30.56107],[-95.1477,30.56797],[-95.144,30.56666],[-95.13888,30.57155],[-95.13297,30.56692],[-95.12522,30.57451],[-95.11654,30.56614],[-95.11125,30.57147],[-95.10737,30.56906],[-95.10713,30.55359],[-95.08264,30.55376],[-95.07987,30.55195],[-95.07815,30.54968],[-95.07846,30.54031],[-95.08926,30.54017],[-95.08913,30.52538],[-95.06994,30.52542],[-95.06964,30.50834],[-95.07941,30.50826],[-95.07936,30.50397],[-95.0864,30.50389],[-95.08636,30.49707],[-95.09817,30.49695],[-95.09801,30.49061],[-95.10464,30.49035],[-95.10459,30.48475],[-95.08689,30.48498],[-95.08683,30.47986],[-95.07951,30.47998],[-95.07939,30.485],[-95.06964,30.48501],[-95.06943,30.48012],[-95.065,30.48024],[-95.06506,30.48599],[-95.06129,30.48604],[-95.06051,30.4901],[-95.04062,30.49032],[-95.05313,30.48531],[-95.0378,30.45016],[-95.10736,30.45068],[-95.10743,30.42325],[-95.10235,30.42325],[-95.10216,30.40988],[-95.09602,30.40976],[-95.09551,30.39572],[-95.10639,30.3958],[-95.10622,30.39882],[-95.10397,30.39897],[-95.10396,30.40282],[-95.10776,30.40422],[-95.11345,30.40415],[-95.11346,30.40055],[-95.11735,30.3995],[-95.12745,30.39909],[-95.12762,30.40927],[-95.1302,30.40921],[-95.13106,30.41807],[-95.12389,30.4197],[-95.1251,30.4213],[-95.12413,30.4241],[-95.1288,30.4281],[-95.13263,30.42792],[-95.1321,30.41981],[-95.13656,30.41962],[-95.1357,30.40495],[-95.13028,30.40508],[-95.12997,30.39607],[-95.13287,30.39609],[-95.12577,30.38904],[-95.16006,30.36446],[-95.19187,30.39593],[-95.18851,30.39763],[-95.19065,30.40077],[-95.19434,30.39902],[-95.19231,30.39571],[-95.19926,30.39232],[-95.21423,30.39188],[-95.21312,30.39276],[-95.22456,30.40224],[-95.21891,30.4074],[-95.21964,30.40811],[-95.20024,30.42418],[-95.19681,30.41655],[-95.20009,30.41483],[-95.19717,30.41034],[-95.18606,30.41562],[-95.18388,30.41244],[-95.19028,30.40913],[-95.18339,30.40016],[-95.17602,30.40372],[-95.16751,30.39409],[-95.15239,30.40161],[-95.15433,30.40332],[-95.16037,30.40329],[-95.16453,30.40699],[-95.1693,30.40715],[-95.17295,30.40979],[-95.17706,30.40874],[-95.1826,30.41725],[-95.17644,30.42047],[-95.18664,30.43526],[-95.17816,30.43957],[-95.1819,30.44493],[-95.1801,30.44592],[-95.18548,30.45369],[-95.18705,30.45296],[-95.18573,30.45113],[-95.18713,30.45048],[-95.19462,30.45618],[-95.18895,30.45879],[-95.19229,30.46364],[-95.19936,30.45999],[-95.20379,30.46628],[-95.1966,30.46985],[-95.20037,30.47543],[-95.19352,30.47542],[-95.19239,30.47298],[-95.18891,30.47235],[-95.18607,30.47242],[-95.18745,30.4754],[-95.18587,30.47542],[-95.18496,30.47303],[-95.18097,30.47305],[-95.17265,30.46086],[-95.16643,30.46078],[-95.16637,30.45811],[-95.14702,30.45807],[-95.14734,30.46282],[-95.12932,30.46288],[-95.13314,30.47443],[-95.1291,30.4744],[-95.12849,30.48644],[-95.13734,30.48643],[-95.13743,30.47458],[-95.1502,30.47484],[-95.15031,30.47956],[-95.16311,30.47945],[-95.1646,30.48713],[-95.16346,30.48903],[-95.15297,30.48972],[-95.15296,30.49698],[-95.15721,30.49694],[-95.1572,30.4944],[-95.15943,30.49568],[-95.15939,30.49943],[-95.15786,30.49934],[-95.15784,30.50105],[-95.12846,30.5004],[-95.12835,30.50623],[-95.17745,30.50632],[-95.18127,30.5028],[-95.18439,30.50533],[-95.18441,30.50801],[-95.18832,30.50812],[-95.19453,30.51281],[-95.19475,30.52092],[-95.20518,30.5208],[-95.19637,30.51417],[-95.20243,30.51088],[-95.20586,30.51089],[-95.21063,30.51446],[-95.20843,30.51696],[-95.21643,30.51751],[-95.216,30.52073],[-95.22217,30.51952],[-95.22272,30.52278],[-95.21815,30.52537],[-95.22013,30.5278],[-95.21709,30.53029],[-95.20875,30.53203],[-95.20893,30.53716],[-95.19801,30.5372],[-95.1979,30.52966],[-95.19598,30.52957],[-95.18982,30.53157],[-95.18983,30.53326],[-95.19453,30.53334],[-95.19464,30.53723],[-95.18322,30.53719],[-95.18427,30.53409],[-95.17096,30.53421],[-95.17336,30.53703],[-95.16577,30.53712],[-95.1654,30.544],[-95.15855,30.54371],[-95.15971,30.5445],[-95.15862,30.54554],[-95.16412,30.54954],[-95.15929,30.55445],[-95.16684,30.56025],[-95.17074,30.55653],[-95.17627,30.56087],[-95.1608,30.57624],[-95.15018,30.57093],[-95.15586,30.56516],[-95.15771,30.5666],[-95.16035,30.56392],[-95.15072,30.55708],[-95.14807,30.55976]]],[[[-95.25677,30.45616],[-95.28208,30.47793],[-95.2856,30.4754],[-95.28303,30.48728],[-95.26505,30.50566],[-95.26132,30.50275],[-95.2634,30.50075],[-95.26092,30.49858],[-95.25022,30.50649],[-95.23318,30.49953],[-95.2283,30.48868],[-95.23117,30.48444],[-95.22847,30.48297],[-95.2312,30.47889],[-95.25677,30.45616]]],[[[-95.3621,30.51347],[-95.36354,30.51261],[-95.36581,30.51689],[-95.36433,30.51802],[-95.36168,30.51772],[-95.3621,30.51347]]],[[[-95.35511,30.52707],[-95.36037,30.52553],[-95.36073,30.52557],[-95.35832,30.52811],[-95.35511,30.52707]]],[[[-95.09987,30.57891],[-95.10233,30.57645],[-95.10714,30.57966],[-95.10453,30.58203],[-95.09987,30.57891]]],[[[-95.23845,30.59161],[-95.23843,30.59729],[-95.22769,30.59709],[-95.22764,30.59155],[-95.23845,30.59161]]],[[[-95.15458,30.60142],[-95.14436,30.59384],[-95.15286,30.59397],[-95.15458,30.60142]]],[[[-95.25056,30.57758],[-95.26022,30.57744],[-95.26029,30.58318],[-95.27257,30.58305],[-95.27241,30.57053],[-95.28504,30.57986],[-95.2935,30.57133],[-95.29082,30.56923],[-95.29336,30.56644],[-95.28969,30.56364],[-95.29304,30.56019],[-95.30133,30.56523],[-95.30993,30.55744],[-95.31245,30.55893],[-95.3133,30.55803],[-95.31531,30.56135],[-95.31652,30.56037],[-95.31803,30.56219],[-95.31119,30.56873],[-95.30454,30.5651],[-95.29878,30.57092],[-95.30405,30.57478],[-95.30165,30.57761],[-95.31187,30.58545],[-95.31146,30.58648],[-95.31337,30.58658],[-95.31318,30.58901],[-95.30239,30.59315],[-95.29925,30.59105],[-95.2883,30.59098],[-95.28846,30.60595],[-95.30608,30.60597],[-95.30617,30.61151],[-95.32915,30.61169],[-95.3296,30.59987],[-95.34139,30.59974],[-95.33565,30.59002],[-95.3446,30.58635],[-95.35107,30.59813],[-95.34865,30.59912],[-95.34896,30.60821],[-95.34132,30.60818],[-95.34145,30.61686],[-95.34384,30.61688],[-95.34282,30.62257],[-95.34129,30.62416],[-95.32546,30.62391],[-95.32549,30.63427],[-95.31683,30.6335],[-95.31139,30.63729],[-95.3179,30.64382],[-95.31064,30.64898],[-95.30588,30.64435],[-95.30117,30.64758],[-95.28252,30.62767],[-95.28012,30.62775],[-95.27994,30.60946],[-95.24595,30.60968],[-95.24656,30.6252],[-95.23051,30.62607],[-95.23048,30.61208],[-95.22777,30.61203],[-95.22776,30.6071],[-95.23454,30.60706],[-95.23444,30.60128],[-95.23837,30.60131],[-95.23843,30.59729],[-95.24854,30.59737],[-95.24756,30.59595],[-95.25343,30.59547],[-95.2532,30.59108],[-95.25081,30.59095],[-95.25056,30.57758]]],[[[-95.33474,30.6618],[-95.33887,30.66586],[-95.33493,30.66895],[-95.33092,30.66506],[-95.33474,30.6618]]],[[[-95.34351,30.67042],[-95.33887,30.66586],[-95.34428,30.66163],[-95.34894,30.66623],[-95.34351,30.67042]]]]}},{"type":"Feature","id":"1166","properties":{"id":"1166","unitIds":["1166"],"name":"San Angelo State Park","counties":["Tom Green"],"region":"Central Texas","acres":2500.0,"type":"state_park","pdfUrl":"https://tpwd.texas.gov/huntwild/hunt/public/annual_public_hunting/resources/1166.pdf","aerialPdfUrl":"https://tpwd.texas.gov/huntwild/hunt/public/annual_public_hunting/resources/SanAngelo_1166.pdf","registration":"none","legalGameTags":["Deer - Archery","Feral hogs","Turkey","Dove","Teal","Waterfowl","Quail","Squirrel","Rabbit"],"legalGameText":"","species":["dove","feral_hog","quail","rabbit","squirrel","teal","turkey","waterfowl","white_tailed_deer"],"methods":["any_legal","archery","shotgun"],"access":["aph_walk_in"],"complexes":[],"hasEpostcard":false,"hasRegularPermit":false,"epostcardUrl":"","countySlugs":["tom-green"],"bookletPage":"42","bookletPdfPage":71,"bookletUrl":"https://tpwd.texas.gov/publications/pwdpubs/media/pwd_bk_w7000_0112a.pdf#page=71","lon":-100.53553,"lat":31.49999},"geometry":{"type":"Polygon","coordinates":[[[-100.56636,31.56431],[-100.58064,31.56821],[-100.58028,31.56465],[-100.58363,31.56323],[-100.58349,31.56549],[-100.58671,31.56563],[-100.5867,31.56098],[-100.57577,31.56057],[-100.57301,31.55732],[-100.57804,31.55268],[-100.57894,31.54806],[-100.57658,31.54869],[-100.57419,31.54618],[-100.57556,31.54296],[-100.57228,31.53727],[-100.56163,31.53934],[-100.5714,31.53425],[-100.57218,31.53004],[-100.56556,31.53156],[-100.56236,31.52538],[-100.55631,31.52305],[-100.55261,31.52415],[-100.55162,31.5219],[-100.55618,31.52226],[-100.5586,31.51085],[-100.55659,31.50791],[-100.54773,31.50399],[-100.54508,31.49944],[-100.55105,31.49689],[-100.54903,31.49122],[-100.55647,31.49138],[-100.56241,31.4826],[-100.547,31.48255],[-100.54621,31.47984],[-100.55179,31.47598],[-100.54051,31.47385],[-100.5485,31.46322],[-100.55619,31.46014],[-100.54308,31.46113],[-100.53998,31.46318],[-100.53902,31.45784],[-100.54052,31.4551],[-100.53384,31.4559],[-100.5316,31.46314],[-100.53227,31.4794],[-100.52867,31.47958],[-100.52869,31.4757],[-100.51745,31.47557],[-100.52276,31.46868],[-100.51425,31.46296],[-100.51798,31.44878],[-100.50289,31.44844],[-100.50162,31.45332],[-100.49433,31.45335],[-100.49345,31.45578],[-100.49161,31.45582],[-100.48221,31.47974],[-100.49103,31.47444],[-100.49885,31.4793],[-100.50148,31.47817],[-100.50164,31.48075],[-100.50477,31.48457],[-100.50076,31.48368],[-100.51199,31.489],[-100.51364,31.49119],[-100.52194,31.49146],[-100.52241,31.49345],[-100.52089,31.49146],[-100.5143,31.49251],[-100.51778,31.49627],[-100.51249,31.49408],[-100.51322,31.49549],[-100.5077,31.49597],[-100.51371,31.49815],[-100.51424,31.50189],[-100.51894,31.5032],[-100.52592,31.50151],[-100.53618,31.50698],[-100.53517,31.51097],[-100.54313,31.51652],[-100.54762,31.51702],[-100.54847,31.51441],[-100.54998,31.51443],[-100.55084,31.51824],[-100.54825,31.52042],[-100.54912,31.5225],[-100.54689,31.52582],[-100.54291,31.52914],[-100.5373,31.5304],[-100.53759,31.53341],[-100.53558,31.53421],[-100.55359,31.552],[-100.55522,31.55107],[-100.55619,31.55203],[-100.55449,31.55285],[-100.56636,31.56431]]]}},{"type":"Feature","id":"760","properties":{"id":"760","unitIds":["760"],"name":"San Antonio River Unit - Guadalupe Delta WMA","counties":["Refugio","Victoria"],"region":"San Antonio/Corpus Christi","acres":null,"type":"wma","pdfUrl":"","aerialPdfUrl":"","registration":"none","legalGameTags":["E-Postcard - Mulit-species"],"legalGameText":"","species":[],"methods":[],"access":["e_postcard"],"complexes":[],"hasEpostcard":true,"hasRegularPermit":false,"epostcardUrl":"https://tpwd.texas.gov/huntwild/hunt/public/public_hunt_drawing/hunt-area-details.phtml?OArea=GU","countySlugs":["refugio","victoria"],"bookletPage":"xxiii","bookletPdfPage":26,"bookletUrl":"https://tpwd.texas.gov/publications/pwdpubs/media/pwd_bk_w7000_0112a.pdf#page=26","lon":-96.98,"lat":28.47},"geometry":{"type":"Point","coordinates":[-96.98,28.47]}},{"type":"Feature","id":"2523","properties":{"id":"2523","unitIds":["2523"],"name":"Sandy Half","counties":["Martin"],"region":"Central Texas","acres":320.0,"type":"dove_lease","pdfUrl":"https://tpwd.texas.gov/huntwild/hunt/public/annual_public_hunting/resources/2523.pdf","aerialPdfUrl":"https://tpwd.texas.gov/huntwild/hunt/public/annual_public_hunting/resources/SandyHalf_2523.pdf","registration":"none","legalGameTags":["Dove","Quail"],"legalGameText":"","species":["dove","quail"],"methods":["any_legal","shotgun"],"access":["aph_walk_in"],"complexes":[],"hasEpostcard":false,"hasRegularPermit":false,"epostcardUrl":"","countySlugs":["martin"],"bookletPage":"37","bookletPdfPage":66,"bookletUrl":"https://tpwd.texas.gov/publications/pwdpubs/media/pwd_bk_w7000_0112a.pdf#page=66","lon":-101.91186,"lat":32.4551},"geometry":{"type":"Polygon","coordinates":[[[-101.90553,32.44904],[-101.90996,32.463],[-101.9182,32.46121],[-101.91376,32.44718],[-101.90553,32.44904]]]}},{"type":"Feature","id":"1055","properties":{"id":"1055","unitIds":["1055"],"name":"Sea Rim State Park","counties":["Jefferson"],"region":"Houston/Beaumont","acres":300.0,"type":"state_park","pdfUrl":"https://tpwd.texas.gov/huntwild/hunt/public/annual_public_hunting/resources/1055.pdf","aerialPdfUrl":"https://tpwd.texas.gov/huntwild/hunt/public/annual_public_hunting/resources/SeaRim_1055.pdf","registration":"none","legalGameTags":["Teal","Waterfowl","Other Migratory Birds","Youth Waterfowl","Veteran Waterfowl"],"legalGameText":"","species":["other_migratory","teal","waterfowl"],"methods":["shotgun"],"access":["aph_walk_in","youth"],"complexes":[],"hasEpostcard":false,"hasRegularPermit":false,"epostcardUrl":"","countySlugs":["jefferson"],"bookletPage":"114","bookletPdfPage":143,"bookletUrl":"https://tpwd.texas.gov/publications/pwdpubs/media/pwd_bk_w7000_0112a.pdf#page=143","lon":-94.03356,"lat":29.69467},"geometry":{"type":"Polygon","coordinates":[[[-94.03421,29.72626],[-94.03212,29.73064],[-94.0285,29.72552],[-94.03016,29.72459],[-94.02818,29.72374],[-94.02981,29.72177],[-94.02604,29.71377],[-94.02081,29.71061],[-94.02048,29.68277],[-93.98104,29.68796],[-93.98102,29.68209],[-94.01756,29.6788],[-94.04884,29.67353],[-94.06975,29.6681],[-94.06983,29.67242],[-94.05329,29.67675],[-94.05367,29.6998],[-94.04958,29.69851],[-94.0478,29.70094],[-94.05322,29.70575],[-94.05273,29.70961],[-94.04828,29.71044],[-94.0529,29.71304],[-94.04337,29.71934],[-94.04202,29.71496],[-94.04022,29.71481],[-94.04094,29.72181],[-94.03686,29.72317],[-94.04,29.72578],[-94.03444,29.72417],[-94.03938,29.72915],[-94.03421,29.72626]]]}},{"type":"Feature","id":"2485","properties":{"id":"2485","unitIds":["2485"],"name":"Shotgun - Milam County Complex 2","counties":["Milam"],"region":"Austin/Waco","acres":71.0,"type":"dove_lease","pdfUrl":"https://tpwd.texas.gov/huntwild/hunt/public/annual_public_hunting/resources/MilamCountyComplex2.pdf","aerialPdfUrl":"https://tpwd.texas.gov/huntwild/hunt/public/annual_public_hunting/resources/Shotgun_2485.pdf","registration":"none","legalGameTags":["Dove"],"legalGameText":"","species":["dove"],"methods":["shotgun"],"access":["aph_walk_in"],"complexes":[],"hasEpostcard":false,"hasRegularPermit":false,"epostcardUrl":"","countySlugs":["milam"],"bookletPage":"98","bookletPdfPage":127,"bookletUrl":"https://tpwd.texas.gov/publications/pwdpubs/media/pwd_bk_w7000_0112a.pdf#page=127","lon":-96.97757,"lat":30.91142},"geometry":{"type":"Polygon","coordinates":[[[-96.97965,30.90535],[-96.9784,30.90586],[-96.97453,30.91681],[-96.97638,30.91735],[-96.98017,30.90807],[-96.97965,30.90535]]]}},{"type":"Feature","id":"2503","properties":{"id":"2503","unitIds":["2503"],"name":"Slover","counties":["Lynn"],"region":"Panhandle","acres":320.0,"type":"dove_lease","pdfUrl":"https://tpwd.texas.gov/huntwild/hunt/public/annual_public_hunting/resources/2503.pdf","aerialPdfUrl":"https://tpwd.texas.gov/huntwild/hunt/public/annual_public_hunting/resources/Slover_2503.pdf","registration":"none","legalGameTags":["Teal","Waterfowl","Cranes"],"legalGameText":"","species":["sandhill_crane","teal","waterfowl"],"methods":["shotgun"],"access":["aph_walk_in"],"complexes":[],"hasEpostcard":false,"hasRegularPermit":false,"epostcardUrl":"","countySlugs":["lynn"],"bookletPage":"17","bookletPdfPage":46,"bookletUrl":"https://tpwd.texas.gov/publications/pwdpubs/media/pwd_bk_w7000_0112a.pdf#page=46","lon":-101.76306,"lat":33.12593},"geometry":{"type":"Polygon","coordinates":[[[-101.77168,33.12229],[-101.75436,33.12233],[-101.75435,33.12948],[-101.77173,33.12962],[-101.77168,33.12229]]]}},{"type":"Feature","id":"711","properties":{"id":"711","unitIds":["711"],"name":"Somerville PHL","counties":["Lee","Burleson"],"region":"Austin/Waco","acres":350.0,"type":"phl","pdfUrl":"https://tpwd.texas.gov/huntwild/hunt/public/annual_public_hunting/resources/711_1121.pdf","aerialPdfUrl":"https://tpwd.texas.gov/huntwild/hunt/public/annual_public_hunting/resources/SomervilleAndNailsCreek_1121.pdf","registration":"none","legalGameTags":["Deer- Archery","Feral Hog","Dove","Teal","Waterfowl","Squirrel","Rabbit","Furbearers","Fishing","Youth Waterfowl","Veteran Waterfowl"],"legalGameText":"","species":["dove","feral_hog","furbearers","rabbit","squirrel","teal","waterfowl","white_tailed_deer"],"methods":["any_legal","archery","shotgun"],"access":["aph_walk_in","youth"],"complexes":[],"hasEpostcard":false,"hasRegularPermit":false,"epostcardUrl":"","countySlugs":["lee","burleson"],"bookletPage":"94","bookletPdfPage":123,"bookletUrl":"https://tpwd.texas.gov/publications/pwdpubs/media/pwd_bk_w7000_0112a.pdf#page=123","lon":-96.7381,"lat":30.30961},"geometry":{"type":"MultiPolygon","coordinates":[[[[-96.69083,30.28385],[-96.69184,30.28235],[-96.69997,30.281],[-96.70649,30.27445],[-96.71247,30.27274],[-96.71673,30.26783],[-96.71895,30.26889],[-96.72021,30.26714],[-96.72106,30.26785],[-96.72181,30.26366],[-96.73989,30.26116],[-96.73963,30.25601],[-96.74195,30.25794],[-96.74013,30.26117],[-96.742,30.26279],[-96.73976,30.26428],[-96.73836,30.26841],[-96.73694,30.26922],[-96.73128,30.26576],[-96.73103,30.26747],[-96.7358,30.27148],[-96.73495,30.27224],[-96.73312,30.27035],[-96.7294,30.27176],[-96.72621,30.27733],[-96.72274,30.27786],[-96.72022,30.2758],[-96.71882,30.27738],[-96.71362,30.27794],[-96.70795,30.28292],[-96.70412,30.28382],[-96.70709,30.28626],[-96.70346,30.29131],[-96.70473,30.29207],[-96.70161,30.29201],[-96.69083,30.28385]]],[[[-96.68143,30.29556],[-96.675,30.29455],[-96.67113,30.29694],[-96.67486,30.29428],[-96.68146,30.29539],[-96.6901,30.3006],[-96.69428,30.29814],[-96.69985,30.29895],[-96.70212,30.31107],[-96.69596,30.31211],[-96.68981,30.30509],[-96.69001,30.30093],[-96.68143,30.29556]]],[[[-96.74754,30.32835],[-96.74986,30.3262],[-96.74618,30.32322],[-96.74331,30.3262],[-96.74135,30.32295],[-96.74352,30.32098],[-96.74114,30.31995],[-96.75081,30.31175],[-96.75962,30.314],[-96.76033,30.31648],[-96.76187,30.31428],[-96.76509,30.3163],[-96.76657,30.31514],[-96.7629,30.31895],[-96.76626,30.32177],[-96.76968,30.31876],[-96.77645,30.32138],[-96.77231,30.3269],[-96.77731,30.33108],[-96.77337,30.33454],[-96.77014,30.33256],[-96.76822,30.33412],[-96.76396,30.33056],[-96.75452,30.33899],[-96.75517,30.34032],[-96.76046,30.33978],[-96.76169,30.3412],[-96.7611,30.34429],[-96.76511,30.34567],[-96.76916,30.35013],[-96.76566,30.3535],[-96.76075,30.35238],[-96.75975,30.35065],[-96.75335,30.35011],[-96.74582,30.34466],[-96.74509,30.33845],[-96.74853,30.33076],[-96.74754,30.32835]]]]}},{"type":"Feature","id":"2081","properties":{"id":"2081","unitIds":["2081"],"name":"South Alice","counties":["Jim Wells"],"region":"San Antonio/Corpus Christi","acres":173.0,"type":"dove_lease","pdfUrl":"https://tpwd.texas.gov/huntwild/hunt/public/annual_public_hunting/resources/2081.pdf","aerialPdfUrl":"https://tpwd.texas.gov/huntwild/hunt/public/annual_public_hunting/resources/SouthAlice_2081.pdf","registration":"none","legalGameTags":["Dove"],"legalGameText":"","species":["dove"],"methods":["shotgun"],"access":["aph_walk_in"],"complexes":[],"hasEpostcard":false,"hasRegularPermit":false,"epostcardUrl":"","countySlugs":["jim-wells"],"bookletPage":"144","bookletPdfPage":173,"bookletUrl":"https://tpwd.texas.gov/publications/pwdpubs/media/pwd_bk_w7000_0112a.pdf#page=173","lon":-98.07341,"lat":27.6911},"geometry":{"type":"Polygon","coordinates":[[[-98.07792,27.69437],[-98.07882,27.68787],[-98.06842,27.68797],[-98.06842,27.69437],[-98.07792,27.69437]]]}},{"type":"Feature","id":"2228","properties":{"id":"2228","unitIds":["2228"],"name":"South China Road","counties":["Jefferson"],"region":"Houston/Beaumont","acres":1036.0,"type":"dove_lease","pdfUrl":"https://tpwd.texas.gov/huntwild/hunt/public/annual_public_hunting/resources/2228.pdf","aerialPdfUrl":"https://tpwd.texas.gov/huntwild/hunt/public/annual_public_hunting/resources/SouthChinaRoad_2228.pdf","registration":"none","legalGameTags":["Dove","Teal","Waterfowl","Other Migratory Birds","Rabbit","Youth Waterfowl","Veteran Waterfowl"],"legalGameText":"","species":["dove","other_migratory","rabbit","teal","waterfowl"],"methods":["any_legal","shotgun"],"access":["aph_walk_in","youth"],"complexes":[],"hasEpostcard":false,"hasRegularPermit":false,"epostcardUrl":"","countySlugs":["jefferson"],"bookletPage":"115","bookletPdfPage":144,"bookletUrl":"https://tpwd.texas.gov/publications/pwdpubs/media/pwd_bk_w7000_0112a.pdf#page=144","lon":-94.3517,"lat":29.96769},"geometry":{"type":"Polygon","coordinates":[[[-94.36421,29.97268],[-94.36401,29.95858],[-94.35791,29.95828],[-94.3457,29.95844],[-94.33752,29.97245],[-94.34421,29.97818],[-94.35301,29.97938],[-94.35281,29.97288],[-94.36421,29.97268]]]}},{"type":"Feature","id":"2178","properties":{"id":"2178","unitIds":["2178"],"name":"South Muddig","counties":["Hunt"],"region":"Dallas/Ft. Worth","acres":292.71,"type":"dove_lease","pdfUrl":"https://tpwd.texas.gov/huntwild/hunt/public/annual_public_hunting/resources/2178.pdf","aerialPdfUrl":"https://tpwd.texas.gov/huntwild/hunt/public/annual_public_hunting/resources/SouthMuddig_2178.pdf","registration":"none","legalGameTags":["Dove"],"legalGameText":"","species":["dove"],"methods":["shotgun"],"access":["aph_walk_in"],"complexes":[],"hasEpostcard":false,"hasRegularPermit":false,"epostcardUrl":"","countySlugs":["hunt"],"bookletPage":"61","bookletPdfPage":90,"bookletUrl":"https://tpwd.texas.gov/publications/pwdpubs/media/pwd_bk_w7000_0112a.pdf#page=90","lon":-95.90234,"lat":33.3749},"geometry":{"type":"Polygon","coordinates":[[[-95.90806,33.38091],[-95.90884,33.37066],[-95.89505,33.37049],[-95.89484,33.37751],[-95.90267,33.37758],[-95.90259,33.3809],[-95.90806,33.38091]]]}},{"type":"Feature","id":"2580","properties":{"id":"2580","unitIds":["2580"],"name":"South Place - Canadian River Complex 1","counties":["Armstrong"],"region":"Panhandle","acres":640.0,"type":"dove_lease","pdfUrl":"https://tpwd.texas.gov/huntwild/hunt/public/annual_public_hunting/resources/CanadianRiverComplex1.pdf","aerialPdfUrl":"https://tpwd.texas.gov/huntwild/hunt/public/annual_public_hunting/resources/CanadianRiverComplex1_SouthPlace_2580.pdf","registration":"none","legalGameTags":["Dove","Teal","Waterfowl","Cranes","Pheasant","Rabbit","Coyotes","Youth Waterfowl","Veteran Waterfowl"],"legalGameText":"","species":["coyote","dove","pheasant","rabbit","sandhill_crane","teal","waterfowl"],"methods":["any_legal","shotgun"],"access":["aph_walk_in","youth"],"complexes":[],"hasEpostcard":false,"hasRegularPermit":false,"epostcardUrl":"","countySlugs":["armstrong"],"bookletPage":"22","bookletPdfPage":51,"bookletUrl":"https://tpwd.texas.gov/publications/pwdpubs/media/pwd_bk_w7000_0112a.pdf#page=51","lon":-101.10816,"lat":35.17249},"geometry":{"type":"Polygon","coordinates":[[[-101.11676,35.16524],[-101.09927,35.16522],[-101.09963,35.17987],[-101.11709,35.17963],[-101.11676,35.16524]]]}},{"type":"Feature","id":"2524","properties":{"id":"2524","unitIds":["2524"],"name":"Stafford CRP","counties":["Dawson"],"region":"Central Texas","acres":327.0,"type":"dove_lease","pdfUrl":"https://tpwd.texas.gov/huntwild/hunt/public/annual_public_hunting/resources/2524.pdf","aerialPdfUrl":"https://tpwd.texas.gov/huntwild/hunt/public/annual_public_hunting/resources/StaffordCRP_2524.pdf","registration":"none","legalGameTags":["Dove","Quail"],"legalGameText":"","species":["dove","quail"],"methods":["any_legal","shotgun"],"access":["aph_walk_in"],"complexes":[],"hasEpostcard":false,"hasRegularPermit":false,"epostcardUrl":"","countySlugs":["dawson"],"bookletPage":"36","bookletPdfPage":65,"bookletUrl":"https://tpwd.texas.gov/publications/pwdpubs/media/pwd_bk_w7000_0112a.pdf#page=65","lon":-101.94958,"lat":32.66906},"geometry":{"type":"Polygon","coordinates":[[[-101.94213,32.67428],[-101.95919,32.67072],[-101.95712,32.66382],[-101.93986,32.66744],[-101.94213,32.67428]]]}},{"type":"Feature","id":"2251","properties":{"id":"2251","unitIds":["2251"],"name":"State Highway 85","counties":["Frio"],"region":"San Antonio/Corpus Christi","acres":174.0,"type":"dove_lease","pdfUrl":"https://tpwd.texas.gov/huntwild/hunt/public/annual_public_hunting/resources/2251.pdf","aerialPdfUrl":"https://tpwd.texas.gov/huntwild/hunt/public/annual_public_hunting/resources/StateHighway85_2251.pdf","registration":"none","legalGameTags":["Dove"],"legalGameText":"","species":["dove"],"methods":["shotgun"],"access":["aph_walk_in"],"complexes":[],"hasEpostcard":false,"hasRegularPermit":false,"epostcardUrl":"","countySlugs":["frio"],"bookletPage":"144","bookletPdfPage":173,"bookletUrl":"https://tpwd.texas.gov/publications/pwdpubs/media/pwd_bk_w7000_0112a.pdf#page=173","lon":-99.27949,"lat":28.66801},"geometry":{"type":"Polygon","coordinates":[[[-99.2831,28.66523],[-99.28108,28.66092],[-99.27869,28.66077],[-99.27607,28.67479],[-99.27935,28.67542],[-99.2831,28.66523]]]}},{"type":"Feature","id":"2577","properties":{"id":"2577","unitIds":["2577"],"name":"Stovall - Canadian River Complex 2","counties":["Carson"],"region":"Panhandle","acres":630.0,"type":"dove_lease","pdfUrl":"https://tpwd.texas.gov/huntwild/hunt/public/annual_public_hunting/resources/CanadianRiverComplex2.pdf","aerialPdfUrl":"https://tpwd.texas.gov/huntwild/hunt/public/annual_public_hunting/resources/CanadianRiverComplex2_Stovall_2577.pdf","registration":"none","legalGameTags":["Dove","Teal","Waterfowl","Cranes","Pheasant","Rabbit","Coyotes","Youth Waterfowl","Veteran Waterfowl"],"legalGameText":"","species":["coyote","dove","pheasant","rabbit","sandhill_crane","teal","waterfowl"],"methods":["any_legal","shotgun"],"access":["aph_walk_in","youth"],"complexes":[],"hasEpostcard":false,"hasRegularPermit":false,"epostcardUrl":"","countySlugs":["carson"],"bookletPage":"23","bookletPdfPage":52,"bookletUrl":"https://tpwd.texas.gov/publications/pwdpubs/media/pwd_bk_w7000_0112a.pdf#page=52","lon":-101.35521,"lat":35.36171},"geometry":{"type":"Polygon","coordinates":[[[-101.34649,35.36887],[-101.36404,35.36873],[-101.36402,35.35553],[-101.36184,35.35663],[-101.36229,35.35426],[-101.34996,35.35431],[-101.3464,35.35601],[-101.34649,35.36887]]]}},{"type":"Feature","id":"715","properties":{"id":"715","unitIds":["715"],"name":"Taormina Unit - Las Palomas WMA","counties":["Hidalgo"],"region":"San Antonio/Corpus Christi","acres":600.0,"type":"wma","pdfUrl":"https://tpwd.texas.gov/huntwild/hunt/public/annual_public_hunting/resources/710_715_718.pdf","aerialPdfUrl":"https://tpwd.texas.gov/huntwild/hunt/public/annual_public_hunting/resources/LasPalomasTaormina_715.pdf","registration":"none","legalGameTags":["Dove","Quail","Chachalaca","Rabbit"],"legalGameText":"","species":["chachalaca","dove","quail","rabbit"],"methods":["any_legal","shotgun"],"access":["aph_walk_in"],"complexes":[],"hasEpostcard":false,"hasRegularPermit":false,"epostcardUrl":"","countySlugs":["hidalgo"],"bookletPage":"140","bookletPdfPage":169,"bookletUrl":"https://tpwd.texas.gov/publications/pwdpubs/media/pwd_bk_w7000_0112a.pdf#page=169","lon":-98.03148,"lat":26.11205},"geometry":{"type":"Polygon","coordinates":[[[-98.0218,26.12267],[-98.02737,26.12345],[-98.0286,26.11627],[-98.03655,26.11738],[-98.0378,26.11019],[-98.04171,26.11075],[-98.04233,26.10716],[-98.04424,26.10743],[-98.04419,26.10375],[-98.03504,26.10246],[-98.03376,26.1096],[-98.0269,26.10868],[-98.02496,26.10549],[-98.02169,26.10922],[-98.02172,26.11164],[-98.02525,26.11212],[-98.02462,26.11571],[-98.02174,26.11531],[-98.0218,26.12267]]]}},{"type":"Feature","id":"708","properties":{"id":"708","unitIds":["708"],"name":"Tawakoni WMA","counties":["Hunt","Rains","Van Zandt"],"region":"Dallas/Ft. Worth","acres":null,"type":"wma","pdfUrl":"https://tpwd.texas.gov/huntwild/hunt/public/annual_public_hunting/resources/708.pdf","aerialPdfUrl":"https://tpwd.texas.gov/huntwild/hunt/public/annual_public_hunting/resources/Tawakoni_708.pdf","registration":"none","legalGameTags":["Deer - Archery","Feral Hog","Dove","Teal","Waterfowl","Other Migratory Birds","Squirrel","Rabbit","Furbearers","Fishing","Youth/Adult Squirrel","Youth Waterfowl","Veteran Waterfowl"],"legalGameText":"","species":["dove","feral_hog","furbearers","other_migratory","rabbit","squirrel","teal","waterfowl","white_tailed_deer"],"methods":["any_legal","archery","shotgun"],"access":["aph_walk_in","youth","youth_adult"],"complexes":[],"hasEpostcard":false,"hasRegularPermit":false,"epostcardUrl":"","countySlugs":["hunt","rains","van-zandt"],"bookletPage":"63","bookletPdfPage":92,"bookletUrl":"https://tpwd.texas.gov/publications/pwdpubs/media/pwd_bk_w7000_0112a.pdf#page=92","lon":-96.02652,"lat":32.95458},"geometry":{"type":"MultiPolygon","coordinates":[[[[-96.06855,32.82719],[-96.06995,32.82374],[-96.07427,32.82368],[-96.07425,32.83808],[-96.07131,32.83809],[-96.06977,32.84336],[-96.06177,32.83757],[-96.06167,32.82734],[-96.06855,32.82719]]],[[[-96.11606,32.93671],[-96.11491,32.93804],[-96.11871,32.93302],[-96.12792,32.933],[-96.12795,32.94557],[-96.12486,32.94577],[-96.11606,32.93671]]],[[[-95.97623,33.00208],[-95.98113,33.00216],[-95.98133,32.99373],[-95.98869,32.9935],[-95.98905,32.98695],[-95.99629,32.98701],[-95.99645,32.99242],[-96.00361,32.9935],[-96.01074,32.99242],[-96.00869,32.99345],[-96.00871,32.99725],[-96.00407,33.0024],[-96.00533,33.00521],[-96.00204,33.00818],[-96.00343,33.00892],[-95.98393,33.00877],[-95.98296,33.00647],[-95.97613,33.00628],[-95.97623,33.00208]]],[[[-95.97049,33.01075],[-95.97151,33.00633],[-95.97866,33.00648],[-95.97924,33.01381],[-95.97301,33.01373],[-95.97274,33.01081],[-95.97049,33.01075]]]]}},{"type":"Feature","id":"751","properties":{"id":"751","unitIds":["751"],"name":"Taylor Lakes Unit - Playa Lakes WMA","counties":["Donley"],"region":"Panhandle","acres":525.0,"type":"wma","pdfUrl":"https://tpwd.texas.gov/huntwild/hunt/public/annual_public_hunting/resources/751.pdf","aerialPdfUrl":"https://tpwd.texas.gov/huntwild/hunt/public/annual_public_hunting/resources/PlayaLakesTaylor_751.pdf","registration":"none","legalGameTags":["Feral Hog","Dove","Teal","Rabbit","E-Postcard Waterfowl","E-Postcard Youth/Adult Waterfowl"],"legalGameText":"","species":["dove","feral_hog","rabbit","teal","waterfowl"],"methods":["any_legal","shotgun"],"access":["aph_walk_in","e_postcard"],"complexes":[],"hasEpostcard":true,"hasRegularPermit":false,"epostcardUrl":"https://tpwd.texas.gov/huntwild/hunt/public/public_hunt_drawing/hunt-area-details.phtml?OArea=TL","countySlugs":["donley"],"bookletPage":"6","bookletPdfPage":35,"bookletUrl":"https://tpwd.texas.gov/publications/pwdpubs/media/pwd_bk_w7000_0112a.pdf#page=35","lon":-100.786,"lat":34.89902},"geometry":{"type":"Polygon","coordinates":[[[-100.78746,34.89109],[-100.78757,34.89422],[-100.77639,34.89434],[-100.77659,34.90341],[-100.78167,34.90548],[-100.79422,34.90533],[-100.7939,34.89096],[-100.78746,34.89109]]]}},{"type":"Feature","id":"785","properties":{"id":"785","unitIds":["785"],"name":"Teacup Mountain WMA","counties":["Foard","Hardeman"],"region":"Panhandle","acres":11091.0,"type":"wma","pdfUrl":"https://tpwd.texas.gov/huntwild/hunt/public/annual_public_hunting/resources/785.pdf","aerialPdfUrl":"https://tpwd.texas.gov/huntwild/hunt/public/annual_public_hunting/resources/TeacupMountain_785.pdf","registration":"none","legalGameTags":["Feral Hog","Dove","Teal","Quail","Coyotes","Youth Waterfowl","Veteran Waterfowl"],"legalGameText":"","species":["coyote","dove","feral_hog","quail","teal","waterfowl"],"methods":["any_legal","shotgun"],"access":["aph_walk_in","youth"],"complexes":[],"hasEpostcard":false,"hasRegularPermit":false,"epostcardUrl":"","countySlugs":["foard","hardeman"],"bookletPage":"11","bookletPdfPage":40,"bookletUrl":"https://tpwd.texas.gov/publications/pwdpubs/media/pwd_bk_w7000_0112a.pdf#page=40","lon":-99.83224,"lat":34.09173},"geometry":{"type":"Polygon","coordinates":[[[-99.78281,34.10171],[-99.79131,34.10829],[-99.79535,34.11455],[-99.8009,34.11463],[-99.80102,34.12078],[-99.81843,34.121],[-99.81851,34.11488],[-99.836,34.115],[-99.83606,34.10057],[-99.85356,34.1007],[-99.85339,34.11526],[-99.8885,34.11555],[-99.88893,34.10096],[-99.90621,34.10126],[-99.90582,34.08657],[-99.87098,34.08676],[-99.87101,34.09529],[-99.85363,34.09525],[-99.85359,34.08681],[-99.84925,34.08684],[-99.84777,34.05594],[-99.83013,34.05554],[-99.83017,34.07],[-99.81272,34.06998],[-99.81263,34.06712],[-99.80833,34.06713],[-99.80922,34.06103],[-99.80733,34.05803],[-99.80756,34.05231],[-99.80192,34.05229],[-99.80181,34.07116],[-99.78435,34.07119],[-99.78408,34.08557],[-99.77553,34.08563],[-99.77552,34.09192],[-99.78281,34.10171]]]}},{"type":"Feature","id":"2581","properties":{"id":"2581","unitIds":["2581"],"name":"Temprano - Canadian River Complex 5","counties":["Hutchinson"],"region":"Panhandle","acres":640.0,"type":"dove_lease","pdfUrl":"https://tpwd.texas.gov/huntwild/hunt/public/annual_public_hunting/resources/CanadianRiverComplex5.pdf","aerialPdfUrl":"https://tpwd.texas.gov/huntwild/hunt/public/annual_public_hunting/resources/CanadianRiverComplex5_Temprano_2581.pdf","registration":"none","legalGameTags":["Dove","Teal","Waterfowl","Cranes","Pheasant","Rabbit","Coyotes","Youth Waterfowl","Veteran Waterfowl"],"legalGameText":"","species":["coyote","dove","pheasant","rabbit","sandhill_crane","teal","waterfowl"],"methods":["any_legal","shotgun"],"access":["aph_walk_in","youth"],"complexes":[],"hasEpostcard":false,"hasRegularPermit":false,"epostcardUrl":"","countySlugs":["hutchinson"],"bookletPage":"26","bookletPdfPage":55,"bookletUrl":"https://tpwd.texas.gov/publications/pwdpubs/media/pwd_bk_w7000_0112a.pdf#page=55","lon":-101.55387,"lat":35.94998},"geometry":{"type":"Polygon","coordinates":[[[-101.56467,35.94417],[-101.54308,35.94414],[-101.54302,35.95581],[-101.56473,35.9558],[-101.56467,35.94417]]]}},{"type":"Feature","id":"2571","properties":{"id":"2571","unitIds":["2571"],"name":"Texas Roberts - Canadian River Complex 7","counties":["Ochiltree"],"region":"Panhandle","acres":1625.0,"type":"dove_lease","pdfUrl":"https://tpwd.texas.gov/huntwild/hunt/public/annual_public_hunting/resources/CanadianRiverComplex7.pdf","aerialPdfUrl":"https://tpwd.texas.gov/huntwild/hunt/public/annual_public_hunting/resources/CanadianRiverComplex7_TexasRoberts_2571.pdf","registration":"none","legalGameTags":["Dove","Teal","Waterfowl","Cranes","Pheasant","Rabbit","Coyotes","Youth Waterfowl","Veteran Waterfowl"],"legalGameText":"","species":["coyote","dove","pheasant","rabbit","sandhill_crane","teal","waterfowl"],"methods":["any_legal","shotgun"],"access":["aph_walk_in","youth"],"complexes":[],"hasEpostcard":false,"hasRegularPermit":false,"epostcardUrl":"","countySlugs":["ochiltree"],"bookletPage":"28","bookletPdfPage":57,"bookletUrl":"https://tpwd.texas.gov/publications/pwdpubs/media/pwd_bk_w7000_0112a.pdf#page=57","lon":-100.97173,"lat":36.1384},"geometry":{"type":"Polygon","coordinates":[[[-100.98683,36.12824],[-100.94641,36.12828],[-100.94639,36.13606],[-100.9664,36.13626],[-100.96658,36.15257],[-100.98669,36.15259],[-100.98683,36.12824]]]}},{"type":"Feature","id":"712","properties":{"id":"712","unitIds":["712"],"name":"Tony Houseman / Blue Elbow Swamp  WMA","counties":["Orange"],"region":"Houston/Beaumont","acres":4328.0,"type":"wma","pdfUrl":"https://tpwd.texas.gov/huntwild/hunt/public/annual_public_hunting/resources/712.pdf","aerialPdfUrl":"https://tpwd.texas.gov/huntwild/hunt/public/annual_public_hunting/resources/TonyHouseman_712.pdf","registration":"none","legalGameTags":["Feral Hog","Exotic Mammals","Dove","Teal","Waterfowl","Other Migratory Birds","Squirrel","Rabbit","Coyotes","Furbearers","Fishing","Youth/Adult Squirrel","Youth Waterfowl","Veteran Waterfowl"],"legalGameText":"","species":["coyote","dove","exotic_mammals","feral_hog","furbearers","other_migratory","rabbit","squirrel","teal","waterfowl"],"methods":["any_legal","shotgun"],"access":["aph_walk_in","youth","youth_adult"],"complexes":[],"hasEpostcard":false,"hasRegularPermit":false,"epostcardUrl":"","countySlugs":["orange"],"bookletPage":"120","bookletPdfPage":149,"bookletUrl":"https://tpwd.texas.gov/publications/pwdpubs/media/pwd_bk_w7000_0112a.pdf#page=149","lon":-93.71863,"lat":30.13705},"geometry":{"type":"MultiPolygon","coordinates":[[[[-93.7086,30.12072],[-93.70344,30.11571],[-93.70488,30.11144],[-93.71519,30.10867],[-93.71675,30.11154],[-93.72444,30.11037],[-93.72915,30.11312],[-93.72918,30.11796],[-93.71748,30.12046],[-93.70197,30.12703],[-93.70255,30.12297],[-93.70658,30.1228],[-93.7086,30.12072]]],[[[-93.69361,30.13586],[-93.69886,30.13958],[-93.70177,30.13841],[-93.70208,30.12742],[-93.71828,30.12061],[-93.73357,30.11924],[-93.73943,30.12933],[-93.7446,30.12668],[-93.74486,30.13554],[-93.74006,30.14048],[-93.74094,30.14194],[-93.73078,30.14215],[-93.72506,30.14423],[-93.72554,30.14647],[-93.74219,30.14472],[-93.74233,30.14858],[-93.71883,30.14937],[-93.71921,30.14713],[-93.71322,30.14335],[-93.71136,30.14742],[-93.70748,30.14635],[-93.69855,30.15254],[-93.69663,30.15107],[-93.69432,30.14202],[-93.68945,30.14078],[-93.69361,30.13586]]],[[[-93.70655,30.15127],[-93.71002,30.14785],[-93.7125,30.15141],[-93.70655,30.15127]]],[[[-93.7072,30.15287],[-93.71306,30.15194],[-93.71439,30.15368],[-93.71846,30.15329],[-93.72914,30.15718],[-93.72301,30.15932],[-93.72191,30.16138],[-93.71368,30.16017],[-93.71197,30.16152],[-93.707,30.15926],[-93.70818,30.15786],[-93.7072,30.15287]]],[[[-93.71196,30.16166],[-93.7137,30.16031],[-93.722,30.1615],[-93.72308,30.15944],[-93.72872,30.15837],[-93.7294,30.15701],[-93.73238,30.16353],[-93.73143,30.16608],[-93.70256,30.16575],[-93.70341,30.16165],[-93.70637,30.15924],[-93.71196,30.16166]]]]}},{"type":"Feature","id":"1121-164","properties":{"id":"1121-164","unitIds":["1121"],"name":"Trailway Flag Pond - Lake Somerville SP","counties":["Lee","Burleson"],"region":"Austin/Waco","acres":null,"type":"state_park","pdfUrl":"https://tpwd.texas.gov/huntwild/hunt/public/annual_public_hunting/resources/711_1121.pdf","aerialPdfUrl":"https://tpwd.texas.gov/huntwild/hunt/public/annual_public_hunting/resources/SomervilleAndNailsCreek_1121.pdf","registration":"none","legalGameTags":["Teal","Waterfowl","Youth Waterfowl","Veteran Waterfowl"],"legalGameText":"","species":["teal","waterfowl"],"methods":["shotgun"],"access":["aph_walk_in","youth"],"complexes":[],"hasEpostcard":false,"hasRegularPermit":false,"epostcardUrl":"","countySlugs":["lee","burleson"],"bookletPage":"94","bookletPdfPage":123,"bookletUrl":"https://tpwd.texas.gov/publications/pwdpubs/media/pwd_bk_w7000_0112a.pdf#page=123","lon":-96.69622,"lat":30.30504},"geometry":{"type":"Polygon","coordinates":[[[-96.69005,30.30069],[-96.69055,30.30516],[-96.69613,30.31227],[-96.69846,30.31172],[-96.697,30.31392],[-96.70162,30.31122],[-96.69987,30.29919],[-96.69463,30.298],[-96.69005,30.30069]]]}},{"type":"Feature","id":"740","properties":{"id":"740","unitIds":["740"],"name":"Tucker Unit - Las Palomas WMA","counties":["Cameron"],"region":"San Antonio/Corpus Christi","acres":175.0,"type":"wma","pdfUrl":"https://tpwd.texas.gov/huntwild/hunt/public/annual_public_hunting/resources/740.pdf","aerialPdfUrl":"https://tpwd.texas.gov/huntwild/hunt/public/annual_public_hunting/resources/LasPalomasTucker_740.pdf","registration":"none","legalGameTags":["Dove","Quail","Chachalaca","Rabbit"],"legalGameText":"","species":["chachalaca","dove","quail","rabbit"],"methods":["any_legal","shotgun"],"access":["aph_walk_in"],"complexes":[],"hasEpostcard":false,"hasRegularPermit":false,"epostcardUrl":"","countySlugs":["cameron"],"bookletPage":"139","bookletPdfPage":168,"bookletUrl":"https://tpwd.texas.gov/publications/pwdpubs/media/pwd_bk_w7000_0112a.pdf#page=168","lon":-97.69909,"lat":26.09193},"geometry":{"type":"Polygon","coordinates":[[[-97.69974,26.09401],[-97.70379,26.09591],[-97.70802,26.09036],[-97.70646,26.08922],[-97.70515,26.09068],[-97.70202,26.08839],[-97.69827,26.09258],[-97.69202,26.08801],[-97.68949,26.09083],[-97.69444,26.09441],[-97.69974,26.09401]]]}},{"type":"Feature","id":"502","properties":{"id":"502","unitIds":["502"],"name":"Twin Buttes PHL","counties":["Tom Green"],"region":"Central Texas","acres":12858.0,"type":"phl","pdfUrl":"https://tpwd.texas.gov/huntwild/hunt/public/annual_public_hunting/resources/502.pdf","aerialPdfUrl":"https://tpwd.texas.gov/huntwild/hunt/public/annual_public_hunting/resources/TwinButtes_502.pdf","registration":"none","legalGameTags":["Deer - Archery","Deer","Feral hogs","Exotic Mammals","Turkey","Javelina","Dove","Teal","Waterfowl","Quail","Squirrel","Rabbit","Coyotes","Furbearers","Fishing","Youth Deer","Youth Waterfowl","Veteran Waterfowl"],"legalGameText":"","species":["coyote","dove","exotic_mammals","feral_hog","furbearers","javelina","quail","rabbit","squirrel","teal","turkey","waterfowl","white_tailed_deer"],"methods":["any_legal","archery","shotgun"],"access":["aph_walk_in","youth"],"complexes":[],"hasEpostcard":false,"hasRegularPermit":false,"epostcardUrl":"","countySlugs":["tom-green"],"bookletPage":"43","bookletPdfPage":72,"bookletUrl":"https://tpwd.texas.gov/publications/pwdpubs/media/pwd_bk_w7000_0112a.pdf#page=72","lon":-100.54128,"lat":31.34767},"geometry":{"type":"Polygon","coordinates":[[[-100.48351,31.31892],[-100.4775,31.31822],[-100.48053,31.31287],[-100.47466,31.30948],[-100.47141,31.30369],[-100.48632,31.30399],[-100.48723,31.30263],[-100.48534,31.30154],[-100.48801,31.30153],[-100.49267,31.29378],[-100.49142,31.28717],[-100.49344,31.28727],[-100.49376,31.28407],[-100.50333,31.28445],[-100.50436,31.27216],[-100.50108,31.27121],[-100.50047,31.26871],[-100.5051,31.26263],[-100.50404,31.26489],[-100.50797,31.28762],[-100.5119,31.30051],[-100.51584,31.29931],[-100.51669,31.30243],[-100.51502,31.30283],[-100.51479,31.3073],[-100.51125,31.30555],[-100.5095,31.30787],[-100.5119,31.31631],[-100.51088,31.32973],[-100.5227,31.34613],[-100.5277,31.34225],[-100.53188,31.34292],[-100.53486,31.34039],[-100.53583,31.33288],[-100.54087,31.34119],[-100.54595,31.33881],[-100.55012,31.33028],[-100.55321,31.33035],[-100.55654,31.32763],[-100.56113,31.32949],[-100.56245,31.32447],[-100.56395,31.3239],[-100.56351,31.32716],[-100.56481,31.327],[-100.56732,31.33115],[-100.57593,31.33029],[-100.57567,31.32863],[-100.57839,31.32725],[-100.58938,31.33362],[-100.60094,31.33127],[-100.58511,31.33921],[-100.58233,31.33865],[-100.58138,31.33509],[-100.57753,31.33517],[-100.57377,31.34013],[-100.56569,31.3431],[-100.5657,31.34864],[-100.57559,31.3552],[-100.58604,31.35451],[-100.59094,31.35858],[-100.59622,31.35568],[-100.59707,31.35672],[-100.59465,31.36015],[-100.59468,31.36333],[-100.60588,31.36974],[-100.60952,31.36868],[-100.6127,31.37146],[-100.61608,31.37161],[-100.6188,31.37565],[-100.61401,31.37622],[-100.61335,31.38722],[-100.61148,31.38855],[-100.61272,31.38997],[-100.60709,31.39021],[-100.60708,31.38823],[-100.60055,31.38818],[-100.60057,31.38331],[-100.60492,31.38107],[-100.60243,31.37744],[-100.59586,31.37779],[-100.5914,31.37496],[-100.58783,31.36747],[-100.57389,31.3665],[-100.57452,31.37189],[-100.57959,31.37762],[-100.57095,31.37525],[-100.56858,31.37872],[-100.55558,31.37726],[-100.55699,31.39395],[-100.56143,31.39723],[-100.56139,31.40008],[-100.54017,31.39909],[-100.53725,31.39429],[-100.53427,31.39434],[-100.52955,31.38973],[-100.53416,31.38469],[-100.53721,31.38743],[-100.5393,31.38324],[-100.53381,31.37289],[-100.52904,31.37293],[-100.52007,31.36602],[-100.51676,31.36628],[-100.51423,31.36398],[-100.51102,31.36398],[-100.5062,31.36939],[-100.50336,31.36942],[-100.50198,31.36761],[-100.51249,31.3588],[-100.5195,31.35885],[-100.51947,31.35682],[-100.50081,31.32611],[-100.49852,31.32418],[-100.48207,31.32419],[-100.48113,31.32034],[-100.48351,31.31892]]]}},{"type":"Feature","id":"2550","properties":{"id":"2550","unitIds":["2550"],"name":"Vara","counties":["Floyd"],"region":"Panhandle","acres":200.0,"type":"dove_lease","pdfUrl":"https://tpwd.texas.gov/huntwild/hunt/public/annual_public_hunting/resources/2550.pdf","aerialPdfUrl":"https://tpwd.texas.gov/huntwild/hunt/public/annual_public_hunting/resources/Vara_2550.pdf","registration":"none","legalGameTags":["Dove","Teal","Waterfowl","Cranes","Pheasant","Rabbit"],"legalGameText":"","species":["dove","pheasant","rabbit","sandhill_crane","teal","waterfowl"],"methods":["any_legal","shotgun"],"access":["aph_walk_in"],"complexes":[],"hasEpostcard":false,"hasRegularPermit":false,"epostcardUrl":"","countySlugs":["floyd"],"bookletPage":"9","bookletPdfPage":38,"bookletUrl":"https://tpwd.texas.gov/publications/pwdpubs/media/pwd_bk_w7000_0112a.pdf#page=38","lon":-101.3889,"lat":34.00252},"geometry":{"type":"Polygon","coordinates":[[[-101.38334,34.00623],[-101.39457,34.0058],[-101.39459,33.99893],[-101.3832,33.99915],[-101.38334,34.00623]]]}},{"type":"Feature","id":"2507","properties":{"id":"2507","unitIds":["2507"],"name":"Warrick","counties":["Lynn"],"region":"Panhandle","acres":320.0,"type":"dove_lease","pdfUrl":"https://tpwd.texas.gov/huntwild/hunt/public/annual_public_hunting/resources/2507.pdf","aerialPdfUrl":"https://tpwd.texas.gov/huntwild/hunt/public/annual_public_hunting/resources/Warrick_2507.pdf","registration":"none","legalGameTags":["Deer","Dove","Quail"],"legalGameText":"","species":["dove","quail","white_tailed_deer"],"methods":["any_legal","shotgun"],"access":["aph_walk_in"],"complexes":[],"hasEpostcard":false,"hasRegularPermit":false,"epostcardUrl":"","countySlugs":["lynn"],"bookletPage":"18","bookletPdfPage":47,"bookletUrl":"https://tpwd.texas.gov/publications/pwdpubs/media/pwd_bk_w7000_0112a.pdf#page=47","lon":-101.62275,"lat":33.03779},"geometry":{"type":"Polygon","coordinates":[[[-101.63147,33.0414],[-101.6315,33.0342],[-101.61407,33.03413],[-101.61402,33.04141],[-101.63147,33.0414]]]}},{"type":"Feature","id":"2315","properties":{"id":"2315","unitIds":["2315","2314","2548","2560"],"name":"Washington-Fayette County Complex","counties":["Washington"],"region":"Austin/Waco","acres":110.0,"type":"dove_lease","pdfUrl":"https://tpwd.texas.gov/huntwild/hunt/public/annual_public_hunting/resources/Washington_FayetteCountyComplex.pdf","aerialPdfUrl":"https://tpwd.texas.gov/huntwild/hunt/public/annual_public_hunting/resources/CarmineEast_2315.pdf","registration":"none","legalGameTags":["Dove"],"legalGameText":"","species":["dove"],"methods":["shotgun"],"access":["aph_walk_in"],"complexes":["Carmine East","Carmine West","Gerland","Trailer Park Road"],"hasEpostcard":false,"hasRegularPermit":false,"epostcardUrl":"","countySlugs":["washington"],"bookletPage":"102","bookletPdfPage":131,"bookletUrl":"https://tpwd.texas.gov/publications/pwdpubs/media/pwd_bk_w7000_0112a.pdf#page=131","lon":-96.6843,"lat":30.14781},"geometry":{"type":"MultiPolygon","coordinates":[[[[-96.72032,30.14422],[-96.7217,30.14312],[-96.71796,30.13996],[-96.71973,30.13835],[-96.72908,30.14404],[-96.72145,30.14518],[-96.72032,30.14422]]],[[[-96.65499,30.14284],[-96.65655,30.1415],[-96.65366,30.13906],[-96.65821,30.13494],[-96.6606,30.13799],[-96.6633,30.13565],[-96.67362,30.14454],[-96.6688,30.14902],[-96.66236,30.14359],[-96.65881,30.14652],[-96.65499,30.14284]]],[[[-96.6767,30.15105],[-96.67872,30.15274],[-96.68234,30.15179],[-96.68389,30.15309],[-96.68241,30.15607],[-96.68116,30.15494],[-96.67869,30.15719],[-96.67235,30.1517],[-96.6767,30.15105]]],[[[-96.70988,30.16252],[-96.7124,30.1604],[-96.70613,30.15504],[-96.70807,30.15312],[-96.71966,30.1616],[-96.71432,30.16619],[-96.70988,30.16252]]]]}},{"type":"Feature","id":"2564","properties":{"id":"2564","unitIds":["2564"],"name":"Weets Farm North - Delta County Complex","counties":["Delta"],"region":"Dallas/Ft. Worth","acres":415.0,"type":"dove_lease","pdfUrl":"https://tpwd.texas.gov/huntwild/hunt/public/annual_public_hunting/resources/DeltaCountyComplex.pdf","aerialPdfUrl":"https://tpwd.texas.gov/huntwild/hunt/public/annual_public_hunting/resources/WeetsFarmNorth_2564.pdf","registration":"none","legalGameTags":["Dove"],"legalGameText":"","species":["dove"],"methods":["shotgun"],"access":["aph_walk_in"],"complexes":[],"hasEpostcard":false,"hasRegularPermit":false,"epostcardUrl":"","countySlugs":["delta"],"bookletPage":"53","bookletPdfPage":82,"bookletUrl":"https://tpwd.texas.gov/publications/pwdpubs/media/pwd_bk_w7000_0112a.pdf#page=82","lon":-95.74788,"lat":33.41749},"geometry":{"type":"Polygon","coordinates":[[[-95.75343,33.42521],[-95.75357,33.42257],[-95.7549,33.42261],[-95.75487,33.41539],[-95.7513,33.41538],[-95.75145,33.41021],[-95.74056,33.41019],[-95.74091,33.41375],[-95.74457,33.41526],[-95.74046,33.41586],[-95.74039,33.41961],[-95.74489,33.4197],[-95.7449,33.42507],[-95.75343,33.42521]]]}},{"type":"Feature","id":"2582","properties":{"id":"2582","unitIds":["2582"],"name":"West of Town - Canadian River Complex 4","counties":["Hansford"],"region":"Panhandle","acres":481.0,"type":"dove_lease","pdfUrl":"https://tpwd.texas.gov/huntwild/hunt/public/annual_public_hunting/resources/CanadianRiverComplex4.pdf","aerialPdfUrl":"https://tpwd.texas.gov/huntwild/hunt/public/annual_public_hunting/resources/CanadianRiverComplex4_WestofTown_2582.pdf","registration":"none","legalGameTags":["Dove","Teal","Waterfowl","Cranes","Pheasant","Rabbit","Coyotes","Youth Waterfowl","Veteran Waterfowl"],"legalGameText":"","species":["coyote","dove","pheasant","rabbit","sandhill_crane","teal","waterfowl"],"methods":["any_legal","shotgun"],"access":["aph_walk_in","youth"],"complexes":[],"hasEpostcard":false,"hasRegularPermit":false,"epostcardUrl":"","countySlugs":["hansford"],"bookletPage":"25","bookletPdfPage":54,"bookletUrl":"https://tpwd.texas.gov/publications/pwdpubs/media/pwd_bk_w7000_0112a.pdf#page=54","lon":-101.24051,"lat":36.19406},"geometry":{"type":"Polygon","coordinates":[[[-101.24483,36.1831],[-101.2359,36.18324],[-101.23623,36.20504],[-101.24507,36.20492],[-101.24483,36.1831]]]}},{"type":"Feature","id":"727","properties":{"id":"727","unitIds":["727"],"name":"White Oak Creek WMA","counties":["Bowie","Cass","Morris","Titus"],"region":"Pineywoods","acres":25777.0,"type":"wma","pdfUrl":"https://tpwd.texas.gov/huntwild/hunt/public/annual_public_hunting/resources/727.pdf","aerialPdfUrl":"https://tpwd.texas.gov/huntwild/hunt/public/annual_public_hunting/resources/WhiteOakCreek_727.pdf","registration":"none","legalGameTags":["Deer - Archery","Feral Hog","Dove","Waterfowl","Other Migratory Birds","Squirrel","Rabbit","Coyotes","Furbearers/Predators","Fishing","Youth Feral Hog","Youth Squirrel"],"legalGameText":"","species":["coyote","dove","feral_hog","furbearers","other_migratory","rabbit","squirrel","waterfowl","white_tailed_deer"],"methods":["any_legal","archery","shotgun"],"access":["aph_walk_in","youth"],"complexes":[],"hasEpostcard":false,"hasRegularPermit":false,"epostcardUrl":"","countySlugs":["bowie","cass","morris","titus"],"bookletPage":"72","bookletPdfPage":101,"bookletUrl":"https://tpwd.texas.gov/publications/pwdpubs/media/pwd_bk_w7000_0112a.pdf#page=101","lon":-94.69733,"lat":33.27136},"geometry":{"type":"Polygon","coordinates":[[[-94.87913,33.30297],[-94.84887,33.30416],[-94.84258,33.29734],[-94.83969,33.29738],[-94.83968,33.2953],[-94.82501,33.29415],[-94.82464,33.27928],[-94.82647,33.2736],[-94.8286,33.27216],[-94.82745,33.27061],[-94.8131,33.27063],[-94.80627,33.26664],[-94.78822,33.26101],[-94.7794,33.26162],[-94.77944,33.26416],[-94.76379,33.26606],[-94.75934,33.26529],[-94.7576,33.26494],[-94.7579,33.25912],[-94.75268,33.25921],[-94.75178,33.25671],[-94.75027,33.25668],[-94.75011,33.2618],[-94.74417,33.25571],[-94.74011,33.25562],[-94.74006,33.24241],[-94.73498,33.24242],[-94.73497,33.23564],[-94.72912,33.23439],[-94.7305,33.24633],[-94.7257,33.24634],[-94.72405,33.24212],[-94.71982,33.24212],[-94.72322,33.248],[-94.72322,33.25163],[-94.71479,33.25164],[-94.71499,33.24801],[-94.70341,33.24187],[-94.69842,33.24825],[-94.69097,33.24814],[-94.6899,33.25407],[-94.68354,33.25395],[-94.68563,33.25798],[-94.67092,33.2549],[-94.6653,33.25711],[-94.65667,33.25697],[-94.65667,33.25545],[-94.6528,33.25538],[-94.65275,33.25385],[-94.64549,33.25381],[-94.64456,33.2489],[-94.63991,33.24574],[-94.63277,33.24585],[-94.62579,33.24065],[-94.61437,33.24408],[-94.61396,33.23995],[-94.60952,33.23911],[-94.61069,33.23638],[-94.60938,33.23638],[-94.61894,33.23064],[-94.63139,33.2298],[-94.63593,33.22807],[-94.63141,33.22662],[-94.63157,33.22263],[-94.61878,33.22249],[-94.61881,33.2188],[-94.61353,33.21872],[-94.61376,33.21482],[-94.61146,33.21474],[-94.60961,33.21994],[-94.61429,33.21994],[-94.61428,33.22246],[-94.60911,33.22379],[-94.60593,33.22065],[-94.60608,33.22319],[-94.60325,33.22329],[-94.60303,33.2299],[-94.59824,33.22978],[-94.59723,33.23232],[-94.59215,33.23399],[-94.58856,33.23889],[-94.58812,33.23184],[-94.58008,33.23181],[-94.58009,33.23029],[-94.57578,33.22832],[-94.5702,33.22184],[-94.56437,33.22528],[-94.56433,33.22832],[-94.56833,33.22835],[-94.56826,33.23583],[-94.57061,33.23659],[-94.57176,33.24845],[-94.56672,33.2525],[-94.56668,33.25708],[-94.56304,33.25705],[-94.56386,33.2708],[-94.57349,33.2708],[-94.5735,33.28292],[-94.58405,33.28404],[-94.58545,33.282],[-94.58777,33.28202],[-94.5889,33.27614],[-94.59193,33.27338],[-94.59612,33.27335],[-94.5961,33.27065],[-94.60487,33.27142],[-94.60833,33.26236],[-94.61264,33.25895],[-94.6162,33.25985],[-94.62525,33.26694],[-94.63617,33.28321],[-94.63835,33.28547],[-94.64098,33.28554],[-94.64127,33.28849],[-94.65789,33.28878],[-94.65777,33.29375],[-94.66571,33.29371],[-94.66626,33.29881],[-94.67411,33.29836],[-94.67822,33.29651],[-94.67814,33.29885],[-94.67406,33.30111],[-94.6741,33.3039],[-94.68144,33.30954],[-94.68405,33.31573],[-94.69046,33.31564],[-94.70656,33.30179],[-94.70652,33.29555],[-94.71198,33.29557],[-94.71192,33.28765],[-94.70556,33.28859],[-94.70552,33.28233],[-94.69911,33.28062],[-94.69812,33.27757],[-94.69809,33.27336],[-94.70422,33.27303],[-94.70573,33.26989],[-94.71004,33.26989],[-94.71287,33.27227],[-94.71951,33.26978],[-94.72183,33.27344],[-94.72785,33.27116],[-94.73047,33.27344],[-94.73046,33.27861],[-94.7335,33.27861],[-94.7382,33.28377],[-94.74078,33.28376],[-94.74073,33.27785],[-94.7445,33.27785],[-94.74978,33.28152],[-94.76623,33.28115],[-94.78009,33.27854],[-94.78749,33.2804],[-94.80124,33.2806],[-94.80076,33.29312],[-94.80515,33.29327],[-94.82009,33.30469],[-94.81822,33.30836],[-94.81533,33.30836],[-94.81526,33.31126],[-94.82915,33.31208],[-94.83307,33.3108],[-94.83369,33.31798],[-94.83057,33.31971],[-94.8353,33.3226],[-94.84369,33.32373],[-94.84611,33.32144],[-94.86626,33.3213],[-94.87881,33.31361],[-94.87913,33.30297]]]}},{"type":"Feature","id":"2555","properties":{"id":"2555","unitIds":["2555"],"name":"Wild Wood Ranch","counties":["Milam"],"region":"Austin/Waco","acres":745.0,"type":"dove_lease","pdfUrl":"https://tpwd.texas.gov/huntwild/hunt/public/annual_public_hunting/resources/2555.pdf","aerialPdfUrl":"https://tpwd.texas.gov/huntwild/hunt/public/annual_public_hunting/resources/WildWoodRanch_2555.pdf","registration":"none","legalGameTags":["Feral Hog","Dove","Teal","Waterfowl","Squirrel","Rabbit","Youth Waterfowl"],"legalGameText":"","species":["dove","feral_hog","rabbit","squirrel","teal","waterfowl"],"methods":["any_legal","shotgun"],"access":["aph_walk_in","youth"],"complexes":[],"hasEpostcard":false,"hasRegularPermit":false,"epostcardUrl":"","countySlugs":["milam"],"bookletPage":"99","bookletPdfPage":128,"bookletUrl":"https://tpwd.texas.gov/publications/pwdpubs/media/pwd_bk_w7000_0112a.pdf#page=128","lon":-96.97228,"lat":31.01155},"geometry":{"type":"Polygon","coordinates":[[[-96.96589,31.01782],[-96.97185,31.02274],[-96.97505,31.02126],[-96.9794,31.02278],[-96.98707,31.01894],[-96.98094,31.00993],[-96.97598,31.01253],[-96.96314,30.99487],[-96.95766,30.99776],[-96.97033,31.01543],[-96.96589,31.01782]]]}},{"type":"Feature","id":"2224","properties":{"id":"2224","unitIds":["2224"],"name":"Wolf Creek","counties":["Collingsworth"],"region":"Panhandle","acres":480.0,"type":"dove_lease","pdfUrl":"https://tpwd.texas.gov/huntwild/hunt/public/annual_public_hunting/resources/2224.pdf","aerialPdfUrl":"https://tpwd.texas.gov/huntwild/hunt/public/annual_public_hunting/resources/WolfCreek_2224.pdf","registration":"none","legalGameTags":["Dove"],"legalGameText":"","species":["dove"],"methods":["shotgun"],"access":["aph_walk_in"],"complexes":[],"hasEpostcard":false,"hasRegularPermit":false,"epostcardUrl":"","countySlugs":["collingsworth"],"bookletPage":"4","bookletPdfPage":33,"bookletUrl":"https://tpwd.texas.gov/publications/pwdpubs/media/pwd_bk_w7000_0112a.pdf#page=33","lon":-100.12146,"lat":35.04613},"geometry":{"type":"Polygon","coordinates":[[[-100.13182,35.05208],[-100.13182,35.04508],[-100.12302,35.04508],[-100.12292,35.03768],[-100.11422,35.03768],[-100.11412,35.05218],[-100.13182,35.05208]]]}},{"type":"Feature","id":"usace-aquilla","properties":{"id":"usace-aquilla","unitIds":["usace-aquilla"],"name":"Aquilla Lake","counties":["Hill"],"region":"Austin/Waco","acres":4000,"type":"corps_lake","source":"usace","managingAgency":"USACE Fort Worth District","permitRequired":true,"permitInfo":"USACE hunting permit required. Hunters 17 and older purchase a permit through Recreation.gov; one permit covers both Whitney and Aquilla Lakes for all authorized game and seasons. Hunters 12-16 must be accompanied by a permitted adult.","permitCost":"See Recreation.gov (combined Whitney/Aquilla permit).","means":"Archery only for deer and feral hog (crossbows allowed). Shotgun limited to non-toxic #2 shot or smaller for dove, squirrel, rabbit, waterfowl, and turkey. No rifles, pistols, muzzleloaders, slugs, sabots, or buckshot.","links":[{"label":"Hunting permit (Recreation.gov)","url":"https://www.recreation.gov/permits/5303030"},{"label":"Aquilla Lake hunting (USACE)","url":"https://www.swf-wc.usace.army.mil/aquilla/"},{"label":"Permit (Recreation.gov)","url":"https://www.recreation.gov/"},{"label":"TPWD Outdoor Annual seasons","url":"https://tpwd.texas.gov/regulations/outdoor-annual/hunting/"},{"label":"Interactive hunting map (USACE)","url":"https://arcg.is/0uS01W2"},{"label":"District hunting guide (PDF)","url":"https://www.swf-wc.usace.army.mil/lake/Fort%20Worth%20District%20Hunting%20Guide%202026-2027_FINAL_11%20AUG%202026.pdf"}],"mapPdfUrl":"https://www.swf-wc.usace.army.mil/whitney/maps/AQ_2025_Map.pdf","pdfUrl":"","aerialPdfUrl":"","registration":"none","legalGameTags":[],"legalGameText":"Archery only for deer and feral hog (crossbows allowed). Shotgun limited to non-toxic #2 shot or smaller for dove, squirrel, rabbit, waterfowl, and turkey. No rifles, pistols, muzzleloaders, slugs, sabots, or buckshot.","species":["dove","feral_hog","rabbit","squirrel","turkey","waterfowl","white_tailed_deer"],"methods":["archery","shotgun"],"access":["corps_permit"],"complexes":[],"hasEpostcard":false,"hasRegularPermit":false,"epostcardUrl":"","countySlugs":["hill"],"bookletPage":null,"bookletPdfPage":null,"bookletUrl":"","boundaryNote":"Map boundary is the hatched hunting area from the Corps 2025 hunting map. Parks and other closed land are left out. Entry points are the labeled access points on that map, and parking is taken from the Corps park and ramp list. Confirm every compartment on the official map before you hunt.","lon":-97.20121,"lat":31.94422},"geometry":{"type":"Polygon","coordinates":[[[-97.25978,31.95515],[-97.26005,31.95748],[-97.2557,31.95736],[-97.25655,31.95876],[-97.25544,31.96011],[-97.25777,31.96017],[-97.25856,31.96206],[-97.26185,31.96215],[-97.26254,31.96496],[-97.26153,31.96494],[-97.26174,31.96771],[-97.26021,31.96814],[-97.25984,31.9718],[-97.2627,31.97142],[-97.26355,31.97285],[-97.25957,31.97411],[-97.25533,31.97306],[-97.25374,31.9744],[-97.25247,31.9725],[-97.24919,31.9724],[-97.24643,31.97599],[-97.24262,31.97543],[-97.24299,31.97681],[-97.24198,31.97679],[-97.24161,31.97122],[-97.24489,31.96807],[-97.24521,31.96487],[-97.24193,31.96477],[-97.24182,31.96106],[-97.23589,31.95903],[-97.23557,31.95716],[-97.23414,31.95759],[-97.23323,31.9483],[-97.23096,31.94778],[-97.22836,31.94491],[-97.2265,31.94486],[-97.22576,31.94252],[-97.22433,31.94294],[-97.22454,31.94063],[-97.22211,31.94149],[-97.22126,31.94053],[-97.22083,31.94466],[-97.22174,31.94468],[-97.22269,31.94935],[-97.22163,31.94979],[-97.21946,31.9474],[-97.21797,31.94829],[-97.21834,31.94459],[-97.21511,31.94403],[-97.21718,31.93854],[-97.21564,31.93479],[-97.21299,31.93334],[-97.2114,31.93003],[-97.2061,31.92664],[-97.20451,31.92798],[-97.20414,31.93165],[-97.20096,31.93387],[-97.20128,31.93987],[-97.20038,31.94354],[-97.19832,31.94442],[-97.19789,31.94855],[-97.19583,31.94942],[-97.19318,31.94701],[-97.18941,31.9469],[-97.18825,31.95332],[-97.18285,31.95409],[-97.18216,31.96052],[-97.1837,31.9638],[-97.1776,31.9664],[-97.17797,31.9627],[-97.17622,31.96173],[-97.17569,31.95802],[-97.17643,31.95525],[-97.1732,31.9547],[-97.17278,31.95883],[-97.16976,31.95967],[-97.16976,31.96428],[-97.16547,31.9637],[-97.16229,31.96637],[-97.16208,31.96865],[-97.15816,31.96901],[-97.15811,31.97823],[-97.15673,31.9768],[-97.15281,31.97808],[-97.1518,31.98727],[-97.15376,31.99103],[-97.1446,31.99538],[-97.14391,31.99765],[-97.1419,31.99806],[-97.13951,31.98919],[-97.13633,31.98818],[-97.13697,31.98634],[-97.14248,31.98465],[-97.14406,31.97455],[-97.14677,31.97231],[-97.14793,31.96635],[-97.1457,31.96443],[-97.14475,31.96488],[-97.13903,31.95174],[-97.14062,31.95085],[-97.1404,31.95316],[-97.14756,31.95292],[-97.14793,31.94925],[-97.14623,31.94735],[-97.14766,31.94784],[-97.1483,31.94603],[-97.1493,31.94604],[-97.14989,31.94977],[-97.1545,31.95083],[-97.15471,31.94854],[-97.15768,31.94816],[-97.15762,31.94402],[-97.15911,31.94405],[-97.1598,31.94686],[-97.1626,31.94693],[-97.16515,31.94563],[-97.16488,31.94333],[-97.16827,31.94342],[-97.16859,31.94021],[-97.17002,31.9407],[-97.16991,31.9421],[-97.17654,31.9423],[-97.17696,31.93817],[-97.17452,31.93439],[-97.17744,31.93447],[-97.17696,31.92985],[-97.18464,31.93008],[-97.18575,31.92412],[-97.18713,31.92508],[-97.18718,31.92417],[-97.18962,31.92423],[-97.18925,31.92285],[-97.19312,31.92296],[-97.19052,31.92475],[-97.18946,31.93025],[-97.18607,31.93016],[-97.18692,31.93155],[-97.18538,31.93243],[-97.18713,31.9334],[-97.18772,31.93249],[-97.18766,31.93343],[-97.19344,31.93267],[-97.19476,31.92488],[-97.2007,31.92366],[-97.20107,31.92],[-97.19789,31.91851],[-97.19995,31.91719],[-97.20181,31.91815],[-97.20605,31.91415],[-97.20801,31.91419],[-97.20811,31.91283],[-97.21097,31.91336],[-97.21118,31.91108],[-97.21267,31.91111],[-97.21283,31.91436],[-97.21463,31.91487],[-97.21384,31.92225],[-97.2203,31.92383],[-97.21929,31.92845],[-97.22004,31.93493],[-97.22152,31.93404],[-97.22608,31.94067],[-97.23079,31.94081],[-97.23148,31.93854],[-97.2335,31.93813],[-97.23445,31.93355],[-97.23275,31.93165],[-97.23042,31.93159],[-97.22957,31.93016],[-97.22486,31.93002],[-97.22364,31.93229],[-97.22364,31.92766],[-97.22825,31.92548],[-97.22782,31.9204],[-97.22178,31.91927],[-97.21929,31.92013],[-97.22041,31.91831],[-97.22395,31.91702],[-97.22517,31.9106],[-97.21887,31.90718],[-97.22019,31.90395],[-97.21987,31.89379],[-97.22088,31.89336],[-97.22867,31.89267],[-97.23073,31.89135],[-97.2329,31.89375],[-97.23386,31.8933],[-97.23497,31.89659],[-97.23635,31.89662],[-97.23407,31.89981],[-97.23296,31.90577],[-97.24186,31.90696],[-97.2417,31.90882],[-97.23916,31.90968],[-97.23784,31.91287],[-97.23736,31.91746],[-97.23869,31.91843],[-97.23773,31.92256],[-97.24298,31.92225],[-97.24536,31.92649],[-97.24001,31.92727],[-97.23964,31.93094],[-97.24393,31.9306],[-97.25305,31.9346],[-97.25008,31.93545],[-97.2505,31.93638],[-97.24484,31.93529],[-97.2389,31.93694],[-97.23975,31.93834],[-97.23874,31.93833],[-97.23858,31.94015],[-97.24171,31.94163],[-97.24113,31.94301],[-97.24388,31.94354],[-97.24881,31.95111],[-97.25114,31.95117],[-97.24902,31.95298],[-97.24977,31.9553],[-97.24871,31.95619],[-97.25978,31.95515]]]}},{"type":"Feature","id":"usace-bardwell","properties":{"id":"usace-bardwell","unitIds":["usace-bardwell"],"name":"Bardwell Lake","counties":["Ellis"],"region":"Dallas/Ft. Worth","acres":2528,"type":"corps_lake","source":"usace","managingAgency":"USACE Fort Worth District","permitRequired":false,"permitInfo":"No USACE hunting permit required. Follow the Texas Outdoor Annual for Ellis County. Feral hog hunting is only permitted north of State Highway 34.","permitCost":"No permit required.","means":"Archery (crossbows allowed). Shotgun limited to non-toxic #2 shot or smaller for small game, upland and migratory birds, and waterfowl; rifled or sabot slugs allowed for feral hogs only. No rifles, pistols, muzzleloaders, or buckshot.","links":[{"label":"Bardwell Lake (USACE)","url":"https://www.swf-wc.usace.army.mil/bardwell/"},{"label":"TPWD Outdoor Annual seasons","url":"https://tpwd.texas.gov/regulations/outdoor-annual/hunting/"},{"label":"Hunting map (USACE)","url":"https://usace-swf.maps.arcgis.com/apps/webappviewer/index.html?id=60fc9b8aba5640d8a943fccaa01f47d5"},{"label":"District hunting guide (PDF)","url":"https://www.swf-wc.usace.army.mil/lake/Fort%20Worth%20District%20Hunting%20Guide%202026-2027_FINAL_11%20AUG%202026.pdf"}],"mapPdfUrl":"","pdfUrl":"","aerialPdfUrl":"","registration":"none","legalGameTags":[],"legalGameText":"Archery (crossbows allowed). Shotgun limited to non-toxic #2 shot or smaller for small game, upland and migratory birds, and waterfowl; rifled or sabot slugs allowed for feral hogs only. No rifles, pistols, muzzleloaders, or buckshot.","species":["dove","feral_hog","other_migratory","rabbit","squirrel","waterfowl"],"methods":["archery","shotgun"],"access":["corps_permit"],"complexes":[],"hasEpostcard":false,"hasRegularPermit":false,"epostcardUrl":"","countySlugs":["ellis"],"bookletPage":null,"bookletPdfPage":null,"bookletUrl":"","boundaryNote":"Map boundary is the Corps project land from USGS PAD-US, not the hunt compartments in the lake PDF.","accessPoints":[{"name":"High View Park","kind":"boat_ramp","lon":-96.66276,"lat":32.26677},{"name":"Mott Park","kind":"boat_ramp","lon":-96.66758,"lat":32.25406},{"name":"Waxahachie Creek Park","kind":"boat_ramp","lon":-96.68726,"lat":32.29273}],"lon":-96.67385,"lat":32.28754},"geometry":{"type":"Polygon","coordinates":[[[-96.69048,32.34242],[-96.69224,32.34092],[-96.69373,32.34175],[-96.69236,32.33977],[-96.69542,32.33833],[-96.69181,32.33498],[-96.6898,32.32359],[-96.68745,32.32183],[-96.68272,32.30965],[-96.68422,32.3085],[-96.68225,32.30699],[-96.68626,32.30492],[-96.69199,32.30762],[-96.7007,32.30708],[-96.70546,32.3093],[-96.70697,32.31299],[-96.70957,32.31387],[-96.70846,32.30679],[-96.70971,32.30632],[-96.71419,32.3073],[-96.71649,32.30625],[-96.7174,32.30846],[-96.7181,32.3057],[-96.72501,32.30857],[-96.72522,32.30727],[-96.73325,32.30577],[-96.7375,32.30981],[-96.73943,32.30905],[-96.74125,32.31189],[-96.74617,32.31313],[-96.74054,32.30311],[-96.7232,32.29296],[-96.71036,32.29719],[-96.70626,32.29493],[-96.69966,32.29601],[-96.69816,32.29323],[-96.6933,32.29359],[-96.68431,32.28996],[-96.68146,32.29133],[-96.67981,32.28883],[-96.67693,32.28858],[-96.67321,32.28305],[-96.67121,32.28338],[-96.66901,32.27976],[-96.67006,32.27887],[-96.66492,32.27477],[-96.66473,32.2722],[-96.66683,32.27116],[-96.66769,32.27242],[-96.67258,32.27003],[-96.67543,32.27017],[-96.67721,32.27289],[-96.6843,32.27128],[-96.68247,32.26936],[-96.68167,32.27035],[-96.67872,32.26916],[-96.67839,32.26445],[-96.6772,32.26574],[-96.67629,32.26425],[-96.67542,32.26595],[-96.6726,32.26174],[-96.66631,32.26048],[-96.6643,32.25716],[-96.66772,32.2544],[-96.66598,32.25176],[-96.66231,32.25301],[-96.64982,32.24457],[-96.64609,32.24456],[-96.64049,32.23896],[-96.63681,32.246],[-96.63387,32.24741],[-96.63503,32.24929],[-96.63203,32.2508],[-96.6335,32.25949],[-96.63741,32.26968],[-96.63902,32.26892],[-96.64244,32.27393],[-96.64508,32.27275],[-96.64659,32.2749],[-96.64393,32.27622],[-96.64504,32.278],[-96.64379,32.27951],[-96.64738,32.27965],[-96.64418,32.28534],[-96.64812,32.28932],[-96.65039,32.28836],[-96.65202,32.29051],[-96.65013,32.29222],[-96.65389,32.2905],[-96.65844,32.29901],[-96.65346,32.30221],[-96.65643,32.30386],[-96.65541,32.30719],[-96.65404,32.30729],[-96.65698,32.30991],[-96.65774,32.31339],[-96.6632,32.31146],[-96.66428,32.30711],[-96.66896,32.30475],[-96.6704,32.30695],[-96.66848,32.30795],[-96.6705,32.30976],[-96.67187,32.30859],[-96.67393,32.31273],[-96.67335,32.31611],[-96.67882,32.32282],[-96.67783,32.32805],[-96.67904,32.3291],[-96.68104,32.32729],[-96.68467,32.33769],[-96.69048,32.34242]]]}},{"type":"Feature","id":"usace-belton","properties":{"id":"usace-belton","unitIds":["usace-belton"],"name":"Belton Lake","counties":["Bell","Coryell"],"region":"Austin/Waco","acres":3900,"type":"corps_lake","source":"usace","managingAgency":"USACE Fort Worth District","permitRequired":true,"permitInfo":"USACE permit required for white-tailed deer (archery-only quota hunt by lottery through Recreation.gov; applications in September). Other legal game is open per the Texas Outdoor Annual in designated areas. Feral hog hunting is year-round.","permitCost":"No fee; deer permit issued by lottery.","means":"Archery only for white-tailed deer and feral hog. Shotgun (non-toxic #2 shot or smaller) for all other species. No muzzleloaders, rifles, pistols, slugs, or shot larger than #2.","links":[{"label":"Belton Lake hunting (USACE)","url":"https://www.swf-wc.usace.army.mil/belton/"},{"label":"Deer permit lottery (Recreation.gov)","url":"https://www.recreation.gov/"},{"label":"TPWD Outdoor Annual seasons","url":"https://tpwd.texas.gov/regulations/outdoor-annual/hunting/"},{"label":"Hunting map (USACE)","url":"https://usace-swf.maps.arcgis.com/apps/webappviewer/index.html?id=559413736d3449b2b4de2e545828daaf"},{"label":"District hunting guide (PDF)","url":"https://www.swf-wc.usace.army.mil/lake/Fort%20Worth%20District%20Hunting%20Guide%202026-2027_FINAL_11%20AUG%202026.pdf"}],"mapPdfUrl":"","pdfUrl":"","aerialPdfUrl":"","registration":"none","legalGameTags":[],"legalGameText":"Archery only for white-tailed deer and feral hog. Shotgun (non-toxic #2 shot or smaller) for all other species. No muzzleloaders, rifles, pistols, slugs, or shot larger than #2.","species":["dove","feral_hog","other_migratory","quail","rabbit","squirrel","waterfowl","white_tailed_deer"],"methods":["archery","shotgun"],"access":["corps_permit"],"complexes":[],"hasEpostcard":false,"hasRegularPermit":false,"epostcardUrl":"","countySlugs":["bell"],"bookletPage":null,"bookletPdfPage":null,"bookletUrl":"","boundaryNote":"Map boundary is the Corps project land from USGS PAD-US, not the hunt compartments in the lake PDF.","accessPoints":[{"name":"Cedar Ridge Park","kind":"park","lon":-97.4525,"lat":31.16846},{"name":"Live Oak Ridge Park","kind":"park","lon":-97.47092,"lat":31.11274},{"name":"Westcliff Park","kind":"park","lon":-97.52027,"lat":31.11799},{"name":"White Flint Park","kind":"park","lon":-97.47034,"lat":31.23041}],"lon":-97.52263,"lat":31.1835},"geometry":{"type":"MultiPolygon","coordinates":[[[[-97.42051,31.16435],[-97.42258,31.17011],[-97.41812,31.16821],[-97.42051,31.16435]]],[[[-97.3959,31.16826],[-97.39577,31.16772],[-97.39656,31.1676],[-97.3959,31.16826]]],[[[-97.40425,31.16849],[-97.40482,31.16683],[-97.40874,31.16733],[-97.41582,31.17007],[-97.41375,31.17454],[-97.40691,31.17238],[-97.39893,31.17392],[-97.40007,31.16665],[-97.40425,31.16849]]],[[[-97.41423,31.18039],[-97.41324,31.17696],[-97.41727,31.16861],[-97.42624,31.17267],[-97.41762,31.18173],[-97.41423,31.18039]]],[[[-97.51426,31.22767],[-97.51151,31.22948],[-97.51345,31.22735],[-97.51102,31.22651],[-97.51162,31.22488],[-97.50799,31.21756],[-97.51029,31.21365],[-97.50671,31.21051],[-97.50408,31.21587],[-97.50523,31.22333],[-97.50828,31.22433],[-97.50557,31.22957],[-97.50694,31.23435],[-97.50575,31.23672],[-97.50071,31.23219],[-97.50174,31.22584],[-97.49875,31.22608],[-97.49848,31.2232],[-97.49985,31.22206],[-97.49869,31.21893],[-97.49541,31.2192],[-97.49394,31.21695],[-97.496,31.21167],[-97.4933,31.21087],[-97.48959,31.22347],[-97.48192,31.22104],[-97.48013,31.2237],[-97.48186,31.22442],[-97.48096,31.22645],[-97.48663,31.22954],[-97.48005,31.22692],[-97.48007,31.23357],[-97.47268,31.2316],[-97.47039,31.23732],[-97.46701,31.23751],[-97.46823,31.23992],[-97.4691,31.23901],[-97.47104,31.24744],[-97.47397,31.25088],[-97.47595,31.25043],[-97.47511,31.25255],[-97.47614,31.25319],[-97.47959,31.24959],[-97.47991,31.25363],[-97.47738,31.25304],[-97.47855,31.25429],[-97.4774,31.25511],[-97.48324,31.25996],[-97.48023,31.27123],[-97.48161,31.27259],[-97.4783,31.26945],[-97.47508,31.27255],[-97.47605,31.27282],[-97.47349,31.28162],[-97.48055,31.28663],[-97.48133,31.28471],[-97.48634,31.28411],[-97.48567,31.28577],[-97.48781,31.28657],[-97.49053,31.28468],[-97.48894,31.28741],[-97.49143,31.28769],[-97.49148,31.28952],[-97.50028,31.28864],[-97.49928,31.29295],[-97.50185,31.30056],[-97.50015,31.30413],[-97.49496,31.30494],[-97.48718,31.3029],[-97.48674,31.30414],[-97.47768,31.3032],[-97.47386,31.30444],[-97.47537,31.30306],[-97.472,31.3028],[-97.4663,31.3062],[-97.46593,31.31081],[-97.46596,31.3078],[-97.46341,31.30451],[-97.46715,31.29791],[-97.46785,31.29984],[-97.4702,31.29975],[-97.47033,31.29763],[-97.47173,31.29947],[-97.47685,31.29954],[-97.48005,31.29641],[-97.47841,31.29465],[-97.48427,31.29622],[-97.48541,31.29326],[-97.47719,31.29243],[-97.47383,31.28796],[-97.47135,31.28931],[-97.46892,31.28779],[-97.47043,31.28756],[-97.47058,31.28551],[-97.46885,31.28542],[-97.46794,31.28243],[-97.46574,31.28587],[-97.46346,31.28524],[-97.46608,31.28203],[-97.46454,31.28106],[-97.46524,31.27914],[-97.46759,31.27964],[-97.46811,31.27731],[-97.46829,31.27405],[-97.46558,31.27331],[-97.46871,31.27339],[-97.47229,31.26834],[-97.47038,31.26761],[-97.47152,31.26669],[-97.47073,31.26285],[-97.46827,31.26537],[-97.46848,31.26312],[-97.46996,31.26109],[-97.47606,31.26245],[-97.4768,31.26015],[-97.47,31.25814],[-97.46995,31.25936],[-97.4671,31.25724],[-97.4654,31.25871],[-97.46631,31.25538],[-97.46367,31.25323],[-97.46204,31.25483],[-97.46265,31.25227],[-97.46078,31.25038],[-97.45872,31.24265],[-97.45768,31.24311],[-97.45851,31.24186],[-97.45638,31.23493],[-97.45239,31.23637],[-97.45384,31.24225],[-97.45303,31.24769],[-97.45506,31.24917],[-97.4523,31.24864],[-97.45164,31.25213],[-97.44647,31.25434],[-97.4512,31.25181],[-97.45015,31.25068],[-97.45082,31.24313],[-97.44918,31.23953],[-97.44679,31.24101],[-97.4497,31.23491],[-97.45372,31.23218],[-97.45178,31.2313],[-97.45393,31.23076],[-97.45457,31.2275],[-97.44691,31.22218],[-97.447,31.21994],[-97.44091,31.22022],[-97.44683,31.2182],[-97.44689,31.2137],[-97.44963,31.21584],[-97.4483,31.21894],[-97.45362,31.22189],[-97.45495,31.22068],[-97.45428,31.22419],[-97.45675,31.22469],[-97.45728,31.22327],[-97.46179,31.2239],[-97.4619,31.21837],[-97.4658,31.21722],[-97.46951,31.21877],[-97.47239,31.21617],[-97.47337,31.2174],[-97.47675,31.21555],[-97.47787,31.20946],[-97.47619,31.20899],[-97.47569,31.20468],[-97.47395,31.20422],[-97.47609,31.20195],[-97.47426,31.19979],[-97.47494,31.19858],[-97.47944,31.19974],[-97.4794,31.20195],[-97.48555,31.20164],[-97.48527,31.1957],[-97.48793,31.19583],[-97.4873,31.19771],[-97.48861,31.19902],[-97.49179,31.19505],[-97.49098,31.19893],[-97.49376,31.20285],[-97.49552,31.20188],[-97.49344,31.19982],[-97.4941,31.19762],[-97.49974,31.20131],[-97.50227,31.20031],[-97.50008,31.19801],[-97.50186,31.19878],[-97.50281,31.19716],[-97.49967,31.19512],[-97.50182,31.19283],[-97.49686,31.19171],[-97.50124,31.18987],[-97.49689,31.18878],[-97.50153,31.18605],[-97.49928,31.17439],[-97.49493,31.17346],[-97.49654,31.17941],[-97.49406,31.17767],[-97.49351,31.17924],[-97.48905,31.17802],[-97.48689,31.18001],[-97.48891,31.18152],[-97.48775,31.18152],[-97.48737,31.18499],[-97.4847,31.18101],[-97.48377,31.18225],[-97.48148,31.18107],[-97.47942,31.18183],[-97.48181,31.187],[-97.47966,31.18527],[-97.47924,31.18818],[-97.4788,31.1837],[-97.47714,31.18288],[-97.4745,31.18808],[-97.47372,31.1834],[-97.4694,31.18435],[-97.47053,31.18226],[-97.46926,31.17875],[-97.46771,31.17765],[-97.4671,31.17954],[-97.46701,31.17741],[-97.46529,31.17778],[-97.46658,31.17591],[-97.46458,31.17302],[-97.46123,31.17425],[-97.46496,31.16846],[-97.46324,31.16354],[-97.46018,31.1627],[-97.45963,31.16391],[-97.46181,31.16975],[-97.45818,31.17176],[-97.45673,31.18115],[-97.45628,31.17493],[-97.45479,31.1745],[-97.45562,31.17271],[-97.45186,31.16889],[-97.44991,31.17044],[-97.44695,31.16961],[-97.44426,31.17316],[-97.44316,31.16974],[-97.44133,31.16882],[-97.43779,31.16969],[-97.43722,31.16788],[-97.43504,31.16946],[-97.43725,31.16639],[-97.43484,31.16342],[-97.43149,31.16561],[-97.42629,31.16368],[-97.42792,31.1624],[-97.43071,31.16395],[-97.43577,31.16249],[-97.43787,31.1648],[-97.43912,31.16329],[-97.44628,31.16547],[-97.45391,31.16465],[-97.45681,31.1638],[-97.4588,31.16062],[-97.45673,31.16078],[-97.45786,31.1588],[-97.45273,31.15756],[-97.45394,31.15761],[-97.45221,31.1557],[-97.45465,31.15752],[-97.45587,31.15736],[-97.45494,31.15555],[-97.45713,31.15719],[-97.45858,31.15466],[-97.45794,31.15688],[-97.45994,31.15876],[-97.46222,31.15687],[-97.46544,31.15691],[-97.46286,31.16023],[-97.46573,31.16209],[-97.46818,31.15992],[-97.46842,31.16155],[-97.47301,31.16008],[-97.47521,31.16182],[-97.4754,31.16005],[-97.477,31.16098],[-97.47829,31.15932],[-97.47787,31.15767],[-97.48081,31.16012],[-97.48339,31.16032],[-97.48404,31.15799],[-97.486,31.15976],[-97.48904,31.1577],[-97.49747,31.15963],[-97.49973,31.15849],[-97.5004,31.15555],[-97.49857,31.15506],[-97.4984,31.1571],[-97.49592,31.15519],[-97.49445,31.15724],[-97.49338,31.15396],[-97.48839,31.15558],[-97.48945,31.15295],[-97.48682,31.15341],[-97.48488,31.15191],[-97.48399,31.15424],[-97.48271,31.15301],[-97.48096,31.15385],[-97.48123,31.15234],[-97.47983,31.15211],[-97.48125,31.15007],[-97.47753,31.14982],[-97.47541,31.14483],[-97.47158,31.15023],[-97.47031,31.14982],[-97.47228,31.14384],[-97.46736,31.14596],[-97.46828,31.1429],[-97.46417,31.14353],[-97.46505,31.14273],[-97.45965,31.14121],[-97.4665,31.13991],[-97.46603,31.13657],[-97.46876,31.14078],[-97.47061,31.13946],[-97.47343,31.14032],[-97.47435,31.13864],[-97.47306,31.13741],[-97.47649,31.13618],[-97.47689,31.13351],[-97.48035,31.13601],[-97.48115,31.13387],[-97.48299,31.13438],[-97.48221,31.13639],[-97.48764,31.13817],[-97.49039,31.13494],[-97.49227,31.13657],[-97.49338,31.13578],[-97.4931,31.1379],[-97.49529,31.13735],[-97.4962,31.13505],[-97.49321,31.1328],[-97.49548,31.1291],[-97.49298,31.12684],[-97.49317,31.12146],[-97.49055,31.1188],[-97.48947,31.12689],[-97.48718,31.12443],[-97.48667,31.12646],[-97.48511,31.1253],[-97.48367,31.12666],[-97.48529,31.12297],[-97.48344,31.12068],[-97.48464,31.11893],[-97.4799,31.11418],[-97.47631,31.1203],[-97.47521,31.11807],[-97.46717,31.11579],[-97.46659,31.11765],[-97.46326,31.11667],[-97.46517,31.11054],[-97.46086,31.10719],[-97.46154,31.10583],[-97.4572,31.10639],[-97.4589,31.10213],[-97.46116,31.10462],[-97.46771,31.10388],[-97.47155,31.09887],[-97.4844,31.1022],[-97.48411,31.10446],[-97.48696,31.10459],[-97.48834,31.10202],[-97.49009,31.10442],[-97.48691,31.10793],[-97.48862,31.10855],[-97.49313,31.10443],[-97.49225,31.10731],[-97.49572,31.10612],[-97.49447,31.1086],[-97.49912,31.10977],[-97.50016,31.10686],[-97.50548,31.10842],[-97.51365,31.10556],[-97.51363,31.10818],[-97.51741,31.11003],[-97.51424,31.11161],[-97.51486,31.11461],[-97.52047,31.11414],[-97.52531,31.11729],[-97.52027,31.11982],[-97.52249,31.12119],[-97.52209,31.1227],[-97.52473,31.12321],[-97.52435,31.1246],[-97.517,31.1253],[-97.51989,31.12764],[-97.5225,31.12766],[-97.52183,31.1324],[-97.52406,31.13256],[-97.52763,31.12889],[-97.53234,31.13158],[-97.52779,31.13233],[-97.52833,31.13568],[-97.526,31.1391],[-97.52768,31.13976],[-97.53263,31.13598],[-97.5335,31.13829],[-97.5366,31.13704],[-97.53645,31.14032],[-97.53892,31.14011],[-97.54028,31.13751],[-97.53985,31.13306],[-97.543,31.13549],[-97.5466,31.13311],[-97.54909,31.13389],[-97.54788,31.13605],[-97.55138,31.14049],[-97.5553,31.13579],[-97.55803,31.14181],[-97.55582,31.14568],[-97.56041,31.14492],[-97.56523,31.14737],[-97.57054,31.14542],[-97.57399,31.14931],[-97.57924,31.14835],[-97.58153,31.14992],[-97.57587,31.15548],[-97.57679,31.15815],[-97.57759,31.15564],[-97.58297,31.15747],[-97.58388,31.15868],[-97.58073,31.16156],[-97.58525,31.16421],[-97.58443,31.16662],[-97.58715,31.1673],[-97.5867,31.16863],[-97.59269,31.16892],[-97.59694,31.17325],[-97.60164,31.17291],[-97.60221,31.17124],[-97.60562,31.17211],[-97.60469,31.17492],[-97.60844,31.17723],[-97.61324,31.18392],[-97.61392,31.18807],[-97.6169,31.18926],[-97.62233,31.18716],[-97.6263,31.18814],[-97.62911,31.18512],[-97.63089,31.18624],[-97.63221,31.18455],[-97.63865,31.18567],[-97.63235,31.18731],[-97.63158,31.18956],[-97.62663,31.19163],[-97.63115,31.19562],[-97.63245,31.19366],[-97.63238,31.19626],[-97.63666,31.19923],[-97.63833,31.19476],[-97.64235,31.19596],[-97.64104,31.19893],[-97.64755,31.20174],[-97.64997,31.20865],[-97.65853,31.20997],[-97.65853,31.21127],[-97.65582,31.21135],[-97.65713,31.21787],[-97.66278,31.21722],[-97.66216,31.21811],[-97.66738,31.22007],[-97.67067,31.21986],[-97.67196,31.21716],[-97.67247,31.21909],[-97.67771,31.21736],[-97.68521,31.21802],[-97.69343,31.21277],[-97.71143,31.20834],[-97.71583,31.20496],[-97.71724,31.2014],[-97.72292,31.20231],[-97.72418,31.20514],[-97.71975,31.20297],[-97.71255,31.20994],[-97.70498,31.21088],[-97.70185,31.21616],[-97.69451,31.21818],[-97.68362,31.22531],[-97.67748,31.2229],[-97.66925,31.22929],[-97.66046,31.2269],[-97.66042,31.2228],[-97.65527,31.22429],[-97.64949,31.22325],[-97.64879,31.2189],[-97.64992,31.21737],[-97.64659,31.21586],[-97.64178,31.2167],[-97.64067,31.21882],[-97.63707,31.21774],[-97.63928,31.21659],[-97.64,31.2112],[-97.63461,31.20952],[-97.63525,31.20776],[-97.63095,31.2069],[-97.63129,31.20492],[-97.62838,31.20357],[-97.62897,31.20205],[-97.62521,31.20085],[-97.62444,31.20312],[-97.62243,31.20259],[-97.62226,31.19975],[-97.61868,31.199],[-97.61807,31.20368],[-97.61346,31.20225],[-97.61428,31.19887],[-97.61123,31.19748],[-97.61057,31.19919],[-97.60775,31.19673],[-97.60725,31.19837],[-97.60484,31.19891],[-97.60593,31.19547],[-97.60498,31.193],[-97.59962,31.19155],[-97.6005,31.1892],[-97.59255,31.18855],[-97.59158,31.18701],[-97.58108,31.18422],[-97.57934,31.18767],[-97.58087,31.19396],[-97.57492,31.19239],[-97.57347,31.18426],[-97.57215,31.18451],[-97.57047,31.18924],[-97.56798,31.18854],[-97.56862,31.17728],[-97.56497,31.17712],[-97.56472,31.17245],[-97.55781,31.1719],[-97.55892,31.17035],[-97.55711,31.16887],[-97.56092,31.16824],[-97.55875,31.16375],[-97.55613,31.16306],[-97.55704,31.16049],[-97.53656,31.15461],[-97.53397,31.15629],[-97.53241,31.15339],[-97.52465,31.15117],[-97.52339,31.15444],[-97.51898,31.14958],[-97.5116,31.14927],[-97.51084,31.15132],[-97.51378,31.15208],[-97.51365,31.15549],[-97.52625,31.15732],[-97.51811,31.15999],[-97.5174,31.16184],[-97.52231,31.16326],[-97.53235,31.16212],[-97.52821,31.16576],[-97.53279,31.16929],[-97.53003,31.1707],[-97.52404,31.16679],[-97.52061,31.16702],[-97.52223,31.17018],[-97.52512,31.17109],[-97.52364,31.17533],[-97.52606,31.17603],[-97.52549,31.1775],[-97.52929,31.17777],[-97.52997,31.18113],[-97.52802,31.18196],[-97.52612,31.17983],[-97.52346,31.18065],[-97.52147,31.17805],[-97.51993,31.1786],[-97.51876,31.1741],[-97.50612,31.17068],[-97.50914,31.17482],[-97.50634,31.17566],[-97.50803,31.17868],[-97.51105,31.17874],[-97.50886,31.18458],[-97.51444,31.18223],[-97.51434,31.18472],[-97.51555,31.18443],[-97.51456,31.18714],[-97.52083,31.18961],[-97.51823,31.19025],[-97.51814,31.19191],[-97.51012,31.18823],[-97.50865,31.19012],[-97.51446,31.19374],[-97.51219,31.19377],[-97.51162,31.19585],[-97.51513,31.19843],[-97.51359,31.20061],[-97.51653,31.20095],[-97.51322,31.20385],[-97.51116,31.20251],[-97.51087,31.20451],[-97.51299,31.20492],[-97.51478,31.20801],[-97.52056,31.20757],[-97.52871,31.20439],[-97.52486,31.20829],[-97.54272,31.21395],[-97.54228,31.21506],[-97.53369,31.21425],[-97.52791,31.21191],[-97.52578,31.21221],[-97.5274,31.21412],[-97.52419,31.21276],[-97.51829,31.21446],[-97.5193,31.21831],[-97.5233,31.21945],[-97.522,31.22275],[-97.52288,31.22403],[-97.53206,31.22339],[-97.54109,31.22836],[-97.54626,31.22881],[-97.56543,31.23554],[-97.56349,31.24051],[-97.56283,31.23863],[-97.55564,31.23675],[-97.54596,31.2306],[-97.54552,31.23212],[-97.54113,31.23163],[-97.53681,31.22932],[-97.53572,31.23174],[-97.52901,31.2303],[-97.53377,31.2349],[-97.52812,31.23108],[-97.52726,31.23327],[-97.52265,31.23509],[-97.52347,31.23644],[-97.52081,31.23684],[-97.52181,31.23215],[-97.51905,31.23236],[-97.51567,31.22856],[-97.5152,31.23023],[-97.51426,31.22767]]],[[[-97.53532,31.23259],[-97.53356,31.23149],[-97.53404,31.23155],[-97.53532,31.23259]]],[[[-97.48295,31.26466],[-97.48272,31.26486],[-97.48244,31.2647],[-97.48295,31.26466]]]]}},{"type":"Feature","id":"usace-benbrook","properties":{"id":"usace-benbrook","unitIds":["usace-benbrook"],"name":"Benbrook Lake","counties":["Tarrant"],"region":"Dallas/Ft. Worth","acres":1400,"type":"corps_lake","source":"usace","managingAgency":"USACE Fort Worth District","permitRequired":true,"permitInfo":"USACE hunting permit required; the number of applicants is limited and hunters are selected by a random drawing for each season. Permits are valid September 1 to January 31. Contact the Benbrook Lake office for permit instructions.","permitCost":"No fee; permit by random drawing.","means":"Archery only for deer, turkey, and feral hog. Shotgun (non-toxic #2 shot or smaller) for other game. No pistols, rifles, muzzleloaders, slugs, or shot larger than #2.","links":[{"label":"Benbrook Lake hunting (USACE)","url":"https://www.swf-wc.usace.army.mil/benbrook/"},{"label":"TPWD Outdoor Annual seasons","url":"https://tpwd.texas.gov/regulations/outdoor-annual/hunting/"},{"label":"Hunting map (USACE)","url":"https://usace-swf.maps.arcgis.com/apps/webappviewer/index.html?id=d8adb31954884f3ab88d743a8a593068"},{"label":"District hunting guide (PDF)","url":"https://www.swf-wc.usace.army.mil/lake/Fort%20Worth%20District%20Hunting%20Guide%202026-2027_FINAL_11%20AUG%202026.pdf"}],"mapPdfUrl":"","pdfUrl":"","aerialPdfUrl":"","registration":"none","legalGameTags":[],"legalGameText":"Archery only for deer, turkey, and feral hog. Shotgun (non-toxic #2 shot or smaller) for other game. No pistols, rifles, muzzleloaders, slugs, or shot larger than #2.","species":["dove","feral_hog","quail","rabbit","squirrel","turkey","waterfowl","white_tailed_deer"],"methods":["archery","shotgun"],"access":["corps_permit"],"complexes":[],"hasEpostcard":false,"hasRegularPermit":false,"epostcardUrl":"","countySlugs":["tarrant"],"bookletPage":null,"bookletPdfPage":null,"bookletUrl":"","boundaryNote":"Map boundary is the Corps project land from USGS PAD-US, not the hunt compartments in the lake PDF.","lon":-97.47057,"lat":32.62825},"geometry":{"type":"MultiPolygon","coordinates":[[[[-97.45583,32.58873],[-97.45308,32.58262],[-97.45651,32.58634],[-97.45583,32.58873]]],[[[-97.50951,32.59506],[-97.50909,32.5972],[-97.50906,32.59632],[-97.50951,32.59506]]],[[[-97.48181,32.59049],[-97.48763,32.583],[-97.48264,32.59014],[-97.48558,32.5913],[-97.48309,32.60277],[-97.48561,32.6055],[-97.49093,32.60101],[-97.49569,32.60218],[-97.50869,32.59746],[-97.50821,32.59894],[-97.50214,32.60104],[-97.50396,32.60105],[-97.50401,32.60578],[-97.50245,32.60579],[-97.50323,32.61202],[-97.50984,32.60641],[-97.51062,32.60762],[-97.50889,32.60982],[-97.517,32.61486],[-97.51739,32.60336],[-97.52182,32.60821],[-97.52528,32.6095],[-97.53204,32.60871],[-97.53204,32.61614],[-97.53364,32.61615],[-97.53364,32.6182],[-97.52795,32.62082],[-97.52519,32.6187],[-97.519,32.61862],[-97.51244,32.61353],[-97.50893,32.61334],[-97.50907,32.61691],[-97.49891,32.61655],[-97.49888,32.61915],[-97.49668,32.61915],[-97.49274,32.62327],[-97.48966,32.62304],[-97.49113,32.6256],[-97.48317,32.62564],[-97.48306,32.62833],[-97.4886,32.63048],[-97.48813,32.63264],[-97.49157,32.63711],[-97.48875,32.63706],[-97.48189,32.63279],[-97.4784,32.63364],[-97.47809,32.63628],[-97.48026,32.6375],[-97.48027,32.63992],[-97.47532,32.63828],[-97.47453,32.64094],[-97.47705,32.64226],[-97.47408,32.64377],[-97.48217,32.64738],[-97.48225,32.64919],[-97.47734,32.64919],[-97.47756,32.65539],[-97.48074,32.65716],[-97.48535,32.65603],[-97.48582,32.65809],[-97.4906,32.65878],[-97.47363,32.66901],[-97.47108,32.66481],[-97.46798,32.66354],[-97.44528,32.6654],[-97.44301,32.66053],[-97.44587,32.65226],[-97.44175,32.64667],[-97.44194,32.6439],[-97.44397,32.64234],[-97.44666,32.64415],[-97.44785,32.64332],[-97.44647,32.64148],[-97.4395,32.64236],[-97.4375,32.63968],[-97.43396,32.64218],[-97.43392,32.64048],[-97.43016,32.63997],[-97.43674,32.6364],[-97.43229,32.63657],[-97.43267,32.63277],[-97.42933,32.6337],[-97.42895,32.63086],[-97.42483,32.63112],[-97.42762,32.62846],[-97.41994,32.62793],[-97.42247,32.62384],[-97.42625,32.62518],[-97.42638,32.62139],[-97.42749,32.62123],[-97.42833,32.62491],[-97.4297,32.62388],[-97.43041,32.62576],[-97.43245,32.62601],[-97.43166,32.62204],[-97.43291,32.62246],[-97.43499,32.62472],[-97.43397,32.62534],[-97.43594,32.62993],[-97.43814,32.62986],[-97.43995,32.63236],[-97.44218,32.63178],[-97.44173,32.62953],[-97.43782,32.62806],[-97.43929,32.6243],[-97.43701,32.61658],[-97.44032,32.6223],[-97.44232,32.62003],[-97.44295,32.62088],[-97.44221,32.626],[-97.44511,32.62346],[-97.44557,32.62825],[-97.44758,32.62853],[-97.44637,32.63042],[-97.45138,32.63218],[-97.44942,32.63059],[-97.4508,32.62888],[-97.4504,32.62579],[-97.45454,32.63078],[-97.45562,32.62708],[-97.45388,32.62428],[-97.45708,32.6253],[-97.4578,32.62281],[-97.45659,32.62148],[-97.46063,32.62093],[-97.46085,32.61902],[-97.45651,32.61893],[-97.45819,32.61566],[-97.46015,32.61531],[-97.45724,32.61265],[-97.45362,32.61491],[-97.45623,32.60943],[-97.4465,32.6072],[-97.44653,32.60372],[-97.45298,32.60457],[-97.45305,32.5972],[-97.45095,32.5972],[-97.45103,32.59053],[-97.45504,32.5905],[-97.4564,32.5887],[-97.45625,32.59219],[-97.45798,32.58898],[-97.45691,32.59543],[-97.45833,32.59804],[-97.46058,32.59759],[-97.46469,32.6035],[-97.46951,32.60408],[-97.47799,32.59429],[-97.47808,32.59145],[-97.48133,32.58869],[-97.48257,32.58938],[-97.48181,32.59049]],[[-97.47861,32.59358],[-97.48094,32.59128],[-97.47861,32.59173],[-97.47861,32.59358]]]]}},{"type":"Feature","id":"usace-georgetown","properties":{"id":"usace-georgetown","unitIds":["usace-georgetown"],"name":"Lake Georgetown","counties":["Williamson"],"region":"Austin/Waco","acres":3000,"type":"corps_lake","source":"usace","managingAgency":"USACE Fort Worth District","permitRequired":true,"permitInfo":"USACE permit required. Deer and feral hog archery permits are by random drawing (archery proficiency test and hunter safety certification required); apply via Recreation.gov, normally June 1 through end of June. Small-game permits (50 total) are by random drawing with applications starting in July. Hunting runs September 27 through January 11.","permitCost":"$10 non-refundable archery application; $90 archery permit if drawn; $25 small-game application.","means":"Archery only for deer and feral hog. Shotgun only (non-toxic #2 shot or smaller) for small game and waterfowl. No rifles, pistols, muzzleloaders, slugs, or shot larger than #2.","links":[{"label":"Lake Georgetown hunting (USACE)","url":"https://www.swf-wc.usace.army.mil/georgetown/"},{"label":"Archery deer permit (Recreation.gov)","url":"https://www.recreation.gov/"},{"label":"TPWD Outdoor Annual seasons","url":"https://tpwd.texas.gov/regulations/outdoor-annual/hunting/"},{"label":"Hunting map (USACE)","url":"https://usace-swf.maps.arcgis.com/apps/webappviewer/index.html?id=b9d30fa3821e4b9fab42e0ed554e9cbe"},{"label":"District hunting guide (PDF)","url":"https://www.swf-wc.usace.army.mil/lake/Fort%20Worth%20District%20Hunting%20Guide%202026-2027_FINAL_11%20AUG%202026.pdf"}],"mapPdfUrl":"https://www.swf-wc.usace.army.mil/georgetown/maps/NFHuntingPolicy_MapandRules.pdf","pdfUrl":"","aerialPdfUrl":"","registration":"none","legalGameTags":[],"legalGameText":"Archery only for deer and feral hog. Shotgun only (non-toxic #2 shot or smaller) for small game and waterfowl. No rifles, pistols, muzzleloaders, slugs, or shot larger than #2.","species":["dove","feral_hog","rabbit","squirrel","waterfowl","white_tailed_deer"],"methods":["archery","shotgun"],"access":["corps_permit"],"complexes":[],"hasEpostcard":false,"hasRegularPermit":false,"epostcardUrl":"","countySlugs":["williamson"],"bookletPage":null,"bookletPdfPage":null,"bookletUrl":"","boundaryNote":"Map boundary is the Corps project land from USGS PAD-US, not the hunt compartments in the lake PDF.","accessPoints":[{"name":"Cedar Breaks Park","kind":"boat_ramp","lon":-97.73976,"lat":30.67124},{"name":"Jim Hogg Park","kind":"boat_ramp","lon":-97.74424,"lat":30.68451},{"name":"Russell Park","kind":"boat_ramp","lon":-97.75666,"lat":30.67636}],"lon":-97.76425,"lat":30.67915},"geometry":{"type":"Polygon","coordinates":[[[-97.82568,30.69951],[-97.82855,30.70361],[-97.82999,30.69973],[-97.83283,30.69868],[-97.83268,30.69695],[-97.83582,30.69745],[-97.83805,30.70189],[-97.84018,30.70123],[-97.84047,30.69972],[-97.83606,30.69697],[-97.84109,30.69438],[-97.83494,30.69053],[-97.82975,30.69515],[-97.82905,30.6935],[-97.82471,30.69504],[-97.82316,30.69361],[-97.82336,30.68922],[-97.81779,30.68723],[-97.81488,30.68869],[-97.81178,30.6884],[-97.81046,30.68643],[-97.80466,30.68886],[-97.80024,30.68819],[-97.79643,30.68582],[-97.80039,30.68211],[-97.79714,30.68202],[-97.79206,30.67916],[-97.79221,30.67756],[-97.78893,30.67662],[-97.7856,30.66862],[-97.77368,30.67022],[-97.77147,30.66718],[-97.76833,30.66817],[-97.76546,30.66155],[-97.7614,30.66278],[-97.75907,30.66679],[-97.75624,30.66672],[-97.75741,30.66347],[-97.75281,30.66494],[-97.75118,30.66395],[-97.75109,30.66019],[-97.74738,30.66528],[-97.74925,30.66628],[-97.74002,30.66915],[-97.73587,30.65987],[-97.72911,30.658],[-97.7264,30.66229],[-97.72421,30.65703],[-97.71465,30.66181],[-97.70832,30.6591],[-97.70678,30.66105],[-97.71707,30.66453],[-97.71603,30.67301],[-97.71985,30.67858],[-97.71731,30.68267],[-97.71953,30.68017],[-97.72193,30.68301],[-97.73088,30.68026],[-97.73261,30.68148],[-97.72904,30.68402],[-97.73072,30.68657],[-97.73314,30.68655],[-97.73198,30.68959],[-97.73549,30.69123],[-97.73939,30.68995],[-97.74114,30.69278],[-97.74167,30.68926],[-97.74998,30.68662],[-97.75312,30.69048],[-97.75608,30.68824],[-97.76094,30.69116],[-97.76447,30.69115],[-97.76193,30.68927],[-97.76243,30.68626],[-97.76013,30.68655],[-97.75788,30.68417],[-97.75458,30.68443],[-97.75302,30.68301],[-97.7639,30.67901],[-97.7635,30.68093],[-97.76793,30.67946],[-97.77089,30.68122],[-97.76971,30.68344],[-97.77366,30.68341],[-97.77412,30.68702],[-97.77741,30.69156],[-97.78262,30.69294],[-97.78985,30.68992],[-97.79927,30.6936],[-97.80241,30.69918],[-97.8054,30.69955],[-97.81682,30.69549],[-97.82193,30.69957],[-97.82568,30.69951]]]}},{"type":"Feature","id":"usace-grapevine","properties":{"id":"usace-grapevine","unitIds":["usace-grapevine"],"name":"Grapevine Lake","counties":["Denton"],"region":"Dallas/Ft. Worth","acres":2300,"type":"corps_lake","source":"usace","managingAgency":"USACE Fort Worth District","permitRequired":true,"permitInfo":"USACE permit required. Archery deer permits are by lottery (apply July 1-31). 500 waterfowl permits are by lottery (shooting hours end at noon). 800 general hunting permits for other legal game are first-come, first-served starting August 15. Youth 16 and under may archery hunt deer without a permit but must file a waiver.","permitCost":"No fee; permits by lottery or first-come.","means":"Archery only for deer and feral hog. Shotgun (shot size #2 or smaller) for other game. No muzzleloaders, rifles, or pistols.","links":[{"label":"Grapevine Lake hunting (USACE)","url":"https://www.swf-wc.usace.army.mil/grapevine/"},{"label":"TPWD Outdoor Annual seasons","url":"https://tpwd.texas.gov/regulations/outdoor-annual/hunting/"},{"label":"Hunting map (USACE)","url":"https://usace-swf.maps.arcgis.com/apps/webappviewer/index.html?id=6e92400275314a8faa931da055dfc9e6"},{"label":"District hunting guide (PDF)","url":"https://www.swf-wc.usace.army.mil/lake/Fort%20Worth%20District%20Hunting%20Guide%202026-2027_FINAL_11%20AUG%202026.pdf"}],"mapPdfUrl":"","pdfUrl":"","aerialPdfUrl":"","registration":"none","legalGameTags":[],"legalGameText":"Archery only for deer and feral hog. Shotgun (shot size #2 or smaller) for other game. No muzzleloaders, rifles, or pistols.","species":["dove","feral_hog","quail","rabbit","squirrel","waterfowl","white_tailed_deer"],"methods":["archery","shotgun"],"access":["corps_permit"],"complexes":[],"hasEpostcard":false,"hasRegularPermit":false,"epostcardUrl":"","countySlugs":["denton"],"bookletPage":null,"bookletPdfPage":null,"bookletUrl":"","boundaryNote":"Map boundary is the Corps project land from USGS PAD-US, not the hunt compartments in the lake PDF.","lon":-97.13458,"lat":33.0022},"geometry":{"type":"MultiPolygon","coordinates":[[[[-97.10537,32.95482],[-97.10511,32.95243],[-97.10559,32.95493],[-97.10537,32.95482]]],[[[-97.14199,32.97682],[-97.14292,32.97751],[-97.14207,32.97818],[-97.14199,32.97682]]],[[[-97.09664,32.96992],[-97.09793,32.97177],[-97.09587,32.97109],[-97.09788,32.97561],[-97.09685,32.97748],[-97.10528,32.97748],[-97.10711,32.97487],[-97.10829,32.97683],[-97.11001,32.97564],[-97.11073,32.97966],[-97.11256,32.97799],[-97.11234,32.97144],[-97.11416,32.97216],[-97.1171,32.97038],[-97.11577,32.97549],[-97.117,32.97586],[-97.11581,32.97796],[-97.11692,32.97881],[-97.11508,32.9797],[-97.12255,32.98046],[-97.12254,32.98179],[-97.12601,32.98003],[-97.12628,32.9858],[-97.12937,32.98644],[-97.13031,32.98257],[-97.13164,32.98252],[-97.13162,32.98697],[-97.13294,32.98737],[-97.13395,32.98556],[-97.13361,32.98737],[-97.13729,32.98912],[-97.14043,32.98761],[-97.13936,32.98509],[-97.14148,32.98538],[-97.13957,32.9813],[-97.1412,32.9813],[-97.14199,32.97874],[-97.14209,32.98307],[-97.14382,32.9831],[-97.14484,32.9865],[-97.14655,32.98433],[-97.14904,32.98626],[-97.15601,32.98214],[-97.15804,32.9851],[-97.16394,32.98508],[-97.16242,32.98784],[-97.15793,32.98895],[-97.15775,32.98626],[-97.15611,32.9862],[-97.15366,32.98738],[-97.15495,32.98903],[-97.15143,32.98902],[-97.15273,32.99357],[-97.14821,32.99216],[-97.14705,32.99028],[-97.14705,32.992],[-97.14452,32.99176],[-97.14439,32.99562],[-97.1427,32.9936],[-97.13484,32.99401],[-97.13668,32.99691],[-97.14175,32.99835],[-97.14414,32.99754],[-97.14378,33.00089],[-97.14555,33.0021],[-97.15092,33.00016],[-97.15316,33.00443],[-97.16011,33.00461],[-97.16616,32.9985],[-97.1672,33.00055],[-97.1647,33.00635],[-97.16727,33.00644],[-97.16726,33.00805],[-97.17049,33.0091],[-97.1705,33.00791],[-97.17491,33.0079],[-97.17708,33.00462],[-97.17776,33.00787],[-97.18346,33.00785],[-97.18362,33.00326],[-97.18472,33.00501],[-97.18876,33.00312],[-97.19405,33.00394],[-97.19287,33.00526],[-97.18781,33.00444],[-97.18843,33.00645],[-97.18465,33.01045],[-97.18463,33.01355],[-97.17762,33.01416],[-97.179,33.01516],[-97.18017,33.02487],[-97.18219,33.02061],[-97.18498,33.01949],[-97.18969,33.0179],[-97.19208,33.01892],[-97.19373,33.01769],[-97.19357,33.01892],[-97.19656,33.01931],[-97.2001,33.01787],[-97.19935,33.01924],[-97.20241,33.02099],[-97.20433,33.02558],[-97.20845,33.02561],[-97.20938,33.02298],[-97.21197,33.02429],[-97.21452,33.02155],[-97.21304,33.024],[-97.2148,33.0266],[-97.22134,33.02485],[-97.22259,33.02271],[-97.22204,33.02588],[-97.22488,33.02609],[-97.22512,33.02818],[-97.23014,33.02883],[-97.2335,33.02755],[-97.23789,33.02242],[-97.23664,33.01789],[-97.23945,33.02159],[-97.24815,33.02021],[-97.24667,33.02208],[-97.23792,33.02352],[-97.23705,33.02791],[-97.24005,33.02722],[-97.23827,33.0307],[-97.24219,33.03156],[-97.23305,33.03147],[-97.24306,33.03879],[-97.24338,33.02998],[-97.24913,33.03001],[-97.25384,33.03432],[-97.25371,33.04458],[-97.25908,33.0446],[-97.2555,33.04585],[-97.25271,33.05081],[-97.25264,33.05449],[-97.25518,33.05921],[-97.26234,33.06165],[-97.26232,33.06578],[-97.25869,33.06302],[-97.25356,33.06204],[-97.25305,33.06427],[-97.2507,33.06358],[-97.25104,33.06144],[-97.25375,33.05967],[-97.2516,33.05015],[-97.24274,33.04862],[-97.2393,33.04992],[-97.24033,33.04754],[-97.23922,33.04464],[-97.244,33.04462],[-97.24502,33.0409],[-97.24053,33.04078],[-97.23326,33.03551],[-97.23072,33.03531],[-97.22861,33.03169],[-97.2195,33.0432],[-97.21393,33.04457],[-97.21438,33.04717],[-97.21169,33.04576],[-97.21921,33.05299],[-97.21889,33.05572],[-97.22281,33.05948],[-97.22011,33.06025],[-97.21667,33.05398],[-97.21448,33.05195],[-97.21197,33.05344],[-97.21019,33.04904],[-97.20757,33.04846],[-97.20756,33.04714],[-97.20281,33.05189],[-97.20598,33.04469],[-97.20211,33.04401],[-97.19957,33.04174],[-97.19762,33.04259],[-97.19854,33.04092],[-97.19618,33.03715],[-97.19762,33.03385],[-97.19327,33.03266],[-97.19236,33.02741],[-97.18928,33.02712],[-97.1873,33.02939],[-97.18921,33.03089],[-97.18652,33.03457],[-97.18895,33.03461],[-97.18647,33.03755],[-97.18718,33.04282],[-97.18547,33.0433],[-97.18709,33.04523],[-97.18604,33.04804],[-97.18411,33.04584],[-97.18224,33.04785],[-97.18489,33.04937],[-97.18323,33.05089],[-97.18515,33.054],[-97.18265,33.05397],[-97.17851,33.05967],[-97.18238,33.05298],[-97.17976,33.04763],[-97.17793,33.0476],[-97.18007,33.04644],[-97.17969,33.04511],[-97.17774,33.04541],[-97.17629,33.03983],[-97.16996,33.03592],[-97.16993,33.03848],[-97.16753,33.03847],[-97.16549,33.04359],[-97.1658,33.0392],[-97.16466,33.03919],[-97.16581,33.03804],[-97.16034,33.03479],[-97.15834,33.03689],[-97.15975,33.03471],[-97.1584,33.02984],[-97.15508,33.02744],[-97.15209,33.0294],[-97.1536,33.02512],[-97.15126,33.02074],[-97.14859,33.01949],[-97.14603,33.02132],[-97.14476,33.01998],[-97.14361,33.02512],[-97.14522,33.02793],[-97.14463,33.03369],[-97.14255,33.03369],[-97.1395,33.03929],[-97.13909,33.03508],[-97.14152,33.03074],[-97.14057,33.02875],[-97.14269,33.02693],[-97.14146,33.02407],[-97.13869,33.02545],[-97.13936,33.02233],[-97.14187,33.0206],[-97.13794,33.01748],[-97.13784,33.01428],[-97.13519,33.01426],[-97.13429,33.01601],[-97.13567,33.01851],[-97.13292,33.01871],[-97.13092,33.02286],[-97.12753,33.024],[-97.12852,33.02144],[-97.12501,33.02023],[-97.12607,33.01808],[-97.12885,33.01785],[-97.12667,33.01598],[-97.12962,33.01223],[-97.12827,33.01151],[-97.12838,33.01318],[-97.12622,33.01031],[-97.12409,33.01485],[-97.12321,33.0091],[-97.11999,33.00767],[-97.11837,33.00985],[-97.11802,33.00869],[-97.11579,33.00976],[-97.11632,33.00673],[-97.11364,33.00474],[-97.11161,33.00712],[-97.11204,33.00355],[-97.10692,32.99986],[-97.11016,33.00392],[-97.10821,33.00548],[-97.10908,33.01029],[-97.11156,33.0102],[-97.11114,33.01361],[-97.11271,33.01472],[-97.10862,33.01633],[-97.10928,33.02112],[-97.10674,33.02127],[-97.10622,33.01637],[-97.10361,33.01414],[-97.10637,33.01234],[-97.10653,33.00845],[-97.10311,33.00836],[-97.1018,33.00985],[-97.10175,33.01631],[-97.09901,33.01637],[-97.099,33.01018],[-97.09655,33.01295],[-97.09226,33.01362],[-97.09227,33.01161],[-97.09681,33.00959],[-97.09717,33.00477],[-97.09291,33.00606],[-97.09285,33.00282],[-97.09086,33.0028],[-97.08908,32.99916],[-97.08747,32.99916],[-97.08747,33.00061],[-97.08363,32.99967],[-97.08267,33.00497],[-97.07951,33.00492],[-97.07953,33.00089],[-97.07314,32.99941],[-97.07276,32.99682],[-97.0775,32.99666],[-97.0756,32.99208],[-97.07108,32.99365],[-97.07212,32.98854],[-97.06908,32.98856],[-97.06767,32.98186],[-97.06468,32.98481],[-97.04099,32.98456],[-97.04054,32.97952],[-97.04273,32.97766],[-97.04476,32.96982],[-97.04702,32.96988],[-97.0471,32.9647],[-97.05021,32.96469],[-97.05027,32.95882],[-97.05256,32.95739],[-97.0526,32.9514],[-97.05798,32.94747],[-97.06025,32.94925],[-97.06174,32.94791],[-97.0605,32.94431],[-97.06191,32.94309],[-97.06333,32.9492],[-97.06616,32.94726],[-97.06665,32.94931],[-97.06539,32.95238],[-97.06457,32.9508],[-97.06178,32.955],[-97.06364,32.95612],[-97.06382,32.96004],[-97.06618,32.95413],[-97.06754,32.95847],[-97.07269,32.95994],[-97.07146,32.95256],[-97.07312,32.95487],[-97.08023,32.95501],[-97.08406,32.94736],[-97.08375,32.9542],[-97.08695,32.95467],[-97.0907,32.94738],[-97.08837,32.95371],[-97.09063,32.95396],[-97.08797,32.95598],[-97.09044,32.95803],[-97.08438,32.95742],[-97.08602,32.96097],[-97.08186,32.96213],[-97.08184,32.96594],[-97.08792,32.96349],[-97.09054,32.96488],[-97.09503,32.96304],[-97.09503,32.96058],[-97.09784,32.96058],[-97.1028,32.95668],[-97.1028,32.95902],[-97.10579,32.95717],[-97.10416,32.95534],[-97.10702,32.95562],[-97.11289,32.95167],[-97.10861,32.95625],[-97.11016,32.95669],[-97.1098,32.96014],[-97.103,32.9653],[-97.10392,32.96691],[-97.10206,32.96681],[-97.10104,32.97025],[-97.09664,32.96992]],[[-97.09053,32.96579],[-97.09047,32.96952],[-97.09354,32.96587],[-97.09053,32.96579]]],[[[-97.25965,33.0154],[-97.25435,33.01542],[-97.2519,33.01709],[-97.2538,33.0136],[-97.25716,33.01361],[-97.2609,33.00815],[-97.25965,33.0154]]],[[[-97.2519,33.01709],[-97.25158,33.01767],[-97.25067,33.01792],[-97.2519,33.01709]]],[[[-97.24792,33.01979],[-97.24895,33.01839],[-97.25067,33.01792],[-97.24792,33.01979]]],[[[-97.14481,33.03369],[-97.14545,33.03532],[-97.14463,33.03369],[-97.14481,33.03369]]],[[[-97.18557,33.054],[-97.18676,33.05661],[-97.18515,33.054],[-97.18557,33.054]]]]}},{"type":"Feature","id":"usace-lake-o-the-pines","properties":{"id":"usace-lake-o-the-pines","unitIds":["usace-lake-o-the-pines"],"name":"Lake O' the Pines","counties":["Camp","Harrison","Marion","Morris","Upshur"],"region":"Pineywoods","acres":4500,"type":"corps_lake","source":"usace","managingAgency":"USACE Fort Worth District","permitRequired":false,"permitInfo":"No USACE hunting permit required. Follow the Texas Outdoor Annual for Camp, Harrison, Marion, Morris, and Upshur counties. All hunting is prohibited June 1 through August 31. ATV permits for hunting areas south of the dam and west of Cypress Creek are available for persons with a permanent ambulatory disability.","permitCost":"No permit required.","means":"Archery, muzzleloading rifles, and shotguns allowed. Centerfire/rimfire rifles for deer or hogs allowed only south of the dam and west of Cypress Creek and north of Highway 155; all other areas use shotgun slugs/sabots, muzzleloaders, or archery. Shotguns limited to non-toxic #2 shot or smaller.","links":[{"label":"Lake O' the Pines hunting (USACE)","url":"https://www.swf-wc.usace.army.mil/lakeopines/"},{"label":"TPWD Outdoor Annual seasons","url":"https://tpwd.texas.gov/regulations/outdoor-annual/hunting/"},{"label":"Hunting map (USACE)","url":"https://usace-swf.maps.arcgis.com/apps/webappviewer/index.html?id=f9acd9901a6d4c16a76053bfc15b8d2c"},{"label":"District hunting guide (PDF)","url":"https://www.swf-wc.usace.army.mil/lake/Fort%20Worth%20District%20Hunting%20Guide%202026-2027_FINAL_11%20AUG%202026.pdf"}],"mapPdfUrl":"","pdfUrl":"","aerialPdfUrl":"","registration":"none","legalGameTags":[],"legalGameText":"Archery, muzzleloading rifles, and shotguns allowed. Centerfire/rimfire rifles for deer or hogs allowed only south of the dam and west of Cypress Creek and north of Highway 155; all other areas use shotgun slugs/sabots, muzzleloaders, or archery. Shotguns limited to non-toxic #2 shot or smaller.","species":["dove","feral_hog","rabbit","squirrel","waterfowl","white_tailed_deer"],"methods":["archery","firearm","muzzleloader","shotgun"],"access":["corps_permit"],"complexes":[],"hasEpostcard":false,"hasRegularPermit":false,"epostcardUrl":"","countySlugs":["camp","harrison","marion","morris","upshur"],"bookletPage":null,"bookletPdfPage":null,"bookletUrl":"","boundaryNote":"Map boundary is the Corps project land from USGS PAD-US, not the hunt compartments in the lake PDF.","lon":-94.61694,"lat":32.8105},"geometry":{"type":"MultiPolygon","coordinates":[[[[-94.55545,32.75514],[-94.55632,32.75416],[-94.55633,32.75511],[-94.55545,32.75514]]],[[[-94.66188,32.83434],[-94.65669,32.83431],[-94.66182,32.83065],[-94.66188,32.83434]]],[[[-94.74124,32.9261],[-94.74393,32.91793],[-94.7387,32.9181],[-94.7378,32.91602],[-94.73597,32.91613],[-94.73688,32.91225],[-94.72636,32.91071],[-94.72369,32.90772],[-94.71255,32.90765],[-94.71249,32.90472],[-94.70648,32.90387],[-94.70621,32.89922],[-94.70376,32.89935],[-94.70267,32.88553],[-94.69187,32.88167],[-94.6902,32.88073],[-94.69022,32.87869],[-94.68435,32.87651],[-94.68412,32.87368],[-94.68796,32.87031],[-94.68483,32.86802],[-94.6859,32.86472],[-94.68418,32.86049],[-94.6891,32.85483],[-94.69276,32.85475],[-94.69278,32.85066],[-94.68707,32.85204],[-94.6823,32.85117],[-94.67876,32.857],[-94.67658,32.85699],[-94.67657,32.85361],[-94.66934,32.85108],[-94.66569,32.84568],[-94.66559,32.84235],[-94.66198,32.84095],[-94.66189,32.83506],[-94.66501,32.83508],[-94.66327,32.83234],[-94.66457,32.82889],[-94.66223,32.82887],[-94.6622,32.83018],[-94.65848,32.83124],[-94.65531,32.83431],[-94.65527,32.83156],[-94.65189,32.83034],[-94.65001,32.83149],[-94.64996,32.82998],[-94.64881,32.83127],[-94.64407,32.82701],[-94.64178,32.83213],[-94.63996,32.82332],[-94.63297,32.82792],[-94.63538,32.82522],[-94.63596,32.82128],[-94.63292,32.8199],[-94.63025,32.822],[-94.63084,32.82045],[-94.62754,32.81841],[-94.62866,32.8171],[-94.62743,32.8159],[-94.62547,32.81781],[-94.6228,32.81765],[-94.62166,32.82257],[-94.61916,32.82276],[-94.62079,32.82158],[-94.61958,32.81686],[-94.61771,32.81639],[-94.61794,32.81819],[-94.61536,32.81951],[-94.6156,32.81666],[-94.61294,32.81661],[-94.61408,32.81496],[-94.6193,32.81428],[-94.62014,32.81217],[-94.61423,32.80797],[-94.61043,32.80838],[-94.61104,32.80605],[-94.60796,32.80543],[-94.61009,32.80498],[-94.60934,32.80257],[-94.60567,32.80266],[-94.60538,32.79839],[-94.6099,32.79838],[-94.60767,32.79465],[-94.60226,32.79591],[-94.60041,32.79812],[-94.59775,32.7975],[-94.59956,32.79934],[-94.59196,32.79929],[-94.59131,32.80234],[-94.58954,32.80245],[-94.59145,32.80122],[-94.58837,32.80154],[-94.58837,32.80467],[-94.59463,32.80688],[-94.59359,32.81095],[-94.59722,32.811],[-94.59718,32.81417],[-94.59476,32.81422],[-94.59718,32.81742],[-94.59224,32.81722],[-94.59484,32.82436],[-94.59431,32.82716],[-94.5965,32.82716],[-94.59597,32.82838],[-94.59762,32.82949],[-94.59648,32.83333],[-94.60148,32.83335],[-94.60144,32.84634],[-94.60007,32.84632],[-94.59947,32.84025],[-94.59794,32.83853],[-94.59817,32.84109],[-94.59582,32.83976],[-94.59592,32.83811],[-94.59382,32.83806],[-94.59253,32.83521],[-94.59048,32.83576],[-94.59042,32.83233],[-94.58786,32.83073],[-94.58594,32.81456],[-94.58222,32.81607],[-94.5823,32.81837],[-94.57811,32.8184],[-94.58021,32.81599],[-94.57587,32.81593],[-94.57595,32.81462],[-94.58073,32.81373],[-94.57799,32.81153],[-94.57393,32.81194],[-94.58359,32.80621],[-94.57996,32.80517],[-94.57494,32.80671],[-94.57386,32.80538],[-94.5755,32.80291],[-94.57764,32.80294],[-94.57775,32.80159],[-94.57498,32.8014],[-94.57581,32.79763],[-94.57743,32.79762],[-94.57683,32.79357],[-94.57331,32.79176],[-94.57331,32.79494],[-94.57074,32.79488],[-94.57068,32.79014],[-94.55915,32.79086],[-94.55633,32.78513],[-94.55888,32.78361],[-94.55516,32.78261],[-94.55512,32.78586],[-94.55284,32.78584],[-94.55287,32.79656],[-94.55525,32.79806],[-94.55649,32.79654],[-94.56235,32.79724],[-94.55693,32.7985],[-94.55891,32.80137],[-94.55292,32.80138],[-94.55256,32.79982],[-94.54881,32.80063],[-94.54866,32.80695],[-94.55344,32.80897],[-94.55343,32.81086],[-94.54848,32.81089],[-94.54851,32.80912],[-94.54603,32.80847],[-94.54419,32.81261],[-94.54579,32.81583],[-94.54301,32.81375],[-94.5415,32.81549],[-94.54359,32.81717],[-94.54393,32.82178],[-94.54767,32.82439],[-94.54771,32.82692],[-94.54969,32.82689],[-94.54878,32.82961],[-94.55025,32.8313],[-94.54847,32.83237],[-94.54081,32.8221],[-94.5346,32.82221],[-94.53453,32.81994],[-94.53699,32.82037],[-94.53964,32.81796],[-94.53247,32.81313],[-94.53464,32.8129],[-94.53448,32.80688],[-94.53753,32.80922],[-94.54077,32.80919],[-94.54084,32.80212],[-94.5437,32.80325],[-94.5437,32.79908],[-94.5464,32.79771],[-94.5459,32.79532],[-94.54184,32.79526],[-94.54186,32.79351],[-94.54453,32.79311],[-94.54021,32.79144],[-94.53794,32.78618],[-94.53386,32.78784],[-94.53395,32.78179],[-94.53151,32.78088],[-94.52752,32.78541],[-94.52362,32.78299],[-94.52371,32.78029],[-94.52162,32.78024],[-94.52137,32.78779],[-94.52351,32.78883],[-94.51754,32.78909],[-94.5164,32.79439],[-94.51851,32.79678],[-94.51576,32.79678],[-94.51483,32.80461],[-94.51207,32.79983],[-94.50718,32.80548],[-94.51,32.80801],[-94.50598,32.80665],[-94.50495,32.80907],[-94.50199,32.80891],[-94.50379,32.80649],[-94.50134,32.80422],[-94.50563,32.80433],[-94.50689,32.79971],[-94.50906,32.7985],[-94.50232,32.7951],[-94.50232,32.7933],[-94.50767,32.79238],[-94.50874,32.79584],[-94.51155,32.79488],[-94.51265,32.78822],[-94.5064,32.78581],[-94.49884,32.78548],[-94.49917,32.78166],[-94.50419,32.78005],[-94.50419,32.77872],[-94.50815,32.77869],[-94.5112,32.78201],[-94.51528,32.78193],[-94.51519,32.77873],[-94.51347,32.77876],[-94.51344,32.77418],[-94.51654,32.77136],[-94.51572,32.77015],[-94.51092,32.77027],[-94.51073,32.76592],[-94.50903,32.76595],[-94.50898,32.77093],[-94.50029,32.77253],[-94.50466,32.77023],[-94.50549,32.76788],[-94.50113,32.76805],[-94.50116,32.76642],[-94.50589,32.76543],[-94.5061,32.76315],[-94.50475,32.76317],[-94.49782,32.76542],[-94.49741,32.77024],[-94.4935,32.76653],[-94.49191,32.7719],[-94.48671,32.7726],[-94.48876,32.77164],[-94.48754,32.7693],[-94.48952,32.77168],[-94.49198,32.76716],[-94.48771,32.76431],[-94.49232,32.76603],[-94.49622,32.76362],[-94.49617,32.76223],[-94.48679,32.76233],[-94.48678,32.74975],[-94.49191,32.7471],[-94.49195,32.73887],[-94.49389,32.73964],[-94.49408,32.7367],[-94.49726,32.73865],[-94.49732,32.73757],[-94.52009,32.7382],[-94.52015,32.73562],[-94.52963,32.73426],[-94.53219,32.73172],[-94.53759,32.7317],[-94.5376,32.7337],[-94.53939,32.73359],[-94.53941,32.73681],[-94.54298,32.73679],[-94.54148,32.7384],[-94.54419,32.74369],[-94.54484,32.73906],[-94.54688,32.74065],[-94.54897,32.73918],[-94.54904,32.73311],[-94.54654,32.72904],[-94.55106,32.7331],[-94.55309,32.73781],[-94.55615,32.73774],[-94.55881,32.73302],[-94.56289,32.73241],[-94.56232,32.7274],[-94.56415,32.72743],[-94.56773,32.72381],[-94.5656,32.72893],[-94.57118,32.73042],[-94.56759,32.73019],[-94.56386,32.73419],[-94.56047,32.73427],[-94.55963,32.73846],[-94.55745,32.739],[-94.55856,32.74086],[-94.55556,32.74137],[-94.55532,32.74338],[-94.565,32.74474],[-94.55874,32.74554],[-94.55857,32.74746],[-94.55492,32.74559],[-94.55077,32.74665],[-94.55308,32.74667],[-94.55191,32.74835],[-94.55587,32.75124],[-94.55254,32.75054],[-94.55282,32.75375],[-94.5554,32.75514],[-94.55445,32.75641],[-94.55577,32.75894],[-94.55232,32.76211],[-94.55684,32.76595],[-94.55943,32.7646],[-94.56187,32.76575],[-94.56127,32.76448],[-94.56315,32.76527],[-94.56493,32.76376],[-94.5651,32.75662],[-94.56578,32.7581],[-94.56761,32.75684],[-94.56623,32.76007],[-94.56756,32.76014],[-94.56754,32.76299],[-94.56947,32.76305],[-94.56932,32.76454],[-94.56126,32.76674],[-94.5676,32.76897],[-94.57469,32.76872],[-94.57831,32.77178],[-94.57965,32.77052],[-94.57976,32.76577],[-94.58273,32.76577],[-94.58267,32.76862],[-94.58487,32.76731],[-94.58586,32.76965],[-94.58768,32.76703],[-94.58553,32.76534],[-94.58828,32.76538],[-94.58623,32.76361],[-94.58815,32.75964],[-94.59121,32.75948],[-94.59352,32.76155],[-94.59166,32.75709],[-94.59321,32.75793],[-94.59511,32.75595],[-94.59475,32.74885],[-94.59678,32.74881],[-94.59693,32.75182],[-94.59841,32.7519],[-94.60081,32.7502],[-94.60007,32.74868],[-94.60374,32.74867],[-94.60477,32.74676],[-94.60923,32.74588],[-94.60929,32.74368],[-94.61136,32.74373],[-94.61136,32.7466],[-94.60472,32.75086],[-94.60728,32.75164],[-94.60306,32.75344],[-94.60312,32.75804],[-94.61221,32.75867],[-94.61445,32.76146],[-94.62033,32.75839],[-94.62021,32.75431],[-94.62475,32.75427],[-94.63328,32.74944],[-94.6333,32.75268],[-94.62762,32.75682],[-94.62845,32.75873],[-94.63065,32.75798],[-94.62966,32.76201],[-94.63067,32.76302],[-94.62776,32.76502],[-94.62032,32.76467],[-94.61572,32.76677],[-94.61235,32.76525],[-94.60922,32.76655],[-94.60913,32.76988],[-94.61239,32.76973],[-94.61437,32.7672],[-94.61703,32.76846],[-94.60917,32.7717],[-94.61074,32.77195],[-94.60976,32.77502],[-94.61575,32.77757],[-94.61724,32.77992],[-94.62156,32.78055],[-94.62222,32.78242],[-94.62525,32.78016],[-94.62694,32.78543],[-94.62996,32.78717],[-94.63012,32.79091],[-94.63558,32.79],[-94.63536,32.79294],[-94.63845,32.79308],[-94.6383,32.79677],[-94.64377,32.79693],[-94.64378,32.80026],[-94.65904,32.79977],[-94.65771,32.79785],[-94.66076,32.79846],[-94.66047,32.79645],[-94.66249,32.79688],[-94.66572,32.79289],[-94.66354,32.78932],[-94.6672,32.789],[-94.66982,32.79309],[-94.66822,32.79263],[-94.66375,32.79889],[-94.66458,32.80018],[-94.66148,32.8017],[-94.66262,32.80337],[-94.66069,32.80424],[-94.66342,32.80826],[-94.66477,32.80527],[-94.66833,32.80842],[-94.67206,32.80663],[-94.6711,32.81086],[-94.67493,32.81056],[-94.67559,32.81154],[-94.67358,32.81251],[-94.6771,32.81421],[-94.67916,32.81821],[-94.68161,32.81933],[-94.68102,32.81684],[-94.68212,32.81937],[-94.68505,32.82073],[-94.68711,32.81949],[-94.68608,32.81811],[-94.68757,32.8174],[-94.68863,32.81896],[-94.69115,32.81776],[-94.69072,32.81651],[-94.69386,32.81501],[-94.69303,32.8138],[-94.69482,32.81301],[-94.69622,32.81427],[-94.69666,32.81149],[-94.70056,32.80886],[-94.70302,32.80776],[-94.70439,32.81002],[-94.70907,32.80982],[-94.70868,32.81166],[-94.706,32.81039],[-94.70003,32.81152],[-94.70105,32.81302],[-94.69586,32.81798],[-94.69696,32.8196],[-94.70004,32.81977],[-94.69218,32.82584],[-94.69622,32.82494],[-94.68902,32.82741],[-94.69279,32.83006],[-94.69344,32.83468],[-94.69575,32.83615],[-94.69926,32.83378],[-94.70132,32.83487],[-94.70413,32.83353],[-94.70549,32.83549],[-94.70093,32.83754],[-94.70008,32.84127],[-94.70799,32.84323],[-94.70945,32.8461],[-94.7079,32.84801],[-94.71125,32.84947],[-94.71321,32.85607],[-94.71719,32.85883],[-94.71533,32.86061],[-94.72152,32.86596],[-94.71686,32.8667],[-94.7148,32.86868],[-94.71352,32.8668],[-94.70844,32.86681],[-94.709,32.8684],[-94.71345,32.8687],[-94.71466,32.87233],[-94.71261,32.8739],[-94.71567,32.87389],[-94.715,32.87689],[-94.71661,32.87886],[-94.71957,32.87745],[-94.72638,32.88736],[-94.73098,32.88511],[-94.73169,32.8876],[-94.73376,32.88736],[-94.73181,32.88992],[-94.73389,32.89274],[-94.73614,32.89192],[-94.73772,32.89358],[-94.73342,32.89845],[-94.73718,32.89955],[-94.73616,32.90328],[-94.73314,32.90277],[-94.73382,32.90435],[-94.73192,32.90415],[-94.73276,32.90534],[-94.73637,32.90462],[-94.73805,32.90167],[-94.74063,32.90418],[-94.74048,32.90604],[-94.74223,32.90483],[-94.74384,32.90617],[-94.74223,32.9073],[-94.74779,32.90724],[-94.74784,32.91066],[-94.75457,32.91162],[-94.75539,32.90996],[-94.76068,32.91698],[-94.75724,32.91635],[-94.75775,32.91779],[-94.76678,32.91774],[-94.76733,32.91898],[-94.76447,32.91984],[-94.76365,32.92204],[-94.77617,32.92661],[-94.7757,32.93183],[-94.7778,32.93438],[-94.76892,32.9371],[-94.76836,32.93582],[-94.76391,32.93955],[-94.76119,32.93739],[-94.75864,32.93988],[-94.76343,32.94496],[-94.75928,32.94493],[-94.75544,32.93765],[-94.75491,32.9325],[-94.75339,32.93252],[-94.74892,32.92737],[-94.74124,32.9261]]]]}},{"type":"Feature","id":"usace-lavon","properties":{"id":"usace-lavon","unitIds":["usace-lavon"],"name":"Lavon Lake","counties":["Collin"],"region":"Dallas/Ft. Worth","acres":6500,"type":"corps_lake","source":"usace","managingAgency":"USACE Fort Worth District","permitRequired":true,"permitInfo":"USACE permit required for all hunters 17 and older (issued Aug 15 - Nov 15; returning hunters may reregister online at lavonlakehunting.tamu.edu). Deer hunting is closed until population data supports a harvest. Waterfowl allowed in Hunting Areas 1-14 only.","permitCost":"No fee; permit required for all species.","means":"Archery for feral hog in all areas; shotgun with slugs allowed for hogs in Areas 6-13. Shotgun (shot #2 or smaller) for other game. No rifles, handguns, airguns, or muzzleloaders. Deer hunting is prohibited.","links":[{"label":"Lavon Lake hunting (USACE)","url":"https://www.swf-wc.usace.army.mil/lavon/"},{"label":"Returning hunter registration","url":"https://lavonlakehunting.tamu.edu/"},{"label":"TPWD Outdoor Annual seasons","url":"https://tpwd.texas.gov/regulations/outdoor-annual/hunting/"},{"label":"Hunting map (USACE)","url":"https://usace-swf.maps.arcgis.com/apps/webappviewer/index.html?id=010ac384662544b9bdb81f02d15b5a47"},{"label":"District hunting guide (PDF)","url":"https://www.swf-wc.usace.army.mil/lake/Fort%20Worth%20District%20Hunting%20Guide%202026-2027_FINAL_11%20AUG%202026.pdf"}],"mapPdfUrl":"","pdfUrl":"","aerialPdfUrl":"","registration":"none","legalGameTags":[],"legalGameText":"Archery for feral hog in all areas; shotgun with slugs allowed for hogs in Areas 6-13. Shotgun (shot #2 or smaller) for other game. No rifles, handguns, airguns, or muzzleloaders. Deer hunting is prohibited.","species":["dove","feral_hog","other_migratory","rabbit","squirrel","waterfowl"],"methods":["archery","shotgun"],"access":["corps_permit"],"complexes":[],"hasEpostcard":false,"hasRegularPermit":false,"epostcardUrl":"","countySlugs":["collin"],"bookletPage":null,"bookletPdfPage":null,"bookletUrl":"","boundaryNote":"Map boundary is the Corps project land from USGS PAD-US, not the hunt compartments in the lake PDF.","lon":-96.47207,"lat":33.11268},"geometry":{"type":"Polygon","coordinates":[[[-96.40812,33.24634],[-96.41134,33.24639],[-96.41516,33.24344],[-96.41509,33.2379],[-96.41278,33.23645],[-96.41021,33.22071],[-96.40648,33.21386],[-96.4102,33.21175],[-96.41293,33.20485],[-96.41913,33.20362],[-96.4201,33.20538],[-96.41866,33.21286],[-96.4243,33.21295],[-96.42783,33.20275],[-96.4277,33.19837],[-96.43,33.19727],[-96.43005,33.19366],[-96.43299,33.19373],[-96.43217,33.19009],[-96.42766,33.1889],[-96.42928,33.18271],[-96.42733,33.18265],[-96.42732,33.17805],[-96.43057,33.17495],[-96.4353,33.17539],[-96.43536,33.17783],[-96.43971,33.17805],[-96.44206,33.18328],[-96.44336,33.18347],[-96.44384,33.18141],[-96.45308,33.18183],[-96.46329,33.18437],[-96.46309,33.18855],[-96.46465,33.18767],[-96.46792,33.18954],[-96.47028,33.19354],[-96.46847,33.19445],[-96.47013,33.19796],[-96.46922,33.20392],[-96.47138,33.20647],[-96.47236,33.21277],[-96.479,33.21317],[-96.47928,33.20891],[-96.4815,33.20887],[-96.48002,33.20442],[-96.48233,33.19487],[-96.47975,33.19186],[-96.4792,33.18798],[-96.4809,33.18804],[-96.48111,33.18547],[-96.47785,33.18436],[-96.47854,33.18254],[-96.47738,33.18397],[-96.47512,33.18116],[-96.47459,33.17756],[-96.46983,33.17025],[-96.46072,33.1721],[-96.45777,33.1688],[-96.44987,33.16812],[-96.44952,33.1654],[-96.44033,33.16328],[-96.43839,33.1561],[-96.43973,33.15619],[-96.43884,33.15333],[-96.44386,33.15294],[-96.44362,33.15631],[-96.44544,33.15932],[-96.44709,33.15661],[-96.45142,33.15667],[-96.45302,33.14595],[-96.45998,33.14636],[-96.46365,33.1503],[-96.46212,33.14242],[-96.46606,33.14458],[-96.46604,33.14642],[-96.47144,33.14668],[-96.47396,33.15107],[-96.47715,33.14998],[-96.4803,33.15397],[-96.48032,33.14679],[-96.47779,33.14668],[-96.47619,33.14452],[-96.47702,33.14148],[-96.47097,33.14148],[-96.47085,33.13706],[-96.46804,33.13931],[-96.46706,33.13836],[-96.47196,33.1322],[-96.47236,33.12426],[-96.47552,33.12992],[-96.4758,33.12463],[-96.4792,33.12487],[-96.47968,33.12334],[-96.47964,33.12141],[-96.47627,33.12128],[-96.47686,33.11832],[-96.47494,33.1185],[-96.47621,33.11518],[-96.47465,33.11363],[-96.48035,33.11194],[-96.47785,33.10951],[-96.48038,33.10864],[-96.47809,33.10766],[-96.47853,33.1044],[-96.47642,33.10431],[-96.47775,33.10263],[-96.47718,33.09798],[-96.48035,33.09959],[-96.47895,33.10266],[-96.48218,33.10194],[-96.48238,33.10409],[-96.48394,33.1041],[-96.48291,33.10453],[-96.48489,33.10661],[-96.48368,33.11054],[-96.48459,33.11342],[-96.48884,33.11352],[-96.48818,33.11821],[-96.49052,33.11826],[-96.49344,33.12138],[-96.49263,33.12255],[-96.49467,33.12434],[-96.49494,33.12885],[-96.49883,33.13424],[-96.49824,33.14052],[-96.50207,33.14063],[-96.50442,33.13271],[-96.50328,33.13266],[-96.50115,33.12584],[-96.49991,33.11934],[-96.50089,33.11631],[-96.49875,33.11572],[-96.49843,33.11402],[-96.50051,33.11211],[-96.49742,33.11157],[-96.5004,33.10868],[-96.49977,33.10692],[-96.49633,33.10756],[-96.49799,33.10095],[-96.4962,33.10093],[-96.49567,33.09829],[-96.49046,33.09809],[-96.49137,33.0961],[-96.4893,33.09577],[-96.48785,33.09101],[-96.48808,33.08484],[-96.48985,33.08403],[-96.48895,33.08106],[-96.48677,33.08205],[-96.48461,33.07751],[-96.48694,33.07715],[-96.48698,33.07411],[-96.48862,33.07413],[-96.49262,33.07896],[-96.49395,33.07784],[-96.49452,33.0737],[-96.49273,33.07365],[-96.49181,33.07051],[-96.48901,33.06859],[-96.49175,33.06854],[-96.49183,33.06731],[-96.4878,33.06304],[-96.48931,33.05782],[-96.49554,33.05928],[-96.49671,33.06123],[-96.49913,33.05827],[-96.50181,33.05829],[-96.50161,33.06172],[-96.50517,33.06173],[-96.50473,33.06383],[-96.50837,33.0641],[-96.50679,33.06559],[-96.50869,33.06654],[-96.50863,33.06972],[-96.51242,33.06986],[-96.51122,33.06728],[-96.512,33.06202],[-96.50899,33.05599],[-96.51171,33.0558],[-96.5129,33.05725],[-96.51513,33.06108],[-96.51345,33.06369],[-96.51472,33.06994],[-96.52095,33.06935],[-96.51824,33.07415],[-96.52243,33.07272],[-96.52522,33.07613],[-96.51898,33.08137],[-96.51967,33.08484],[-96.51722,33.08695],[-96.5167,33.09071],[-96.51864,33.09388],[-96.51805,33.09587],[-96.52098,33.09851],[-96.51681,33.10381],[-96.51924,33.11736],[-96.52206,33.11755],[-96.5208,33.12235],[-96.52459,33.12263],[-96.5266,33.12569],[-96.52881,33.13139],[-96.52884,33.13929],[-96.5316,33.14015],[-96.5328,33.13787],[-96.53597,33.14321],[-96.53704,33.14933],[-96.5417,33.15005],[-96.54163,33.15168],[-96.55353,33.16029],[-96.55375,33.16545],[-96.55142,33.16808],[-96.55932,33.17459],[-96.56511,33.17393],[-96.56559,33.17636],[-96.56394,33.17581],[-96.56274,33.17735],[-96.56646,33.17622],[-96.56712,33.17797],[-96.56699,33.17619],[-96.56884,33.17636],[-96.57001,33.16993],[-96.56336,33.16769],[-96.56105,33.16043],[-96.55941,33.16039],[-96.55735,33.15514],[-96.55629,33.14603],[-96.55223,33.14489],[-96.55234,33.14159],[-96.55266,33.13944],[-96.55668,33.13776],[-96.55776,33.1356],[-96.56708,33.13799],[-96.57116,33.13748],[-96.57129,33.13124],[-96.56583,33.13057],[-96.55925,33.12475],[-96.5594,33.12294],[-96.55253,33.11812],[-96.55019,33.11437],[-96.55129,33.11226],[-96.54278,33.1077],[-96.54322,33.10022],[-96.5395,33.09964],[-96.54026,33.09231],[-96.53737,33.08961],[-96.53897,33.08952],[-96.53911,33.08596],[-96.5419,33.08571],[-96.54267,33.09153],[-96.54614,33.09381],[-96.54604,33.096],[-96.54785,33.09608],[-96.54846,33.09967],[-96.55041,33.10086],[-96.55289,33.09991],[-96.5558,33.10371],[-96.55731,33.10377],[-96.5564,33.10018],[-96.5581,33.10022],[-96.56122,33.10254],[-96.561,33.10393],[-96.56454,33.10405],[-96.5643,33.10528],[-96.566,33.10131],[-96.5633,33.09994],[-96.56427,33.09919],[-96.56118,33.0962],[-96.55341,33.09428],[-96.54983,33.08805],[-96.5516,33.0877],[-96.5505,33.08658],[-96.55448,33.08586],[-96.55675,33.08704],[-96.55682,33.08567],[-96.56193,33.08594],[-96.56275,33.08404],[-96.56114,33.08327],[-96.56433,33.08068],[-96.55519,33.08207],[-96.55252,33.07839],[-96.5503,33.08025],[-96.54974,33.07201],[-96.55219,33.073],[-96.55224,33.07148],[-96.55917,33.06813],[-96.55109,33.06799],[-96.55532,33.06178],[-96.54589,33.06622],[-96.54149,33.06215],[-96.54591,33.06194],[-96.5474,33.0598],[-96.54496,33.06017],[-96.54535,33.05769],[-96.53639,33.05944],[-96.53677,33.05782],[-96.54191,33.05515],[-96.54051,33.05256],[-96.53679,33.05199],[-96.53312,33.0535],[-96.53471,33.05161],[-96.53516,33.04604],[-96.54375,33.04851],[-96.54216,33.04573],[-96.54749,33.04601],[-96.54518,33.04285],[-96.54602,33.04152],[-96.54294,33.04282],[-96.54314,33.0375],[-96.53838,33.03734],[-96.53852,33.03411],[-96.53262,33.03685],[-96.53236,33.03434],[-96.5297,33.03202],[-96.52762,33.03559],[-96.52544,33.03549],[-96.52545,33.0302],[-96.52378,33.03014],[-96.52283,33.03261],[-96.5209,33.03185],[-96.52095,33.03298],[-96.51552,33.03408],[-96.51455,33.03159],[-96.513,33.03446],[-96.51018,33.03447],[-96.50908,33.03108],[-96.50689,33.03276],[-96.50608,33.03617],[-96.50408,33.03692],[-96.50569,33.03733],[-96.50272,33.03748],[-96.50098,33.04133],[-96.50129,33.03499],[-96.50042,33.0401],[-96.49734,33.04049],[-96.48086,33.02566],[-96.46944,33.02216],[-96.46087,33.02266],[-96.4535,33.02688],[-96.44094,33.02641],[-96.441,33.02983],[-96.44367,33.03024],[-96.44338,33.03845],[-96.44135,33.04341],[-96.43713,33.04757],[-96.43579,33.04753],[-96.4359,33.04377],[-96.43075,33.04362],[-96.42661,33.04615],[-96.42578,33.04838],[-96.42276,33.04762],[-96.42221,33.05021],[-96.41416,33.05002],[-96.41181,33.05416],[-96.41397,33.05504],[-96.39877,33.05818],[-96.41124,33.06005],[-96.40584,33.06542],[-96.40437,33.06786],[-96.40578,33.06867],[-96.41571,33.06263],[-96.41768,33.06845],[-96.41677,33.06458],[-96.41835,33.06378],[-96.41826,33.06058],[-96.42262,33.06038],[-96.42285,33.06164],[-96.42341,33.05928],[-96.42665,33.05722],[-96.42895,33.05722],[-96.42945,33.06047],[-96.4308,33.05893],[-96.4361,33.05916],[-96.43604,33.06064],[-96.43845,33.06076],[-96.4442,33.05559],[-96.44025,33.06185],[-96.44079,33.06316],[-96.44681,33.06041],[-96.4454,33.05978],[-96.44741,33.05794],[-96.45041,33.05811],[-96.4543,33.05563],[-96.45077,33.06106],[-96.45525,33.06207],[-96.45015,33.06497],[-96.44961,33.06685],[-96.4536,33.06698],[-96.45367,33.06982],[-96.45072,33.07177],[-96.45223,33.07183],[-96.45411,33.07606],[-96.45617,33.07613],[-96.45612,33.07804],[-96.45034,33.07715],[-96.45169,33.0811],[-96.45008,33.08247],[-96.45165,33.08286],[-96.45159,33.08549],[-96.44589,33.08507],[-96.44947,33.08805],[-96.44516,33.0883],[-96.44327,33.08483],[-96.44186,33.08661],[-96.44343,33.08951],[-96.43791,33.09042],[-96.43875,33.08669],[-96.4363,33.08665],[-96.43473,33.08288],[-96.43255,33.08782],[-96.43124,33.08779],[-96.43024,33.08289],[-96.42658,33.08915],[-96.42424,33.08638],[-96.42408,33.0918],[-96.41915,33.08955],[-96.41768,33.08708],[-96.4176,33.09057],[-96.41344,33.09123],[-96.41222,33.0948],[-96.40629,33.10005],[-96.40491,33.10479],[-96.40122,33.10635],[-96.39476,33.10549],[-96.39414,33.10759],[-96.3968,33.10899],[-96.39672,33.11117],[-96.39062,33.11478],[-96.39046,33.12018],[-96.3923,33.12021],[-96.39066,33.12189],[-96.39241,33.12309],[-96.39799,33.11968],[-96.40448,33.11207],[-96.40767,33.11534],[-96.41071,33.11023],[-96.41598,33.10754],[-96.41792,33.10323],[-96.42451,33.10319],[-96.42533,33.09937],[-96.43062,33.10031],[-96.43024,33.10335],[-96.43364,33.10342],[-96.4343,33.10142],[-96.43635,33.10143],[-96.43871,33.10342],[-96.44322,33.10362],[-96.44314,33.10712],[-96.44515,33.10767],[-96.44361,33.10885],[-96.44736,33.1109],[-96.44317,33.11315],[-96.44399,33.11434],[-96.44731,33.11468],[-96.45074,33.11187],[-96.45013,33.11082],[-96.45221,33.11034],[-96.45233,33.11893],[-96.44718,33.11732],[-96.44659,33.1198],[-96.44276,33.12091],[-96.4428,33.11926],[-96.43599,33.11582],[-96.43586,33.11904],[-96.43364,33.1193],[-96.43302,33.12095],[-96.43688,33.12099],[-96.43678,33.12396],[-96.43013,33.12599],[-96.433,33.12745],[-96.43593,33.12609],[-96.43667,33.12756],[-96.43274,33.13445],[-96.42078,33.1342],[-96.41849,33.13118],[-96.41783,33.13784],[-96.41568,33.1373],[-96.41321,33.13365],[-96.4109,33.13505],[-96.41195,33.13946],[-96.40985,33.14827],[-96.40669,33.14664],[-96.40675,33.14999],[-96.40365,33.15399],[-96.41015,33.15418],[-96.41369,33.15968],[-96.41048,33.15981],[-96.40928,33.16822],[-96.41063,33.16908],[-96.40627,33.17167],[-96.40502,33.17903],[-96.40272,33.18305],[-96.39991,33.18338],[-96.40047,33.1854],[-96.40409,33.18542],[-96.404,33.18856],[-96.39943,33.18973],[-96.3967,33.19323],[-96.39579,33.19948],[-96.39185,33.2009],[-96.39233,33.21202],[-96.39023,33.21486],[-96.3827,33.21477],[-96.37913,33.21738],[-96.37389,33.21839],[-96.37395,33.22847],[-96.37897,33.22751],[-96.37929,33.2253],[-96.38193,33.22405],[-96.38514,33.22949],[-96.38723,33.22957],[-96.39009,33.22627],[-96.39419,33.22805],[-96.40007,33.22741],[-96.40247,33.23149],[-96.4013,33.23703],[-96.40656,33.24219],[-96.40812,33.24634]]]}},{"type":"Feature","id":"usace-lewisville","properties":{"id":"usace-lewisville","unitIds":["usace-lewisville"],"name":"Lewisville Lake","counties":["Denton"],"region":"Dallas/Ft. Worth","acres":9138,"type":"corps_lake","source":"usace","managingAgency":"USACE Fort Worth District","permitRequired":true,"permitInfo":"USACE permit required (valid hunter education and Texas license required). Archery white-tailed deer hunts in the Hickory Creek area are by lottery (apply July 1-31). The area north of Highway 380 is leased to the City of Denton (940-349-8230).","permitCost":"No fee; deer by lottery, general permit required.","means":"Archery only for feral hog and deer. Shotgun (#2 shot or smaller) for all other game. No rifles, pistols, or muzzleloaders.","links":[{"label":"Lewisville Lake hunting (USACE)","url":"https://www.swf-wc.usace.army.mil/lewisville/"},{"label":"TPWD Outdoor Annual seasons","url":"https://tpwd.texas.gov/regulations/outdoor-annual/hunting/"},{"label":"Hunting map (USACE)","url":"https://usace-swf.maps.arcgis.com/apps/webappviewer/index.html?id=b3dc9801121f418ba9aed2404308e72c"},{"label":"District hunting guide (PDF)","url":"https://www.swf-wc.usace.army.mil/lake/Fort%20Worth%20District%20Hunting%20Guide%202026-2027_FINAL_11%20AUG%202026.pdf"}],"mapPdfUrl":"","pdfUrl":"","aerialPdfUrl":"","registration":"none","legalGameTags":[],"legalGameText":"Archery only for feral hog and deer. Shotgun (#2 shot or smaller) for all other game. No rifles, pistols, or muzzleloaders.","species":["coyote","dove","feral_hog","other_migratory","quail","rabbit","squirrel","turkey","waterfowl","white_tailed_deer"],"methods":["archery","shotgun"],"access":["corps_permit"],"complexes":[],"hasEpostcard":false,"hasRegularPermit":false,"epostcardUrl":"","countySlugs":["denton"],"bookletPage":null,"bookletPdfPage":null,"bookletUrl":"","boundaryNote":"Map boundary is the Corps project land from USGS PAD-US, not the hunt compartments in the lake PDF.","lon":-96.98536,"lat":33.13975},"geometry":{"type":"MultiPolygon","coordinates":[[[[-96.87328,33.11521],[-96.87288,33.11551],[-96.87171,33.11564],[-96.87328,33.11521]]],[[[-96.86545,33.12057],[-96.86316,33.11916],[-96.86639,33.11553],[-96.86447,33.11241],[-96.86931,33.11464],[-96.8693,33.11591],[-96.87171,33.11564],[-96.87004,33.1161],[-96.86919,33.11911],[-96.86545,33.12057]]],[[[-96.96248,33.18675],[-96.96155,33.18865],[-96.96529,33.19044],[-96.96162,33.19041],[-96.96158,33.19175],[-96.96516,33.19554],[-96.95789,33.1954],[-96.95798,33.1984],[-96.96027,33.20112],[-96.95958,33.20276],[-96.9613,33.20381],[-96.96025,33.20521],[-96.9621,33.20463],[-96.96205,33.20738],[-96.96445,33.20817],[-96.96002,33.20839],[-96.95992,33.20984],[-96.96197,33.21072],[-96.95881,33.21019],[-96.9565,33.21453],[-96.95391,33.21443],[-96.95293,33.21706],[-96.95003,33.21724],[-96.94726,33.22177],[-96.94786,33.22378],[-96.95078,33.222],[-96.94826,33.22513],[-96.94852,33.2281],[-96.95269,33.23191],[-96.95442,33.23641],[-96.9506,33.23295],[-96.93556,33.23468],[-96.93293,33.23889],[-96.9358,33.23932],[-96.93366,33.24118],[-96.9355,33.24285],[-96.93099,33.24459],[-96.92946,33.24699],[-96.93292,33.24942],[-96.93213,33.25456],[-96.93071,33.25306],[-96.93137,33.24981],[-96.92658,33.24684],[-96.92269,33.25038],[-96.9245,33.25605],[-96.92345,33.25778],[-96.92096,33.25212],[-96.92316,33.24806],[-96.92064,33.24796],[-96.92757,33.23971],[-96.9285,33.23444],[-96.92684,33.23274],[-96.93003,33.23422],[-96.93246,33.23345],[-96.92998,33.23071],[-96.93239,33.23178],[-96.93085,33.23016],[-96.93248,33.2277],[-96.93485,33.23085],[-96.93744,33.22957],[-96.93639,33.22878],[-96.93736,33.22817],[-96.93948,33.22916],[-96.93941,33.2259],[-96.93802,33.22502],[-96.9401,33.22522],[-96.94071,33.22708],[-96.94397,33.22706],[-96.94562,33.22921],[-96.94512,33.22476],[-96.94184,33.22445],[-96.94392,33.2229],[-96.9443,33.22029],[-96.94192,33.21957],[-96.94475,33.21809],[-96.94466,33.21259],[-96.94651,33.20841],[-96.94952,33.20796],[-96.95063,33.21067],[-96.95003,33.20672],[-96.95455,33.20567],[-96.95169,33.20143],[-96.95006,33.20126],[-96.95254,33.19799],[-96.95076,33.19655],[-96.94999,33.19847],[-96.94778,33.19133],[-96.94974,33.18954],[-96.94971,33.18683],[-96.94643,33.18612],[-96.94583,33.18857],[-96.94506,33.18607],[-96.94085,33.18668],[-96.94332,33.1965],[-96.93857,33.19465],[-96.93696,33.19896],[-96.93773,33.20295],[-96.93538,33.19952],[-96.93501,33.20279],[-96.93168,33.20278],[-96.92964,33.20624],[-96.92743,33.20363],[-96.92374,33.20343],[-96.92379,33.20191],[-96.91911,33.20182],[-96.91772,33.20662],[-96.91416,33.20984],[-96.91505,33.21298],[-96.91227,33.21232],[-96.91103,33.21461],[-96.91122,33.20972],[-96.91031,33.21298],[-96.90719,33.21171],[-96.90104,33.21598],[-96.90094,33.21386],[-96.89785,33.21415],[-96.89191,33.21815],[-96.89156,33.21595],[-96.89372,33.21362],[-96.90425,33.20794],[-96.9165,33.19826],[-96.92191,33.19633],[-96.92857,33.19886],[-96.93008,33.19251],[-96.93347,33.18956],[-96.93115,33.18812],[-96.93136,33.18594],[-96.92778,33.18919],[-96.92267,33.19035],[-96.91992,33.19448],[-96.906,33.19568],[-96.9045,33.19944],[-96.90012,33.19969],[-96.89547,33.20472],[-96.89308,33.20362],[-96.88775,33.20576],[-96.88999,33.20345],[-96.89547,33.20346],[-96.89743,33.19447],[-96.91022,33.1902],[-96.90941,33.18914],[-96.91325,33.18979],[-96.91395,33.18641],[-96.91122,33.18342],[-96.91405,33.18464],[-96.91631,33.18379],[-96.91605,33.18592],[-96.91747,33.18605],[-96.92038,33.1819],[-96.92036,33.18339],[-96.92166,33.18205],[-96.92228,33.18393],[-96.9264,33.18185],[-96.92503,33.17874],[-96.92907,33.17759],[-96.92837,33.17459],[-96.92962,33.17575],[-96.93174,33.17147],[-96.93381,33.17218],[-96.93485,33.16976],[-96.93674,33.17056],[-96.93893,33.16907],[-96.93767,33.16638],[-96.93919,33.16693],[-96.94279,33.16385],[-96.94302,33.15744],[-96.93527,33.16213],[-96.94633,33.15487],[-96.95049,33.15569],[-96.95144,33.15374],[-96.95318,33.15416],[-96.9527,33.14971],[-96.94971,33.14902],[-96.95152,33.14633],[-96.94301,33.14634],[-96.94302,33.14915],[-96.93735,33.14907],[-96.93644,33.15033],[-96.93813,33.15149],[-96.93613,33.1529],[-96.93727,33.16059],[-96.93518,33.16049],[-96.92906,33.16495],[-96.92746,33.16445],[-96.92464,33.16858],[-96.92017,33.16872],[-96.92039,33.16726],[-96.91756,33.16895],[-96.90877,33.16844],[-96.91103,33.16553],[-96.91698,33.16601],[-96.91779,33.16458],[-96.91104,33.16277],[-96.90896,33.16021],[-96.89954,33.1592],[-96.90075,33.15764],[-96.90536,33.15877],[-96.91057,33.15784],[-96.92256,33.16288],[-96.9264,33.15903],[-96.92516,33.15688],[-96.93154,33.15555],[-96.92949,33.15404],[-96.9304,33.15137],[-96.92809,33.15385],[-96.92727,33.14857],[-96.91728,33.15106],[-96.91413,33.14862],[-96.91956,33.1474],[-96.92284,33.14186],[-96.92282,33.139],[-96.92543,33.14043],[-96.92393,33.14043],[-96.92528,33.14361],[-96.93437,33.14303],[-96.93509,33.14038],[-96.93984,33.13913],[-96.94163,33.13703],[-96.93689,33.13698],[-96.93693,33.13338],[-96.92842,33.1333],[-96.92541,33.13549],[-96.92564,33.13438],[-96.9232,33.13368],[-96.92763,33.12944],[-96.92395,33.12831],[-96.92098,33.12913],[-96.91739,33.13282],[-96.91634,33.13084],[-96.91238,33.13217],[-96.91204,33.1375],[-96.9106,33.13079],[-96.906,33.13154],[-96.90884,33.12937],[-96.90338,33.12888],[-96.89551,33.13292],[-96.89437,33.13227],[-96.89967,33.12867],[-96.89912,33.12699],[-96.90058,33.12759],[-96.90189,33.12445],[-96.90438,33.12604],[-96.90397,33.12379],[-96.90684,33.12532],[-96.90738,33.12359],[-96.91273,33.12657],[-96.91115,33.12434],[-96.91771,33.12059],[-96.91929,33.12133],[-96.92131,33.11842],[-96.92546,33.11647],[-96.92773,33.11882],[-96.92698,33.12227],[-96.92922,33.12441],[-96.93065,33.12445],[-96.92963,33.12014],[-96.9339,33.12263],[-96.93515,33.1214],[-96.93442,33.11895],[-96.92963,33.11799],[-96.92954,33.11081],[-96.93457,33.10785],[-96.93301,33.10777],[-96.93311,33.102],[-96.92438,33.10197],[-96.92396,33.10573],[-96.92258,33.10218],[-96.92114,33.10233],[-96.92179,33.10345],[-96.91836,33.10222],[-96.91667,33.1035],[-96.91755,33.1055],[-96.9154,33.10489],[-96.9163,33.10761],[-96.91408,33.10596],[-96.91252,33.10797],[-96.91073,33.10773],[-96.90739,33.11113],[-96.90763,33.11353],[-96.90586,33.11182],[-96.90951,33.11746],[-96.90945,33.12001],[-96.9071,33.11853],[-96.90584,33.12009],[-96.90578,33.11859],[-96.90278,33.11924],[-96.90332,33.1155],[-96.89997,33.11684],[-96.89998,33.12006],[-96.89914,33.11906],[-96.89533,33.12009],[-96.89464,33.12165],[-96.89153,33.12002],[-96.89152,33.11821],[-96.88772,33.11877],[-96.89154,33.11635],[-96.89155,33.11094],[-96.88799,33.11178],[-96.88116,33.11821],[-96.88106,33.11549],[-96.8758,33.11653],[-96.87328,33.11521],[-96.87426,33.11448],[-96.87338,33.11283],[-96.87754,33.11403],[-96.88112,33.11248],[-96.88114,33.10999],[-96.88821,33.10838],[-96.88653,33.10545],[-96.8819,33.10545],[-96.88192,33.1028],[-96.88391,33.10154],[-96.88265,33.09921],[-96.8849,33.10096],[-96.88479,33.10304],[-96.88939,33.10389],[-96.88872,33.10545],[-96.89136,33.1072],[-96.89447,33.10561],[-96.8944,33.10738],[-96.90081,33.10867],[-96.90088,33.10527],[-96.9026,33.10413],[-96.90382,33.1056],[-96.90568,33.10343],[-96.90358,33.10023],[-96.9065,33.10009],[-96.91064,33.09721],[-96.91261,33.09804],[-96.91688,33.09467],[-96.91702,33.09129],[-96.91507,33.09131],[-96.91783,33.08922],[-96.91897,33.08315],[-96.91455,33.08657],[-96.91317,33.0866],[-96.913,33.08402],[-96.90945,33.08631],[-96.90944,33.08513],[-96.90423,33.0905],[-96.89902,33.09161],[-96.89631,33.09199],[-96.89625,33.08871],[-96.89179,33.08711],[-96.89484,33.08672],[-96.89721,33.08334],[-96.89622,33.0806],[-96.89414,33.0805],[-96.89497,33.07678],[-96.89709,33.0754],[-96.89994,33.07685],[-96.90154,33.07464],[-96.90485,33.07463],[-96.90548,33.07292],[-96.90278,33.07185],[-96.90867,33.07254],[-96.90859,33.06714],[-96.90567,33.0669],[-96.9057,33.06404],[-96.91712,33.06511],[-96.91863,33.05494],[-96.92228,33.05445],[-96.92061,33.05236],[-96.92638,33.05295],[-96.92334,33.0513],[-96.92878,33.04998],[-96.9423,33.05198],[-96.94391,33.05026],[-96.94141,33.04977],[-96.94299,33.04825],[-96.96251,33.04592],[-96.96677,33.04999],[-96.97153,33.05821],[-96.99261,33.05859],[-96.99237,33.06222],[-97.00581,33.06603],[-97.00468,33.06431],[-97.01235,33.06814],[-97.01227,33.07172],[-97.00876,33.07194],[-97.00751,33.0758],[-97.00986,33.07693],[-97.01041,33.07421],[-97.0124,33.07798],[-97.01084,33.07837],[-97.01161,33.07993],[-97.01485,33.07987],[-97.01725,33.07761],[-97.017,33.08104],[-97.01569,33.08104],[-97.01807,33.0824],[-97.02226,33.07489],[-97.02696,33.08239],[-97.02762,33.0871],[-97.0307,33.08593],[-97.03224,33.08311],[-97.03662,33.0822],[-97.03265,33.0855],[-97.03377,33.08658],[-97.02995,33.08885],[-97.03055,33.09339],[-97.03977,33.09446],[-97.03878,33.09164],[-97.04183,33.09011],[-97.0438,33.09107],[-97.04313,33.09394],[-97.04871,33.09714],[-97.04981,33.09545],[-97.0498,33.09773],[-97.05393,33.09528],[-97.05355,33.09412],[-97.05489,33.09546],[-97.05667,33.09416],[-97.05528,33.09085],[-97.05702,33.09307],[-97.0602,33.08815],[-97.06057,33.0847],[-97.06234,33.08629],[-97.06001,33.0912],[-97.06509,33.08744],[-97.05758,33.09637],[-97.06009,33.09669],[-97.06362,33.09295],[-97.06155,33.09728],[-97.06577,33.09778],[-97.0673,33.09602],[-97.0676,33.09785],[-97.06919,33.09717],[-97.06806,33.09213],[-97.0703,33.09057],[-97.07046,33.09401],[-97.07274,33.09224],[-97.07198,33.09396],[-97.07582,33.09458],[-97.07213,33.09676],[-97.07516,33.10215],[-97.07778,33.10307],[-97.07742,33.10441],[-97.08023,33.10161],[-97.08172,33.10281],[-97.08606,33.10188],[-97.08598,33.09785],[-97.08714,33.09834],[-97.08751,33.10603],[-97.08175,33.10568],[-97.08217,33.1078],[-97.07657,33.11007],[-97.07233,33.10852],[-97.07938,33.11721],[-97.08158,33.11667],[-97.0809,33.11464],[-97.08542,33.11281],[-97.08558,33.11405],[-97.08901,33.11456],[-97.09007,33.11227],[-97.09089,33.11463],[-97.09729,33.11409],[-97.09733,33.12052],[-97.10599,33.12291],[-97.10801,33.12496],[-97.11819,33.12509],[-97.11802,33.12751],[-97.12218,33.13133],[-97.12111,33.1343],[-97.12397,33.13352],[-97.12146,33.13517],[-97.1221,33.13639],[-97.13246,33.13959],[-97.13209,33.14117],[-97.13483,33.14456],[-97.12886,33.13927],[-97.12871,33.14133],[-97.12618,33.14085],[-97.12575,33.14303],[-97.12307,33.14258],[-97.12161,33.13974],[-97.11827,33.13957],[-97.10956,33.13223],[-97.10952,33.13512],[-97.10797,33.13636],[-97.10285,33.12801],[-97.09685,33.12889],[-97.09801,33.13201],[-97.09558,33.13208],[-97.09391,33.12797],[-97.0899,33.12701],[-97.0866,33.12406],[-97.08437,33.1244],[-97.08478,33.12591],[-97.08166,33.12403],[-97.0819,33.12625],[-97.08445,33.12817],[-97.08168,33.12738],[-97.08015,33.13106],[-97.07734,33.1272],[-97.07898,33.1241],[-97.07514,33.12298],[-97.0743,33.12127],[-97.07268,33.12323],[-97.07252,33.12111],[-97.06907,33.12304],[-97.06705,33.12211],[-97.06813,33.12468],[-97.06629,33.12469],[-97.06576,33.12187],[-97.06411,33.1246],[-97.06342,33.12054],[-97.06109,33.1207],[-97.06294,33.11963],[-97.06427,33.11488],[-97.06111,33.11417],[-97.0645,33.11221],[-97.06181,33.11223],[-97.05838,33.10687],[-97.05781,33.10825],[-97.0559,33.10756],[-97.0568,33.11559],[-97.05463,33.11546],[-97.05336,33.11029],[-97.05209,33.1119],[-97.05061,33.11017],[-97.04837,33.11111],[-97.04892,33.1127],[-97.04677,33.11475],[-97.04738,33.11902],[-97.04403,33.11629],[-97.03898,33.119],[-97.04055,33.11651],[-97.03737,33.11127],[-97.03889,33.10918],[-97.03643,33.10913],[-97.03663,33.10677],[-97.03399,33.10745],[-97.03487,33.11057],[-97.03283,33.11456],[-97.03099,33.11289],[-97.03322,33.1103],[-97.03162,33.10821],[-97.0288,33.10814],[-97.02886,33.10937],[-97.02772,33.10781],[-97.02671,33.11092],[-97.02394,33.10893],[-97.02287,33.11085],[-97.02045,33.10836],[-97.02189,33.10598],[-97.01793,33.10599],[-97.01806,33.09994],[-97.01397,33.1012],[-97.01495,33.09683],[-97.00933,33.09681],[-97.00929,33.10033],[-97.00688,33.10032],[-97.00786,33.11342],[-97.01098,33.11282],[-97.01162,33.11638],[-97.01414,33.11546],[-97.01542,33.11156],[-97.01755,33.11137],[-97.01898,33.11362],[-97.01707,33.11316],[-97.0152,33.119],[-97.02016,33.12788],[-97.01882,33.12861],[-97.0193,33.13226],[-97.01696,33.13375],[-97.01387,33.13314],[-97.01279,33.13591],[-97.01486,33.13448],[-97.01846,33.13641],[-97.0198,33.13331],[-97.02396,33.13468],[-97.02125,33.13904],[-97.02499,33.13585],[-97.02982,33.13814],[-97.02818,33.1413],[-97.02894,33.14499],[-97.02736,33.14597],[-97.03603,33.14832],[-97.0329,33.15028],[-97.0377,33.15125],[-97.03396,33.15275],[-97.03761,33.15579],[-97.03438,33.15447],[-97.03168,33.15659],[-97.02777,33.15618],[-97.02475,33.15174],[-97.0218,33.15158],[-97.02341,33.15001],[-97.02229,33.14828],[-97.02036,33.15166],[-97.01604,33.15385],[-97.01719,33.15666],[-97.02652,33.15474],[-97.0256,33.15592],[-97.0287,33.1584],[-97.02746,33.16292],[-97.0296,33.16406],[-97.02855,33.16693],[-97.03163,33.1666],[-97.03173,33.17171],[-97.03441,33.1726],[-97.03232,33.17325],[-97.03574,33.17636],[-97.05144,33.17707],[-97.05627,33.17336],[-97.05616,33.17601],[-97.05111,33.17971],[-97.05596,33.18489],[-97.06576,33.18695],[-97.06051,33.18876],[-97.05055,33.18865],[-97.05047,33.18642],[-97.05337,33.18525],[-97.05219,33.18378],[-97.05005,33.1829],[-97.04775,33.18423],[-97.04896,33.1825],[-97.04761,33.18201],[-97.04333,33.18317],[-97.04333,33.18649],[-97.04576,33.19068],[-97.0466,33.20191],[-97.0471,33.19916],[-97.0516,33.19966],[-97.05118,33.20714],[-97.05543,33.21126],[-97.05454,33.21449],[-97.04979,33.21061],[-97.05079,33.2194],[-97.05493,33.22087],[-97.05486,33.22231],[-97.04983,33.22208],[-97.05098,33.22972],[-97.05434,33.22987],[-97.05413,33.23348],[-97.04901,33.23324],[-97.04657,33.23536],[-97.04894,33.24215],[-97.04733,33.24166],[-97.0458,33.24625],[-97.05774,33.24807],[-97.04511,33.25099],[-97.05363,33.25612],[-97.05811,33.2566],[-97.05819,33.2546],[-97.06102,33.25473],[-97.0609,33.25643],[-97.06322,33.25652],[-97.06316,33.25864],[-97.06571,33.25873],[-97.0654,33.2644],[-97.06071,33.26414],[-97.05676,33.27148],[-97.05532,33.27145],[-97.05595,33.27356],[-97.05262,33.27358],[-97.05356,33.27706],[-97.04982,33.27471],[-97.04922,33.27593],[-97.04905,33.26374],[-97.04787,33.2867],[-97.03453,33.28624],[-97.04497,33.27263],[-97.04504,33.27524],[-97.04496,33.27213],[-97.03369,33.27266],[-97.03401,33.26864],[-97.03136,33.26803],[-97.02952,33.26511],[-97.02195,33.26498],[-97.02727,33.25953],[-97.02076,33.25925],[-97.02077,33.2474],[-97.02243,33.24594],[-97.01938,33.24641],[-97.02236,33.24399],[-97.02376,33.23201],[-97.0177,33.228],[-97.01596,33.22317],[-97.01204,33.22291],[-97.01242,33.21675],[-97.01529,33.21684],[-97.01456,33.21479],[-97.01272,33.21463],[-97.01634,33.21135],[-97.0068,33.21219],[-97.00709,33.20684],[-97.01788,33.20721],[-97.01839,33.19945],[-97.016,33.19824],[-97.01581,33.20407],[-97.01291,33.20154],[-97.01307,33.19933],[-97.0114,33.20339],[-97.0101,33.20136],[-97.00747,33.20224],[-97.00733,33.20486],[-97.0042,33.2079],[-97.00207,33.20607],[-96.99987,33.20926],[-96.997,33.207],[-96.99064,33.20913],[-96.99332,33.2047],[-96.99805,33.20485],[-97.00414,33.20257],[-97.00358,33.19915],[-97.00553,33.2007],[-97.00803,33.20008],[-97.00738,33.19427],[-97.01055,33.19725],[-97.0115,33.19568],[-97.01002,33.19427],[-97.00991,33.18918],[-97.0124,33.1854],[-97.01119,33.18371],[-97.00821,33.18679],[-97.00668,33.18601],[-97.00688,33.1837],[-97.00368,33.18498],[-97.0041,33.18241],[-97.0097,33.18143],[-97.00899,33.17859],[-97.01131,33.17699],[-97.00429,33.17803],[-97.0021,33.17702],[-97.00477,33.17535],[-97.00949,33.17615],[-97.00986,33.17182],[-97.00744,33.17236],[-97.00669,33.17001],[-97.00397,33.17038],[-97.00506,33.16809],[-97.0007,33.16605],[-97.00045,33.16733],[-96.99645,33.15914],[-96.99405,33.15761],[-96.99193,33.16061],[-96.99171,33.16964],[-96.98981,33.16694],[-96.98725,33.16685],[-96.98772,33.15877],[-96.99114,33.15497],[-96.99005,33.15306],[-96.98527,33.15294],[-96.98522,33.15562],[-96.97977,33.15549],[-96.97971,33.15113],[-96.98379,33.15078],[-96.9838,33.1438],[-96.98794,33.14288],[-96.99193,33.13676],[-96.98936,33.13663],[-96.98852,33.13185],[-96.98682,33.1319],[-96.98647,33.1367],[-96.98669,33.13071],[-96.98496,33.13012],[-96.98313,33.13162],[-96.98423,33.13531],[-96.98209,33.13934],[-96.98101,33.13758],[-96.97786,33.13842],[-96.98141,33.13424],[-96.97744,33.13417],[-96.98028,33.13222],[-96.98032,33.12924],[-96.97505,33.12922],[-96.97601,33.13139],[-96.97239,33.1315],[-96.97143,33.13578],[-96.96979,33.13425],[-96.96859,33.13585],[-96.96984,33.13965],[-96.96697,33.13801],[-96.96473,33.14286],[-96.96812,33.14479],[-96.96571,33.14553],[-96.96511,33.14792],[-96.96412,33.14686],[-96.96323,33.15027],[-96.96996,33.14841],[-96.96883,33.15027],[-96.96973,33.15188],[-96.96778,33.15077],[-96.96677,33.15188],[-96.96834,33.15627],[-96.96474,33.15305],[-96.9616,33.15284],[-96.96236,33.15475],[-96.96094,33.15499],[-96.96058,33.15648],[-96.96348,33.15698],[-96.96582,33.16124],[-96.95956,33.15841],[-96.95759,33.15846],[-96.95944,33.16143],[-96.95573,33.16059],[-96.95894,33.16436],[-96.96066,33.1637],[-96.96095,33.16783],[-96.96225,33.16896],[-96.96367,33.16809],[-96.96343,33.17019],[-96.96586,33.17015],[-96.96364,33.17064],[-96.96558,33.1724],[-96.96299,33.17398],[-96.96336,33.17186],[-96.95865,33.17047],[-96.95758,33.17256],[-96.95699,33.16956],[-96.95471,33.16851],[-96.95565,33.16587],[-96.95435,33.16425],[-96.95146,33.16746],[-96.9533,33.16981],[-96.95124,33.17031],[-96.95369,33.17608],[-96.95077,33.17659],[-96.95041,33.17865],[-96.95239,33.17762],[-96.95229,33.17912],[-96.95415,33.17939],[-96.95475,33.18421],[-96.95648,33.18397],[-96.9573,33.1867],[-96.95982,33.18692],[-96.95797,33.1887],[-96.96248,33.18675]],[[-96.90338,33.11548],[-96.90334,33.11541],[-96.90332,33.1155],[-96.90338,33.11548]],[[-96.90371,33.11284],[-96.90251,33.11416],[-96.90334,33.11541],[-96.90371,33.11284]],[[-97.05492,33.27012],[-97.0548,33.27144],[-97.05532,33.27145],[-97.05492,33.27012]],[[-96.95806,33.2108],[-96.95763,33.21153],[-96.95817,33.21125],[-96.95806,33.2108]],[[-97.04476,33.27781],[-97.04463,33.27614],[-97.04464,33.27843],[-97.04476,33.27781]],[[-97.04172,33.2786],[-97.04226,33.28115],[-97.04202,33.27792],[-97.04172,33.2786]],[[-97.04194,33.28204],[-97.04139,33.2828],[-97.04173,33.28235],[-97.04194,33.28204]],[[-97.04016,33.28302],[-97.03907,33.28218],[-97.03974,33.28271],[-97.04016,33.28302]],[[-97.05655,33.26559],[-97.05682,33.26517],[-97.0563,33.26408],[-97.05655,33.26559]],[[-97.05727,33.26705],[-97.05761,33.26629],[-97.05714,33.26561],[-97.05727,33.26705]],[[-97.0551,33.26915],[-97.05518,33.26762],[-97.05492,33.26821],[-97.0551,33.26915]],[[-97.02901,33.09139],[-97.02822,33.09025],[-97.02945,33.09311],[-97.02901,33.09139]],[[-97.01535,33.21558],[-97.01744,33.21459],[-97.01654,33.21425],[-97.01535,33.21558]]],[[[-96.96259,33.17227],[-96.96211,33.17188],[-96.96278,33.17169],[-96.96259,33.17227]]],[[[-96.96603,33.17304],[-96.96559,33.17241],[-96.96658,33.17264],[-96.96603,33.17304]]],[[[-96.96603,33.17304],[-96.96739,33.17429],[-96.96689,33.17483],[-96.96603,33.17304]]],[[[-96.96162,33.19041],[-96.9653,33.19045],[-96.96529,33.19146],[-96.96162,33.19041]]],[[[-96.88665,33.20616],[-96.88776,33.20576],[-96.88662,33.20702],[-96.88665,33.20616]]],[[[-96.94158,33.23535],[-96.93906,33.23483],[-96.94388,33.23399],[-96.94158,33.23535]]]]}},{"type":"Feature","id":"usace-navarro-mills","properties":{"id":"usace-navarro-mills","unitIds":["usace-navarro-mills"],"name":"Navarro Mills Lake","counties":["Hill","Navarro"],"region":"Austin/Waco","acres":5500,"type":"corps_lake","source":"usace","managingAgency":"USACE Fort Worth District","permitRequired":true,"permitInfo":"USACE permit required for deer (archery only; printable forms on the lake website; post-season survey required). No permit needed for feral hog. Bag limits follow TPWD for Navarro and Hill counties.","permitCost":"No fee; deer permit required.","means":"Archery only for deer. Feral hog is archery only during any open white-tailed deer season and shotgun with slugs/sabots outside deer seasons. Other game is shotgun with non-toxic #2 shot or smaller. No rifles, pistols, or muzzleloaders.","links":[{"label":"Navarro Mills Lake hunting (USACE)","url":"https://www.swf-wc.usace.army.mil/navarro/"},{"label":"TPWD Outdoor Annual seasons","url":"https://tpwd.texas.gov/regulations/outdoor-annual/hunting/"},{"label":"Hunting map (USACE)","url":"https://usace-swf.maps.arcgis.com/apps/webappviewer/index.html?id=c7140c90ba8a46a9844954df85d72569"},{"label":"District hunting guide (PDF)","url":"https://www.swf-wc.usace.army.mil/lake/Fort%20Worth%20District%20Hunting%20Guide%202026-2027_FINAL_11%20AUG%202026.pdf"}],"mapPdfUrl":"","pdfUrl":"","aerialPdfUrl":"","registration":"none","legalGameTags":[],"legalGameText":"Archery only for deer. Feral hog is archery only during any open white-tailed deer season and shotgun with slugs/sabots outside deer seasons. Other game is shotgun with non-toxic #2 shot or smaller. No rifles, pistols, or muzzleloaders.","species":["dove","feral_hog","rabbit","squirrel","waterfowl","white_tailed_deer"],"methods":["archery","shotgun"],"access":["corps_permit"],"complexes":[],"hasEpostcard":false,"hasRegularPermit":false,"epostcardUrl":"","countySlugs":["hill","navarro"],"bookletPage":null,"bookletPdfPage":null,"bookletUrl":"","boundaryNote":"Map boundary is the Corps project land from USGS PAD-US, not the hunt compartments in the lake PDF.","lon":-96.76235,"lat":31.94774},"geometry":{"type":"Polygon","coordinates":[[[-96.72589,31.97737],[-96.72814,31.98096],[-96.72753,31.98514],[-96.72976,31.97802],[-96.73166,31.97694],[-96.73323,31.9805],[-96.73641,31.98164],[-96.73592,31.97631],[-96.73247,31.97148],[-96.73535,31.97003],[-96.73699,31.97277],[-96.7383,31.96972],[-96.73729,31.96913],[-96.74789,31.96395],[-96.75089,31.96698],[-96.75766,31.96983],[-96.75754,31.97346],[-96.75894,31.97017],[-96.75316,31.96236],[-96.75819,31.95922],[-96.76062,31.95949],[-96.76163,31.96199],[-96.76383,31.96085],[-96.76615,31.96343],[-96.76997,31.96409],[-96.77206,31.96733],[-96.77459,31.96614],[-96.7736,31.96049],[-96.77861,31.96331],[-96.7902,31.96572],[-96.79205,31.97248],[-96.79569,31.96987],[-96.8093,31.97795],[-96.80951,31.97507],[-96.81411,31.9729],[-96.79648,31.95658],[-96.797,31.95498],[-96.80068,31.95405],[-96.79152,31.95425],[-96.79103,31.95122],[-96.78909,31.95005],[-96.79286,31.94813],[-96.79163,31.94621],[-96.7962,31.94512],[-96.79535,31.94385],[-96.79657,31.9428],[-96.80472,31.94218],[-96.80781,31.94035],[-96.8141,31.94499],[-96.82704,31.94389],[-96.82923,31.94806],[-96.83192,31.94759],[-96.82944,31.947],[-96.82758,31.94269],[-96.83132,31.94092],[-96.82106,31.93684],[-96.82053,31.93329],[-96.82428,31.93319],[-96.82726,31.93034],[-96.82756,31.92645],[-96.83129,31.92592],[-96.83011,31.92188],[-96.826,31.92019],[-96.82818,31.91803],[-96.82929,31.91968],[-96.83093,31.91368],[-96.82642,31.91205],[-96.82234,31.91459],[-96.81767,31.915],[-96.82013,31.91585],[-96.81794,31.91678],[-96.81393,31.91536],[-96.80924,31.91887],[-96.80027,31.91893],[-96.79306,31.92248],[-96.78402,31.92444],[-96.77909,31.92301],[-96.77688,31.92515],[-96.77712,31.9278],[-96.77167,31.92949],[-96.77008,31.93289],[-96.76456,31.93055],[-96.75827,31.93408],[-96.75356,31.93245],[-96.75103,31.93315],[-96.74514,31.93663],[-96.74428,31.94033],[-96.73421,31.94302],[-96.7298,31.94839],[-96.72552,31.9462],[-96.72255,31.94759],[-96.72141,31.94579],[-96.71655,31.9457],[-96.71266,31.94007],[-96.70247,31.945],[-96.69696,31.95002],[-96.6941,31.94543],[-96.68789,31.94269],[-96.68658,31.94062],[-96.68332,31.94216],[-96.68553,31.94702],[-96.68284,31.94835],[-96.68331,31.95455],[-96.68781,31.95825],[-96.68613,31.96087],[-96.69052,31.96752],[-96.6922,31.96676],[-96.69467,31.97043],[-96.69712,31.96921],[-96.69911,31.97223],[-96.69906,31.96576],[-96.70542,31.9673],[-96.70051,31.96327],[-96.70236,31.96145],[-96.70395,31.9625],[-96.7042,31.96053],[-96.70621,31.96086],[-96.70632,31.96356],[-96.71099,31.96388],[-96.71071,31.96549],[-96.71319,31.96555],[-96.71185,31.9671],[-96.71355,31.9666],[-96.71603,31.96861],[-96.71706,31.97528],[-96.71771,31.97091],[-96.71936,31.9697],[-96.71856,31.96854],[-96.72243,31.96651],[-96.72554,31.97099],[-96.72405,31.97175],[-96.72594,31.97446],[-96.72721,31.97405],[-96.72589,31.97737]]]}},{"type":"Feature","id":"usace-proctor","properties":{"id":"usace-proctor","unitIds":["usace-proctor"],"name":"Proctor Lake","counties":["Comanche"],"region":"Central Texas","acres":2500,"type":"corps_lake","source":"usace","managingAgency":"USACE Fort Worth District","permitRequired":true,"permitInfo":"Free USACE permit required for all hunters 17 and older; obtained in person or by mail at the lake office year-round. A permit covers the Sabana and Upper Leon Wildlife Management Areas and Rush Creek Hunting Area. Waterfowl in designated main-lake areas needs no permit. Deer, turkey, bobcat, and quail are prohibited.","permitCost":"Free permit required (hunters 17+).","means":"Archery (including crossbows) and shotgun (non-toxic #2 shot or smaller). No rifles, pistols, muzzleloaders, or slugs/sabots.","links":[{"label":"Proctor Lake hunting (USACE)","url":"https://www.swf-wc.usace.army.mil/proctor/"},{"label":"TPWD Outdoor Annual seasons","url":"https://tpwd.texas.gov/regulations/outdoor-annual/hunting/"},{"label":"Hunting map (USACE)","url":"https://usace-swf.maps.arcgis.com/apps/webappviewer/index.html?id=35b65fce9f3341d7bf7d01bad1ae59f1"},{"label":"District hunting guide (PDF)","url":"https://www.swf-wc.usace.army.mil/lake/Fort%20Worth%20District%20Hunting%20Guide%202026-2027_FINAL_11%20AUG%202026.pdf"}],"mapPdfUrl":"","pdfUrl":"","aerialPdfUrl":"","registration":"none","legalGameTags":[],"legalGameText":"Archery (including crossbows) and shotgun (non-toxic #2 shot or smaller). No rifles, pistols, muzzleloaders, or slugs/sabots.","species":["dove","feral_hog","rabbit","squirrel","waterfowl"],"methods":["archery","shotgun"],"access":["corps_permit"],"complexes":[],"hasEpostcard":false,"hasRegularPermit":false,"epostcardUrl":"","countySlugs":["comanche"],"bookletPage":null,"bookletPdfPage":null,"bookletUrl":"","boundaryNote":"Map boundary is the Corps project land from USGS PAD-US, not the hunt compartments in the lake PDF.","accessPoints":[{"name":"Copperas Day Use","kind":"boat_ramp","lon":-98.489,"lat":31.969},{"name":"Copperas East","kind":"boat_ramp","lon":-98.49801,"lat":31.96721},{"name":"Copperas West","kind":"boat_ramp","lon":-98.506,"lat":31.974},{"name":"Promontory North","kind":"boat_ramp","lon":-98.483,"lat":31.988},{"name":"Promontory South","kind":"boat_ramp","lon":-98.496,"lat":31.978},{"name":"Sowell Creek Campground","kind":"boat_ramp","lon":-98.46,"lat":31.992},{"name":"Sowell Creek Day Use","kind":"boat_ramp","lon":-98.469,"lat":31.973}],"lon":-98.50094,"lat":31.99993},"geometry":{"type":"Polygon","coordinates":[[[-98.49272,32.03663],[-98.49299,32.04653],[-98.48867,32.04915],[-98.48763,32.05299],[-98.48875,32.0583],[-98.49218,32.05895],[-98.48947,32.05654],[-98.49294,32.05504],[-98.49719,32.04502],[-98.49662,32.04087],[-98.49852,32.04018],[-98.50058,32.03496],[-98.49941,32.03132],[-98.49204,32.02681],[-98.49752,32.02476],[-98.50265,32.03129],[-98.50543,32.03268],[-98.51169,32.03105],[-98.52084,32.03838],[-98.52102,32.04059],[-98.51832,32.04444],[-98.52465,32.05046],[-98.53012,32.0524],[-98.53042,32.05515],[-98.53816,32.05714],[-98.53826,32.05477],[-98.54449,32.05691],[-98.54727,32.05044],[-98.54575,32.04871],[-98.54671,32.04672],[-98.54434,32.04658],[-98.54229,32.0525],[-98.53723,32.05104],[-98.54098,32.04662],[-98.53624,32.04259],[-98.53265,32.04156],[-98.52872,32.04257],[-98.53078,32.04103],[-98.53209,32.03206],[-98.52915,32.0293],[-98.53005,32.02867],[-98.5255,32.02581],[-98.52419,32.0264],[-98.524,32.0229],[-98.5155,32.02175],[-98.51245,32.01964],[-98.51383,32.01509],[-98.51056,32.01466],[-98.50624,32.00986],[-98.50156,32.00821],[-98.49587,32.00942],[-98.48961,32.0065],[-98.48878,32.0074],[-98.49334,31.99756],[-98.4949,31.99826],[-98.49602,31.99619],[-98.50062,31.99698],[-98.49939,31.99462],[-98.50091,31.99434],[-98.49826,31.98886],[-98.50045,31.98774],[-98.49667,31.98614],[-98.4983,31.98034],[-98.50323,31.98179],[-98.50382,31.97991],[-98.50659,31.98034],[-98.50737,31.97807],[-98.51372,31.98],[-98.5203,31.97716],[-98.52356,31.97791],[-98.52261,31.97904],[-98.52569,31.98099],[-98.52575,31.98315],[-98.52679,31.98217],[-98.52939,31.98367],[-98.52948,31.98946],[-98.53523,31.9912],[-98.5406,31.99942],[-98.54482,32.0024],[-98.55038,32.00296],[-98.55489,32.0077],[-98.5594,32.00149],[-98.55686,32.00078],[-98.55756,31.99892],[-98.55418,31.99535],[-98.54786,31.99504],[-98.54607,31.98959],[-98.54021,31.98948],[-98.54048,31.98705],[-98.54199,31.98657],[-98.54024,31.98333],[-98.54095,31.97854],[-98.5374,31.97664],[-98.54177,31.97122],[-98.55167,31.96709],[-98.55055,31.96496],[-98.55028,31.96651],[-98.54004,31.96862],[-98.53232,31.9754],[-98.52978,31.97283],[-98.53056,31.96911],[-98.52678,31.97304],[-98.52397,31.97015],[-98.51681,31.97237],[-98.51757,31.96816],[-98.51447,31.97143],[-98.50879,31.97274],[-98.51084,31.96453],[-98.49533,31.95994],[-98.4934,31.96197],[-98.49011,31.96104],[-98.48557,31.96568],[-98.48073,31.96387],[-98.47881,31.96094],[-98.47287,31.96109],[-98.47295,31.96262],[-98.47089,31.96258],[-98.46875,31.96868],[-98.46397,31.96941],[-98.4582,31.97645],[-98.46136,31.9806],[-98.45408,31.99549],[-98.456,31.99671],[-98.45413,31.99743],[-98.45895,31.99996],[-98.45773,32.0067],[-98.46148,32.00359],[-98.46169,31.99574],[-98.46444,31.99688],[-98.46485,31.99952],[-98.47128,31.99817],[-98.47043,31.99985],[-98.47665,32.00144],[-98.48534,31.99617],[-98.4868,31.99807],[-98.48449,32.00135],[-98.48351,32.00085],[-98.48061,32.0121],[-98.48432,32.01382],[-98.48597,32.01738],[-98.49052,32.01735],[-98.48977,32.01934],[-98.48723,32.01984],[-98.4861,32.02449],[-98.48233,32.02609],[-98.48478,32.02726],[-98.4838,32.03114],[-98.49455,32.03528],[-98.49272,32.03663]]]}},{"type":"Feature","id":"usace-sam-rayburn","properties":{"id":"usace-sam-rayburn","unitIds":["usace-sam-rayburn"],"name":"Sam Rayburn Reservoir","counties":["Angelina","Jasper","Nacogdoches","San Augustine","Sabine"],"region":"Pineywoods","acres":6000,"type":"corps_lake","source":"usace","managingAgency":"USACE Fort Worth District","permitRequired":false,"permitInfo":"No USACE hunting permit required. Follow the Texas Outdoor Annual for Angelina, Jasper, Nacogdoches, San Augustine, and Sabine counties. Baiting is prohibited for all species.","permitCost":"No permit required.","means":"Archery, muzzleloaders (during muzzleloader-only season), and shotgun slugs/sabots for deer and feral hog during the general season. Other game limited to non-toxic #2 shot or smaller. Centerfire and rimfire rifles and pistols prohibited.","links":[{"label":"Sam Rayburn hunting (USACE)","url":"https://www.swf-wc.usace.army.mil/samray/"},{"label":"TPWD Outdoor Annual seasons","url":"https://tpwd.texas.gov/regulations/outdoor-annual/hunting/"},{"label":"Hunting map (USACE)","url":"https://usace-swf.maps.arcgis.com/apps/webappviewer/index.html?id=7ec5491aaaa34d6d9b287fec2e4e8b93"},{"label":"District hunting guide (PDF)","url":"https://www.swf-wc.usace.army.mil/lake/Fort%20Worth%20District%20Hunting%20Guide%202026-2027_FINAL_11%20AUG%202026.pdf"}],"mapPdfUrl":"","pdfUrl":"","aerialPdfUrl":"","registration":"none","legalGameTags":[],"legalGameText":"Archery, muzzleloaders (during muzzleloader-only season), and shotgun slugs/sabots for deer and feral hog during the general season. Other game limited to non-toxic #2 shot or smaller. Centerfire and rimfire rifles and pistols prohibited.","species":["dove","feral_hog","quail","rabbit","squirrel","waterfowl","white_tailed_deer"],"methods":["archery","muzzleloader","shotgun"],"access":["corps_permit"],"complexes":[],"hasEpostcard":false,"hasRegularPermit":false,"epostcardUrl":"","countySlugs":["angelina","jasper","nacogdoches","san-augustine","sabine"],"bookletPage":null,"bookletPdfPage":null,"bookletUrl":"","boundaryNote":"Map boundary is the Corps project land from USGS PAD-US, not the hunt compartments in the lake PDF.","lon":-94.24567,"lat":31.21602},"geometry":{"type":"MultiPolygon","coordinates":[[[[-94.26652,31.11223],[-94.26705,31.11271],[-94.26614,31.11531],[-94.26652,31.11223]]],[[[-94.26686,31.12158],[-94.26614,31.11531],[-94.26879,31.11842],[-94.27249,31.10919],[-94.27313,31.11477],[-94.2717,31.11476],[-94.27076,31.11833],[-94.26686,31.12158]]],[[[-94.26808,31.14393],[-94.26969,31.1461],[-94.26782,31.14634],[-94.26808,31.14393]]],[[[-94.37588,31.1764],[-94.37403,31.18034],[-94.37377,31.17736],[-94.37588,31.1764]]],[[[-94.35066,31.19074],[-94.35283,31.19158],[-94.35156,31.1926],[-94.35066,31.19074]]],[[[-94.30438,31.25854],[-94.30209,31.25386],[-94.30159,31.25877],[-94.2998,31.25637],[-94.3033,31.24985],[-94.30532,31.24992],[-94.30287,31.25089],[-94.30385,31.2515],[-94.30271,31.25281],[-94.30468,31.25317],[-94.30344,31.25404],[-94.30457,31.25662],[-94.30612,31.25667],[-94.30457,31.25693],[-94.30531,31.25809],[-94.30438,31.25854]]],[[[-94.51531,31.39112],[-94.51625,31.39417],[-94.51898,31.39216],[-94.51797,31.39475],[-94.52773,31.39402],[-94.52808,31.39504],[-94.53295,31.38972],[-94.5354,31.39374],[-94.53688,31.39348],[-94.54019,31.38688],[-94.54485,31.3848],[-94.5479,31.38709],[-94.54635,31.38747],[-94.54634,31.3899],[-94.54956,31.39107],[-94.54656,31.39256],[-94.54696,31.39477],[-94.54349,31.39627],[-94.54273,31.39921],[-94.54757,31.40051],[-94.542,31.40075],[-94.54301,31.40442],[-94.54916,31.41073],[-94.55804,31.40836],[-94.55471,31.41301],[-94.54922,31.41524],[-94.54803,31.41838],[-94.54974,31.41949],[-94.54776,31.41907],[-94.54753,31.42361],[-94.56639,31.42909],[-94.56587,31.42749],[-94.57085,31.42405],[-94.57061,31.42234],[-94.5733,31.42004],[-94.57281,31.42681],[-94.57592,31.42826],[-94.56998,31.42771],[-94.56923,31.42976],[-94.57122,31.43121],[-94.57816,31.43087],[-94.57754,31.43209],[-94.58221,31.43238],[-94.58105,31.43315],[-94.58092,31.44571],[-94.57873,31.4455],[-94.57406,31.44924],[-94.56958,31.44939],[-94.56889,31.44808],[-94.57522,31.44805],[-94.57296,31.44246],[-94.57036,31.44162],[-94.56768,31.44378],[-94.56689,31.44727],[-94.56537,31.44607],[-94.56164,31.44754],[-94.56055,31.44519],[-94.56415,31.44615],[-94.56794,31.44114],[-94.56592,31.43935],[-94.55822,31.43808],[-94.55029,31.43413],[-94.5453,31.43696],[-94.54614,31.44045],[-94.54153,31.43678],[-94.54425,31.43481],[-94.5414,31.43303],[-94.53637,31.43275],[-94.53318,31.42709],[-94.53844,31.42304],[-94.53582,31.42299],[-94.53683,31.42153],[-94.53981,31.42126],[-94.54066,31.41693],[-94.53767,31.40605],[-94.52992,31.40701],[-94.5287,31.40782],[-94.53006,31.41074],[-94.52814,31.41028],[-94.52795,31.40813],[-94.52327,31.41031],[-94.51793,31.40845],[-94.51298,31.41149],[-94.51371,31.41381],[-94.51529,31.41313],[-94.51322,31.4152],[-94.51527,31.41971],[-94.51561,31.42774],[-94.51453,31.42859],[-94.51964,31.43171],[-94.51533,31.44054],[-94.52196,31.44684],[-94.51909,31.45473],[-94.51398,31.45455],[-94.51494,31.45256],[-94.51339,31.45405],[-94.51211,31.45314],[-94.50891,31.44737],[-94.51097,31.44302],[-94.5089,31.43553],[-94.51233,31.43266],[-94.51156,31.43105],[-94.5099,31.43208],[-94.51039,31.42868],[-94.50859,31.42801],[-94.50992,31.42571],[-94.50453,31.4212],[-94.50249,31.41538],[-94.49791,31.41345],[-94.49675,31.40879],[-94.48696,31.40793],[-94.48768,31.41586],[-94.49178,31.41571],[-94.49405,31.41908],[-94.49397,31.42325],[-94.48964,31.42252],[-94.48964,31.41998],[-94.48659,31.41814],[-94.4853,31.41456],[-94.48395,31.41461],[-94.48334,31.41734],[-94.48049,31.41558],[-94.48198,31.40624],[-94.48555,31.40153],[-94.48473,31.39554],[-94.48036,31.39522],[-94.47405,31.39204],[-94.47457,31.39478],[-94.47103,31.39539],[-94.47101,31.399],[-94.46923,31.39855],[-94.46572,31.4023],[-94.46549,31.40589],[-94.46346,31.40585],[-94.46377,31.40215],[-94.46699,31.3967],[-94.46557,31.39547],[-94.46834,31.393],[-94.46632,31.39195],[-94.46993,31.38994],[-94.46767,31.38492],[-94.46499,31.38335],[-94.46148,31.38659],[-94.46129,31.3854],[-94.45942,31.38611],[-94.46328,31.38222],[-94.46072,31.3805],[-94.45925,31.37424],[-94.45683,31.37435],[-94.4623,31.37372],[-94.46009,31.37261],[-94.4612,31.37037],[-94.45941,31.37067],[-94.45826,31.36744],[-94.46145,31.36919],[-94.46215,31.36291],[-94.45748,31.36023],[-94.4589,31.35974],[-94.45831,31.35429],[-94.45492,31.35358],[-94.45662,31.35772],[-94.45535,31.35817],[-94.45457,31.35586],[-94.45354,31.3584],[-94.45189,31.35623],[-94.44966,31.35794],[-94.45102,31.36196],[-94.44921,31.36196],[-94.45141,31.36345],[-94.44902,31.36301],[-94.44782,31.36565],[-94.45037,31.36631],[-94.45123,31.37285],[-94.44998,31.37141],[-94.44834,31.37218],[-94.44593,31.37758],[-94.44521,31.3768],[-94.44275,31.3791],[-94.44323,31.38081],[-94.44029,31.38033],[-94.43787,31.3821],[-94.43884,31.38045],[-94.43682,31.38025],[-94.43801,31.37893],[-94.43442,31.37803],[-94.43788,31.37412],[-94.43787,31.37123],[-94.44058,31.36921],[-94.4407,31.36545],[-94.43901,31.36419],[-94.44048,31.3591],[-94.43692,31.35934],[-94.4345,31.36328],[-94.43353,31.36082],[-94.43544,31.3576],[-94.44178,31.35568],[-94.4445,31.35326],[-94.44068,31.34823],[-94.43654,31.35229],[-94.43538,31.34976],[-94.43841,31.34637],[-94.43521,31.34357],[-94.42873,31.3438],[-94.42621,31.34536],[-94.42492,31.3486],[-94.42317,31.3486],[-94.42154,31.34545],[-94.42583,31.34287],[-94.42654,31.34084],[-94.42406,31.34031],[-94.4251,31.33811],[-94.42154,31.3386],[-94.42331,31.33761],[-94.42229,31.33622],[-94.41836,31.33704],[-94.42022,31.33413],[-94.42019,31.33196],[-94.41782,31.33281],[-94.41847,31.33119],[-94.41683,31.33031],[-94.41823,31.33032],[-94.41698,31.32897],[-94.41845,31.32655],[-94.41124,31.32498],[-94.40885,31.33018],[-94.40758,31.32935],[-94.40802,31.32551],[-94.40342,31.32727],[-94.39939,31.32116],[-94.39777,31.32279],[-94.39794,31.32628],[-94.39653,31.3242],[-94.39443,31.32593],[-94.39723,31.31752],[-94.39259,31.32018],[-94.39059,31.31939],[-94.39234,31.31806],[-94.38184,31.31282],[-94.37589,31.30641],[-94.3745,31.30747],[-94.3746,31.31429],[-94.37581,31.3153],[-94.374,31.31534],[-94.37441,31.3228],[-94.36922,31.3176],[-94.36995,31.31558],[-94.36772,31.30796],[-94.36613,31.30825],[-94.36656,31.3037],[-94.36437,31.30192],[-94.36683,31.30012],[-94.3656,31.29849],[-94.36655,31.29665],[-94.36727,31.29783],[-94.36975,31.29718],[-94.36908,31.2941],[-94.36653,31.29209],[-94.36924,31.29215],[-94.36769,31.28844],[-94.36922,31.2889],[-94.37284,31.28321],[-94.369,31.28531],[-94.37082,31.28176],[-94.36913,31.27755],[-94.36447,31.27562],[-94.36115,31.27765],[-94.36296,31.27515],[-94.35763,31.2676],[-94.35385,31.26586],[-94.3531,31.26997],[-94.3523,31.26596],[-94.35111,31.26712],[-94.35359,31.27411],[-94.35011,31.27947],[-94.3513,31.28212],[-94.34986,31.28306],[-94.35177,31.28529],[-94.35092,31.28879],[-94.34667,31.29184],[-94.34365,31.29137],[-94.34431,31.29389],[-94.35116,31.29386],[-94.35193,31.29565],[-94.34291,31.29669],[-94.34482,31.29909],[-94.34409,31.30063],[-94.34234,31.30033],[-94.34539,31.30208],[-94.34451,31.30324],[-94.34011,31.30278],[-94.34061,31.29969],[-94.33914,31.29977],[-94.33982,31.30085],[-94.33618,31.30024],[-94.3416,31.30878],[-94.34421,31.3096],[-94.34234,31.31027],[-94.3432,31.31136],[-94.33752,31.30719],[-94.3369,31.30468],[-94.33198,31.30366],[-94.33307,31.30776],[-94.33211,31.31134],[-94.33349,31.31249],[-94.33214,31.31281],[-94.3338,31.31392],[-94.33142,31.31357],[-94.33198,31.31562],[-94.32899,31.31309],[-94.32695,31.31426],[-94.32694,31.31591],[-94.32768,31.31446],[-94.32891,31.31538],[-94.3267,31.31868],[-94.32536,31.31727],[-94.32594,31.31419],[-94.32457,31.3144],[-94.32412,31.31705],[-94.32488,31.31878],[-94.3302,31.3207],[-94.32823,31.321],[-94.32915,31.32222],[-94.32574,31.32223],[-94.32575,31.32376],[-94.32841,31.32519],[-94.33383,31.32316],[-94.33452,31.32137],[-94.34041,31.32117],[-94.35152,31.32656],[-94.35174,31.32845],[-94.34936,31.32994],[-94.33955,31.32476],[-94.33608,31.32548],[-94.33614,31.3266],[-94.33546,31.32571],[-94.33569,31.32786],[-94.33401,31.32572],[-94.32995,31.32787],[-94.32574,31.32684],[-94.32702,31.32985],[-94.32561,31.33066],[-94.3262,31.33208],[-94.33173,31.33204],[-94.33246,31.33031],[-94.33538,31.33031],[-94.335,31.33186],[-94.33812,31.33266],[-94.34102,31.33615],[-94.34393,31.33545],[-94.3406,31.33655],[-94.3358,31.33353],[-94.33584,31.33516],[-94.33436,31.33481],[-94.33521,31.33314],[-94.33398,31.33225],[-94.33063,31.33365],[-94.33101,31.33619],[-94.32844,31.33726],[-94.33148,31.34484],[-94.33701,31.34289],[-94.33574,31.34576],[-94.33436,31.34442],[-94.33204,31.34566],[-94.33184,31.35045],[-94.33306,31.35311],[-94.33684,31.35112],[-94.33978,31.35269],[-94.33726,31.35288],[-94.33767,31.35425],[-94.33544,31.35449],[-94.33573,31.35551],[-94.33245,31.35529],[-94.33061,31.35867],[-94.33391,31.36015],[-94.33538,31.35935],[-94.33669,31.36154],[-94.34054,31.36145],[-94.33726,31.36267],[-94.33565,31.37022],[-94.33633,31.37174],[-94.34208,31.37198],[-94.33788,31.37554],[-94.34086,31.37993],[-94.33902,31.38146],[-94.32782,31.38243],[-94.32995,31.38352],[-94.32851,31.38526],[-94.3295,31.38641],[-94.32721,31.38616],[-94.32785,31.38796],[-94.32538,31.39095],[-94.31329,31.39424],[-94.31587,31.3922],[-94.30783,31.39379],[-94.31326,31.38973],[-94.31408,31.38533],[-94.31737,31.38487],[-94.317,31.38101],[-94.31246,31.38077],[-94.30584,31.38538],[-94.29877,31.38415],[-94.30663,31.37649],[-94.30632,31.37498],[-94.31335,31.3736],[-94.31256,31.37064],[-94.31619,31.36962],[-94.31292,31.36913],[-94.31385,31.3681],[-94.31048,31.36617],[-94.30943,31.36394],[-94.31322,31.35851],[-94.31033,31.35795],[-94.32063,31.35191],[-94.3161,31.35159],[-94.31854,31.34576],[-94.31536,31.34056],[-94.31033,31.34298],[-94.30945,31.3459],[-94.29916,31.33564],[-94.30133,31.33187],[-94.29656,31.33183],[-94.29779,31.33002],[-94.29182,31.33068],[-94.28914,31.32896],[-94.28845,31.33012],[-94.28526,31.32574],[-94.29035,31.32299],[-94.29411,31.3235],[-94.29324,31.32485],[-94.30268,31.32594],[-94.30199,31.3232],[-94.30505,31.32481],[-94.30629,31.32251],[-94.30838,31.32215],[-94.30807,31.31835],[-94.3105,31.31386],[-94.30963,31.31094],[-94.30302,31.31242],[-94.30845,31.30814],[-94.30832,31.30541],[-94.31223,31.30459],[-94.31168,31.30299],[-94.30938,31.3035],[-94.31036,31.30129],[-94.3064,31.29901],[-94.31198,31.29938],[-94.31142,31.29574],[-94.31426,31.29484],[-94.31057,31.29265],[-94.31378,31.29232],[-94.31385,31.29074],[-94.31065,31.28897],[-94.30957,31.29039],[-94.30956,31.28852],[-94.31396,31.28677],[-94.31463,31.28895],[-94.31621,31.28778],[-94.31626,31.2905],[-94.3194,31.29043],[-94.3191,31.28939],[-94.32383,31.29036],[-94.31957,31.28725],[-94.32081,31.28526],[-94.31874,31.28454],[-94.31766,31.28147],[-94.31925,31.27993],[-94.31722,31.28003],[-94.31742,31.28614],[-94.30951,31.28637],[-94.30952,31.27095],[-94.31153,31.27087],[-94.31104,31.26058],[-94.313,31.25865],[-94.31622,31.25862],[-94.31542,31.25713],[-94.31763,31.25726],[-94.31717,31.2534],[-94.31371,31.25472],[-94.31551,31.25238],[-94.3141,31.2502],[-94.30967,31.25188],[-94.31087,31.25004],[-94.30924,31.25004],[-94.31331,31.24761],[-94.30877,31.23964],[-94.30956,31.23813],[-94.29406,31.22949],[-94.29172,31.22421],[-94.28976,31.22366],[-94.28395,31.23284],[-94.28619,31.23312],[-94.28414,31.23688],[-94.28172,31.23693],[-94.27773,31.24359],[-94.27414,31.24314],[-94.27062,31.24522],[-94.26358,31.25656],[-94.26669,31.2578],[-94.2619,31.25866],[-94.26496,31.26143],[-94.26176,31.26279],[-94.26282,31.26177],[-94.26102,31.25963],[-94.25878,31.26116],[-94.26084,31.26191],[-94.25828,31.26174],[-94.25801,31.26442],[-94.25962,31.26529],[-94.25791,31.26571],[-94.25871,31.26912],[-94.25645,31.27023],[-94.25701,31.27162],[-94.25483,31.27054],[-94.25348,31.27229],[-94.25206,31.27078],[-94.2523,31.26475],[-94.24896,31.26401],[-94.25137,31.26277],[-94.24931,31.25953],[-94.25101,31.25785],[-94.24785,31.25684],[-94.24739,31.255],[-94.24571,31.25614],[-94.2479,31.25338],[-94.25408,31.25414],[-94.25327,31.24784],[-94.25819,31.24896],[-94.25458,31.24389],[-94.25811,31.24225],[-94.25466,31.24045],[-94.25774,31.23925],[-94.26001,31.24042],[-94.25973,31.2371],[-94.2614,31.23719],[-94.26226,31.23396],[-94.26617,31.23654],[-94.26403,31.23307],[-94.26704,31.23239],[-94.26641,31.22732],[-94.2651,31.22529],[-94.26497,31.2297],[-94.26275,31.23211],[-94.26227,31.22752],[-94.26386,31.22192],[-94.26677,31.22353],[-94.27015,31.22033],[-94.27074,31.21714],[-94.26904,31.21595],[-94.26563,31.21984],[-94.26796,31.21316],[-94.26702,31.20822],[-94.26572,31.20966],[-94.26541,31.20821],[-94.26211,31.20721],[-94.26045,31.20787],[-94.26067,31.20956],[-94.25593,31.21054],[-94.25482,31.216],[-94.25431,31.21443],[-94.2519,31.21398],[-94.25477,31.20798],[-94.2595,31.20548],[-94.25803,31.20217],[-94.25877,31.1992],[-94.25684,31.19748],[-94.25475,31.20107],[-94.2519,31.19991],[-94.24964,31.20239],[-94.24954,31.19978],[-94.24664,31.19976],[-94.24613,31.2043],[-94.24796,31.20582],[-94.24599,31.20642],[-94.2469,31.20877],[-94.24432,31.20869],[-94.24473,31.21223],[-94.2433,31.21279],[-94.2424,31.21674],[-94.24208,31.2122],[-94.23886,31.21357],[-94.23688,31.21777],[-94.23765,31.2127],[-94.24202,31.20904],[-94.24271,31.20582],[-94.23658,31.20713],[-94.24136,31.20215],[-94.24116,31.20092],[-94.23918,31.20128],[-94.23913,31.19958],[-94.23671,31.19977],[-94.23696,31.20171],[-94.23478,31.20182],[-94.23181,31.20491],[-94.23296,31.20703],[-94.22994,31.20824],[-94.23173,31.21047],[-94.23037,31.21296],[-94.23039,31.21082],[-94.22806,31.20924],[-94.22251,31.21135],[-94.22516,31.21391],[-94.22322,31.21916],[-94.22267,31.21426],[-94.22173,31.21498],[-94.21935,31.21173],[-94.21692,31.21181],[-94.22178,31.20794],[-94.21914,31.20775],[-94.22026,31.20568],[-94.22594,31.20395],[-94.22698,31.20041],[-94.22378,31.19916],[-94.22692,31.19829],[-94.22534,31.19633],[-94.22709,31.19719],[-94.22913,31.19545],[-94.22717,31.19295],[-94.22796,31.19145],[-94.22047,31.18508],[-94.22041,31.18237],[-94.21787,31.18149],[-94.21616,31.18334],[-94.21393,31.17862],[-94.2103,31.17937],[-94.20835,31.18306],[-94.20949,31.18574],[-94.20845,31.18695],[-94.20989,31.18826],[-94.21161,31.18749],[-94.2108,31.18889],[-94.21274,31.19297],[-94.20907,31.18996],[-94.20938,31.19684],[-94.2077,31.19219],[-94.20548,31.19555],[-94.20311,31.19465],[-94.2061,31.19053],[-94.20528,31.18696],[-94.20289,31.18881],[-94.20479,31.18537],[-94.20386,31.18379],[-94.20145,31.18822],[-94.19962,31.18753],[-94.19584,31.19416],[-94.18593,31.19013],[-94.1814,31.198],[-94.17601,31.19582],[-94.17711,31.19135],[-94.17591,31.19052],[-94.17972,31.18647],[-94.17628,31.18369],[-94.18127,31.1844],[-94.1843,31.1792],[-94.17326,31.17814],[-94.17512,31.17681],[-94.17422,31.17409],[-94.17615,31.17441],[-94.17721,31.17711],[-94.18226,31.1764],[-94.18292,31.17429],[-94.17819,31.17334],[-94.18133,31.17173],[-94.17829,31.17024],[-94.18028,31.16971],[-94.17956,31.16795],[-94.18364,31.17095],[-94.18375,31.16697],[-94.18657,31.16789],[-94.1849,31.16492],[-94.18617,31.16537],[-94.18625,31.16321],[-94.19108,31.16775],[-94.19202,31.16553],[-94.18938,31.16309],[-94.19467,31.16337],[-94.19276,31.16015],[-94.19293,31.16146],[-94.19089,31.16192],[-94.18677,31.15971],[-94.18959,31.15892],[-94.18658,31.15877],[-94.18789,31.15488],[-94.18437,31.15459],[-94.186,31.15381],[-94.18414,31.15347],[-94.18244,31.14963],[-94.18383,31.1469],[-94.18311,31.1443],[-94.18315,31.14699],[-94.18182,31.14752],[-94.18155,31.14573],[-94.17997,31.14667],[-94.1805,31.14439],[-94.17925,31.14459],[-94.18055,31.14156],[-94.17419,31.14187],[-94.17403,31.13633],[-94.16513,31.13705],[-94.16557,31.15343],[-94.1644,31.15207],[-94.16194,31.15257],[-94.16411,31.15142],[-94.16425,31.14907],[-94.16237,31.14644],[-94.16018,31.14732],[-94.16122,31.14122],[-94.15868,31.13879],[-94.1542,31.14125],[-94.15323,31.14383],[-94.15274,31.14274],[-94.15036,31.14375],[-94.15503,31.13819],[-94.15347,31.13818],[-94.15342,31.13507],[-94.14943,31.13631],[-94.14842,31.13458],[-94.14505,31.13671],[-94.14581,31.13925],[-94.14116,31.14144],[-94.14041,31.14584],[-94.13721,31.14491],[-94.13932,31.14424],[-94.14082,31.14009],[-94.13714,31.13862],[-94.13971,31.13653],[-94.13891,31.13417],[-94.1412,31.13324],[-94.14513,31.12685],[-94.14504,31.12439],[-94.14233,31.12267],[-94.13681,31.12163],[-94.13163,31.12269],[-94.12786,31.13185],[-94.12731,31.13063],[-94.12593,31.13146],[-94.12593,31.13478],[-94.12825,31.13862],[-94.12646,31.14293],[-94.12697,31.13884],[-94.12392,31.13576],[-94.12214,31.13947],[-94.12092,31.13866],[-94.12209,31.13679],[-94.12085,31.13214],[-94.11727,31.13299],[-94.11515,31.13621],[-94.11535,31.1314],[-94.11198,31.12933],[-94.11224,31.12798],[-94.11592,31.13032],[-94.12378,31.12976],[-94.12789,31.1232],[-94.12799,31.11908],[-94.12454,31.11435],[-94.12126,31.11493],[-94.12007,31.11863],[-94.11812,31.11778],[-94.11939,31.11314],[-94.11758,31.1125],[-94.11648,31.10933],[-94.12026,31.11228],[-94.12143,31.11064],[-94.11996,31.1083],[-94.11434,31.10786],[-94.11329,31.10332],[-94.11229,31.10382],[-94.11361,31.11415],[-94.10671,31.11056],[-94.10384,31.11169],[-94.10482,31.11335],[-94.10183,31.11209],[-94.09876,31.11365],[-94.09903,31.11767],[-94.10294,31.12089],[-94.09699,31.12015],[-94.09728,31.11486],[-94.09404,31.11457],[-94.09258,31.11638],[-94.09375,31.12089],[-94.09265,31.12216],[-94.09575,31.125],[-94.09378,31.12488],[-94.08929,31.11741],[-94.09063,31.11446],[-94.08837,31.11347],[-94.08446,31.12113],[-94.08245,31.12199],[-94.08308,31.12454],[-94.0862,31.12363],[-94.08604,31.12623],[-94.08361,31.12823],[-94.08687,31.12665],[-94.08673,31.12799],[-94.08993,31.12702],[-94.09365,31.12914],[-94.09279,31.13039],[-94.09605,31.12932],[-94.09294,31.1306],[-94.09529,31.13374],[-94.10351,31.13739],[-94.10135,31.13772],[-94.10308,31.1396],[-94.0977,31.13824],[-94.09656,31.13885],[-94.0978,31.13992],[-94.09468,31.14039],[-94.09405,31.14135],[-94.09789,31.14378],[-94.09074,31.1434],[-94.09848,31.14599],[-94.1004,31.14281],[-94.10189,31.14494],[-94.10069,31.14632],[-94.10336,31.14634],[-94.10282,31.14804],[-94.10839,31.14708],[-94.10728,31.14903],[-94.10194,31.14939],[-94.10402,31.15131],[-94.10321,31.15315],[-94.10776,31.15692],[-94.1028,31.1551],[-94.10264,31.1562],[-94.10076,31.15184],[-94.09932,31.15335],[-94.09776,31.14996],[-94.09717,31.15153],[-94.09205,31.14829],[-94.09017,31.14975],[-94.09251,31.15014],[-94.09134,31.15143],[-94.09242,31.1535],[-94.09414,31.15285],[-94.09247,31.15524],[-94.09439,31.15731],[-94.09236,31.15656],[-94.09213,31.15796],[-94.08975,31.15542],[-94.09047,31.15378],[-94.08714,31.15225],[-94.08482,31.15738],[-94.09072,31.16085],[-94.09257,31.1594],[-94.09884,31.16222],[-94.09627,31.16239],[-94.09743,31.16596],[-94.09397,31.16356],[-94.09258,31.16528],[-94.09394,31.17084],[-94.09848,31.17236],[-94.10085,31.16692],[-94.10131,31.1729],[-94.10481,31.17189],[-94.10364,31.1743],[-94.10474,31.17536],[-94.10117,31.17547],[-94.10151,31.1779],[-94.09741,31.18004],[-94.0978,31.1811],[-94.09908,31.18204],[-94.10492,31.17812],[-94.10967,31.17972],[-94.10649,31.18154],[-94.10761,31.1824],[-94.11131,31.18241],[-94.1106,31.18389],[-94.11435,31.18533],[-94.10875,31.18509],[-94.10456,31.18915],[-94.10987,31.19535],[-94.11288,31.19636],[-94.11356,31.19389],[-94.11482,31.1948],[-94.11529,31.19332],[-94.11563,31.19485],[-94.11833,31.19457],[-94.1179,31.19274],[-94.11944,31.1941],[-94.12104,31.19125],[-94.12111,31.1941],[-94.12701,31.1899],[-94.12664,31.19114],[-94.1304,31.19161],[-94.12715,31.19224],[-94.12552,31.19653],[-94.12273,31.19652],[-94.12259,31.19796],[-94.11922,31.19721],[-94.11514,31.19891],[-94.11372,31.20122],[-94.11515,31.20127],[-94.11519,31.20325],[-94.11322,31.206],[-94.11549,31.20995],[-94.10608,31.20747],[-94.10821,31.21228],[-94.11145,31.21488],[-94.11695,31.21545],[-94.12065,31.21237],[-94.13038,31.21154],[-94.13486,31.21043],[-94.13764,31.2074],[-94.13879,31.20841],[-94.13704,31.21096],[-94.13969,31.21324],[-94.13389,31.21275],[-94.13247,31.21442],[-94.12564,31.21568],[-94.13177,31.21649],[-94.12799,31.218],[-94.12918,31.21801],[-94.12772,31.21928],[-94.12949,31.22294],[-94.12627,31.22117],[-94.12553,31.22313],[-94.13351,31.23149],[-94.13751,31.23432],[-94.1394,31.23381],[-94.14018,31.23708],[-94.14788,31.23875],[-94.14345,31.2381],[-94.14521,31.24087],[-94.14043,31.23992],[-94.13517,31.24245],[-94.13476,31.23986],[-94.13122,31.23972],[-94.13199,31.23825],[-94.1275,31.23876],[-94.12863,31.23545],[-94.12693,31.23565],[-94.12335,31.23118],[-94.12076,31.23764],[-94.12317,31.241],[-94.12536,31.24153],[-94.12264,31.2447],[-94.12539,31.24968],[-94.12802,31.2513],[-94.12626,31.25174],[-94.12666,31.25593],[-94.12885,31.25763],[-94.13238,31.25622],[-94.13269,31.2581],[-94.12923,31.261],[-94.13099,31.26297],[-94.12968,31.26406],[-94.13126,31.26518],[-94.13006,31.26766],[-94.12824,31.26654],[-94.12862,31.26291],[-94.12565,31.26343],[-94.12725,31.26185],[-94.12494,31.25993],[-94.12154,31.26126],[-94.12125,31.26442],[-94.11868,31.2653],[-94.11961,31.26662],[-94.12152,31.2655],[-94.12295,31.26655],[-94.12453,31.27091],[-94.11933,31.26954],[-94.11823,31.27097],[-94.1099,31.27013],[-94.11148,31.26585],[-94.1092,31.26347],[-94.11082,31.26319],[-94.11039,31.2616],[-94.11287,31.25825],[-94.10875,31.25821],[-94.10889,31.25067],[-94.11115,31.24785],[-94.11104,31.24558],[-94.10852,31.24503],[-94.1091,31.24127],[-94.10686,31.23744],[-94.10636,31.24403],[-94.10609,31.24203],[-94.10252,31.24072],[-94.10071,31.237],[-94.10262,31.23451],[-94.09744,31.23387],[-94.09517,31.23152],[-94.09141,31.23228],[-94.09361,31.22963],[-94.10004,31.22765],[-94.10179,31.22487],[-94.10413,31.2243],[-94.10327,31.21903],[-94.10153,31.21884],[-94.09716,31.22541],[-94.0954,31.22544],[-94.09566,31.22413],[-94.08976,31.22744],[-94.09346,31.22244],[-94.09764,31.22066],[-94.09763,31.21765],[-94.09513,31.21673],[-94.09708,31.2158],[-94.0963,31.21408],[-94.09385,31.21512],[-94.09428,31.21287],[-94.09165,31.21226],[-94.08839,31.21922],[-94.08944,31.21248],[-94.08808,31.21021],[-94.08693,31.21023],[-94.0874,31.21201],[-94.08506,31.21158],[-94.08369,31.21422],[-94.08459,31.21745],[-94.08181,31.21654],[-94.08079,31.22049],[-94.07904,31.21725],[-94.07761,31.21829],[-94.0776,31.22193],[-94.07375,31.21951],[-94.0765,31.21508],[-94.07413,31.21584],[-94.07427,31.21446],[-94.07725,31.212],[-94.07978,31.21241],[-94.08066,31.20961],[-94.07918,31.2101],[-94.07869,31.20801],[-94.07226,31.21017],[-94.07194,31.20921],[-94.07685,31.20564],[-94.07305,31.20454],[-94.07149,31.19565],[-94.07525,31.19527],[-94.07545,31.19274],[-94.07361,31.19179],[-94.07699,31.19051],[-94.07541,31.18915],[-94.07565,31.18524],[-94.07405,31.18512],[-94.07215,31.18777],[-94.07409,31.18929],[-94.07147,31.18915],[-94.06889,31.19355],[-94.06591,31.19389],[-94.06537,31.19715],[-94.06667,31.19717],[-94.06694,31.20083],[-94.06505,31.19999],[-94.06782,31.20347],[-94.06522,31.20439],[-94.06657,31.2045],[-94.06513,31.20674],[-94.06697,31.208],[-94.0646,31.20751],[-94.06336,31.20903],[-94.06463,31.21027],[-94.06201,31.21424],[-94.06056,31.20701],[-94.06189,31.20188],[-94.05867,31.20168],[-94.05771,31.20417],[-94.05619,31.20119],[-94.0536,31.20786],[-94.05032,31.20838],[-94.04859,31.21159],[-94.04479,31.21254],[-94.04505,31.21473],[-94.04303,31.21438],[-94.04183,31.21217],[-94.04269,31.21047],[-94.03981,31.20845],[-94.04144,31.20855],[-94.04167,31.2069],[-94.0388,31.20616],[-94.04371,31.20366],[-94.04134,31.20197],[-94.04251,31.20056],[-94.04084,31.19921],[-94.04591,31.20107],[-94.04543,31.19755],[-94.04928,31.19652],[-94.04759,31.19432],[-94.05254,31.19339],[-94.05325,31.19246],[-94.05117,31.19055],[-94.05405,31.19095],[-94.0523,31.1886],[-94.05617,31.18844],[-94.05579,31.18258],[-94.05736,31.18287],[-94.06049,31.17645],[-94.05795,31.17573],[-94.05557,31.17834],[-94.0535,31.17543],[-94.04876,31.17787],[-94.04854,31.1755],[-94.05653,31.17173],[-94.05709,31.17021],[-94.04944,31.16851],[-94.06122,31.16524],[-94.0558,31.16357],[-94.05984,31.16239],[-94.05556,31.15991],[-94.0521,31.1624],[-94.05487,31.1587],[-94.05415,31.15736],[-94.04769,31.15873],[-94.04687,31.15722],[-94.05278,31.15511],[-94.04876,31.15294],[-94.05038,31.14953],[-94.04684,31.14888],[-94.04568,31.15327],[-94.0406,31.15465],[-94.04012,31.15934],[-94.03804,31.15828],[-94.03796,31.161],[-94.03647,31.15958],[-94.03468,31.16191],[-94.03606,31.16286],[-94.03383,31.16344],[-94.03412,31.16519],[-94.03831,31.16626],[-94.03324,31.16641],[-94.03793,31.1688],[-94.03505,31.17914],[-94.03128,31.17473],[-94.02849,31.17878],[-94.03036,31.17161],[-94.02943,31.17034],[-94.02562,31.17147],[-94.02872,31.16912],[-94.02788,31.16804],[-94.02428,31.16826],[-94.02474,31.17053],[-94.02226,31.17278],[-94.02096,31.17153],[-94.01675,31.17376],[-94.01914,31.17377],[-94.01761,31.17473],[-94.01962,31.17556],[-94.02012,31.17872],[-94.01427,31.17439],[-94.01351,31.17675],[-94.01163,31.17662],[-94.01056,31.17961],[-94.01509,31.18161],[-94.01343,31.18125],[-94.01039,31.18431],[-94.01147,31.18616],[-94.00879,31.18674],[-94.01452,31.19057],[-94.0115,31.19218],[-94.01402,31.19715],[-94.01096,31.20116],[-94.01336,31.20354],[-94.00825,31.20269],[-94.00642,31.20058],[-94.00412,31.20584],[-94.00245,31.2024],[-94.0004,31.20269],[-94.00065,31.20072],[-93.99804,31.19958],[-93.99856,31.19497],[-93.9954,31.19432],[-93.99605,31.19593],[-93.98703,31.20062],[-93.9886,31.19379],[-93.9847,31.19459],[-93.98395,31.19036],[-93.981,31.19037],[-93.98424,31.18559],[-93.97838,31.18757],[-93.9782,31.1901],[-93.97644,31.19107],[-93.97735,31.19569],[-93.97575,31.19067],[-93.97299,31.19139],[-93.97681,31.18681],[-93.97866,31.18703],[-93.97979,31.18309],[-93.98299,31.18249],[-93.97691,31.17731],[-93.97934,31.17474],[-93.97775,31.1744],[-93.97833,31.17236],[-93.98122,31.17204],[-93.97999,31.17083],[-93.9827,31.17181],[-93.98394,31.17012],[-93.98185,31.16878],[-93.97919,31.16944],[-93.98134,31.16187],[-93.97909,31.1617],[-93.97714,31.16425],[-93.97791,31.16263],[-93.97595,31.16189],[-93.97727,31.16032],[-93.98538,31.16022],[-93.98205,31.15953],[-93.97982,31.15658],[-93.98595,31.15741],[-93.98495,31.15551],[-93.98702,31.15333],[-93.9859,31.15206],[-93.98838,31.15048],[-93.98964,31.15177],[-93.98853,31.15863],[-93.99195,31.15725],[-93.9923,31.15509],[-93.98982,31.15523],[-93.99184,31.15395],[-93.98757,31.14903],[-93.99284,31.15467],[-93.99406,31.15282],[-93.99509,31.15354],[-93.99351,31.15758],[-93.99878,31.1578],[-93.99706,31.15632],[-93.99816,31.15449],[-93.99515,31.15377],[-93.99511,31.1522],[-94.00156,31.15419],[-94.00539,31.14967],[-93.99904,31.14672],[-93.9989,31.13718],[-94.00108,31.1385],[-94.00028,31.14232],[-94.00208,31.14522],[-94.00874,31.14669],[-94.01125,31.15039],[-94.01329,31.14959],[-94.01308,31.14711],[-94.01139,31.14704],[-94.01289,31.14432],[-94.00961,31.14118],[-94.01131,31.13863],[-94.00946,31.13802],[-94.01256,31.13356],[-94.00848,31.13318],[-94.0102,31.1318],[-94.00797,31.13137],[-94.00471,31.12667],[-94.00582,31.12658],[-94.00512,31.12389],[-94.00617,31.12588],[-94.00773,31.12399],[-94.00973,31.12834],[-94.01211,31.12709],[-94.01154,31.12541],[-94.01723,31.12968],[-94.01788,31.13119],[-94.01487,31.13681],[-94.01805,31.13577],[-94.01734,31.13934],[-94.01899,31.14301],[-94.02198,31.14358],[-94.02311,31.13977],[-94.02132,31.1389],[-94.02089,31.13524],[-94.02264,31.1343],[-94.02082,31.13241],[-94.02702,31.13131],[-94.02416,31.1311],[-94.02491,31.12766],[-94.02544,31.12902],[-94.02942,31.12931],[-94.02678,31.12486],[-94.02955,31.12645],[-94.02859,31.12387],[-94.03132,31.12371],[-94.02948,31.12269],[-94.03302,31.12161],[-94.02833,31.12144],[-94.02934,31.1199],[-94.02754,31.11901],[-94.02594,31.12003],[-94.02687,31.11728],[-94.03235,31.11717],[-94.0372,31.11356],[-94.03641,31.10987],[-94.03801,31.10866],[-94.03403,31.11139],[-94.03681,31.10721],[-94.03128,31.10919],[-94.03084,31.11206],[-94.02923,31.10877],[-94.02938,31.11018],[-94.02784,31.10951],[-94.02311,31.11297],[-94.01697,31.11291],[-94.01796,31.11396],[-94.01519,31.11503],[-94.01332,31.11017],[-94.00974,31.11268],[-94.00697,31.10745],[-94.0096,31.10673],[-94.00866,31.10307],[-94.00992,31.1044],[-94.01062,31.10222],[-94.01312,31.10494],[-94.01892,31.10544],[-94.01994,31.10203],[-94.01596,31.10049],[-94.01435,31.09625],[-94.0207,31.09884],[-94.02196,31.0957],[-94.02564,31.10074],[-94.02911,31.10051],[-94.02682,31.09972],[-94.02672,31.09556],[-94.02523,31.09479],[-94.02629,31.0932],[-94.0236,31.09255],[-94.02264,31.08946],[-94.02797,31.09185],[-94.03087,31.09062],[-94.0303,31.09497],[-94.03646,31.09362],[-94.03408,31.09342],[-94.03225,31.0902],[-94.03612,31.09036],[-94.03674,31.08717],[-94.03424,31.0876],[-94.03475,31.08562],[-94.03243,31.08643],[-94.03366,31.08485],[-94.02994,31.08571],[-94.03013,31.0822],[-94.03401,31.08105],[-94.04171,31.08504],[-94.04415,31.09063],[-94.04854,31.08476],[-94.05179,31.0834],[-94.04998,31.08249],[-94.05165,31.08061],[-94.04897,31.0813],[-94.04888,31.07611],[-94.04747,31.0775],[-94.04811,31.08134],[-94.04529,31.08474],[-94.04559,31.0819],[-94.04366,31.08147],[-94.04453,31.07903],[-94.04171,31.07867],[-94.04233,31.08165],[-94.04043,31.08165],[-94.0397,31.07836],[-94.03662,31.08006],[-94.03831,31.0769],[-94.03528,31.07614],[-94.03399,31.07793],[-94.03468,31.0755],[-94.03206,31.07494],[-94.03321,31.07417],[-94.03188,31.07318],[-94.03632,31.07476],[-94.03384,31.07111],[-94.03578,31.07302],[-94.03685,31.07192],[-94.03765,31.0742],[-94.03881,31.07249],[-94.03996,31.07407],[-94.04087,31.07281],[-94.04197,31.07463],[-94.04468,31.07437],[-94.04434,31.07263],[-94.04655,31.07148],[-94.04562,31.07083],[-94.03776,31.07029],[-94.03805,31.06788],[-94.04022,31.06934],[-94.04447,31.06876],[-94.04217,31.06459],[-94.04762,31.06976],[-94.04868,31.06625],[-94.05438,31.06776],[-94.06402,31.06218],[-94.07806,31.0634],[-94.09412,31.06179],[-94.09951,31.05884],[-94.10085,31.05461],[-94.10854,31.05469],[-94.11429,31.06001],[-94.12334,31.05918],[-94.13165,31.05529],[-94.13295,31.05836],[-94.13515,31.05624],[-94.14024,31.05601],[-94.14044,31.05754],[-94.13613,31.0576],[-94.13388,31.06055],[-94.13636,31.06649],[-94.12391,31.07272],[-94.1256,31.07613],[-94.12401,31.07657],[-94.12713,31.07968],[-94.14057,31.08154],[-94.14239,31.08307],[-94.14365,31.08145],[-94.14453,31.08339],[-94.14764,31.08325],[-94.14835,31.08121],[-94.15049,31.08411],[-94.15236,31.08141],[-94.15279,31.08445],[-94.15467,31.08216],[-94.15798,31.08224],[-94.15556,31.08753],[-94.15807,31.09019],[-94.16132,31.08416],[-94.16139,31.09118],[-94.16321,31.09041],[-94.16205,31.08873],[-94.16489,31.08899],[-94.16555,31.08587],[-94.16951,31.08822],[-94.16934,31.0905],[-94.17105,31.08915],[-94.17425,31.09106],[-94.17082,31.09402],[-94.17336,31.09478],[-94.17213,31.09616],[-94.17304,31.09709],[-94.17474,31.09604],[-94.17486,31.09344],[-94.17628,31.09381],[-94.17656,31.09244],[-94.17846,31.09358],[-94.17685,31.09796],[-94.17984,31.10323],[-94.18145,31.10288],[-94.18163,31.10086],[-94.1798,31.09851],[-94.18276,31.09877],[-94.18295,31.09998],[-94.18343,31.09656],[-94.18629,31.09827],[-94.1843,31.10337],[-94.18969,31.1049],[-94.19443,31.10144],[-94.19481,31.09634],[-94.197,31.09951],[-94.19914,31.0977],[-94.19906,31.10116],[-94.20094,31.10231],[-94.2089,31.09955],[-94.20317,31.106],[-94.20872,31.10802],[-94.21061,31.10586],[-94.20989,31.10419],[-94.21141,31.1043],[-94.21454,31.09946],[-94.21398,31.10415],[-94.21707,31.10122],[-94.22047,31.10404],[-94.21642,31.10547],[-94.21355,31.10915],[-94.21375,31.11196],[-94.22123,31.1082],[-94.21643,31.11167],[-94.21728,31.11383],[-94.22211,31.11339],[-94.22377,31.11481],[-94.22686,31.11214],[-94.23021,31.11586],[-94.23481,31.1143],[-94.23129,31.11944],[-94.2356,31.1188],[-94.23668,31.12169],[-94.24195,31.1175],[-94.23972,31.12282],[-94.24791,31.12352],[-94.24671,31.12529],[-94.24831,31.12656],[-94.25472,31.12616],[-94.25462,31.1277],[-94.25823,31.1243],[-94.26424,31.12401],[-94.26541,31.12574],[-94.25933,31.12565],[-94.25403,31.13249],[-94.25349,31.13502],[-94.25942,31.13973],[-94.2467,31.13405],[-94.23109,31.14723],[-94.23145,31.14929],[-94.2298,31.14831],[-94.22506,31.15231],[-94.23059,31.1523],[-94.23053,31.15461],[-94.2374,31.15517],[-94.23503,31.1536],[-94.23958,31.14999],[-94.24482,31.14931],[-94.23903,31.15521],[-94.24078,31.15554],[-94.24714,31.15054],[-94.25328,31.15615],[-94.25798,31.15593],[-94.25893,31.15323],[-94.26298,31.15588],[-94.2666,31.15415],[-94.26749,31.15606],[-94.27042,31.15538],[-94.27262,31.15236],[-94.27288,31.15451],[-94.26662,31.16015],[-94.26583,31.16393],[-94.27281,31.1663],[-94.2715,31.1703],[-94.27348,31.17387],[-94.28612,31.17005],[-94.29395,31.17764],[-94.29818,31.17504],[-94.29859,31.17904],[-94.30208,31.17818],[-94.29927,31.18103],[-94.30062,31.18213],[-94.29703,31.18353],[-94.30532,31.18634],[-94.30603,31.18908],[-94.31309,31.18769],[-94.30937,31.18946],[-94.3127,31.19047],[-94.30904,31.19332],[-94.29581,31.19636],[-94.29815,31.20113],[-94.29589,31.20306],[-94.29694,31.20493],[-94.29242,31.20637],[-94.2989,31.20995],[-94.30163,31.20945],[-94.29583,31.20647],[-94.30742,31.20828],[-94.31129,31.20533],[-94.31416,31.20709],[-94.32038,31.19966],[-94.32338,31.20388],[-94.32517,31.20237],[-94.32198,31.19823],[-94.32577,31.19728],[-94.3249,31.19592],[-94.32652,31.19647],[-94.3276,31.19443],[-94.32918,31.19548],[-94.33232,31.19277],[-94.33308,31.194],[-94.3343,31.19111],[-94.33701,31.19106],[-94.33886,31.18751],[-94.33854,31.19016],[-94.34019,31.19001],[-94.33719,31.19359],[-94.34065,31.1953],[-94.33617,31.19534],[-94.33682,31.19621],[-94.33306,31.19914],[-94.33577,31.19947],[-94.33516,31.20104],[-94.33816,31.19905],[-94.34077,31.20111],[-94.33595,31.20414],[-94.33035,31.20323],[-94.33083,31.20502],[-94.33615,31.2065],[-94.33057,31.20686],[-94.33361,31.21048],[-94.33668,31.20651],[-94.33482,31.20958],[-94.34364,31.21392],[-94.34765,31.21095],[-94.34334,31.20699],[-94.34695,31.2039],[-94.34275,31.20028],[-94.34465,31.19875],[-94.34399,31.19661],[-94.34611,31.19786],[-94.35393,31.19317],[-94.347,31.19772],[-94.35056,31.20079],[-94.35293,31.19877],[-94.35388,31.20257],[-94.35514,31.19993],[-94.35837,31.19863],[-94.35819,31.19413],[-94.36174,31.19626],[-94.36185,31.19164],[-94.35858,31.1883],[-94.36233,31.18806],[-94.35906,31.18526],[-94.36109,31.18398],[-94.36464,31.18609],[-94.36667,31.18356],[-94.36631,31.18712],[-94.36857,31.18902],[-94.36909,31.18664],[-94.37146,31.18873],[-94.37523,31.18877],[-94.37539,31.19395],[-94.37716,31.1925],[-94.38013,31.1944],[-94.38787,31.19397],[-94.38891,31.19274],[-94.39058,31.19482],[-94.39764,31.19642],[-94.39626,31.19926],[-94.39949,31.20084],[-94.39784,31.20229],[-94.38731,31.2025],[-94.38733,31.20572],[-94.38326,31.20244],[-94.37924,31.20438],[-94.38001,31.20702],[-94.37735,31.20924],[-94.37914,31.21085],[-94.37762,31.21212],[-94.37997,31.21412],[-94.37883,31.2151],[-94.37581,31.21361],[-94.36977,31.21979],[-94.37031,31.22405],[-94.37501,31.22639],[-94.37792,31.23346],[-94.38376,31.23414],[-94.38133,31.23605],[-94.37858,31.23533],[-94.37797,31.23683],[-94.38002,31.23796],[-94.37796,31.23876],[-94.38376,31.24416],[-94.38932,31.24211],[-94.39255,31.24315],[-94.39352,31.24129],[-94.39141,31.24074],[-94.3932,31.23942],[-94.39174,31.23886],[-94.39551,31.2373],[-94.39725,31.23855],[-94.39527,31.2401],[-94.39607,31.24195],[-94.39697,31.24108],[-94.3967,31.24407],[-94.39941,31.2415],[-94.4016,31.24225],[-94.39777,31.2465],[-94.39991,31.24749],[-94.40046,31.25036],[-94.40417,31.24835],[-94.40554,31.24565],[-94.40987,31.24936],[-94.40401,31.25055],[-94.40282,31.25222],[-94.40552,31.25363],[-94.40175,31.2531],[-94.40084,31.25682],[-94.39745,31.25961],[-94.40651,31.25718],[-94.40658,31.25579],[-94.40936,31.25675],[-94.40639,31.25821],[-94.40792,31.25935],[-94.40454,31.25837],[-94.40059,31.26],[-94.40384,31.2622],[-94.39712,31.26146],[-94.39868,31.267],[-94.40049,31.26539],[-94.40049,31.2667],[-94.40622,31.26809],[-94.41104,31.26701],[-94.40262,31.27498],[-94.40482,31.27688],[-94.40428,31.27905],[-94.40943,31.27691],[-94.41158,31.27878],[-94.41161,31.27595],[-94.41543,31.27406],[-94.41717,31.26631],[-94.41954,31.26559],[-94.42043,31.2718],[-94.41882,31.27183],[-94.41769,31.27479],[-94.42065,31.27491],[-94.4139,31.27905],[-94.41588,31.28134],[-94.41854,31.28148],[-94.41763,31.28295],[-94.41917,31.28267],[-94.41956,31.28483],[-94.41829,31.28677],[-94.42238,31.28882],[-94.42462,31.28693],[-94.42274,31.28535],[-94.4239,31.28431],[-94.42313,31.28184],[-94.42952,31.27916],[-94.43002,31.27534],[-94.43533,31.27288],[-94.43615,31.26913],[-94.44423,31.26825],[-94.44262,31.27307],[-94.43919,31.27611],[-94.43975,31.27893],[-94.43583,31.27937],[-94.43511,31.27806],[-94.43369,31.27927],[-94.43627,31.2802],[-94.43628,31.28169],[-94.43224,31.28259],[-94.43273,31.2867],[-94.43138,31.28744],[-94.43353,31.28697],[-94.43288,31.28941],[-94.43564,31.28901],[-94.4349,31.28594],[-94.43704,31.28443],[-94.43741,31.28861],[-94.43959,31.28562],[-94.44014,31.28762],[-94.44705,31.28843],[-94.43776,31.292],[-94.43745,31.29512],[-94.44163,31.29398],[-94.44712,31.29616],[-94.4455,31.29713],[-94.45049,31.29736],[-94.45206,31.29898],[-94.45078,31.301],[-94.44626,31.30074],[-94.44332,31.30323],[-94.44494,31.30359],[-94.44205,31.30495],[-94.44488,31.30733],[-94.44573,31.30604],[-94.44719,31.30682],[-94.44752,31.30482],[-94.45111,31.30796],[-94.45237,31.30747],[-94.45223,31.3106],[-94.45563,31.31004],[-94.45211,31.31343],[-94.45475,31.31358],[-94.45427,31.31636],[-94.45617,31.31493],[-94.45493,31.31741],[-94.45589,31.31895],[-94.45837,31.31693],[-94.46071,31.31875],[-94.46384,31.31721],[-94.46458,31.31915],[-94.45814,31.32],[-94.45847,31.3218],[-94.46052,31.32202],[-94.45815,31.32429],[-94.46238,31.32269],[-94.46296,31.32368],[-94.46336,31.32198],[-94.46489,31.32358],[-94.46539,31.32186],[-94.47235,31.32393],[-94.47285,31.32236],[-94.47462,31.32309],[-94.47324,31.3203],[-94.47609,31.32185],[-94.4767,31.32006],[-94.47747,31.32124],[-94.47939,31.31907],[-94.48495,31.31732],[-94.48429,31.31821],[-94.48707,31.3185],[-94.48676,31.31984],[-94.47827,31.32514],[-94.4809,31.32769],[-94.47771,31.32764],[-94.47913,31.32825],[-94.47864,31.33101],[-94.48462,31.33183],[-94.48399,31.33517],[-94.48846,31.33573],[-94.49291,31.3319],[-94.49494,31.33372],[-94.49812,31.33355],[-94.50053,31.33099],[-94.50968,31.33337],[-94.50775,31.33583],[-94.50913,31.33734],[-94.50281,31.34032],[-94.50411,31.34117],[-94.50236,31.34361],[-94.49753,31.34266],[-94.49904,31.34468],[-94.49651,31.34742],[-94.49481,31.34336],[-94.49107,31.34211],[-94.48925,31.34313],[-94.48967,31.34641],[-94.4885,31.34355],[-94.48713,31.34473],[-94.48545,31.34378],[-94.48515,31.347],[-94.48402,31.34257],[-94.48275,31.34359],[-94.47953,31.3424],[-94.47743,31.34528],[-94.4767,31.34273],[-94.47425,31.34373],[-94.47522,31.34627],[-94.47989,31.34857],[-94.48123,31.34754],[-94.48083,31.34931],[-94.4822,31.35008],[-94.48114,31.35087],[-94.4824,31.35321],[-94.48396,31.35291],[-94.48181,31.35442],[-94.48113,31.36124],[-94.48448,31.36363],[-94.48434,31.36724],[-94.48734,31.36694],[-94.48869,31.36877],[-94.48472,31.37034],[-94.483,31.36933],[-94.48124,31.37245],[-94.48715,31.37487],[-94.48744,31.37653],[-94.48491,31.37685],[-94.48369,31.3794],[-94.48841,31.38004],[-94.49239,31.376],[-94.49458,31.37997],[-94.49138,31.3787],[-94.4902,31.38055],[-94.5012,31.38367],[-94.50415,31.38267],[-94.50601,31.38363],[-94.50496,31.38429],[-94.50598,31.38517],[-94.5043,31.38963],[-94.50544,31.39068],[-94.50413,31.39026],[-94.50326,31.39275],[-94.50694,31.39213],[-94.51129,31.39402],[-94.51119,31.39137],[-94.51269,31.39024],[-94.51292,31.39507],[-94.5148,31.39531],[-94.51531,31.39112]]],[[[-94.29576,31.33301],[-94.2962,31.33183],[-94.29656,31.33183],[-94.29576,31.33301]]],[[[-94.49795,31.38132],[-94.49459,31.38],[-94.49458,31.37997],[-94.49795,31.38132]]],[[[-94.50815,31.38228],[-94.50614,31.3837],[-94.50601,31.38363],[-94.50815,31.38228]]],[[[-94.72706,31.46158],[-94.72861,31.46085],[-94.7297,31.46233],[-94.72706,31.46158]]],[[[-94.03006,31.08222],[-94.03025,31.08002],[-94.03013,31.0822],[-94.03006,31.08222]]],[[[-94.22973,31.11004],[-94.22884,31.11185],[-94.2271,31.11193],[-94.22973,31.11004]]],[[[-94.17695,31.14333],[-94.17692,31.14397],[-94.17585,31.14352],[-94.17695,31.14333]]],[[[-94.17528,31.14458],[-94.18021,31.14986],[-94.17547,31.1483],[-94.17528,31.14458]]],[[[-94.17001,31.15304],[-94.17121,31.15484],[-94.17382,31.15439],[-94.17006,31.15558],[-94.17001,31.15304]]],[[[-94.17457,31.15781],[-94.17661,31.15681],[-94.17482,31.15916],[-94.17457,31.15781]]],[[[-94.17467,31.15936],[-94.17482,31.15916],[-94.1749,31.1596],[-94.17467,31.15936]]],[[[-94.17625,31.16226],[-94.17599,31.1649],[-94.1749,31.1596],[-94.17623,31.16093],[-94.1783,31.16048],[-94.17706,31.16165],[-94.17872,31.16352],[-94.17625,31.16226]]],[[[-94.16627,31.15984],[-94.16357,31.15868],[-94.16714,31.15773],[-94.16723,31.1637],[-94.17104,31.1645],[-94.16628,31.16425],[-94.16516,31.16899],[-94.1623,31.16663],[-94.16341,31.16223],[-94.16142,31.1613],[-94.16512,31.16158],[-94.16627,31.15984]]],[[[-94.12353,31.20108],[-94.12519,31.20123],[-94.12356,31.20177],[-94.12353,31.20108]]]]}},{"type":"Feature","id":"usace-somerville","properties":{"id":"usace-somerville","unitIds":["usace-somerville"],"name":"Somerville Lake","counties":["Burleson","Washington"],"region":"Austin/Waco","acres":3000,"type":"corps_lake","source":"usace","managingAgency":"USACE Fort Worth District","permitRequired":true,"permitInfo":"Season-long waterfowl blind locations and feral hog hunting compartments are by permit only; waterfowl blinds are assigned through a random lottery on Recreation.gov. A free first-come, first-served public waterfowl area is also available (no permanent blinds).","permitCost":"Administrative fee for a permanent (season-long) waterfowl blind; public area is free.","means":"Follow Texas Outdoor Annual means and methods for waterfowl and feral hog. Non-toxic shot required for waterfowl.","links":[{"label":"Somerville Lake hunting (USACE)","url":"https://www.swf-wc.usace.army.mil/somerville/"},{"label":"Waterfowl blind lottery (Recreation.gov)","url":"https://www.recreation.gov/permits/5282828"},{"label":"TPWD Outdoor Annual seasons","url":"https://tpwd.texas.gov/regulations/outdoor-annual/hunting/"},{"label":"Hunting map (USACE)","url":"https://usace-swf.maps.arcgis.com/apps/webappviewer/index.html?id=659e56a613f74e89bdee98af12b9914d"},{"label":"District hunting guide (PDF)","url":"https://www.swf-wc.usace.army.mil/lake/Fort%20Worth%20District%20Hunting%20Guide%202026-2027_FINAL_11%20AUG%202026.pdf"}],"mapPdfUrl":"","pdfUrl":"","aerialPdfUrl":"","registration":"none","legalGameTags":[],"legalGameText":"Follow Texas Outdoor Annual means and methods for waterfowl and feral hog. Non-toxic shot required for waterfowl.","species":["feral_hog","waterfowl"],"methods":["archery","shotgun"],"access":["corps_permit"],"complexes":[],"hasEpostcard":false,"hasRegularPermit":false,"epostcardUrl":"","countySlugs":["burleson","washington"],"bookletPage":null,"bookletPdfPage":null,"bookletUrl":"","boundaryNote":"Map boundary is Corps project land from USGS PAD-US, with matched closed areas removed. It is not the hunt compartments in the lake PDF. Confirm closed areas and access on the official map.","lon":-96.62105,"lat":30.31182},"geometry":{"type":"MultiPolygon","coordinates":[[[[-96.74175,30.25812],[-96.73973,30.25626],[-96.73972,30.25789],[-96.73963,30.25601],[-96.74195,30.25794],[-96.74013,30.26117],[-96.74197,30.26281],[-96.74004,30.26117],[-96.74175,30.25812]]],[[[-96.73981,30.25956],[-96.74006,30.26074],[-96.73988,30.26102],[-96.73981,30.25956]]],[[[-96.73979,30.26117],[-96.73978,30.26119],[-96.73967,30.26119],[-96.73979,30.26117]]],[[[-96.73241,30.2627],[-96.73178,30.26228],[-96.734,30.26197],[-96.73241,30.2627]]],[[[-96.72608,30.26307],[-96.72608,30.26307],[-96.72601,30.26308],[-96.72608,30.26307]]],[[[-96.7264,30.26303],[-96.72617,30.26317],[-96.72608,30.26307],[-96.7264,30.26303]]],[[[-96.72484,30.26355],[-96.72177,30.26388],[-96.72539,30.26316],[-96.72484,30.26355]]],[[[-96.7312,30.26566],[-96.73144,30.26559],[-96.73161,30.26571],[-96.7312,30.26566]]],[[[-96.7307,30.2672],[-96.73116,30.26569],[-96.7312,30.26567],[-96.7307,30.2672]]],[[[-96.73808,30.26877],[-96.7372,30.26911],[-96.73817,30.26853],[-96.73808,30.26877]]],[[[-96.73595,30.27152],[-96.73506,30.2723],[-96.73318,30.27035],[-96.73487,30.2721],[-96.73552,30.27137],[-96.73278,30.26891],[-96.73595,30.27152]]],[[[-96.72788,30.2735],[-96.73289,30.27052],[-96.73318,30.27035],[-96.72788,30.2735]]],[[[-96.72811,30.27408],[-96.72618,30.27207],[-96.72869,30.27468],[-96.72676,30.27446],[-96.72811,30.27408]]],[[[-96.7228,30.27785],[-96.72621,30.27733],[-96.72171,30.27702],[-96.7228,30.27785]]],[[[-96.72163,30.26466],[-96.7222,30.26585],[-96.72112,30.26787],[-96.72106,30.26785],[-96.72163,30.26466]]],[[[-96.70694,30.2751],[-96.71247,30.27274],[-96.71673,30.26783],[-96.71895,30.26889],[-96.72106,30.26785],[-96.71949,30.26924],[-96.71679,30.26786],[-96.71293,30.27288],[-96.70694,30.2751]]],[[[-96.71884,30.27736],[-96.71938,30.27609],[-96.72022,30.2758],[-96.71884,30.27736]]],[[[-96.71322,30.27829],[-96.71579,30.2772],[-96.71884,30.27736],[-96.71322,30.27829]]],[[[-96.7063,30.27464],[-96.70465,30.27741],[-96.69997,30.281],[-96.7063,30.27464]]],[[[-96.71244,30.27897],[-96.71281,30.27865],[-96.71174,30.27959],[-96.71244,30.27897]]],[[[-96.70855,30.28128],[-96.71164,30.27968],[-96.70811,30.28278],[-96.70855,30.28128]]],[[[-96.69997,30.281],[-96.69614,30.28164],[-96.69612,30.28164],[-96.69997,30.281]]],[[[-96.69611,30.28164],[-96.69501,30.28249],[-96.69184,30.28235],[-96.69611,30.28164]]],[[[-96.70795,30.28292],[-96.70625,30.28313],[-96.70803,30.28285],[-96.70795,30.28292]]],[[[-96.70399,30.28377],[-96.70412,30.28382],[-96.7055,30.28495],[-96.70399,30.28377]]],[[[-96.70357,30.29116],[-96.70356,30.29116],[-96.70709,30.28626],[-96.70357,30.29116]]],[[[-96.71082,30.30287],[-96.72466,30.29116],[-96.7113,30.30304],[-96.71521,30.30639],[-96.71619,30.3028],[-96.72253,30.29751],[-96.72585,30.30031],[-96.72004,30.30554],[-96.72344,30.31111],[-96.72805,30.30787],[-96.73199,30.30922],[-96.73332,30.30748],[-96.73522,30.30903],[-96.74347,30.30649],[-96.74861,30.3086],[-96.74584,30.3116],[-96.74803,30.31345],[-96.75181,30.31084],[-96.75081,30.31175],[-96.75962,30.314],[-96.76033,30.31648],[-96.76187,30.31428],[-96.76509,30.3163],[-96.76657,30.31514],[-96.7629,30.31895],[-96.76626,30.32177],[-96.76968,30.31876],[-96.77645,30.32138],[-96.77247,30.32705],[-96.77772,30.32474],[-96.77795,30.32222],[-96.77972,30.32142],[-96.77976,30.32296],[-96.77825,30.32241],[-96.77834,30.3257],[-96.77606,30.32555],[-96.77408,30.32837],[-96.77731,30.33108],[-96.77337,30.33454],[-96.77014,30.33256],[-96.76822,30.33412],[-96.76396,30.33056],[-96.75452,30.33899],[-96.75517,30.34032],[-96.76046,30.33978],[-96.76169,30.3412],[-96.7611,30.34429],[-96.76511,30.34567],[-96.76916,30.35013],[-96.76566,30.3535],[-96.76075,30.35238],[-96.75975,30.35065],[-96.75335,30.35011],[-96.74582,30.34466],[-96.74518,30.33681],[-96.74853,30.33076],[-96.74754,30.32835],[-96.74986,30.3262],[-96.74618,30.32322],[-96.74331,30.3262],[-96.74135,30.32295],[-96.74352,30.32098],[-96.74219,30.31991],[-96.7365,30.32259],[-96.73864,30.32419],[-96.73373,30.32698],[-96.73217,30.32472],[-96.72787,30.32496],[-96.72963,30.32717],[-96.72632,30.32718],[-96.72244,30.32318],[-96.71738,30.32767],[-96.71657,30.33114],[-96.7221,30.33378],[-96.72041,30.33488],[-96.72001,30.33298],[-96.71785,30.33513],[-96.71791,30.33342],[-96.71574,30.33336],[-96.71564,30.33609],[-96.71329,30.33132],[-96.71536,30.32952],[-96.71462,30.32636],[-96.71243,30.32705],[-96.71031,30.33249],[-96.70882,30.32853],[-96.70335,30.32642],[-96.69541,30.32793],[-96.69131,30.32752],[-96.68744,30.32506],[-96.68465,30.32754],[-96.68335,30.3221],[-96.68087,30.32335],[-96.67954,30.32136],[-96.67816,30.3227],[-96.6784,30.32079],[-96.67622,30.31963],[-96.67608,30.3173],[-96.67969,30.31403],[-96.6794,30.31268],[-96.67661,30.31261],[-96.67269,30.31547],[-96.67224,30.32124],[-96.67008,30.32014],[-96.66771,30.3207],[-96.66697,30.32261],[-96.6658,30.3215],[-96.66958,30.31572],[-96.66538,30.3122],[-96.66293,30.31258],[-96.65141,30.3213],[-96.65295,30.31571],[-96.65216,30.31055],[-96.6506,30.30949],[-96.64877,30.31141],[-96.64722,30.31081],[-96.64549,30.30486],[-96.64274,30.30637],[-96.6467,30.304],[-96.64275,30.29973],[-96.64102,30.30187],[-96.64084,30.30009],[-96.63979,30.30059],[-96.63447,30.30591],[-96.63057,30.30694],[-96.63106,30.3094],[-96.62915,30.30748],[-96.6233,30.30968],[-96.62292,30.30502],[-96.6197,30.30657],[-96.61899,30.30869],[-96.6184,30.30727],[-96.61681,30.30728],[-96.61924,30.31016],[-96.61912,30.31198],[-96.61561,30.31497],[-96.6163,30.31581],[-96.61373,30.31517],[-96.61045,30.31808],[-96.6138,30.32058],[-96.61538,30.31871],[-96.61533,30.32009],[-96.61812,30.32015],[-96.62083,30.31839],[-96.63502,30.3096],[-96.63549,30.31035],[-96.6209,30.31835],[-96.62949,30.3188],[-96.63042,30.3212],[-96.63491,30.32297],[-96.63735,30.32232],[-96.63568,30.32506],[-96.64106,30.32742],[-96.63392,30.3338],[-96.63119,30.33356],[-96.62781,30.33058],[-96.62655,30.33142],[-96.62628,30.32619],[-96.62155,30.32622],[-96.62426,30.32874],[-96.62282,30.33215],[-96.61858,30.32822],[-96.61448,30.33017],[-96.61287,30.32887],[-96.6127,30.33216],[-96.60984,30.33183],[-96.6083,30.33508],[-96.60596,30.33156],[-96.60617,30.32887],[-96.59948,30.33548],[-96.59788,30.33405],[-96.59913,30.33293],[-96.59738,30.32788],[-96.59532,30.3305],[-96.59403,30.32917],[-96.5927,30.33039],[-96.59402,30.3339],[-96.59122,30.33267],[-96.58586,30.33424],[-96.58397,30.33355],[-96.58424,30.33084],[-96.58084,30.33375],[-96.58607,30.33636],[-96.58497,30.33814],[-96.58876,30.33915],[-96.58569,30.3421],[-96.58719,30.34127],[-96.58816,30.34398],[-96.58894,30.34275],[-96.59023,30.34387],[-96.59741,30.34337],[-96.59425,30.34743],[-96.59493,30.34889],[-96.6018,30.35268],[-96.59189,30.36152],[-96.58993,30.3552],[-96.5871,30.35742],[-96.58681,30.35533],[-96.58438,30.35534],[-96.58684,30.35284],[-96.58325,30.35048],[-96.582,30.35337],[-96.58348,30.35597],[-96.58257,30.35977],[-96.57939,30.36243],[-96.57884,30.35851],[-96.5755,30.35815],[-96.57768,30.35087],[-96.57275,30.35223],[-96.57392,30.34949],[-96.57278,30.34674],[-96.5663,30.35366],[-96.5642,30.35193],[-96.56408,30.34691],[-96.56132,30.34945],[-96.56241,30.3511],[-96.56112,30.35352],[-96.56382,30.3551],[-96.56101,30.35682],[-96.56078,30.35864],[-96.56246,30.35977],[-96.56009,30.36244],[-96.56257,30.36507],[-96.5604,30.36609],[-96.55783,30.36483],[-96.5573,30.3626],[-96.55027,30.3651],[-96.54673,30.3642],[-96.5515,30.35826],[-96.54268,30.33864],[-96.53366,30.33279],[-96.5306,30.33336],[-96.52778,30.33094],[-96.52447,30.33306],[-96.51997,30.33247],[-96.51859,30.33067],[-96.52036,30.32896],[-96.51256,30.3263],[-96.51097,30.32337],[-96.50869,30.32279],[-96.5079,30.31921],[-96.51243,30.31874],[-96.51287,30.30925],[-96.51015,30.30511],[-96.51423,30.30338],[-96.50931,30.29832],[-96.51371,30.29997],[-96.51555,30.29591],[-96.51715,30.29723],[-96.51872,30.29586],[-96.5191,30.2982],[-96.522,30.29599],[-96.52136,30.29347],[-96.52395,30.2911],[-96.52706,30.29596],[-96.52834,30.29485],[-96.53328,30.29587],[-96.5385,30.29264],[-96.54256,30.29607],[-96.54449,30.29431],[-96.54273,30.29197],[-96.54379,30.29131],[-96.53785,30.28629],[-96.53957,30.28394],[-96.54463,30.28639],[-96.54808,30.28402],[-96.54938,30.28588],[-96.54696,30.28792],[-96.55154,30.28915],[-96.55282,30.29187],[-96.55369,30.28935],[-96.55902,30.28705],[-96.55933,30.28353],[-96.55667,30.2806],[-96.55975,30.27826],[-96.56128,30.26975],[-96.5687,30.27122],[-96.56906,30.27282],[-96.56664,30.27448],[-96.57046,30.27951],[-96.56891,30.28418],[-96.57937,30.28483],[-96.57881,30.29026],[-96.57662,30.29017],[-96.57755,30.29179],[-96.58155,30.29199],[-96.58306,30.29004],[-96.58404,30.29182],[-96.58601,30.29072],[-96.58629,30.28853],[-96.58297,30.28632],[-96.58373,30.28139],[-96.58543,30.27986],[-96.58909,30.28015],[-96.58896,30.27732],[-96.59081,30.27811],[-96.58908,30.27693],[-96.59063,30.27305],[-96.59333,30.27115],[-96.59535,30.27353],[-96.59465,30.27901],[-96.59672,30.27801],[-96.59787,30.28077],[-96.59558,30.28724],[-96.59876,30.28639],[-96.60127,30.28157],[-96.60631,30.28578],[-96.60978,30.28263],[-96.61095,30.28404],[-96.61313,30.2828],[-96.61443,30.28445],[-96.61267,30.28611],[-96.61941,30.28404],[-96.6197,30.28708],[-96.62432,30.28877],[-96.62441,30.29212],[-96.62712,30.28809],[-96.62858,30.29145],[-96.63083,30.28951],[-96.63058,30.29098],[-96.63243,30.2917],[-96.63504,30.28839],[-96.63294,30.28805],[-96.63159,30.28527],[-96.63725,30.2866],[-96.63624,30.28538],[-96.64044,30.28384],[-96.63852,30.28095],[-96.64116,30.28128],[-96.64053,30.27995],[-96.64476,30.2812],[-96.64539,30.28322],[-96.64793,30.28164],[-96.6434,30.27657],[-96.64487,30.27502],[-96.64236,30.27388],[-96.6513,30.26836],[-96.65439,30.27214],[-96.66189,30.2659],[-96.66349,30.26133],[-96.67012,30.25879],[-96.67703,30.26539],[-96.67903,30.27312],[-96.67567,30.27522],[-96.67731,30.27717],[-96.67102,30.27717],[-96.67232,30.27764],[-96.67104,30.28035],[-96.66821,30.2783],[-96.6703,30.28256],[-96.66631,30.28323],[-96.67084,30.2886],[-96.66779,30.29053],[-96.67139,30.29426],[-96.67293,30.29209],[-96.67214,30.28986],[-96.67437,30.2879],[-96.67774,30.29078],[-96.67759,30.29242],[-96.67935,30.28908],[-96.68686,30.28873],[-96.6873,30.28615],[-96.69082,30.28391],[-96.69968,30.29118],[-96.70473,30.29207],[-96.69892,30.2928],[-96.69739,30.29151],[-96.69496,30.29295],[-96.6954,30.29586],[-96.69192,30.29641],[-96.70022,30.29809],[-96.70187,30.30459],[-96.70494,30.30515],[-96.70651,30.30886],[-96.71215,30.3095],[-96.71516,30.30657],[-96.71082,30.30287]]]]}},{"type":"Feature","id":"usace-stillhouse-hollow","properties":{"id":"usace-stillhouse-hollow","unitIds":["usace-stillhouse-hollow"],"name":"Stillhouse Hollow Lake","counties":["Bell"],"region":"Austin/Waco","acres":4451,"type":"corps_lake","source":"usace","managingAgency":"USACE Fort Worth District","permitRequired":false,"permitInfo":"No USACE hunting permit required. Hunting is allowed on designated Wildlife Management Areas only per the Texas Outdoor Annual for Bell County. Deer, feral hog, and other unlisted game may not be taken. There is no open turkey season (occasional draw hunts only).","permitCost":"No permit required.","means":"Shotgun only; shot type depends on species per state law. No archery, rifles, pistols, or muzzleloaders.","links":[{"label":"Stillhouse Hollow Lake (USACE)","url":"https://www.swf-wc.usace.army.mil/stillhouse/"},{"label":"TPWD Outdoor Annual seasons","url":"https://tpwd.texas.gov/regulations/outdoor-annual/hunting/"},{"label":"Hunting map (USACE)","url":"https://usace-swf.maps.arcgis.com/apps/webappviewer/index.html?id=c9c0e84a4b354374aad1bb0f97275b38"},{"label":"District hunting guide (PDF)","url":"https://www.swf-wc.usace.army.mil/lake/Fort%20Worth%20District%20Hunting%20Guide%202026-2027_FINAL_11%20AUG%202026.pdf"}],"mapPdfUrl":"","pdfUrl":"","aerialPdfUrl":"","registration":"none","legalGameTags":[],"legalGameText":"Shotgun only; shot type depends on species per state law. No archery, rifles, pistols, or muzzleloaders.","species":["dove","other_migratory","quail","waterfowl"],"methods":["shotgun"],"access":["corps_permit"],"complexes":[],"hasEpostcard":false,"hasRegularPermit":false,"epostcardUrl":"","countySlugs":["bell"],"bookletPage":null,"bookletPdfPage":null,"bookletUrl":"","boundaryNote":"Map boundary is the Corps project land from USGS PAD-US, not the hunt compartments in the lake PDF.","accessPoints":[{"name":"Dana Peak Park","kind":"park","lon":-97.60993,"lat":31.02956},{"name":"Union Grove Park","kind":"park","lon":-97.61907,"lat":31.01453}],"lon":-97.60264,"lat":31.01345},"geometry":{"type":"Polygon","coordinates":[[[-97.53176,31.04475],[-97.53374,31.04868],[-97.53456,31.04582],[-97.53881,31.04808],[-97.53947,31.04631],[-97.53788,31.0437],[-97.54062,31.04412],[-97.54207,31.04744],[-97.54275,31.04534],[-97.54572,31.04636],[-97.54413,31.04155],[-97.54829,31.04259],[-97.54931,31.03898],[-97.55031,31.04137],[-97.55375,31.04006],[-97.55497,31.04388],[-97.55707,31.04103],[-97.55866,31.04148],[-97.55975,31.03606],[-97.56192,31.0367],[-97.56161,31.04231],[-97.56596,31.04416],[-97.57265,31.0406],[-97.57227,31.03811],[-97.57418,31.03619],[-97.57551,31.03977],[-97.57748,31.03841],[-97.57875,31.04135],[-97.58301,31.0434],[-97.5846,31.0416],[-97.58664,31.04538],[-97.59064,31.04253],[-97.59188,31.03796],[-97.60013,31.04458],[-97.60258,31.03704],[-97.60489,31.03903],[-97.60766,31.03627],[-97.60502,31.03294],[-97.61433,31.03084],[-97.62293,31.0346],[-97.62884,31.03346],[-97.63191,31.03962],[-97.63382,31.03716],[-97.63254,31.03345],[-97.63658,31.03281],[-97.63054,31.02677],[-97.63725,31.0262],[-97.63866,31.0228],[-97.63594,31.02043],[-97.63614,31.01778],[-97.63976,31.01815],[-97.64096,31.02352],[-97.64377,31.02263],[-97.64357,31.0188],[-97.64658,31.01848],[-97.65074,31.02358],[-97.6513,31.01878],[-97.65355,31.02109],[-97.65384,31.01694],[-97.65728,31.0149],[-97.65854,31.01708],[-97.65721,31.02116],[-97.66094,31.02452],[-97.65801,31.02728],[-97.65872,31.02941],[-97.66375,31.02789],[-97.66321,31.02656],[-97.66658,31.02522],[-97.66502,31.02474],[-97.66653,31.0227],[-97.66202,31.02028],[-97.66481,31.01522],[-97.66195,31.01349],[-97.66115,31.01022],[-97.66461,31.01219],[-97.66529,31.00965],[-97.6614,31.00626],[-97.66259,31.00507],[-97.66165,31.00358],[-97.65924,31.00497],[-97.65425,31.00198],[-97.6666,31.00287],[-97.66783,31.00106],[-97.66599,30.99917],[-97.67117,30.99458],[-97.68004,30.99881],[-97.68084,31.00078],[-97.68307,30.99835],[-97.69115,31.00108],[-97.68731,30.99578],[-97.68946,30.99476],[-97.69237,30.99782],[-97.69914,30.99861],[-97.69829,30.99635],[-97.69567,30.99583],[-97.69678,30.99056],[-97.69182,30.99053],[-97.69267,30.98772],[-97.69032,30.98223],[-97.69187,30.98376],[-97.69365,30.98317],[-97.69221,30.97905],[-97.69424,30.97772],[-97.69802,30.98038],[-97.7045,30.98094],[-97.70286,30.97929],[-97.70799,30.97637],[-97.70798,30.97417],[-97.70573,30.97372],[-97.70598,30.96912],[-97.70451,30.96992],[-97.70242,30.96485],[-97.70421,30.96417],[-97.70251,30.96291],[-97.70306,30.95649],[-97.70122,30.95602],[-97.69942,30.95767],[-97.69877,30.95595],[-97.69786,30.95765],[-97.69714,30.96712],[-97.70017,30.97291],[-97.6989,30.97359],[-97.69919,30.97234],[-97.69245,30.96669],[-97.68825,30.96617],[-97.68808,30.96437],[-97.68423,30.96211],[-97.68665,30.9661],[-97.6842,30.96891],[-97.68152,30.96693],[-97.68089,30.96839],[-97.6832,30.97058],[-97.68118,30.97714],[-97.67856,30.97688],[-97.68094,30.98169],[-97.67918,30.9842],[-97.6729,30.98669],[-97.66935,30.98529],[-97.67081,30.98333],[-97.66861,30.98241],[-97.66773,30.98359],[-97.66434,30.98216],[-97.66407,30.98562],[-97.65898,30.98362],[-97.65917,30.98785],[-97.66098,30.98829],[-97.6602,30.99305],[-97.6575,30.9931],[-97.65698,30.99101],[-97.65515,30.9928],[-97.65277,30.99095],[-97.64439,30.99434],[-97.64242,30.9932],[-97.64372,30.99702],[-97.64185,31.00122],[-97.64332,31.00355],[-97.64006,31.006],[-97.63845,31.00472],[-97.63652,30.99695],[-97.63291,30.99802],[-97.63194,31.00154],[-97.63312,31.00452],[-97.62934,31.00347],[-97.62722,31.00614],[-97.62061,31.00232],[-97.61977,31.00036],[-97.60633,31.00024],[-97.60281,31.00128],[-97.5988,31.00506],[-97.59261,31.00136],[-97.59264,30.99552],[-97.5816,30.99452],[-97.58082,30.99944],[-97.57749,30.99737],[-97.57561,31.00297],[-97.57269,30.99933],[-97.57148,31.00256],[-97.56533,31.00063],[-97.56483,31.00289],[-97.5617,31.00247],[-97.56554,31.00718],[-97.55997,31.00399],[-97.55884,31.00709],[-97.55641,31.00671],[-97.55375,31.00871],[-97.55413,31.00674],[-97.54946,31.0072],[-97.54952,31.00267],[-97.55386,31.00286],[-97.55161,31.00155],[-97.55442,31.00028],[-97.55191,30.99888],[-97.55383,30.99355],[-97.55009,30.99234],[-97.54897,30.99478],[-97.54758,30.99398],[-97.54617,30.99555],[-97.54769,30.99695],[-97.54689,30.99867],[-97.54494,30.99906],[-97.53423,30.99504],[-97.53373,30.99919],[-97.53721,31.00615],[-97.5342,31.00567],[-97.53384,31.00818],[-97.52346,31.01781],[-97.5147,31.0208],[-97.51491,31.02198],[-97.52377,31.02375],[-97.52592,31.03113],[-97.52901,31.03197],[-97.52591,31.03778],[-97.52714,31.03724],[-97.52733,31.03879],[-97.52539,31.04032],[-97.52566,31.0431],[-97.52759,31.04362],[-97.53031,31.04029],[-97.52991,31.04755],[-97.53176,31.04475]]]}},{"type":"Feature","id":"usace-town-bluff","properties":{"id":"usace-town-bluff","unitIds":["usace-town-bluff"],"name":"Town Bluff Dam & B.A. Steinhagen Lake","counties":["Jasper","Tyler"],"region":"Pineywoods","acres":875,"type":"corps_lake","source":"usace","managingAgency":"USACE Fort Worth District","permitRequired":false,"permitInfo":"No USACE hunting permit required. Follow the Texas Outdoor Annual for Jasper and Tyler counties. Hog hunting is allowed only during deer season. Baiting is prohibited. Alligator only in conjunction with TPWD special hunts.","permitCost":"No permit required.","means":"Archery and muzzleloaders allowed. Shotgun slugs/sabots for deer and feral hog during general season; other game limited to non-toxic #2 shot or smaller. No rifles or pistols.","links":[{"label":"Town Bluff / B.A. Steinhagen (USACE)","url":"https://www.swf-wc.usace.army.mil/townbluff/"},{"label":"TPWD Outdoor Annual seasons","url":"https://tpwd.texas.gov/regulations/outdoor-annual/hunting/"},{"label":"Hunting map (USACE)","url":"https://usace-swf.maps.arcgis.com/apps/webappviewer/index.html?id=1199c0b4a0f24ddfa19e22d7deb1fb68"},{"label":"District hunting guide (PDF)","url":"https://www.swf-wc.usace.army.mil/lake/Fort%20Worth%20District%20Hunting%20Guide%202026-2027_FINAL_11%20AUG%202026.pdf"}],"mapPdfUrl":"","pdfUrl":"","aerialPdfUrl":"","registration":"none","legalGameTags":[],"legalGameText":"Archery and muzzleloaders allowed. Shotgun slugs/sabots for deer and feral hog during general season; other game limited to non-toxic #2 shot or smaller. No rifles or pistols.","species":["dove","feral_hog","quail","rabbit","squirrel","waterfowl","white_tailed_deer"],"methods":["archery","muzzleloader","shotgun"],"access":["corps_permit"],"complexes":[],"hasEpostcard":false,"hasRegularPermit":false,"epostcardUrl":"","countySlugs":["jasper","tyler"],"bookletPage":null,"bookletPdfPage":null,"bookletUrl":"","boundaryNote":"Map boundary is the Corps project land from USGS PAD-US, not the hunt compartments in the lake PDF.","lon":-94.20283,"lat":30.84372},"geometry":{"type":"MultiPolygon","coordinates":[[[[-94.18316,30.80215],[-94.19857,30.81628],[-94.19412,30.81356],[-94.18289,30.8022],[-94.18274,30.79785],[-94.18316,30.80215]]],[[[-94.20833,30.82754],[-94.20667,30.82807],[-94.20559,30.82559],[-94.20223,30.8247],[-94.19819,30.81652],[-94.20833,30.82754]]],[[[-94.19504,30.84978],[-94.19049,30.84567],[-94.19086,30.84369],[-94.19504,30.84978]]],[[[-94.19577,30.84815],[-94.19547,30.8476],[-94.19597,30.84787],[-94.19577,30.84815]]],[[[-94.19525,30.84997],[-94.19536,30.85024],[-94.19504,30.84978],[-94.19525,30.84997]]],[[[-94.19536,30.85024],[-94.19692,30.85252],[-94.19627,30.85256],[-94.19536,30.85024]]],[[[-94.19631,30.85266],[-94.19511,30.85264],[-94.19627,30.85256],[-94.19631,30.85266]]],[[[-94.19493,30.85359],[-94.18369,30.853],[-94.19589,30.85326],[-94.19493,30.85359]]],[[[-94.20077,30.85346],[-94.20303,30.85316],[-94.203,30.8535],[-94.20077,30.85346]]],[[[-94.22374,30.8516],[-94.22628,30.85094],[-94.22748,30.85718],[-94.23394,30.85933],[-94.23875,30.85868],[-94.24137,30.85552],[-94.24454,30.85808],[-94.23897,30.86031],[-94.23644,30.86266],[-94.23629,30.86457],[-94.23996,30.865],[-94.24385,30.86817],[-94.24397,30.87126],[-94.24739,30.87551],[-94.24764,30.87983],[-94.24568,30.8828],[-94.2473,30.88516],[-94.24295,30.88719],[-94.24339,30.89098],[-94.23723,30.89464],[-94.23784,30.88498],[-94.23582,30.88179],[-94.23139,30.87952],[-94.23451,30.87406],[-94.23282,30.86825],[-94.22936,30.86762],[-94.228,30.86501],[-94.2191,30.8601],[-94.23276,30.86281],[-94.21883,30.85999],[-94.22017,30.85829],[-94.21689,30.85333],[-94.2182,30.85001],[-94.21353,30.84577],[-94.20242,30.85002],[-94.20719,30.84172],[-94.20424,30.84009],[-94.20252,30.83671],[-94.20639,30.84025],[-94.20531,30.83683],[-94.20732,30.83047],[-94.20667,30.82807],[-94.20962,30.82789],[-94.21336,30.8321],[-94.21712,30.83256],[-94.21644,30.83646],[-94.21994,30.83652],[-94.22376,30.83893],[-94.22072,30.84117],[-94.22407,30.84445],[-94.22374,30.8516]]],[[[-94.17713,30.79794],[-94.17724,30.79778],[-94.17737,30.79782],[-94.17713,30.79794]]],[[[-94.16356,30.80609],[-94.17449,30.79866],[-94.16764,30.79469],[-94.16823,30.79383],[-94.17792,30.79474],[-94.17925,30.79363],[-94.18113,30.79506],[-94.16356,30.80609]]],[[[-94.16805,30.80749],[-94.16682,30.8077],[-94.16668,30.80675],[-94.16805,30.80749]]],[[[-94.16908,30.80929],[-94.16847,30.80877],[-94.1686,30.80829],[-94.16908,30.80929]]],[[[-94.17164,30.81328],[-94.17038,30.81512],[-94.17202,30.8144],[-94.1723,30.81787],[-94.1705,30.81679],[-94.16816,30.81907],[-94.17145,30.81821],[-94.17288,30.82433],[-94.16986,30.8214],[-94.16541,30.82104],[-94.16191,30.82759],[-94.15766,30.82807],[-94.15704,30.82675],[-94.15095,30.83212],[-94.15552,30.83049],[-94.15709,30.8327],[-94.16071,30.83084],[-94.1617,30.83309],[-94.15806,30.83402],[-94.15443,30.83214],[-94.15106,30.8324],[-94.14283,30.83607],[-94.14284,30.83049],[-94.15028,30.83041],[-94.15028,30.82935],[-94.15518,30.82618],[-94.15369,30.82275],[-94.14035,30.82132],[-94.14839,30.81573],[-94.15365,30.81702],[-94.1537,30.81402],[-94.15731,30.81397],[-94.158,30.81106],[-94.16228,30.80703],[-94.16587,30.80586],[-94.16449,30.80876],[-94.16634,30.80682],[-94.16648,30.80803],[-94.16367,30.80937],[-94.16784,30.80798],[-94.16937,30.8122],[-94.17164,30.81328]]],[[[-94.1728,30.82505],[-94.17287,30.82493],[-94.17287,30.82516],[-94.1728,30.82505]]],[[[-94.1612,30.83105],[-94.16133,30.83077],[-94.16156,30.83127],[-94.1612,30.83105]]],[[[-94.1771,30.84911],[-94.17718,30.84863],[-94.17786,30.84874],[-94.1771,30.84911]]],[[[-94.1755,30.85314],[-94.17569,30.85287],[-94.18298,30.85316],[-94.1755,30.85314]]]]}},{"type":"Feature","id":"usace-waco","properties":{"id":"usace-waco","unitIds":["usace-waco"],"name":"Waco Lake","counties":["McLennan"],"region":"Austin/Waco","acres":3000,"type":"corps_lake","source":"usace","managingAgency":"USACE Fort Worth District","permitRequired":true,"permitInfo":"USACE permit required for all hunters regardless of game, available through Recreation.gov (valid Aug 15 - Aug 31). Hunters 17 and older need a permit; ages 13-16 must be accompanied by a permitted hunter; under 13 may not hunt. Hunting is limited to designated Wildlife Management Areas. Small game may be hunted any time except during open deer season.","permitCost":"Permit required for all hunters (Recreation.gov).","means":"Archery only for deer, feral hog, and exotics, regardless of season. Shotgun (non-toxic #2 shot or smaller) for waterfowl, dove, and small game. No rifles, pistols, muzzleloaders, or slugs.","links":[{"label":"Waco Lake hunting (USACE)","url":"https://www.swf-wc.usace.army.mil/waco/"},{"label":"Permit (Recreation.gov)","url":"https://www.recreation.gov/"},{"label":"TPWD Outdoor Annual seasons","url":"https://tpwd.texas.gov/regulations/outdoor-annual/hunting/"},{"label":"Hunting map (USACE)","url":"https://usace-swf.maps.arcgis.com/apps/webappviewer/index.html?id=4160eb459622469f91e44f13f81cc86c"},{"label":"District hunting guide (PDF)","url":"https://www.swf-wc.usace.army.mil/lake/Fort%20Worth%20District%20Hunting%20Guide%202026-2027_FINAL_11%20AUG%202026.pdf"}],"mapPdfUrl":"","pdfUrl":"","aerialPdfUrl":"","registration":"none","legalGameTags":[],"legalGameText":"Archery only for deer, feral hog, and exotics, regardless of season. Shotgun (non-toxic #2 shot or smaller) for waterfowl, dove, and small game. No rifles, pistols, muzzleloaders, or slugs.","species":["dove","exotic_mammals","feral_hog","rabbit","squirrel","waterfowl","white_tailed_deer"],"methods":["archery","shotgun"],"access":["corps_permit"],"complexes":[],"hasEpostcard":false,"hasRegularPermit":false,"epostcardUrl":"","countySlugs":["mclennan"],"bookletPage":null,"bookletPdfPage":null,"bookletUrl":"","boundaryNote":"Map boundary is the Corps project land from USGS PAD-US, not the hunt compartments in the lake PDF.","lon":-97.24384,"lat":31.56447},"geometry":{"type":"MultiPolygon","coordinates":[[[[-97.28386,31.46078],[-97.28386,31.46079],[-97.28379,31.46069],[-97.28386,31.46078]]],[[[-97.28159,31.47248],[-97.28019,31.47397],[-97.27672,31.47372],[-97.27662,31.47521],[-97.28297,31.47468],[-97.27427,31.47879],[-97.27393,31.47576],[-97.26997,31.47654],[-97.27603,31.47466],[-97.27508,31.47428],[-97.27886,31.46064],[-97.28386,31.46079],[-97.28048,31.46373],[-97.28293,31.46716],[-97.28105,31.46773],[-97.28159,31.47248]]],[[[-97.29181,31.60435],[-97.28255,31.60955],[-97.28272,31.61122],[-97.28515,31.61114],[-97.28624,31.61527],[-97.28482,31.61314],[-97.28311,31.61303],[-97.28338,31.61446],[-97.27725,31.61102],[-97.27802,31.61224],[-97.27362,31.61377],[-97.26768,31.61153],[-97.26685,31.61404],[-97.26619,31.60806],[-97.26027,31.61103],[-97.25444,31.60242],[-97.25257,31.60342],[-97.25353,31.60177],[-97.25019,31.60328],[-97.24779,31.60774],[-97.24474,31.60363],[-97.24242,31.60971],[-97.24307,31.61219],[-97.23909,31.61424],[-97.23176,31.60507],[-97.2315,31.60202],[-97.22973,31.60165],[-97.2274,31.60517],[-97.22527,31.60506],[-97.21604,31.59937],[-97.20958,31.60283],[-97.20601,31.59741],[-97.19783,31.60238],[-97.19429,31.60141],[-97.19749,31.59597],[-97.19455,31.59387],[-97.19562,31.58987],[-97.19199,31.58544],[-97.19196,31.58338],[-97.19414,31.58153],[-97.19059,31.57732],[-97.19343,31.57283],[-97.1927,31.57079],[-97.19108,31.57172],[-97.18932,31.56989],[-97.19215,31.56901],[-97.19029,31.56736],[-97.19037,31.56421],[-97.18873,31.56413],[-97.19022,31.56331],[-97.18848,31.55989],[-97.19079,31.56297],[-97.19227,31.5625],[-97.19329,31.56784],[-97.19573,31.56524],[-97.19433,31.56938],[-97.19605,31.57123],[-97.20163,31.56629],[-97.20538,31.56531],[-97.20718,31.56275],[-97.20491,31.5618],[-97.2065,31.56075],[-97.20297,31.55494],[-97.20843,31.55909],[-97.20997,31.55617],[-97.21031,31.55876],[-97.21199,31.55783],[-97.2135,31.55349],[-97.21218,31.55092],[-97.21341,31.54607],[-97.20826,31.54615],[-97.21239,31.54535],[-97.21483,31.54001],[-97.21803,31.53825],[-97.22055,31.54076],[-97.22074,31.53712],[-97.22273,31.53488],[-97.2216,31.53344],[-97.2282,31.53088],[-97.22817,31.52799],[-97.22595,31.52739],[-97.22373,31.52352],[-97.22553,31.52239],[-97.22326,31.52085],[-97.22808,31.52134],[-97.23528,31.5177],[-97.23673,31.51771],[-97.23725,31.51997],[-97.23839,31.51933],[-97.23795,31.51731],[-97.2449,31.51085],[-97.2422,31.50803],[-97.24625,31.50978],[-97.24752,31.50823],[-97.24653,31.50449],[-97.25035,31.50184],[-97.24807,31.5015],[-97.24821,31.50032],[-97.25176,31.50033],[-97.251,31.49844],[-97.25267,31.49987],[-97.25516,31.49639],[-97.25391,31.49588],[-97.25598,31.49603],[-97.25733,31.49419],[-97.25684,31.49287],[-97.27007,31.48598],[-97.26767,31.48255],[-97.27885,31.47679],[-97.27668,31.4816],[-97.27422,31.48154],[-97.27484,31.48373],[-97.28372,31.48262],[-97.27363,31.48509],[-97.27143,31.4877],[-97.27329,31.49033],[-97.27971,31.49075],[-97.27854,31.49133],[-97.28306,31.49322],[-97.28491,31.49747],[-97.28229,31.49377],[-97.27612,31.49452],[-97.27458,31.49252],[-97.27197,31.49226],[-97.26821,31.49342],[-97.26988,31.49492],[-97.27298,31.49424],[-97.27119,31.49582],[-97.27388,31.49616],[-97.27273,31.49989],[-97.27379,31.50162],[-97.26917,31.50303],[-97.27032,31.50545],[-97.26917,31.50826],[-97.27082,31.50852],[-97.27769,31.51788],[-97.26929,31.52079],[-97.26759,31.51845],[-97.26237,31.52083],[-97.26007,31.51768],[-97.25472,31.521],[-97.26213,31.52917],[-97.25744,31.53193],[-97.25485,31.52827],[-97.2515,31.53009],[-97.24859,31.52578],[-97.24687,31.52997],[-97.24414,31.53059],[-97.25844,31.55021],[-97.25167,31.55386],[-97.25215,31.55571],[-97.25677,31.55529],[-97.25554,31.55693],[-97.25244,31.55702],[-97.25242,31.56006],[-97.25424,31.56113],[-97.24955,31.56333],[-97.25176,31.56667],[-97.25025,31.56744],[-97.24796,31.56417],[-97.24161,31.5673],[-97.24384,31.56797],[-97.24662,31.57352],[-97.25009,31.57188],[-97.253,31.5765],[-97.26331,31.57493],[-97.27435,31.59071],[-97.27433,31.58938],[-97.27653,31.59028],[-97.27521,31.5919],[-97.27755,31.59407],[-97.27616,31.59475],[-97.27657,31.59647],[-97.28086,31.59981],[-97.28209,31.59752],[-97.28299,31.59928],[-97.28765,31.59575],[-97.29085,31.59555],[-97.29519,31.59718],[-97.29483,31.59824],[-97.29876,31.59787],[-97.29837,31.59915],[-97.30172,31.60078],[-97.30311,31.59925],[-97.30451,31.6072],[-97.30829,31.6094],[-97.30807,31.61407],[-97.31559,31.61399],[-97.32941,31.60529],[-97.33517,31.60595],[-97.34138,31.60914],[-97.33781,31.60817],[-97.32585,31.61329],[-97.32497,31.61145],[-97.3173,31.61567],[-97.31789,31.61681],[-97.31083,31.61656],[-97.30994,31.61951],[-97.30991,31.6182],[-97.30132,31.61736],[-97.29651,31.61415],[-97.29483,31.60622],[-97.29181,31.60435]]]]}},{"type":"Feature","id":"usace-whitney","properties":{"id":"usace-whitney","unitIds":["usace-whitney"],"name":"Whitney Lake","counties":["Bosque","Hill"],"region":"Austin/Waco","acres":14000,"type":"corps_lake","source":"usace","managingAgency":"USACE Fort Worth District","permitRequired":true,"permitInfo":"USACE hunting permit required. Hunters 17 and older purchase a permit through Recreation.gov; one permit covers both Whitney and Aquilla Lakes for all authorized game and seasons. Hunters 12-16 must be accompanied by a permitted adult.","permitCost":"See Recreation.gov (combined Whitney/Aquilla permit).","means":"Archery only for deer and feral hog (crossbows allowed). Shotgun limited to non-toxic #2 shot or smaller for dove, squirrel, rabbit, waterfowl, and turkey. No rifles, pistols, muzzleloaders, slugs, sabots, or buckshot.","links":[{"label":"Hunting permit (Recreation.gov)","url":"https://www.recreation.gov/permits/5303030"},{"label":"Whitney Lake hunting (USACE)","url":"https://www.swf-wc.usace.army.mil/whitney/"},{"label":"Permit (Recreation.gov)","url":"https://www.recreation.gov/"},{"label":"TPWD Outdoor Annual seasons","url":"https://tpwd.texas.gov/regulations/outdoor-annual/hunting/"},{"label":"Interactive hunting map (USACE)","url":"https://arcg.is/0uS01W2"},{"label":"District hunting guide (PDF)","url":"https://www.swf-wc.usace.army.mil/lake/Fort%20Worth%20District%20Hunting%20Guide%202026-2027_FINAL_11%20AUG%202026.pdf"}],"mapPdfUrl":"https://www.swf-wc.usace.army.mil/whitney/maps/WH_2025_Map.pdf","pdfUrl":"","aerialPdfUrl":"","registration":"none","legalGameTags":[],"legalGameText":"Archery only for deer and feral hog (crossbows allowed). Shotgun limited to non-toxic #2 shot or smaller for dove, squirrel, rabbit, waterfowl, and turkey. No rifles, pistols, muzzleloaders, slugs, sabots, or buckshot.","species":["dove","feral_hog","rabbit","squirrel","turkey","waterfowl","white_tailed_deer"],"methods":["archery","shotgun"],"access":["corps_permit"],"complexes":[],"hasEpostcard":false,"hasRegularPermit":false,"epostcardUrl":"","countySlugs":["bosque","hill"],"bookletPage":null,"bookletPdfPage":null,"bookletUrl":"","boundaryNote":"Map boundary is the hatched hunting area from the Corps 2025 hunting map. Parks and other closed land are left out. Entry points are the labeled access points on that map, and parking is taken from the Corps park and ramp list. Confirm every compartment on the official map before you hunt.","accessPoints":[{"name":"Ham Creek Access","kind":"boat_ramp","lon":-97.48753,"lat":32.17222},{"name":"Steele Creek Park","kind":"boat_ramp","lon":-97.44914,"lat":32.00585},{"name":"Access B1","kind":"entry","lon":-97.49445,"lat":32.11559},{"name":"Access B2","kind":"entry","lon":-97.4937,"lat":32.09102},{"name":"Access B3","kind":"entry","lon":-97.49716,"lat":32.07749},{"name":"Access B4","kind":"entry","lon":-97.50524,"lat":32.05692},{"name":"Access B5","kind":"entry","lon":-97.45898,"lat":31.99594},{"name":"Access B6","kind":"entry","lon":-97.41166,"lat":31.97915},{"name":"Access B7","kind":"entry","lon":-97.43541,"lat":31.96564},{"name":"Access B8","kind":"entry","lon":-97.43999,"lat":31.91458},{"name":"Access B9","kind":"entry","lon":-97.41424,"lat":31.87285},{"name":"Cedar Creek","kind":"park","lon":-97.37322,"lat":31.99018},{"name":"Cedron Creek","kind":"park","lon":-97.48581,"lat":31.94327},{"name":"Kimball Bend","kind":"park","lon":-97.4956,"lat":32.12303},{"name":"Lofers Bend East","kind":"park","lon":-97.35558,"lat":31.88434},{"name":"Lofers Bend West","kind":"park","lon":-97.36312,"lat":31.87953},{"name":"Lofers Day Use","kind":"park","lon":-97.35942,"lat":31.88678},{"name":"McCown Valley","kind":"park","lon":-97.40063,"lat":31.94427},{"name":"Plowman Creek","kind":"park","lon":-97.49713,"lat":32.06829},{"name":"Walling Bend","kind":"park","lon":-97.40115,"lat":31.89425}],"lon":-97.43028,"lat":32.01815},"geometry":{"type":"MultiPolygon","coordinates":[[[[-97.43157,31.91172],[-97.42978,31.91325],[-97.42712,31.91096],[-97.42445,31.91172],[-97.4245,31.90867],[-97.42718,31.90943],[-97.4308,31.90715],[-97.43166,31.90944],[-97.43521,31.90944],[-97.43614,31.90791],[-97.4361,31.9102],[-97.43787,31.9102],[-97.43962,31.91249],[-97.43157,31.91172]]],[[[-97.45103,31.92011],[-97.44213,31.91859],[-97.43861,31.91554],[-97.44313,31.91401],[-97.4449,31.91554],[-97.45198,31.91707],[-97.45103,31.92011]]],[[[-97.44717,31.9323],[-97.44534,31.93383],[-97.44086,31.93383],[-97.44097,31.92849],[-97.43746,31.92697],[-97.43575,31.92315],[-97.43845,31.92316],[-97.43754,31.92468],[-97.44287,31.92468],[-97.44285,31.92621],[-97.44464,31.92544],[-97.44726,31.92773],[-97.44629,31.93078],[-97.44717,31.9323]]],[[[-97.46815,31.94984],[-97.4538,31.95212],[-97.44929,31.95517],[-97.44213,31.95516],[-97.44388,31.95669],[-97.44293,31.95973],[-97.44557,31.9605],[-97.44464,31.96202],[-97.4455,31.96431],[-97.44458,31.96431],[-97.44542,31.96736],[-97.44717,31.96812],[-97.44533,31.97117],[-97.44087,31.9704],[-97.44085,31.97193],[-97.43191,31.97192],[-97.43276,31.97421],[-97.42916,31.97497],[-97.42483,31.96887],[-97.42129,31.96811],[-97.42139,31.96353],[-97.41966,31.96201],[-97.41969,31.95972],[-97.42237,31.96049],[-97.42863,31.95973],[-97.43046,31.95744],[-97.43313,31.95821],[-97.43226,31.95668],[-97.43317,31.95592],[-97.4314,31.95516],[-97.43323,31.95363],[-97.4243,31.95439],[-97.42345,31.95287],[-97.42436,31.95211],[-97.42348,31.95058],[-97.42713,31.94754],[-97.42893,31.94754],[-97.43257,31.94449],[-97.43259,31.94297],[-97.44066,31.94221],[-97.44419,31.94373],[-97.44503,31.94678],[-97.44858,31.94678],[-97.44951,31.94526],[-97.45036,31.94755],[-97.4709,31.94603],[-97.47089,31.94756],[-97.46819,31.94755],[-97.46815,31.94984]]],[[[-97.42003,31.98411],[-97.42358,31.98411],[-97.42349,31.98868],[-97.42436,31.98868],[-97.42336,31.99402],[-97.42157,31.99249],[-97.41447,31.99173],[-97.41449,31.9902],[-97.41183,31.9902],[-97.41009,31.98791],[-97.4083,31.98868],[-97.40745,31.98639],[-97.40481,31.98563],[-97.40572,31.9841],[-97.3986,31.9841],[-97.39427,31.97876],[-97.39534,31.97038],[-97.39715,31.97038],[-97.39718,31.9681],[-97.399,31.96657],[-97.40081,31.96657],[-97.39995,31.96429],[-97.40176,31.96429],[-97.40268,31.962],[-97.40536,31.96276],[-97.40629,31.96124],[-97.41676,31.97115],[-97.41583,31.97268],[-97.41668,31.97496],[-97.41577,31.97496],[-97.41748,31.97801],[-97.41655,31.9803],[-97.41921,31.9803],[-97.42003,31.98411]]],[[[-97.50959,32.00701],[-97.49171,32.00776],[-97.4927,32.00319],[-97.45702,32.00318],[-97.45617,32.00089],[-97.45262,32.00089],[-97.45355,31.99936],[-97.45267,31.99784],[-97.44734,31.99784],[-97.44643,31.99936],[-97.44463,31.99936],[-97.44291,31.99555],[-97.44745,31.99326],[-97.44749,31.99098],[-97.4484,31.99098],[-97.44752,31.98946],[-97.45468,31.98946],[-97.45552,31.99251],[-97.46174,31.99251],[-97.46535,31.99099],[-97.46613,31.99632],[-97.47147,31.99632],[-97.47234,31.99785],[-97.47143,31.99861],[-97.47407,32.00014],[-97.48119,32.00014],[-97.48212,31.99862],[-97.48208,32.0009],[-97.49275,32.00167],[-97.49361,32.00395],[-97.50787,32.00396],[-97.50959,32.00701]]],[[[-97.51413,32.04054],[-97.51767,32.0413],[-97.51763,32.04359],[-97.51938,32.04435],[-97.52023,32.04664],[-97.52289,32.0474],[-97.5193,32.0474],[-97.51579,32.04435],[-97.50599,32.04435],[-97.50685,32.04663],[-97.50594,32.04663],[-97.50679,32.04892],[-97.50588,32.04968],[-97.50675,32.04968],[-97.50672,32.05197],[-97.51915,32.0535],[-97.52088,32.05578],[-97.51997,32.05731],[-97.51817,32.05731],[-97.51635,32.05959],[-97.51546,32.05807],[-97.5119,32.05807],[-97.51099,32.05959],[-97.50919,32.05959],[-97.51005,32.06188],[-97.50733,32.06264],[-97.50819,32.06492],[-97.50547,32.06568],[-97.50456,32.06721],[-97.50278,32.06644],[-97.50371,32.06492],[-97.50285,32.06263],[-97.49662,32.06263],[-97.49583,32.05806],[-97.49404,32.05958],[-97.49049,32.05806],[-97.48768,32.06415],[-97.48586,32.06491],[-97.48655,32.07406],[-97.48834,32.07253],[-97.48923,32.07406],[-97.49278,32.07406],[-97.49549,32.07177],[-97.50085,32.07254],[-97.50538,32.06949],[-97.50711,32.07254],[-97.51239,32.07483],[-97.51148,32.07635],[-97.50521,32.07635],[-97.49704,32.08244],[-97.4952,32.08549],[-97.4925,32.08549],[-97.49244,32.08854],[-97.48971,32.09006],[-97.48785,32.09311],[-97.48774,32.09844],[-97.48588,32.10149],[-97.48315,32.10301],[-97.48401,32.1053],[-97.4831,32.1053],[-97.48395,32.10758],[-97.48302,32.10911],[-97.49369,32.10987],[-97.49808,32.11369],[-97.50429,32.11445],[-97.49884,32.11902],[-97.49167,32.11978],[-97.49254,32.1213],[-97.49156,32.12511],[-97.49498,32.13045],[-97.49396,32.13655],[-97.48403,32.14111],[-97.48046,32.14035],[-97.47964,32.13654],[-97.4833,32.13349],[-97.48065,32.13273],[-97.48247,32.13121],[-97.48161,32.12892],[-97.48252,32.12892],[-97.4826,32.12587],[-97.48094,32.11978],[-97.47384,32.11901],[-97.46945,32.1152],[-97.46053,32.11596],[-97.45977,32.10986],[-97.46159,32.1091],[-97.4627,32.09919],[-97.45558,32.09919],[-97.45285,32.10224],[-97.44657,32.103],[-97.44467,32.10833],[-97.4375,32.10909],[-97.43835,32.11137],[-97.43657,32.10985],[-97.42766,32.10984],[-97.42661,32.11746],[-97.42833,32.11975],[-97.42562,32.12051],[-97.42298,32.11822],[-97.41584,32.11898],[-97.41664,32.12356],[-97.41571,32.12508],[-97.41833,32.1266],[-97.41999,32.1327],[-97.41547,32.13422],[-97.41358,32.13956],[-97.40822,32.13879],[-97.4062,32.14946],[-97.4044,32.14946],[-97.40441,32.14793],[-97.40263,32.1487],[-97.40192,32.14031],[-97.40372,32.14031],[-97.40376,32.13803],[-97.40467,32.13803],[-97.40382,32.13574],[-97.40655,32.13422],[-97.4067,32.12812],[-97.40231,32.12507],[-97.40071,32.11669],[-97.39896,32.11593],[-97.39898,32.1144],[-97.40261,32.11288],[-97.40268,32.10907],[-97.40447,32.1106],[-97.40714,32.10983],[-97.40802,32.11136],[-97.4214,32.1106],[-97.42054,32.10832],[-97.42146,32.10832],[-97.42153,32.10451],[-97.42517,32.10222],[-97.4261,32.09994],[-97.42791,32.09994],[-97.42616,32.09765],[-97.42796,32.09765],[-97.42709,32.09613],[-97.42802,32.0946],[-97.42625,32.0946],[-97.42627,32.09308],[-97.43257,32.09156],[-97.43891,32.08699],[-97.44159,32.08775],[-97.44073,32.08547],[-97.44164,32.08547],[-97.44079,32.08318],[-97.44171,32.08166],[-97.43997,32.08089],[-97.44,32.07861],[-97.4454,32.07785],[-97.44625,32.08013],[-97.44532,32.08166],[-97.44792,32.08471],[-97.45415,32.08471],[-97.45426,32.07938],[-97.46142,32.07938],[-97.46055,32.07785],[-97.46146,32.07709],[-97.46501,32.07862],[-97.46586,32.08091],[-97.46495,32.08167],[-97.47207,32.08167],[-97.4712,32.08015],[-97.47213,32.07938],[-97.47127,32.0771],[-97.47218,32.0771],[-97.47133,32.07481],[-97.47226,32.07329],[-97.47138,32.07329],[-97.47067,32.06491],[-97.47614,32.0611],[-97.47534,32.05653],[-97.48077,32.05424],[-97.48097,32.0451],[-97.47742,32.0451],[-97.47846,32.03824],[-97.47582,32.03748],[-97.47675,32.03595],[-97.47588,32.03443],[-97.4634,32.03442],[-97.45889,32.03747],[-97.45351,32.03747],[-97.44993,32.03899],[-97.43565,32.03822],[-97.43035,32.03593],[-97.42773,32.03364],[-97.42775,32.03212],[-97.42329,32.03288],[-97.42424,32.02983],[-97.42695,32.02907],[-97.42955,32.03288],[-97.43221,32.03365],[-97.44645,32.03441],[-97.45008,32.03137],[-97.45277,32.03137],[-97.45454,32.03289],[-97.46076,32.0329],[-97.46167,32.03137],[-97.46794,32.03138],[-97.47246,32.02833],[-97.48229,32.02833],[-97.48142,32.02681],[-97.48322,32.02681],[-97.48409,32.02757],[-97.48387,32.03748],[-97.48833,32.03672],[-97.48919,32.03824],[-97.49101,32.03672],[-97.49099,32.03824],[-97.49811,32.03825],[-97.49725,32.03596],[-97.49817,32.03596],[-97.49824,32.03215],[-97.4913,32.02453],[-97.49132,32.023],[-97.49582,32.02224],[-97.49841,32.02682],[-97.50285,32.02682],[-97.50279,32.02987],[-97.50188,32.02987],[-97.50268,32.03444],[-97.50177,32.0352],[-97.50978,32.0352],[-97.50976,32.03673],[-97.5133,32.03749],[-97.51328,32.03902],[-97.51504,32.03902],[-97.51413,32.04054]]],[[[-97.35912,31.88349],[-97.35635,31.8873],[-97.35362,31.88883],[-97.3536,31.89035],[-97.34996,31.89263],[-97.35076,31.89721],[-97.34894,31.89797],[-97.34981,31.89949],[-97.3489,31.89949],[-97.34886,31.90178],[-97.34617,31.90178],[-97.34524,31.90406],[-97.34344,31.90406],[-97.34265,31.89873],[-97.34,31.89873],[-97.33741,31.89492],[-97.33843,31.88882],[-97.34208,31.88653],[-97.3421,31.88501],[-97.34574,31.88196],[-97.35293,31.87968],[-97.35652,31.87968],[-97.35739,31.88121],[-97.35916,31.88121],[-97.35912,31.88349]]],[[[-97.40703,31.93152],[-97.40958,31.93686],[-97.41136,31.9361],[-97.41134,31.93762],[-97.414,31.93762],[-97.41122,31.94296],[-97.40852,31.94295],[-97.40677,31.94067],[-97.40054,31.94067],[-97.39421,31.94447],[-97.39426,31.94142],[-97.38714,31.94142],[-97.388,31.94371],[-97.38616,31.94523],[-97.38612,31.94752],[-97.37798,31.95132],[-97.37883,31.95361],[-97.37701,31.95513],[-97.36714,31.95665],[-97.3645,31.95513],[-97.36452,31.9536],[-97.35651,31.9536],[-97.35476,31.95207],[-97.35569,31.95055],[-97.35484,31.94826],[-97.35575,31.94826],[-97.35491,31.94522],[-97.34956,31.94598],[-97.34602,31.94445],[-97.34604,31.94293],[-97.3398,31.94369],[-97.34073,31.9414],[-97.33896,31.9414],[-97.3381,31.93987],[-97.33645,31.93378],[-97.33201,31.93378],[-97.33292,31.93225],[-97.33117,31.93149],[-97.33121,31.9292],[-97.33033,31.9292],[-97.33037,31.92692],[-97.33485,31.92692],[-97.33411,31.92006],[-97.33232,31.92082],[-97.33234,31.9193],[-97.32879,31.9193],[-97.32697,31.92158],[-97.32427,31.92234],[-97.31892,31.92158],[-97.31799,31.92386],[-97.31353,31.9231],[-97.31351,31.92462],[-97.30897,31.92691],[-97.3081,31.92538],[-97.30566,31.92538],[-97.30475,31.91851],[-97.30847,31.91166],[-97.31197,31.91395],[-97.31193,31.91624],[-97.32351,31.91624],[-97.32264,31.91472],[-97.32355,31.91472],[-97.32269,31.91243],[-97.3236,31.91167],[-97.32628,31.9132],[-97.34056,31.91244],[-97.34052,31.91473],[-97.34314,31.91625],[-97.3431,31.91854],[-97.34483,31.92006],[-97.3439,31.92235],[-97.35188,31.92388],[-97.35359,31.92769],[-97.35089,31.92845],[-97.35353,31.92921],[-97.35262,31.93074],[-97.35439,31.93074],[-97.35532,31.92921],[-97.3579,31.93379],[-97.36589,31.93455],[-97.3713,31.93227],[-97.37136,31.92922],[-97.37314,31.92998],[-97.37316,31.92846],[-97.37497,31.92846],[-97.37498,31.92694],[-97.37681,31.92617],[-97.37686,31.92313],[-97.38234,31.91856],[-97.38238,31.91627],[-97.38688,31.91551],[-97.38595,31.9178],[-97.38766,31.92085],[-97.39569,31.92009],[-97.39831,31.92314],[-97.40274,31.9239],[-97.40618,31.93],[-97.40796,31.92924],[-97.40703,31.93152]]],[[[-97.34679,31.95055],[-97.33781,31.95143],[-97.33606,31.94978],[-97.34233,31.94978],[-97.34593,31.94826],[-97.34679,31.95055]]],[[[-97.37222,32.00542],[-97.37129,32.00695],[-97.36774,32.00542],[-97.36865,32.0039],[-97.36692,32.00237],[-97.367,31.99856],[-97.36886,31.99552],[-97.37241,31.99704],[-97.37414,32.00009],[-97.37679,32.00009],[-97.37676,32.00238],[-97.37406,32.00238],[-97.37401,32.00542],[-97.37222,32.00542]]],[[[-97.3781,32.0199],[-97.37178,32.02295],[-97.37009,32.01914],[-97.37025,32.01152],[-97.3667,32.01152],[-97.3685,32.01075],[-97.36943,32.00847],[-97.37211,32.00923],[-97.37304,32.00695],[-97.37395,32.00695],[-97.37464,32.01609],[-97.3781,32.0199]]],[[[-97.41488,32.0123],[-97.40239,32.01153],[-97.40228,32.01687],[-97.4005,32.01534],[-97.39869,32.01687],[-97.39955,32.01915],[-97.39864,32.01915],[-97.39946,32.02296],[-97.39853,32.02449],[-97.40024,32.02677],[-97.4002,32.02906],[-97.39749,32.02982],[-97.39842,32.0283],[-97.39756,32.02601],[-97.3949,32.02601],[-97.39407,32.02296],[-97.39143,32.0222],[-97.39236,32.02067],[-97.39159,32.01458],[-97.39341,32.01381],[-97.39254,32.01229],[-97.39353,32.00848],[-97.39085,32.00924],[-97.39181,32.00543],[-97.39007,32.00467],[-97.3901,32.00238],[-97.39551,32.00086],[-97.3981,32.00543],[-97.40079,32.00391],[-97.40165,32.00544],[-97.40258,32.00391],[-97.40432,32.00544],[-97.40434,32.00391],[-97.40615,32.00315],[-97.41061,32.00392],[-97.41496,32.00849],[-97.41488,32.0123]]]]}},{"type":"Feature","id":"usace-wright-patman","properties":{"id":"usace-wright-patman","unitIds":["usace-wright-patman"],"name":"Wright Patman Lake","counties":["Bowie","Cass"],"region":"Pineywoods","acres":54358,"type":"corps_lake","source":"usace","managingAgency":"USACE Fort Worth District","permitRequired":true,"permitInfo":"No hunting user fee, but an ATV permit ($20) is required to use ATVs in the Clear Springs and Big Creek Wildlife Management Areas (3,700 acres). ATV permits are distributed first-come at the Clear Springs Park gate house (proof of a certified ATV safety course required). Baiting with corn is allowed by hand spreading or small hanging feeders. Eastern wild turkey hunting is not allowed.","permitCost":"No hunting fee; $20 ATV permit (Archery, Rifle 1, Rifle 2).","means":"Archery, muzzleloaders, and shotguns allowed. Rifles authorized in all areas except due east of US Highway 59, where deer and hogs are restricted to shotgun slugs and archery. Shotguns limited to non-toxic #2 shot or smaller.","links":[{"label":"Wright Patman Lake hunting (USACE)","url":"https://www.swf-wc.usace.army.mil/wrightpatman/"},{"label":"TPWD Outdoor Annual seasons","url":"https://tpwd.texas.gov/regulations/outdoor-annual/hunting/"},{"label":"Hunting map (USACE)","url":"https://usace-swf.maps.arcgis.com/apps/webappviewer/index.html?id=281a9edbdb434ab8a577ae3e85602ed2"},{"label":"Hunting access GPS (PDF)","url":"https://www.swf-wc.usace.army.mil/wrightpatman/pdf/WP_Hunting_GPS_Coordinates.pdf"},{"label":"District hunting guide (PDF)","url":"https://www.swf-wc.usace.army.mil/lake/Fort%20Worth%20District%20Hunting%20Guide%202026-2027_FINAL_11%20AUG%202026.pdf"}],"mapPdfUrl":"","pdfUrl":"","aerialPdfUrl":"","registration":"none","legalGameTags":[],"legalGameText":"Archery, muzzleloaders, and shotguns allowed. Rifles authorized in all areas except due east of US Highway 59, where deer and hogs are restricted to shotgun slugs and archery. Shotguns limited to non-toxic #2 shot or smaller.","species":["dove","feral_hog","rabbit","squirrel","waterfowl","white_tailed_deer"],"methods":["archery","firearm","muzzleloader","shotgun"],"access":["corps_permit"],"complexes":[],"hasEpostcard":false,"hasRegularPermit":false,"epostcardUrl":"","countySlugs":["bowie","cass"],"bookletPage":null,"bookletPdfPage":null,"bookletUrl":"","boundaryNote":"Map boundary is Corps project land from USGS PAD-US, with matched closed areas removed. It is not the hunt compartments in the lake PDF. Confirm closed areas and access on the official map.","accessPoints":[{"name":"WP-11 Flatwoods","kind":"entry","lon":-94.32572,"lat":33.22647},{"name":"WP-14 Overcup","kind":"entry","lon":-94.36475,"lat":33.23655},{"name":"WP-19 Black Point","kind":"entry","lon":-94.40787,"lat":33.24385},{"name":"WP-20 Thomas Lake","kind":"entry","lon":-94.46987,"lat":33.26285},{"name":"WP-25 Mudd Lake, Bassett Creek","kind":"entry","lon":-94.5677,"lat":33.30373},{"name":"WP-26 Picnic Tables, Bassett Creek","kind":"entry","lon":-94.52113,"lat":33.30008},{"name":"WP-30 South Corley","kind":"entry","lon":-94.39077,"lat":33.30357},{"name":"WP-32","kind":"entry","lon":-94.35533,"lat":33.28122},{"name":"WP-34","kind":"entry","lon":-94.35302,"lat":33.28765},{"name":"WP-36 Berry Farm","kind":"entry","lon":-94.27935,"lat":33.27133},{"name":"WP-42 Big Creek ATV","kind":"entry","lon":-94.24093,"lat":33.30937},{"name":"WP-45 Redwater","kind":"entry","lon":-94.25103,"lat":33.34082},{"name":"WP-51 Boy Scout","kind":"entry","lon":-94.24143,"lat":33.3036},{"name":"WP-52 Clear Springs ATV","kind":"entry","lon":-94.24955,"lat":33.33457},{"name":"WP-85 Rice Creek","kind":"entry","lon":-94.41323,"lat":33.34687},{"name":"WP-99 Glenn's Mill","kind":"entry","lon":-94.52097,"lat":33.30023}],"lon":-94.31564,"lat":33.28363},"geometry":{"type":"MultiPolygon","coordinates":[[[[-94.23056,33.22014],[-94.23054,33.22013],[-94.23064,33.21701],[-94.23056,33.22014]]],[[[-94.24941,33.22878],[-94.24064,33.22915],[-94.24079,33.22025],[-94.23056,33.22014],[-94.24081,33.22025],[-94.24066,33.22846],[-94.24941,33.22878]]],[[[-94.22865,33.22527],[-94.22571,33.22526],[-94.22571,33.22525],[-94.22865,33.22527]]],[[[-94.25832,33.22892],[-94.25843,33.22473],[-94.24955,33.22461],[-94.25844,33.22473],[-94.25832,33.22892]]],[[[-94.48363,33.26798],[-94.47828,33.26798],[-94.47829,33.26276],[-94.47236,33.26279],[-94.47241,33.2516],[-94.47834,33.24956],[-94.47833,33.25847],[-94.48362,33.25854],[-94.48363,33.26798]]],[[[-94.40602,33.31586],[-94.41101,33.30456],[-94.39642,33.30006],[-94.39421,33.30501],[-94.38613,33.30239],[-94.38823,33.29777],[-94.39518,33.29995],[-94.39788,33.29371],[-94.38533,33.28984],[-94.38419,33.29216],[-94.36161,33.28508],[-94.36391,33.28016],[-94.35819,33.28035],[-94.35818,33.28877],[-94.3706,33.28876],[-94.37045,33.30861],[-94.35726,33.30879],[-94.35739,33.30251],[-94.34599,33.30249],[-94.34593,33.29908],[-94.33973,33.29926],[-94.33969,33.29433],[-94.33381,33.29429],[-94.3338,33.29882],[-94.33658,33.29927],[-94.33654,33.30163],[-94.3274,33.30268],[-94.32752,33.2904],[-94.3223,33.2904],[-94.32224,33.29452],[-94.31561,33.29444],[-94.31567,33.28599],[-94.30625,33.28593],[-94.30622,33.28743],[-94.27489,33.28753],[-94.27495,33.29568],[-94.26039,33.29614],[-94.26048,33.30347],[-94.25378,33.30342],[-94.25382,33.29776],[-94.25165,33.29775],[-94.25161,33.29973],[-94.24148,33.29909],[-94.24134,33.30929],[-94.25362,33.30937],[-94.25346,33.32109],[-94.25677,33.32112],[-94.25681,33.31753],[-94.26592,33.31686],[-94.26594,33.31077],[-94.26821,33.3108],[-94.26807,33.31931],[-94.27041,33.3193],[-94.27062,33.31073],[-94.2844,33.30922],[-94.28436,33.31532],[-94.28774,33.31546],[-94.28782,33.32133],[-94.2846,33.32142],[-94.2846,33.32434],[-94.28909,33.32436],[-94.29223,33.32707],[-94.30197,33.32712],[-94.30195,33.33401],[-94.30848,33.33402],[-94.30848,33.33731],[-94.31338,33.3374],[-94.31346,33.34142],[-94.29032,33.3378],[-94.29029,33.34713],[-94.28075,33.34706],[-94.28077,33.34362],[-94.26189,33.34351],[-94.26187,33.34007],[-94.25237,33.3412],[-94.25143,33.34334],[-94.2498,33.33478],[-94.24582,33.33478],[-94.24573,33.33829],[-94.23939,33.33832],[-94.23935,33.33492],[-94.23494,33.33486],[-94.23506,33.34501],[-94.21712,33.34618],[-94.21712,33.35184],[-94.21334,33.35178],[-94.21329,33.35715],[-94.21753,33.35718],[-94.2175,33.36097],[-94.22189,33.361],[-94.2219,33.36347],[-94.22527,33.36349],[-94.22522,33.36493],[-94.23073,33.3664],[-94.23627,33.3657],[-94.22698,33.36839],[-94.22485,33.37326],[-94.22228,33.37104],[-94.22228,33.36886],[-94.2182,33.36817],[-94.21827,33.37585],[-94.215,33.37585],[-94.21508,33.36963],[-94.20695,33.37141],[-94.20764,33.3676],[-94.19682,33.37044],[-94.19689,33.36335],[-94.19005,33.36328],[-94.18997,33.37207],[-94.18218,33.37422],[-94.18224,33.36877],[-94.18012,33.36873],[-94.1802,33.36493],[-94.1728,33.36482],[-94.17277,33.36191],[-94.17731,33.36186],[-94.17726,33.35863],[-94.15509,33.35783],[-94.1539,33.35678],[-94.15459,33.35206],[-94.15031,33.35328],[-94.15031,33.34759],[-94.14742,33.34759],[-94.14739,33.34306],[-94.15285,33.33561],[-94.15032,33.33561],[-94.15028,33.32927],[-94.14402,33.32821],[-94.14419,33.32067],[-94.14697,33.32069],[-94.1471,33.31494],[-94.15065,33.31559],[-94.15085,33.30471],[-94.14863,33.30188],[-94.14492,33.30122],[-94.14166,33.29652],[-94.14426,33.29651],[-94.14612,33.29907],[-94.15169,33.2991],[-94.15252,33.29634],[-94.1548,33.29632],[-94.15333,33.27469],[-94.15819,33.27473],[-94.15714,33.27228],[-94.15349,33.27228],[-94.16192,33.26266],[-94.16195,33.26144],[-94.15989,33.26145],[-94.15931,33.25819],[-94.16196,33.2582],[-94.16194,33.25542],[-94.16497,33.25543],[-94.16497,33.25325],[-94.16693,33.25325],[-94.16693,33.25183],[-94.16899,33.25261],[-94.16895,33.25536],[-94.17086,33.25645],[-94.17277,33.25453],[-94.17866,33.2533],[-94.17868,33.25136],[-94.18781,33.25296],[-94.18788,33.24636],[-94.19525,33.24642],[-94.19519,33.2484],[-94.19732,33.24837],[-94.19731,33.24988],[-94.20126,33.24988],[-94.20134,33.24222],[-94.21124,33.24229],[-94.21134,33.23127],[-94.22139,33.23134],[-94.22156,33.2375],[-94.22259,33.2382],[-94.22375,33.23675],[-94.22842,33.23934],[-94.22522,33.23867],[-94.22748,33.24001],[-94.2263,33.24052],[-94.22905,33.24113],[-94.22654,33.24203],[-94.22731,33.2424],[-94.22994,33.2417],[-94.23085,33.24082],[-94.22716,33.23678],[-94.22926,33.23444],[-94.22788,33.23247],[-94.22816,33.22978],[-94.22878,33.23133],[-94.23136,33.23108],[-94.23291,33.23235],[-94.23119,33.23558],[-94.23342,33.23724],[-94.23836,33.23621],[-94.23725,33.23842],[-94.23883,33.23855],[-94.24387,33.23746],[-94.24817,33.23874],[-94.25047,33.24111],[-94.25364,33.23841],[-94.25638,33.23924],[-94.2574,33.23416],[-94.25635,33.23177],[-94.2589,33.23235],[-94.2599,33.23464],[-94.2668,33.23481],[-94.26812,33.23395],[-94.26612,33.23281],[-94.26577,33.23134],[-94.267,33.23077],[-94.26603,33.22757],[-94.26772,33.22722],[-94.26866,33.22993],[-94.26721,33.23159],[-94.26949,33.23218],[-94.26925,33.22628],[-94.26098,33.22649],[-94.26097,33.22901],[-94.261,33.22116],[-94.26442,33.22113],[-94.26361,33.21763],[-94.26105,33.21764],[-94.26106,33.21521],[-94.26435,33.21523],[-94.26432,33.20691],[-94.26864,33.20691],[-94.26856,33.21402],[-94.27036,33.21406],[-94.2704,33.21149],[-94.27206,33.21141],[-94.27199,33.21403],[-94.2737,33.21406],[-94.27362,33.21842],[-94.28545,33.21855],[-94.28565,33.21386],[-94.283,33.21374],[-94.28297,33.20688],[-94.28574,33.20639],[-94.29103,33.20762],[-94.29094,33.21333],[-94.29382,33.21337],[-94.29385,33.21038],[-94.29988,33.21044],[-94.29982,33.21727],[-94.30536,33.21825],[-94.30539,33.21477],[-94.3081,33.21477],[-94.30821,33.2077],[-94.31002,33.20769],[-94.31001,33.20419],[-94.30551,33.2042],[-94.30556,33.19418],[-94.31464,33.19422],[-94.31201,33.19935],[-94.31204,33.20688],[-94.32154,33.2088],[-94.32135,33.21826],[-94.31446,33.22087],[-94.31442,33.22273],[-94.32129,33.22277],[-94.32567,33.22083],[-94.32551,33.24604],[-94.33024,33.24603],[-94.33025,33.24288],[-94.3414,33.24298],[-94.34136,33.24041],[-94.34595,33.24043],[-94.34596,33.23824],[-94.36254,33.23906],[-94.36256,33.23689],[-94.35778,33.23688],[-94.35779,33.23514],[-94.35469,33.2351],[-94.35473,33.23075],[-94.34845,33.228],[-94.34853,33.22404],[-94.35098,33.22412],[-94.35101,33.2218],[-94.35813,33.22183],[-94.35777,33.21524],[-94.36296,33.21532],[-94.363,33.21335],[-94.37043,33.21162],[-94.3705,33.20702],[-94.37538,33.20705],[-94.37544,33.20096],[-94.37983,33.20096],[-94.37975,33.20798],[-94.38528,33.20797],[-94.38525,33.20094],[-94.38661,33.20092],[-94.38657,33.21136],[-94.39262,33.21138],[-94.39262,33.20903],[-94.40381,33.20913],[-94.40375,33.21722],[-94.39865,33.21716],[-94.39862,33.21882],[-94.38422,33.21872],[-94.37736,33.22023],[-94.37641,33.23694],[-94.37292,33.23701],[-94.37552,33.24367],[-94.38451,33.2431],[-94.3845,33.23697],[-94.3866,33.23698],[-94.3865,33.24398],[-94.38926,33.24399],[-94.3893,33.23699],[-94.40775,33.23697],[-94.40779,33.25175],[-94.40964,33.25172],[-94.41204,33.24756],[-94.41676,33.24762],[-94.42069,33.2445],[-94.41997,33.24818],[-94.42179,33.2508],[-94.42384,33.24982],[-94.42143,33.24362],[-94.43637,33.24443],[-94.43639,33.2419],[-94.4421,33.23835],[-94.44215,33.23634],[-94.4542,33.23654],[-94.45399,33.24306],[-94.44706,33.24289],[-94.4469,33.24791],[-94.44111,33.24782],[-94.441,33.25018],[-94.43556,33.2501],[-94.43533,33.25734],[-94.44222,33.25744],[-94.44208,33.26879],[-94.44809,33.26888],[-94.44801,33.26524],[-94.45033,33.26527],[-94.45035,33.26345],[-94.45744,33.26349],[-94.45748,33.26118],[-94.45997,33.26119],[-94.45996,33.26271],[-94.47236,33.26279],[-94.47226,33.26555],[-94.47494,33.26814],[-94.4753,33.27109],[-94.478,33.27002],[-94.489,33.27393],[-94.48969,33.27196],[-94.49504,33.27125],[-94.49638,33.27352],[-94.49902,33.27405],[-94.49945,33.2723],[-94.50181,33.27207],[-94.50185,33.26922],[-94.51076,33.26931],[-94.51081,33.26614],[-94.51315,33.26617],[-94.51924,33.26999],[-94.5195,33.27765],[-94.52219,33.277],[-94.52941,33.26797],[-94.53275,33.26647],[-94.53525,33.26725],[-94.53517,33.2698],[-94.54115,33.26937],[-94.53935,33.26715],[-94.54048,33.26497],[-94.54255,33.26725],[-94.54492,33.26606],[-94.5459,33.26875],[-94.54919,33.26755],[-94.54964,33.2657],[-94.55487,33.26927],[-94.5568,33.26772],[-94.55557,33.26636],[-94.55866,33.26137],[-94.5622,33.2621],[-94.56354,33.26376],[-94.56345,33.2712],[-94.57347,33.2712],[-94.57299,33.28245],[-94.56383,33.28705],[-94.56378,33.29516],[-94.56109,33.29513],[-94.56108,33.30361],[-94.56772,33.30365],[-94.56791,33.31513],[-94.56248,33.31397],[-94.56617,33.31141],[-94.56255,33.31051],[-94.56302,33.30926],[-94.56005,33.30601],[-94.55743,33.30686],[-94.55753,33.3036],[-94.55488,33.30359],[-94.55483,33.30735],[-94.50916,33.30602],[-94.50919,33.30217],[-94.49823,33.3021],[-94.49833,33.29211],[-94.48846,33.29204],[-94.48841,33.29654],[-94.47091,33.29606],[-94.4709,33.30089],[-94.46246,33.30087],[-94.46249,33.29454],[-94.45709,33.28971],[-94.44186,33.28964],[-94.44181,33.29689],[-94.44992,33.29693],[-94.4499,33.29968],[-94.45422,33.2997],[-94.45418,33.30528],[-94.4417,33.30518],[-94.44166,33.31022],[-94.42479,33.30978],[-94.42473,33.31689],[-94.43291,33.31694],[-94.43304,33.31313],[-94.43577,33.31316],[-94.43574,33.31594],[-94.43957,33.31559],[-94.43953,33.31852],[-94.44557,33.32079],[-94.44811,33.32409],[-94.44806,33.32726],[-94.44148,33.32721],[-94.44134,33.33817],[-94.43252,33.3381],[-94.43245,33.34471],[-94.42578,33.34467],[-94.42584,33.33828],[-94.41332,33.3382],[-94.41337,33.32996],[-94.40894,33.32994],[-94.409,33.32737],[-94.41081,33.32737],[-94.41093,33.31588],[-94.40602,33.31586]]],[[[-94.40904,33.34707],[-94.40916,33.33816],[-94.41332,33.3382],[-94.41345,33.34696],[-94.40904,33.34707]]]]}}]}