{"type":"FeatureCollection","features":[{"type":"Feature","id":"dha:DO-01","properties":{"id":"dha:DO-01","kind":"deer_hunt_area","code":"DO-01","name":"DeGarmo DO-01","region":"Eastern","acres":null,"herdRange":"DeGarmo"},"geometry":{"type":"Polygon","coordinates":[[[-119.7785816436396,42.540757215580484],[-119.79598596636772,42.548166040386555],[-119.83803788045562,42.58828493908656],[-119.89882540957632,42.55769010399467],[-119.93725281298282,42.60991715499478],[-119.95320103135684,42.61886314771534],[-119.95172448488883,42.628218907250364],[-119.97771722486416,42.658005830719745],[-119.99120978361769,42.66957522936809],[-120.00457394006452,42.67014801934789],[-120.0127238454041,42.71077954384966],[-120.03235316983816,42.740122103471215],[-120.05324695941091,42.75304210447842],[-120.05962454752674,42.783099318082854],[-120.08059306777601,42.79468489701836],[-120.09599884225595,42.7850046298736],[-120.11475985501006,42.72849360573853],[-120.13417103202306,42.71743289505763],[-120.13620647720988,42.703648111448615],[-120.1595016435033,42.68824420792366],[-120.17971842714122,42.65406300579417],[-120.18687006429997,42.6199028024717],[-120.18409812384849,42.57728410766307],[-120.23044426231714,42.53381836997752],[-120.23615732466466,42.52134919448718],[-120.28214235342399,42.483709252829975],[-120.27993850689256,42.439205679396956],[-120.28984871220513,42.42230226304708],[-120.29349530826082,42.3984361915315],[-120.30649849839365,42.3851889802227],[-120.29720571854195,42.371400548391335],[-120.29805808832006,42.332911868540535],[-120.32942891179113,42.32298763608456],[-120.33781358972837,42.31457686457165],[-120.36709697654925,42.23837516868745],[-120.3646184127355,42.219323453033425],[-120.34713044888562,42.197226947579416],[-120.34703841129593,42.158345443411385],[-120.3171294743944,42.12839265567386],[-120.32195650769232,42.08611521313985],[-120.30821363520397,42.03206373773795],[-120.29818323153691,42.017624856759866],[-120.2981083506381,41.993052853905006],[-119.84857456455488,41.99747965591458],[-119.32118951457647,41.993920410569515],[-119.33501347336987,42.003909351291625],[-119.34258755452167,41.99736508146527],[-119.36089516010703,41.99751362463424],[-119.4401234529701,42.01309922317187],[-119.47863680596367,42.01462922292682],[-119.48603047313915,42.05553359949039],[-119.53389404214052,42.06686982750537],[-119.52794915052344,42.104215229685714],[-119.53327046548267,42.198183137258795],[-119.51980386824312,42.23146224178619],[-119.51887217210728,42.250894043060114],[-119.50893267138534,42.26094244451703],[-119.5068589751447,42.28429684683574],[-119.5180878987419,42.28954816739241],[-119.5432607254461,42.286311959935034],[-119.57082052340762,42.300497245625884],[-119.60487042322542,42.30122004442257],[-119.6187283583707,42.28006027787232],[-119.64748497314476,42.28301885645394],[-119.65472490122784,42.27430569002941],[-119.6817829822972,42.29333521573476],[-119.706437902375,42.30123270582775],[-119.7127071692904,42.3125646103331],[-119.78717275917677,42.31235023925029],[-119.79730895185993,42.3450996968863],[-119.81693975187149,42.34497726934831],[-119.8239100306367,42.334554365335855],[-119.83538326938591,42.34117548930868],[-119.83182676038385,42.350807435549484],[-119.8368577980338,42.37070227573812],[-119.86091413219879,42.39108750284027],[-119.8517891825219,42.38854698806264],[-119.84737199622428,42.40130686601192],[-119.82806136245333,42.39795823700181],[-119.8241699803496,42.44076288015834],[-119.80710488492912,42.450741249629644],[-119.80712362257768,42.45802393707005],[-119.81703839939102,42.45801985983472],[-119.81701750106406,42.46532301611595],[-119.79731452939525,42.46897611800533],[-119.80293545631397,42.509286204540736],[-119.7785816436396,42.540757215580484]]]}},{"type":"Feature","id":"dha:DO-02","properties":{"id":"dha:DO-02","kind":"deer_hunt_area","code":"DO-02","name":"DeGarmo DO-02","region":"Eastern","acres":null,"herdRange":"DeGarmo"},"geometry":{"type":"Polygon","coordinates":[[[-119.5068589751447,42.28429684683574],[-119.50734751072385,42.31213779544242],[-119.48165056357503,42.31202214797943],[-119.48167041206837,42.31930654495721],[-119.49137330603686,42.31937267278738],[-119.48939390324838,42.33324089201265],[-119.49767729851294,42.35169035363421],[-119.49366994215663,42.386077018219666],[-119.48189999037479,42.39252274841082],[-119.48273927518333,42.64962594986519],[-119.45952082644683,42.66202282893128],[-119.36524691706806,42.661816589015004],[-119.36532405957523,42.74894127596444],[-119.53776592459535,42.74881694528984],[-119.55116904371877,42.71991677775386],[-119.59231077085386,42.71818615298054],[-119.6009084660586,42.696257376252134],[-119.62806599954033,42.66657655505518],[-119.64143546048861,42.63405663279993],[-119.65378585217545,42.633051752207976],[-119.6967358647863,42.59106209215799],[-119.72569588471681,42.57665183452271],[-119.73751501343008,42.55989328844196],[-119.7480386340333,42.55965524796853],[-119.78333912425246,42.536556008044535],[-119.80293545631397,42.509286204540736],[-119.79731452939525,42.46897611800533],[-119.81701750106406,42.46532301611595],[-119.81703839939102,42.45801985983472],[-119.80712362257768,42.45802393707005],[-119.80710488492912,42.450741249629644],[-119.8241699803496,42.44076288015834],[-119.82806136245333,42.39795823700181],[-119.84737199622428,42.40130686601192],[-119.8517891825219,42.38854698806264],[-119.86091413219879,42.39108750284027],[-119.8368577980338,42.37070227573812],[-119.83309256892524,42.33851283131012],[-119.82304525159827,42.33487419334099],[-119.81693975187149,42.34497726934831],[-119.79229684582742,42.34135363738119],[-119.79447876309045,42.32698096253127],[-119.78713910104427,42.323125307069404],[-119.78717275917677,42.31235023925029],[-119.7127071692904,42.3125646103331],[-119.706437902375,42.30123270582775],[-119.6817829822972,42.29333521573476],[-119.65472490122784,42.27430569002941],[-119.64748497314476,42.28301885645394],[-119.6187283583707,42.28006027787232],[-119.60487042322542,42.30122004442257],[-119.57082052340762,42.300497245625884],[-119.5432607254461,42.286311959935034],[-119.5180878987419,42.28954816739241],[-119.5068589751447,42.28429684683574]]]}},{"type":"Feature","id":"dha:JT-02","properties":{"id":"dha:JT-02","kind":"deer_hunt_area","code":"JT-02","name":"Juntura JT-02","region":"Eastern","acres":null,"herdRange":"Juntura"},"geometry":{"type":"Polygon","coordinates":[[[-117.0062334023446,43.88419876755358],[-117.00616245862244,43.98871140892811],[-117.08857066979175,43.98871010606693],[-117.11312268538134,43.981482515868606],[-117.22186238775268,43.98567351149963],[-117.25187612709743,43.981676504841595],[-117.31193607057574,43.936896549344276],[-117.37167074600998,43.939425183744746],[-117.45880957337205,43.88876969538024],[-117.50402462639572,43.8851391523404],[-117.5302096233026,43.873468770523026],[-117.54175280813067,43.88172327695478],[-117.60697885725358,43.85457789101663],[-117.69052309321097,43.78810295594049],[-117.72526894189647,43.78611964043224],[-117.73531946819807,43.775277779500115],[-117.74651168723594,43.77899613881866],[-117.7579746004619,43.76820929943388],[-117.78186546074448,43.76296015767432],[-117.79159170159024,43.765296668733974],[-117.78863706828231,43.77805814759964],[-117.82196857169599,43.77827046085063],[-117.86749110572507,43.797729317069006],[-117.8865501605662,43.79530635550503],[-117.90188178431305,43.8033224365214],[-117.90827502421338,43.797697162967296],[-117.93518261808045,43.80232553828761],[-117.94936082350031,43.79124155593623],[-117.96366309744428,43.79581076662521],[-117.97329423052615,43.78391462098831],[-117.98719048627068,43.795302544457265],[-118.00361813259678,43.79481441652666],[-118.0089585986419,43.786200018794865],[-118.02125059480916,43.784164037721204],[-118.0318975339229,43.76447734903132],[-118.04652589981833,43.76820763240836],[-118.0773265461209,43.74457838896402],[-118.12284257500711,43.771317334423536],[-118.15076712446195,43.76209037214075],[-118.168079332864,43.771172531084524],[-118.17531044595856,43.772164153718855],[-118.17626754871092,43.772658884828175],[-118.17855462105965,43.77437038582716],[-118.17886650077133,43.77457351238333],[-118.17887844714015,43.77458016381553],[-118.17914604504236,43.774718765138466],[-118.17946454154092,43.774860066430215],[-118.17978634264853,43.77497066476618],[-118.18014124537221,43.77508936704712],[-118.18059634446313,43.77523216746795],[-118.18104624924207,43.775343474893305],[-118.18145614639694,43.77542817029267],[-118.18184335229245,43.775486468890655],[-118.18213465082499,43.77547767474979],[-118.19212878297711,43.76797656960572],[-118.20662501840621,43.76692365611679],[-118.20979849930394,43.76597957343529],[-118.21059896044062,43.76582916718272],[-118.21094362424004,43.765801201673305],[-118.21125697204853,43.765804913456805],[-118.2444482892601,43.785722370331065],[-118.28267391262258,43.78269676804296],[-118.31042009684516,43.79013607215547],[-118.38167220258991,43.77342556288719],[-118.41031435639118,43.751840302204094],[-118.48631735446268,43.75141309726347],[-118.52280316601757,43.70071243343303],[-118.59477931964052,43.66586989553338],[-118.60125371481546,43.65393370671017],[-118.62860408248095,43.642378227084336],[-118.62928806952092,43.595386824504445],[-118.5893832207425,43.5860282884047],[-118.58934239932036,43.382996548320754],[-118.5818259836173,43.279700073254325],[-118.52973540627313,43.247564481972084],[-118.46879825102158,43.22203034547236],[-118.30795616740816,43.1708574800045],[-118.27796895916674,43.14723659597488],[-118.28150094214887,43.13327878346492],[-118.25497962727674,43.12114224477958],[-118.24256203521591,43.10323320203025],[-118.18945949276781,43.079600084444735],[-118.19884515868549,43.06212687748888],[-118.17960149192258,43.05481535148839],[-118.1714159028675,43.058719558864254],[-118.17385078679975,43.069714630969],[-118.15339966909316,43.07258848035829],[-118.14496144447226,43.10225970146044],[-118.120831915703,43.1316173168395],[-118.0932908217629,43.14994739777301],[-118.06962912176068,43.15188970179773],[-118.06488927605493,43.167234929385465],[-118.07432868482583,43.175469886989774],[-118.05227676048564,43.203842913207616],[-118.0086281863142,43.21330371795461],[-117.97398798334883,43.22941752934787],[-117.92527823582599,43.23334820939499],[-117.9198481257899,43.24074378743366],[-117.92439567515116,43.25631754289754],[-117.92050898563959,43.276530951063876],[-117.91183109241585,43.281419523239016],[-117.9154615371349,43.29164026732856],[-117.80338186677764,43.28773432760298],[-117.78809976437203,43.295702253992474],[-117.77662341377757,43.3340716945458],[-117.77728040621147,43.35976810388748],[-117.74775746587926,43.362343739420346],[-117.7381718708436,43.38158755193783],[-117.74995471750483,43.405694517547126],[-117.78763821948043,43.43599151751387],[-117.78533559884069,43.45439201914487],[-117.79564605303115,43.458301761621655],[-117.78739069471183,43.47782074396451],[-117.79096080789277,43.497756239284335],[-117.77949702390899,43.506352418697865],[-117.78576133526342,43.52166695954585],[-117.76286256411404,43.522959486181364],[-117.7550190902234,43.50841540925005],[-117.72471606066483,43.50236235100561],[-117.68075997960604,43.519902759546106],[-117.6491438269215,43.52170711218647],[-117.62117202072896,43.50089150277994],[-117.58262124558138,43.49427796749291],[-117.56839034518576,43.499608084606436],[-117.5568582917449,43.51999652117611],[-117.5022236970165,43.56448709005745],[-117.46943761003342,43.56861497722387],[-117.4511980747085,43.57854774425866],[-117.41146675260322,43.57319591620394],[-117.40307658343426,43.56095967123216],[-117.36169996341434,43.56636264903217],[-117.3525290415077,43.559807069868235],[-117.34662203278411,43.56273161107977],[-117.34727098059757,43.57225904190134],[-117.33769102214804,43.57393542321366],[-117.33960563736356,43.58142772811944],[-117.32677685412615,43.58703019364031],[-117.32955964782919,43.5952075784296],[-117.31435766507784,43.5999442882344],[-117.32040530345107,43.60161936459362],[-117.31709650086894,43.6057574178724],[-117.29905938792126,43.6059446152902],[-117.28249655808432,43.61703424780183],[-117.26475076190171,43.614336394090515],[-117.25898866805717,43.62439561085688],[-117.23686006911326,43.63303456259212],[-117.23292672054625,43.639089277398874],[-117.25908473729048,43.65598387660519],[-117.25592726046497,43.663284270507766],[-117.26360875320947,43.67050617908046],[-117.2083317412301,43.67923669423216],[-117.21861234699884,43.69251654262113],[-117.20209765423039,43.694329623709784],[-117.20654547231304,43.70626999560169],[-117.19623451858293,43.699544035542125],[-117.19094028388172,43.70359590306752],[-117.19135062236774,43.72122497528272],[-117.19888755005616,43.72122114090222],[-117.20218149719692,43.73193464933752],[-117.16765817870434,43.735614849889785],[-117.14421967694058,43.74660483154032],[-117.14332977094332,43.75638419398744],[-117.15555560264723,43.759537621643254],[-117.15224909007183,43.773147322639325],[-117.13927526046199,43.77550506118143],[-117.13923075429561,43.783131473553276],[-117.11288115587162,43.785519732352356],[-117.06978665290733,43.773543043224734],[-117.05255326871716,43.78530284286397],[-117.05198778243216,43.79626753111814],[-117.02346691729711,43.81462839636405],[-117.03286408959342,43.83479718581965],[-117.02674022630853,43.84259503468081],[-117.01282545025332,43.84092681144299],[-117.01103104898975,43.84653006338315],[-117.02111678496858,43.85947118127194],[-116.98393679425477,43.867582766446546],[-116.98493828165446,43.87686219730607],[-117.0007209229042,43.877061121087415],[-117.0062334023446,43.88419876755358]]]}},{"type":"Feature","id":"dha:JT-01","properties":{"id":"dha:JT-01","kind":"deer_hunt_area","code":"JT-01","name":"Juntura JT-01","region":"Eastern","acres":null,"herdRange":"Juntura"},"geometry":{"type":"Polygon","coordinates":[[[-117.48462615441589,44.344190596916164],[-117.51974846625622,44.35434106653745],[-117.60363236326931,44.34602901219299],[-117.60902352282002,44.354714274167485],[-117.62526633629834,44.35815869046158],[-117.64600929543595,44.35229735477163],[-117.67435174579039,44.361149460238444],[-117.68849222125152,44.375480480852204],[-117.70107088251795,44.36977519580448],[-117.73940849482062,44.38981888346387],[-117.76364828112062,44.38329947058002],[-117.76905367529343,44.3721183650936],[-117.77911830360831,44.37752454381661],[-117.81097216219297,44.374762383510635],[-117.8588346830461,44.347218228805964],[-117.93731287119374,44.34247314599802],[-117.95673597494174,44.329636279465454],[-117.95184946835457,44.324961510190064],[-118.0195790892713,44.32093056442165],[-118.07045131841517,44.32551792396932],[-118.08460290499865,44.328317761363415],[-118.0877408936961,44.3435849466055],[-118.10482868799929,44.351538622544396],[-118.11383601932508,44.363403037428],[-118.11306032991817,44.42055692314846],[-118.16444598541548,44.43729741953768],[-118.24115352470308,44.437255832115234],[-118.24241353496181,44.42703583061874],[-118.2742945296845,44.40911582289016],[-118.32908648789342,44.40113593394321],[-118.33477344326788,44.387772429814106],[-118.33041878303578,44.37273441263325],[-118.34971118583118,44.369258099536324],[-118.34045545152873,44.37756868305564],[-118.34341338055985,44.37991069855278],[-118.35013635784483,44.373628474826575],[-118.36775661350879,44.37363946885482],[-118.39845934168818,44.35203901009935],[-118.37712135119125,44.3291021768795],[-118.38054070136718,44.32285339173947],[-118.34801947339548,44.319600202259245],[-118.32342754578792,44.294382000773766],[-118.31384428275632,44.25009867992791],[-118.28454477081343,44.25100793928158],[-118.26438503859418,44.24439929906002],[-118.23955712737806,44.222927911961975],[-118.22536273298473,44.1565009581845],[-118.22715987051541,44.135647842673606],[-118.24339390328768,44.11074885769914],[-118.22496025681431,44.07167459632182],[-118.24695387513263,44.05362772053224],[-118.24661033283098,44.02874531599842],[-118.26213075197721,44.011324146011475],[-118.20678682864295,43.97482679520302],[-118.18686851012927,43.97103770077952],[-118.1767692459601,43.962255600802244],[-118.17753048895828,43.95256002876223],[-118.16611599772703,43.937793730058566],[-118.16687019542671,43.918778193382614],[-118.15298945876309,43.90858386351929],[-118.15780070633184,43.901422532501456],[-118.15515191158389,43.8683064044895],[-118.16838169637671,43.850515516604304],[-118.16481327758117,43.838144611710284],[-118.17018839255564,43.824035209832246],[-118.14024102100845,43.78586382704114],[-118.09879936492325,43.75659235751676],[-118.06469316127851,43.75557322154501],[-118.04549268012872,43.768509145641396],[-118.0324987751479,43.76416490713983],[-118.02125059480916,43.784164037721204],[-118.0089585986419,43.786200018794865],[-118.00313810041416,43.79495252938526],[-117.98719048627068,43.795302544457265],[-117.97329423052615,43.78391462098831],[-117.96408101609518,43.795681469891896],[-117.9469602082786,43.79164662253612],[-117.93335037531948,43.80259694828868],[-117.86749110572507,43.797729317069006],[-117.82196857169599,43.77827046085063],[-117.78906929664909,43.77819344590914],[-117.78882280269778,43.76359525134278],[-117.75979406314879,43.76753643299957],[-117.74651168723594,43.77899613881866],[-117.73462718763575,43.77557315653668],[-117.72526894189647,43.78611964043224],[-117.69052309321097,43.78810295594049],[-117.60697885725358,43.85457789101663],[-117.54175280813067,43.88172327695478],[-117.5302096233026,43.873468770523026],[-117.50402462639572,43.8851391523404],[-117.45880957337205,43.88876969538024],[-117.37231901040134,43.939239290770864],[-117.31284161906946,43.93657048399668],[-117.25433047846252,43.980573398960786],[-117.2222018192323,43.98564101063162],[-117.11414226627254,43.981463193035545],[-117.08857066979175,43.98871010606693],[-117.00588481320366,43.98868559450457],[-117.0062334023446,43.88419876755358],[-117.0007209229042,43.877061121087415],[-116.98493804428229,43.8768621881484],[-116.97708924513098,43.89508901625255],[-116.98128638438601,43.91523677814914],[-116.96339114503729,43.91783277092979],[-116.96184464163201,43.92406280730525],[-116.97060442034329,43.930921557856166],[-116.96328513030866,43.95326255462797],[-116.97908490124225,43.95907041485776],[-116.97724815822647,43.97358318343596],[-116.96141327245422,43.98380198724354],[-116.95944231880932,43.998380276717526],[-116.94574120122103,44.000080768122444],[-116.93535398698782,44.02200805346004],[-116.94465092857763,44.03544396290488],[-116.96035494937196,44.03712138914337],[-116.97282328217229,44.04688787840501],[-116.97824481930455,44.08481755700004],[-116.93478825210362,44.10067554099227],[-116.93927469504852,44.107212459183806],[-116.91566159933876,44.126837099829594],[-116.91229543128148,44.14086495022198],[-116.89610388824264,44.15637067955929],[-116.89801397792274,44.17330872374808],[-116.92824814835349,44.18916581862719],[-116.97203593916366,44.195620897055086],[-116.98224738910382,44.221072650535746],[-116.97455583079226,44.223446430166085],[-116.9773011819862,44.24262196702219],[-117.03181222119018,44.24783755452343],[-117.04512608199433,44.22938288595454],[-117.05269057095671,44.22806649527134],[-117.0853522779548,44.24935945915123],[-117.09811022099028,44.272832497904325],[-117.11485082920984,44.277721588132515],[-117.14460443823084,44.252571373092465],[-117.19014625049334,44.26385234935166],[-117.26786319839876,44.318095632150744],[-117.28232959651046,44.3314828316106],[-117.28831019403637,44.3468980159401],[-117.30374016454152,44.33915052234596],[-117.33789232743509,44.349883309350986],[-117.36858564594064,44.34368462151654],[-117.39694877051572,44.35230342957762],[-117.43706778122349,44.35427512240826],[-117.48462615441589,44.344190596916164]]]}},{"type":"Feature","id":"dha:JT-03","properties":{"id":"dha:JT-03","kind":"deer_hunt_area","code":"JT-03","name":"Juntura JT-03","region":"Eastern","acres":null,"herdRange":"Juntura"},"geometry":{"type":"Polygon","coordinates":[[[-118.37615973782223,44.32048406685532],[-118.37275412499507,44.30874504100116],[-118.38371063830702,44.30773960877757],[-118.38970633390824,44.31397792191655],[-118.39984402107068,44.30938871817394],[-118.41232723043221,44.32376135782579],[-118.42119075758782,44.323471403162245],[-118.39640200084212,44.27729469766881],[-118.40107070863185,44.254419401587356],[-118.39426966078861,44.244581047011884],[-118.39334837216116,44.21994558866167],[-118.39833963947467,44.21317259911729],[-118.39347815683827,44.21047244599031],[-118.39873250531954,44.19407607399444],[-118.41280942484109,44.19690103169618],[-118.42705808303732,44.17621414015212],[-118.43592320230266,44.18204085085807],[-118.43888880184412,44.16219592461823],[-118.4559799556825,44.153907776402086],[-118.47052817869141,44.16709163277449],[-118.49034991984816,44.17091787220993],[-118.5176807581841,44.20669770142628],[-118.56179814690601,44.181280206247514],[-118.66738693944019,44.177918704122014],[-118.70568384855414,44.17085258427974],[-118.72810452866963,44.182206282484785],[-118.74402716326271,44.18303996154368],[-118.7746067225692,44.17280925776654],[-118.87863445243521,44.162335386716414],[-118.92670759050011,44.14671933869086],[-118.94137860259309,44.1356083153077],[-118.97227429340266,44.133917118258466],[-118.97532049797998,44.126064254441225],[-118.96046043082958,44.12082084446705],[-118.95536033381133,44.1056748957131],[-118.96074422200027,44.092763212137505],[-118.97036887586607,44.088463823905414],[-118.96181497639559,44.08192025412769],[-118.97541478872178,44.07245980284515],[-118.94295991390142,44.06319173939775],[-118.92364618270383,44.00903795265766],[-118.9384629794519,43.90183358446205],[-118.92410595492203,43.87888259204609],[-118.95286442928929,43.84678923585088],[-118.97124371292082,43.84035620735599],[-118.9719227172944,43.8251466319141],[-118.99739364255343,43.79235181586672],[-119.00304297453047,43.7656257942099],[-119.00037662274845,43.738861086264],[-119.00687465068701,43.729671605149676],[-119.00223380936886,43.72426989891119],[-119.02154345693629,43.69619801650861],[-118.9991772541504,43.67757769916879],[-119.0009791470325,43.636406694932774],[-119.01997974857939,43.614107777990355],[-119.05365131599554,43.59541388276808],[-119.0544450281597,43.587652810098355],[-119.02009139308132,43.58587086285365],[-119.02002477141868,43.45000367510285],[-118.98665417552489,43.43788094701463],[-118.97409978703955,43.29449378854951],[-118.95912269441062,43.258274619474946],[-118.8624944272336,43.26980568799662],[-118.8410234198058,43.26096568484946],[-118.80529441940077,43.261635686015396],[-118.7776334074794,43.250975688700606],[-118.74721340915697,43.26205469301228],[-118.58250438445528,43.261935712241076],[-118.58934239932036,43.382996548320754],[-118.5893832207425,43.5860282884047],[-118.62928806952092,43.595386824504445],[-118.62860408248095,43.642378227084336],[-118.60125371481546,43.65393370671017],[-118.59477931964052,43.66586989553338],[-118.52280316601757,43.70071243343303],[-118.4875585555422,43.750795404256074],[-118.41031435639118,43.751840302204094],[-118.38167220258991,43.77342556288719],[-118.31082825524585,43.79013299819438],[-118.28267391262258,43.78269676804296],[-118.2444482892601,43.785722370331065],[-118.21125697204853,43.765804913456805],[-118.18213465082499,43.77547767474979],[-118.15076712446195,43.76209037214075],[-118.12284257500711,43.771317334423536],[-118.1062896725203,43.75829604688348],[-118.07860285643798,43.74456276997516],[-118.06200474299357,43.756898263226404],[-118.09958973833314,43.75689081982141],[-118.15778403592637,43.80331756987732],[-118.17078751165185,43.82595575904645],[-118.16481327758117,43.838144611710284],[-118.16838169637671,43.850515516604304],[-118.15515191158389,43.8683064044895],[-118.15780070633184,43.901422532501456],[-118.15298945876309,43.90858386351929],[-118.16687019542671,43.918778193382614],[-118.16611599772703,43.937793730058566],[-118.17753048895828,43.95256002876223],[-118.1767692459601,43.962255600802244],[-118.18686851012927,43.97103770077952],[-118.20678682864295,43.97482679520302],[-118.26213075197721,44.011324146011475],[-118.24661033283098,44.02874531599842],[-118.24695387513263,44.05362772053224],[-118.22496025681431,44.07167459632182],[-118.24339390328768,44.11074885769914],[-118.22715987051541,44.135647842673606],[-118.22536273298473,44.1565009581845],[-118.23955712737806,44.222927911961975],[-118.26438503859418,44.24439929906002],[-118.28454477081343,44.25100793928158],[-118.31384428275632,44.25009867992791],[-118.32342754578792,44.294382000773766],[-118.33298196905469,44.30524568613456],[-118.34801947339548,44.319600202259245],[-118.37615973782223,44.32048406685532]]]}},{"type":"Feature","id":"dha:JK-01","properties":{"id":"dha:JK-01","kind":"deer_hunt_area","code":"JK-01","name":"Jackknife JK-01","region":"Eastern","acres":null,"herdRange":"Jackknife"},"geometry":{"type":"Polygon","coordinates":[[[-120.60523095302898,45.741513749719154],[-120.63881402691437,45.73904497525901],[-120.68819813675171,45.71095475430036],[-120.83447760740471,45.67269128944394],[-120.89575234841328,45.63913522234987],[-120.91445526910276,45.63513540734507],[-120.90387944478516,45.61735367796394],[-120.91178984699467,45.60560822273196],[-120.89515932599016,45.58823637973463],[-120.90967925787656,45.56159403381563],[-120.89848491847997,45.54378211307463],[-120.8851205324222,45.539579610560104],[-120.88232276185552,45.52755605269152],[-120.86305310625782,45.52838062620122],[-120.82558836200397,45.51286635525208],[-120.83903865264048,45.5025270522351],[-120.83332251830404,45.495398002450926],[-120.83907057177669,45.48372381455244],[-120.83649263780832,45.4683502614425],[-120.85841402974675,45.461017967030166],[-120.86586546887337,45.445400724913135],[-120.84931381035491,45.43091722837577],[-120.86287595461367,45.42799439152866],[-120.8667629667732,45.38928876764997],[-120.88276431832543,45.39190932044458],[-120.90179331283662,45.36119633155059],[-120.91886792913819,45.36116257337538],[-120.92092534165653,45.348701593028345],[-120.93931749338398,45.34619469644957],[-120.9343962837376,45.33115424032771],[-120.95425210612554,45.336458657164044],[-120.94578545938556,45.32545050446649],[-120.95941814386455,45.307871611453564],[-120.97217919058176,45.308801410335604],[-120.97295874340064,45.32025613420933],[-120.9799805396806,45.322662617198844],[-120.99199964523777,45.30808501619682],[-121.0159926773361,45.30703688919647],[-121.01944724887522,45.29436867786056],[-121.03036989616467,45.28667209328669],[-121.0179663262332,45.28465750868744],[-121.02487117046269,45.27468622609006],[-121.02102174650554,45.26564498706625],[-121.03846484757402,45.259379019473606],[-121.05059255854495,45.23631297369364],[-121.0693013429627,45.23302117313921],[-121.08148472467995,45.22362160704252],[-121.0732346824558,45.21416115856271],[-121.08253385992727,45.20344387453477],[-121.08439438319226,45.18399046982789],[-121.07397728396967,45.17467418855711],[-121.12555293059535,45.146183198494406],[-121.1226138594533,45.13167356251782],[-121.13307334631956,45.12505297884402],[-121.13159590584932,45.102533220174124],[-121.12569336205289,45.09646826967481],[-121.1311753127077,45.092048203268156],[-121.12229626879129,45.07912889886557],[-121.10831599032704,45.07425324465733],[-121.12069643554985,45.06397945122708],[-121.11520348447449,45.05719141385567],[-121.12184232637476,45.04876703331937],[-121.10836199047888,45.03587884186127],[-121.10067243319781,45.04266464490637],[-121.09381529233744,45.031208069070885],[-121.0807795610273,45.036093784454344],[-121.06543508867227,45.0302987327726],[-121.05237272899126,45.007823865093556],[-121.06586571851273,44.97337758849402],[-121.08564906979286,44.97225255313644],[-121.07734744197572,44.96679295106675],[-121.07892062398882,44.94016457161917],[-121.0728046329204,44.93657767495577],[-121.08360722142494,44.93187133063129],[-121.07972435556655,44.924028480364974],[-121.08420419450647,44.914758838151776],[-121.04792898093783,44.878117248302615],[-121.06127372193023,44.85926020079841],[-121.07879199942005,44.85427281136675],[-121.04583164460117,44.845345001609566],[-121.00798563500695,44.85485904682275],[-120.97870998111799,44.899458797253],[-120.94618231726972,44.9207712715312],[-120.92391756654182,44.882805890592856],[-120.93108916154627,44.81545569755635],[-120.91731595274724,44.83823590260385],[-120.87293328258897,44.84769758547053],[-120.85253846437044,44.860299191904495],[-120.82802307475657,44.86371580676984],[-120.71147083444066,44.91076060517675],[-120.65800284101373,44.911109435763514],[-120.63956890651824,44.896592531995886],[-120.62315241136557,44.90379662797078],[-120.57132091066856,44.901363006613025],[-120.56388346033546,44.91013821376051],[-120.52491058658447,44.92137724050464],[-120.4402667846323,44.91046452716992],[-120.38878687625605,44.91399337578482],[-120.29730267218028,44.90085575213705],[-120.27657139127092,44.90642926145858],[-120.25521163203885,44.92962107699184],[-120.23165455171896,44.93991344039486],[-120.23534219665574,44.946405577180734],[-120.21375714326724,44.94832786752761],[-120.21494664504931,44.99610457232342],[-120.23137967468537,45.00852599795314],[-120.18821015173721,45.05632744501488],[-120.19563750273736,45.103269364366234],[-120.18627185576418,45.118025901614686],[-120.19176819018391,45.13423245857576],[-120.21412181340797,45.1553736818179],[-120.20336730338775,45.17135526265162],[-120.18565753837736,45.18155930904299],[-120.17552713325371,45.20243938465213],[-120.17626363127869,45.21375476631101],[-120.18677922302562,45.222740684510875],[-120.18486493779281,45.23712558855049],[-120.15206909645484,45.267079607176235],[-120.14271317772939,45.28416456122227],[-120.13766034592864,45.358532026918894],[-120.14551781316828,45.37297082841424],[-120.13882382439508,45.38703492256579],[-120.15949039846772,45.41649689533687],[-120.18023570101717,45.4207658164961],[-120.19823613793557,45.46206261959959],[-120.19291920896002,45.48257858548072],[-120.16586757428949,45.515286981610025],[-120.16518483697486,45.573600126883925],[-120.1568094338525,45.58284678946359],[-120.16693337288318,45.60674639880299],[-120.16232822613952,45.69085673031591],[-120.20608719278341,45.7214174144386],[-120.28346805500804,45.71647154484029],[-120.38859256442164,45.693091590338355],[-120.48386673039303,45.687706096544034],[-120.52372127987269,45.70167845606712],[-120.56525974430055,45.73306295348185],[-120.60523095302898,45.741513749719154]]]}},{"type":"Feature","id":"dha:HX-01","properties":{"id":"dha:HX-01","kind":"deer_hunt_area","code":"HX-01","name":"Helix HX-01","region":"Eastern","acres":null,"herdRange":"Helix"},"geometry":{"type":"Polygon","coordinates":[[[-118.42288230498013,45.83524192593863],[-118.39971056673684,45.8550175177198],[-118.38181464361365,45.91961123409516],[-118.38760540307003,45.932322853253396],[-118.38736845955991,46.000655505934404],[-118.98793924719122,46.00001641551693],[-119.02537502943288,45.96967510459302],[-119.12606590674525,45.93266299590297],[-119.19558370741623,45.92777807830807],[-119.2567178947018,45.93986510283046],[-119.32231239557697,45.93303387797399],[-119.36547269482432,45.9216126433229],[-119.45021284318875,45.9172808358552],[-119.48808084177742,45.90629357174763],[-119.52442165798213,45.908463842053735],[-119.57153443944459,45.92537039590605],[-119.60063413470891,45.91946071996861],[-119.62363106601543,45.905490774728676],[-119.6698047490621,45.85685798374886],[-119.7727602959797,45.84565498714783],[-119.8024892335061,45.847606114737765],[-119.9067696269789,45.82818513611821],[-119.96558772212583,45.824375041136236],[-120.07011589716845,45.78505735257286],[-120.14153513890275,45.773133841966725],[-120.17049102786373,45.761869299880225],[-120.21086715734135,45.72584606016471],[-120.1618758138029,45.68962613724623],[-120.16693337288318,45.60674639880299],[-120.1568094338525,45.58284678946359],[-120.16510468379018,45.574171371786335],[-120.16612267677085,45.516694008896415],[-120.15720406747917,45.51484572125282],[-120.15717507024485,45.492115723701716],[-120.07739504614777,45.485745725026725],[-120.02795404217382,45.48809573228186],[-120.00524404738107,45.50215573713348],[-119.90997402357767,45.499115741012325],[-119.89196311560922,45.50330073449491],[-119.86553417777438,45.496698718835525],[-119.80544677528718,45.50391926993832],[-119.76123438324366,45.4953223530813],[-119.73369210584886,45.467546865768185],[-119.68678002334758,45.44693597060065],[-119.6783257888754,45.45569927853874],[-119.67808964255408,45.479067206222766],[-119.66268536117698,45.47962986435584],[-119.65013736865679,45.487874803232],[-119.63201887401098,45.512472179574665],[-119.63338703788496,45.54193475382232],[-119.58810323358848,45.56718164466225],[-119.54641248187055,45.58052177246271],[-119.50899712262081,45.61248571708434],[-119.49270056591313,45.61754599141516],[-119.44820684992165,45.61635296981533],[-119.43271664968229,45.62247459620223],[-119.38779080655998,45.666161121240194],[-119.33747977668529,45.75169803735192],[-119.3352478946095,45.77257863827069],[-119.32411312887875,45.78328637649796],[-119.08853676982599,45.74279190475162],[-118.8847582804965,45.67663705862778],[-118.85724521146942,45.67911068056748],[-118.80641656767001,45.66320116114586],[-118.73464793212693,45.68130649433825],[-118.58855450349692,45.74436860319284],[-118.51287915627357,45.80200880185041],[-118.48589863232635,45.8059466985478],[-118.42288230498013,45.83524192593863]]]}},{"type":"Feature","id":"dha:DE-01","properties":{"id":"dha:DE-01","kind":"deer_hunt_area","code":"DE-01","name":"Deschutes DE-01","region":"Eastern","acres":null,"herdRange":"Deschutes"},"geometry":{"type":"Polygon","coordinates":[[[-121.28647123277989,44.59769746331423],[-121.31941211974511,44.5836445456921],[-121.40356998145991,44.594318806382525],[-121.42999533977607,44.59407125914007],[-121.43725108278728,44.58459616601334],[-121.46333353058627,44.61607207682612],[-121.50212722671252,44.63586658514303],[-121.52362345700202,44.65701040710558],[-121.5562689395787,44.675374782649065],[-121.61357489462436,44.64936200038733],[-121.59689824670394,44.619688008202836],[-121.62078444221339,44.58655284809621],[-121.61966201446896,44.57661824811568],[-121.641093601513,44.5681836251273],[-121.67570844823516,44.590062254895],[-121.68343118038018,44.61797865456045],[-121.7124932880624,44.64097003282198],[-121.77776336938429,44.632389000330306],[-121.79957981442173,44.646228337874355],[-121.81151046102298,44.61587505146145],[-121.79461008396926,44.594303902608225],[-121.80158214974904,44.581966422717734],[-121.80309755555966,44.55515687755324],[-121.81612543113849,44.538239918829134],[-121.81138035322377,44.51457152340618],[-121.85407889182093,44.487239370995276],[-121.84968884027926,44.47639178224405],[-121.85382026433986,44.46766471783138],[-121.84658196623923,44.46238795975364],[-121.84364755685911,44.44480268007527],[-121.85521956236869,44.43719511515038],[-121.84652348064499,44.42699710666333],[-121.85445512357845,44.417119869337604],[-121.84829975289212,44.39407341132874],[-121.86017563370362,44.36897546879183],[-121.87187649826515,44.35959390813409],[-121.86562605317773,44.35183418832881],[-121.8692827823426,44.33652036213723],[-121.85425964191181,44.32853761722373],[-121.85272102874883,44.31866378420783],[-121.81775861650118,44.30866401705399],[-121.83437512476077,44.29389910198364],[-121.82136234612162,44.27075317651589],[-121.77314798064536,44.246250341341856],[-121.7726025620749,44.231200466662344],[-121.77797417919847,44.217267087494484],[-121.79168166389064,44.21175938740616],[-121.7916048865909,44.19036676958147],[-121.81816783521906,44.18482935840269],[-121.81482830806762,44.174755973363276],[-121.8216585289561,44.16657076817325],[-121.8195565760126,44.13768415640872],[-121.82390581163175,44.13333557007963],[-121.80982269482243,44.11248142964271],[-121.81676654230708,44.101389572267784],[-121.81521646806588,44.08826447117503],[-121.82219166168801,44.083591952722195],[-121.80875497984158,44.05600056938137],[-121.81283714232181,44.041610467728816],[-121.82965713632203,44.03804803158556],[-121.83091088284752,44.02376331604142],[-121.82215714220523,44.010843165157375],[-121.83067457975852,43.99382413645506],[-121.82533792966767,43.981749714498235],[-121.87913158462001,43.975628849505796],[-121.87821883824499,43.94065923275999],[-121.89579095166128,43.93510455040197],[-121.89716107220892,43.92299002386129],[-121.91686820286617,43.91745270875029],[-121.91999346312217,43.90373389452469],[-121.95300228871562,43.87973221429347],[-121.95201314298463,43.86735461583191],[-121.96542247850194,43.853257729657706],[-121.94683171685915,43.83924864357674],[-121.96383365310434,43.811339797955085],[-121.96826407134091,43.7872589070581],[-121.96421442993282,43.782099012100915],[-121.97124676691587,43.7734919185675],[-121.96756890355479,43.760968907320496],[-121.97491398884824,43.7483901958631],[-121.91813069499449,43.750580993620105],[-121.88840091112677,43.7382211139451],[-121.80276070806603,43.72371802494974],[-121.78164945200027,43.744636527236935],[-121.76142366583822,43.73533136016733],[-121.77418980844713,43.73039731347795],[-121.76865065110289,43.70996861819729],[-121.75587155713582,43.705279480399234],[-121.73212637520594,43.715086896079356],[-121.72055755648496,43.71299323712393],[-121.68997603721678,43.68421050235286],[-121.68216200736524,43.68917091831384],[-121.66237370951443,43.686347810857846],[-121.64010587939566,43.7127809518432],[-121.62957647211203,43.713573584596645],[-121.63553292684222,43.7161839825726],[-121.62976146636943,43.71969827654252],[-121.6322451929891,43.72635483207982],[-121.6266318989359,43.725603557230706],[-121.63262011778043,43.729330483025684],[-121.60698431342442,43.739447157163745],[-121.60951353353408,43.74741936393829],[-121.59311197899972,43.74671430046964],[-121.5862393647064,43.75263491794607],[-121.59065819350934,43.75351773198533],[-121.59062881167466,43.75873056050513],[-121.58141474614354,43.75455580592852],[-121.57914668813328,43.76598936091568],[-121.53819450025077,43.766193183212735],[-121.53916814838674,43.77328244536624],[-121.53210200525149,43.7698963858273],[-121.53049140551708,43.77586324289624],[-121.51676465111649,43.77194955861762],[-121.5124311892173,43.77630474582208],[-121.51991377528876,43.782920770806726],[-121.50302066830507,43.79119082094924],[-121.50743618511952,43.79483193825848],[-121.50115560395307,43.79254383023122],[-121.50490644718101,43.80100258141514],[-121.49214349059424,43.81307950916878],[-121.49928473110292,43.81714416500472],[-121.47213145040675,43.82337453852748],[-121.47541771275515,43.82812744388589],[-121.46992401272465,43.83268195400315],[-121.47510646053756,43.83318340646203],[-121.46079730224776,43.83752925296764],[-121.46633033587702,43.84470759613196],[-121.45767372393074,43.8471839087389],[-121.45537040513368,43.86142331013389],[-121.43396360997568,43.869285162045806],[-121.40325833975415,43.869698274376944],[-121.35129097951298,43.91231897000727],[-121.34534974825125,43.97703540817269],[-121.30262397794382,44.04246551265424],[-121.30334398154528,44.096655513646546],[-121.17428489816463,44.26848003186038],[-121.17086019594363,44.31693922559562],[-121.17852871384996,44.343262048040586],[-121.17847812934104,44.38007011965743],[-121.19300776261889,44.393312683211285],[-121.23543490054136,44.39911321678881],[-121.22817896941025,44.4111552138628],[-121.23023085175149,44.42707189192053],[-121.30222620869701,44.47800405907013],[-121.29774376670527,44.49510537839162],[-121.27132883615637,44.507804523050076],[-121.26305366675037,44.52283049171214],[-121.2620634862494,44.53714268260903],[-121.27267536595176,44.5653855952568],[-121.26582400123065,44.57672371015845],[-121.28647123277989,44.59769746331423]]]}},{"type":"Feature","id":"dha:PH-01","properties":{"id":"dha:PH-01","kind":"deer_hunt_area","code":"PH-01","name":"Painted Hills PH-01","region":"Eastern","acres":null,"herdRange":"Painted Hills"},"geometry":{"type":"Polygon","coordinates":[[[-120.72178028822285,44.90797368459442],[-120.82802307475657,44.86371580676984],[-120.85253846437044,44.860299191904495],[-120.87293328258897,44.84769758547053],[-120.91731595274724,44.83823590260385],[-120.93128766271535,44.815461796770755],[-120.92391756654182,44.882805890592856],[-120.94618231726972,44.9207712715312],[-120.97870998111799,44.899458797253],[-121.00798563500695,44.85485904682275],[-121.04583164460117,44.845345001609566],[-121.07879199942005,44.85427281136675],[-121.08109114603562,44.83114803830576],[-121.10095997660763,44.80857854925628],[-121.12082639897211,44.80429800154584],[-121.12248154872475,44.795778261304456],[-121.19380727340356,44.786642729999464],[-121.20761301202373,44.77677778195342],[-121.21218785006324,44.764498479374346],[-121.22767145627246,44.76394751244578],[-121.22590845765062,44.74883548840837],[-121.2457871732797,44.738150612584725],[-121.24781037498654,44.725110227065464],[-121.24472061800111,44.71486847566889],[-121.23477128989002,44.709715653692776],[-121.238060723893,44.70352031016234],[-121.23150086601746,44.68997608759604],[-121.24152840811941,44.6840975793405],[-121.24156062723102,44.6726730377745],[-121.25886963582278,44.65563766445225],[-121.26495805969782,44.64014771233067],[-121.2857351249107,44.629623954412025],[-121.27571614513435,44.61047819381566],[-121.28647123277989,44.59769746331423],[-121.26582400123065,44.57672371015845],[-121.27267536595176,44.5653855952568],[-121.2620634862494,44.53714268260903],[-121.26356421461877,44.52033342099701],[-121.27132883615637,44.507804523050076],[-121.29774376670527,44.49510537839162],[-121.30222620869701,44.47800405907013],[-121.23023085175149,44.42707189192053],[-121.22817896941025,44.4111552138628],[-121.23543490054136,44.39911321678881],[-121.19300776261889,44.393312683211285],[-121.17847812934104,44.38007011965743],[-121.17852871384996,44.343262048040586],[-121.17086019594363,44.31693922559562],[-121.1742949359542,44.26961626268503],[-121.16354035926004,44.272569456736456],[-121.14794618426964,44.26214690528045],[-121.10551761651918,44.261972416830766],[-121.04477509737,44.24769152505673],[-120.9455869379112,44.247508253277346],[-120.86030224080902,44.302804282296435],[-120.75044029688173,44.30510636713598],[-120.72368151576872,44.29965087858064],[-120.66237331098161,44.31822947749093],[-120.62868155129654,44.30266171642165],[-120.60836332582329,44.311666997106684],[-120.58161690800335,44.334940858517726],[-120.49161025956086,44.35571995657515],[-120.45196346670694,44.38714672301394],[-120.42738992455034,44.39618592130716],[-120.41974246171884,44.39526825528807],[-120.40315291574939,44.37656727754036],[-120.35962797795679,44.36549749859307],[-120.36687332783407,44.36321475308024],[-120.35123868307063,44.35989939297322],[-120.34912702429489,44.34984743844327],[-120.30816768033301,44.35494847146811],[-120.27525217549532,44.35083209007629],[-120.26942921062509,44.33355567992969],[-120.23810870006818,44.32352522787747],[-120.16896600509808,44.32807404882452],[-120.12679545499824,44.33773874854231],[-120.11048960119038,44.33056253815062],[-120.09720173060788,44.334982607236654],[-120.07758502048364,44.33186902755333],[-120.07297086473734,44.32555490233147],[-120.04842400108356,44.32670349443586],[-120.03668271035814,44.31422895358866],[-119.99670891810803,44.30706699217518],[-119.98092047912593,44.311610054326884],[-119.97645145865464,44.319230339226685],[-119.87969439711925,44.31946595410238],[-119.84336022177428,44.33346797142539],[-119.86805157378146,44.34169803668848],[-119.87007792956214,44.35852096804209],[-119.85923919050504,44.394410480463456],[-119.89362535651922,44.418097154392086],[-119.89446220019401,44.43629831484969],[-119.9375580663175,44.44753802672918],[-119.93242886751015,44.45788490420276],[-119.94077370375919,44.467872264482054],[-119.93061562257745,44.472408110218225],[-119.93799796233279,44.47539288460159],[-119.93262869778974,44.47799089520109],[-119.94659731846163,44.49596622644052],[-119.937188194241,44.499838744178476],[-119.92794701339056,44.52212270005557],[-119.972545915374,44.517984364529084],[-120.05789599779877,44.56010494436351],[-120.09071760545115,44.569225964582245],[-120.14086678250584,44.5648069599012],[-120.16930916372021,44.573814192264344],[-120.16594747957434,44.59322989889553],[-120.1461939168838,44.61686395910385],[-120.0993559393453,44.63147432026002],[-120.09870889811644,44.64060594366295],[-120.12390720614634,44.66420560268984],[-120.12196057843386,44.66948255391101],[-120.06383438054614,44.683904209358786],[-120.04696303594766,44.7008927900967],[-120.03832561329193,44.72156621705743],[-120.00250672577718,44.73885922485645],[-119.98916208858296,44.76855675688896],[-119.99067544955084,44.77323396360691],[-120.00172400358116,44.772279967737],[-119.99538938129751,44.782565339041],[-120.00568042125313,44.78870113963233],[-120.0014028192296,44.795393858479926],[-120.01971538041526,44.80436429426788],[-120.02621192585251,44.82363759371908],[-120.04298718167101,44.84402093146687],[-120.04746143361865,44.879000394544065],[-120.07219303362612,44.894082102318],[-120.10448574038172,44.89917515479911],[-120.11635277417669,44.93237685087693],[-120.16244725719183,44.988578219308934],[-120.21494664504931,44.99610457232342],[-120.21375714326724,44.94832786752761],[-120.23534219665574,44.946405577180734],[-120.23165455171896,44.93991344039486],[-120.25521163203885,44.92962107699184],[-120.27657139127092,44.90642926145858],[-120.29730267218028,44.90085575213705],[-120.38878687625605,44.91399337578482],[-120.4402667846323,44.91046452716992],[-120.52524730672388,44.92138293192338],[-120.56369364477867,44.910217657300386],[-120.57639223051878,44.90075482980769],[-120.62315241136557,44.90379662797078],[-120.64073639677675,44.896583710231155],[-120.6620954912747,44.91174548754705],[-120.72178028822285,44.90797368459442]]]}},{"type":"Feature","id":"dha:SH-01","properties":{"id":"dha:SH-01","kind":"deer_hunt_area","code":"SH-01","name":"Sage Hen SH-01","region":"Eastern","acres":null,"herdRange":"Sage Hen"},"geometry":{"type":"Polygon","coordinates":[[[-119.19840258221696,42.97881988507423],[-119.08508641869741,42.97925043970132],[-119.07148061910273,42.994026841575135],[-119.01466620016099,42.954123344322205],[-119.02005394078185,42.95100507904724],[-119.01527205071146,42.92930591577905],[-119.04199263702077,42.92907654797321],[-119.05508533432793,42.89755719074378],[-119.05944382124473,42.86362490709386],[-119.07349812981646,42.848059345027],[-119.06534786714569,42.84169619316325],[-119.0699012100906,42.825909782565525],[-119.07929579218191,42.82277012770706],[-119.07738537366549,42.76706213081797],[-119.06861408366156,42.756489918474244],[-119.04777445068865,42.76376524690012],[-118.97818810181185,42.76314373244786],[-118.97665816109891,42.78085359921044],[-118.96111086350875,42.813927844725114],[-118.94579669912171,42.81961373341374],[-118.93880457024781,42.82934002843536],[-118.91434461610793,42.82550395119101],[-118.91978774048407,42.84065763101994],[-118.88269916487364,42.922740613939276],[-118.88881726544496,42.933212650315795],[-118.87881205516531,42.94157012361021],[-118.87443725974987,42.95786535974504],[-118.87455250219642,42.98923673778592],[-118.86537317391098,42.99127965665141],[-118.86978031050272,43.00015665372931],[-118.85742425012707,43.005530742772436],[-118.84215636845653,43.02789754253933],[-118.87303197377308,43.0543812778478],[-118.88033282130782,43.08464788785932],[-118.900746211527,43.095967757689095],[-118.90830810531108,43.1130264828441],[-118.94493839674037,43.14298864653864],[-118.94033852307196,43.18101387774097],[-118.94574573838493,43.190243947351185],[-118.94627535196697,43.23093765253156],[-118.95560412609419,43.24226187435485],[-118.9636759114838,43.27946389366612],[-118.97409978703955,43.29449378854951],[-118.98655607171627,43.43756135255508],[-119.02002477141868,43.45000367510285],[-119.02009139308132,43.58587086285365],[-119.06278062999236,43.5851141038897],[-119.0844589328513,43.55917840088258],[-119.08221454421763,43.52836418222495],[-119.12346798898662,43.51158885636976],[-119.18090944324298,43.51238716850083],[-119.24829084414348,43.5240295540052],[-119.26999195343411,43.5210633546836],[-119.32907197176118,43.533795425103214],[-119.50609965790899,43.5416635431456],[-119.52795739197414,43.50917670638108],[-119.53696797174295,43.48190121224223],[-119.65349003015601,43.39387701357548],[-119.67692919250624,43.3566727985071],[-119.6968788647842,43.33890451177728],[-119.67498144983546,43.33857295711848],[-119.65702278900362,43.32910107786159],[-119.64048805692313,43.336275295740464],[-119.60950776612043,43.325251118262244],[-119.59404716460254,43.33342591914116],[-119.53495215258376,43.30937152317468],[-119.54303014755551,43.27838062043514],[-119.51906673785832,43.24303001892889],[-119.51353593328298,43.22200921846578],[-119.49486552817166,43.21222641994246],[-119.49016122210034,43.1821135185417],[-119.46827351771616,43.17749121986277],[-119.4457313074067,43.13899511886281],[-119.41680839863129,43.116312519715436],[-119.4106718979187,43.12011902101535],[-119.39643139470496,43.11201162131977],[-119.39229958875576,43.0861834194672],[-119.3844576638912,43.07804793960791],[-119.38792538574738,43.06960571837163],[-119.3782802810494,43.05308971847661],[-119.34672345412942,43.03842283122772],[-119.34930617189728,43.03021361950086],[-119.33889976751507,43.01522081921607],[-119.29340925494797,42.98925622163514],[-119.27366946498522,42.96997932990032],[-119.19840258221696,42.97881988507423]]]}},{"type":"Feature","id":"dha:SH-02","properties":{"id":"dha:SH-02","kind":"deer_hunt_area","code":"SH-02","name":"Sage Hen SH-02","region":"Eastern","acres":null,"herdRange":"Sage Hen"},"geometry":{"type":"Polygon","coordinates":[[[-118.93321043860303,43.91339905878622],[-118.94839476894387,43.92352494787067],[-118.9900560415701,43.91911038490862],[-119.02439359659176,43.897717748161064],[-119.02645316231818,43.89006416042734],[-119.04134346996827,43.88581061023787],[-119.05115320774297,43.8630536540007],[-119.06344328187109,43.865497426438615],[-119.08261652168916,43.846844823727885],[-119.10435110368779,43.84818421669463],[-119.10957074839065,43.85636229254409],[-119.15359436955453,43.86979321724563],[-119.16715149099673,43.86167662239342],[-119.1670286660154,43.8511357795847],[-119.17657047525992,43.84423764780955],[-119.17195956707728,43.83398910405278],[-119.18339220556456,43.821642886542705],[-119.18361338456491,43.7986704552429],[-119.19970482636194,43.77855304697041],[-119.20592189648892,43.77891955969761],[-119.21619528812141,43.81517696730516],[-119.247968914334,43.82805213724829],[-119.25964378746468,43.82639039611959],[-119.2642612153199,43.81514334309481],[-119.27936000208639,43.80438062298061],[-119.30836765370204,43.79727996413677],[-119.35957565993311,43.79649484684632],[-119.4114997775662,43.81506114195151],[-119.42056982007502,43.82392695850579],[-119.40783597126111,43.838660323164035],[-119.40648931408701,43.84856112261493],[-119.41660227438207,43.862933396810455],[-119.40929526750074,43.879177073311695],[-119.43945758108568,43.891970113920515],[-119.46491986340013,43.89108582592105],[-119.53964636597814,43.90998083660876],[-119.59983758538384,43.90586218135669],[-119.6031626805012,43.91321871551625],[-119.6692948522933,43.8983263574154],[-119.69304544688917,43.88632096332927],[-119.69560871844129,43.86941512137337],[-119.69001498803271,43.85777953868173],[-119.67198050853904,43.84712865641416],[-119.67485578740069,43.83007201160034],[-119.66715533105656,43.8198798341847],[-119.66759987033511,43.80836320531144],[-119.65636699680333,43.8022778960112],[-119.64893108222432,43.78049100777657],[-119.62858719465312,43.77769254477798],[-119.62388672556965,43.72917268395358],[-119.63046850725611,43.725221646797884],[-119.63433239271926,43.7041276669614],[-119.65500444572362,43.69614009995424],[-119.67132927928651,43.67253037610475],[-119.67497957307435,43.683564358287676],[-119.68260172874929,43.6859428112546],[-119.69819183796413,43.67799446831814],[-119.71498597327395,43.68441229074859],[-119.75750315470687,43.68376673075154],[-119.7575877521189,43.66927132992155],[-119.81723165222563,43.66885353300519],[-119.817039964994,43.683355949367225],[-119.82708910036361,43.68366009560905],[-119.83241031566983,43.64475193130333],[-119.85685417347914,43.629252567444425],[-119.8660171960524,43.63630647615805],[-119.87543785897049,43.637635184267744],[-119.84872585692405,43.60821961699639],[-119.86042625780516,43.59885671507532],[-119.87282795883704,43.59948111404435],[-119.88635705588055,43.56917281047944],[-119.84878965111048,43.53623622166724],[-119.81558241580153,43.52328542159709],[-119.76714133904555,43.53733203167513],[-119.49390785409872,43.54234151340528],[-119.32778955950363,43.53367982781601],[-119.27073535246868,43.52116802055387],[-119.24779329459008,43.52398257987671],[-119.18033692805415,43.51234244696447],[-119.11614882992107,43.51317164711918],[-119.08240050086754,43.528153794172546],[-119.08467878988482,43.558403668932556],[-119.07058999581011,43.57917250219945],[-119.05436313740665,43.58605927570737],[-119.05365131599554,43.59541388276808],[-119.01997974857939,43.614107777990355],[-119.00190781511783,43.63389668692192],[-118.99908910321939,43.67730950777857],[-119.02150812843676,43.69639737897962],[-119.00223380936886,43.72426989891119],[-119.00687672217808,43.72936402228103],[-119.00037662274845,43.738861086264],[-119.00274143370595,43.769873597443734],[-118.99402123410844,43.79881350228546],[-118.9719227172944,43.8251466319141],[-118.97124371292082,43.84035620735599],[-118.95309665176232,43.846624927712426],[-118.9502805185487,43.85539872863891],[-118.92672228484503,43.87096610546886],[-118.92494304041135,43.88521330825454],[-118.93844908655373,43.901524913648856],[-118.93321043860303,43.91339905878622]]]}},{"type":"Feature","id":"dha:KE-01","properties":{"id":"dha:KE-01","kind":"deer_hunt_area","code":"KE-01","name":"Keno KE-01","region":"Eastern","acres":null,"herdRange":"Keno"},"geometry":{"type":"Polygon","coordinates":[[[-122.06219438629665,42.76873672819433],[-122.07957062555228,42.78027033599403],[-122.07957098010374,42.80098648711365],[-122.17510652572726,42.80098162321845],[-122.17305085609108,42.783672080518336],[-122.18745602625698,42.77553096779603],[-122.19666900146963,42.75696684027026],[-122.19241749235393,42.71300967520093],[-122.1717942010966,42.685375654457786],[-122.20884072605236,42.66458424860725],[-122.21412160685026,42.65653304735802],[-122.20691438868909,42.658406758097314],[-122.20520341537375,42.650686291110745],[-122.22354987705138,42.63690921628436],[-122.2146020343009,42.6248732442291],[-122.21359354976617,42.60013708962265],[-122.22900031223836,42.58336519826506],[-122.22215503814012,42.57964520944794],[-122.21774708789297,42.55931557057647],[-122.23138326639462,42.5447961808784],[-122.2301254695812,42.51427631083859],[-122.24255882622387,42.50398442580204],[-122.25133319893311,42.508044458988145],[-122.25770785788737,42.499093545987115],[-122.27916526435277,42.49141894687064],[-122.28141586411813,42.47851851654556],[-122.2623445929284,42.4571032517724],[-122.24372043161766,42.44979964596115],[-122.25106846237962,42.423240400626646],[-122.23827342537946,42.39862410291313],[-122.22539321544885,42.39150862553237],[-122.2302638226539,42.38373341443341],[-122.22361270645465,42.37633969004588],[-122.21822342708887,42.326365102957276],[-122.25033917247751,42.29985164935303],[-122.28718080937027,42.29466160063806],[-122.28744605246725,42.13366478734047],[-122.34907901284633,42.124560668861406],[-122.35288486856592,42.116975117753405],[-122.33447293239328,42.07547793321691],[-122.34169411072038,42.05720522804853],[-122.3316313805011,42.04506244735501],[-122.33717962782886,42.027359231350644],[-122.3337291527483,42.02068976994061],[-122.34231032523326,42.016904620853495],[-122.34297004491465,42.00904160973635],[-121.88914949541288,42.00334047835696],[-121.87299472980719,42.03814568533006],[-121.8521455343017,42.06312940052901],[-121.82566911864815,42.12679669982822],[-121.79968520911527,42.15509921665],[-121.80178063326507,42.186036027754874],[-121.7868938643104,42.21089771283679],[-121.79695245316229,42.23489451490065],[-121.79484545092419,42.25057536049241],[-121.81043481901425,42.26445351074218],[-121.81797232527416,42.32907095898499],[-121.82913062673909,42.344548614966996],[-121.81375367734404,42.38468173075906],[-121.82508479189127,42.40213745276225],[-121.86675894639059,42.43791434348061],[-121.88655288614203,42.530600920486854],[-121.92154961093252,42.57836851901999],[-121.93712093476613,42.63291223379163],[-121.9652194473993,42.66363324100633],[-121.9723152577843,42.694810424451774],[-121.99589185085385,42.70095209792984],[-122.00893565240553,42.73376602239553],[-122.03026046887827,42.73399122911685],[-122.0472824708344,42.74389963397101],[-122.06219438629665,42.76873672819433]]]}},{"type":"Feature","id":"dha:KB-01","properties":{"id":"dha:KB-01","kind":"deer_hunt_area","code":"KB-01","name":"Klamath Basin KB-01","region":"Eastern","acres":null,"herdRange":"Klamath Basin"},"geometry":{"type":"Polygon","coordinates":[[[-120.69347410252047,42.7250345257764],[-120.75521047070846,42.735878652266514],[-120.74649154318656,42.73125867484436],[-120.75693556750821,42.72942885984254],[-120.75502331282601,42.7207329236673],[-120.77460323083804,42.719908625262825],[-120.7585498364106,42.70937006871583],[-120.7588614702376,42.70077622071115],[-120.76549501478907,42.70499874653298],[-120.78725370830257,42.70115306426873],[-120.79556272508383,42.71292552675742],[-120.79607914115964,42.7015709576088],[-120.804892070519,42.69494141901807],[-120.82969927431353,42.693104666370616],[-120.84077932803784,42.70740275147047],[-120.88299484326137,42.714643754788234],[-120.92811405719877,42.696720229280615],[-120.9486469770584,42.70891849646449],[-120.97544263372292,42.7112911347356],[-120.99104228762634,42.72446580929033],[-121.002787019483,42.74749034250899],[-120.99966093727622,42.76131693951834],[-121.01657711038948,42.77732935782843],[-121.04327311609808,42.78314192962027],[-121.06222440809795,42.77963251092453],[-121.06993018447915,42.788551413773995],[-121.0897407175429,42.789234818008886],[-121.14681272883168,42.75366666558746],[-121.15706938591111,42.741981368962605],[-121.1599408416475,42.725043766221255],[-121.17321032424718,42.71522949016816],[-121.18710658688359,42.71674289227005],[-121.20019520955873,42.69208034924001],[-121.2171128777765,42.687414603810666],[-121.2196395491559,42.69305525602616],[-121.23013835090444,42.68808050018777],[-121.2382980446898,42.692344097031956],[-121.2485971618007,42.68193432477376],[-121.27272829791987,42.695921120131295],[-121.27008576158589,42.68732630915841],[-121.28443743852561,42.683012418967714],[-121.29121487065964,42.669092505380824],[-121.3046410016965,42.66988617535974],[-121.32490602357821,42.65688342122329],[-121.357006112485,42.65733901688571],[-121.35398024208634,42.64485928990856],[-121.36429240162491,42.63583942923119],[-121.35858320239913,42.620277593338855],[-121.3468843073114,42.61604789806789],[-121.34755335370251,42.585983871381515],[-121.32347326182614,42.56164356239726],[-121.32897421440565,42.554915877060395],[-121.32498367482833,42.548787955054074],[-121.3088606191281,42.54838451764074],[-121.30138712020008,42.518983589174425],[-121.3057088269073,42.51498616612959],[-121.29781344184472,42.51309949067847],[-121.2908335606766,42.4925485531823],[-121.27518993447988,42.48226414153556],[-121.2712305086826,42.470006451807905],[-121.28565538933522,42.468259841028015],[-121.28778624686757,42.46166776788296],[-121.2712229688387,42.459949949870136],[-121.27127490927025,42.44173822374633],[-121.24499015802448,42.446486464727734],[-121.2169411241214,42.43868668132135],[-121.16274133297628,42.440906800061015],[-121.05102521675623,42.41131969229798],[-121.04284546538716,42.39672678852211],[-121.05203894523842,42.38419238373857],[-121.04357684916454,42.37850982851457],[-121.039110737595,42.35355537819923],[-121.031028008048,42.35059359634138],[-121.040509245628,42.33553197930344],[-121.00800148159156,42.31709538060241],[-121.05250289219398,42.29672828651087],[-121.08366500295632,42.265120883524176],[-121.09355995193916,42.263908013246514],[-121.09903247578049,42.242727166190924],[-121.13960441879527,42.24004448921107],[-121.15015544833159,42.224038504956575],[-121.14367728328054,42.203648094083704],[-121.17246262683041,42.177599043603834],[-121.20070283025746,42.17256923726044],[-121.19935019296096,42.15868025370857],[-121.21360322430026,42.15848606311044],[-121.21516110557606,42.14470324822405],[-121.23335870934136,42.13678823969751],[-121.23300705357313,42.12980668327968],[-121.22374501756238,42.129293964918155],[-121.21883184783333,42.11830147878954],[-121.2160788776768,42.08252125348014],[-121.2035596275892,42.06676955173695],[-121.20249767279239,42.028342154847444],[-121.22418537419777,42.0070625147589],[-121.22149109810839,42.00206170478799],[-121.20895770713248,41.99717675385978],[-121.01271271569044,41.993137913386455],[-120.2981083506381,41.993052853905006],[-120.29818323153691,42.017624856759866],[-120.30821363520397,42.03206373773795],[-120.32195650769232,42.08611521313985],[-120.31723957497266,42.128780955211745],[-120.34703841129593,42.158345443411385],[-120.34713044888562,42.197226947579416],[-120.36419689701259,42.218529952232316],[-120.36751292288788,42.23534575977222],[-120.33781358972837,42.31457686457165],[-120.29783156237832,42.333655163354614],[-120.29720571854195,42.371400548391335],[-120.30649849839365,42.3851889802227],[-120.28939432654715,42.4069265205053],[-120.28984871220513,42.42230226304708],[-120.27939710022163,42.44459585266564],[-120.28219539459117,42.498330768856576],[-120.29773239578564,42.54142820732466],[-120.32383877490632,42.56445549899773],[-120.41608524489564,42.60613105942144],[-120.5040487585711,42.61961534680864],[-120.51962326661406,42.640770579335324],[-120.5285158386758,42.68476449458827],[-120.54551198545937,42.69312558079448],[-120.5517542585735,42.70619184795547],[-120.59297529264774,42.72079684681158],[-120.69347410252047,42.7250345257764]]]}},{"type":"Feature","id":"dha:KB-02","properties":{"id":"dha:KB-02","kind":"deer_hunt_area","code":"KB-02","name":"Klamath Basin KB-02","region":"Eastern","acres":null,"herdRange":"Klamath Basin"},"geometry":{"type":"Polygon","coordinates":[[[-121.36556769741472,42.657970268103064],[-121.40287743279488,42.68780878735913],[-121.41381829416338,42.726688093281005],[-121.51596230833516,42.71231894939474],[-121.55814802083663,42.68376742986677],[-121.58625772217631,42.65731741921012],[-121.58780404680951,42.648903164474056],[-121.6063623175695,42.65377149011737],[-121.6136272717903,42.642868766042476],[-121.62855593529633,42.640620642054884],[-121.64416177733983,42.67990349023381],[-121.68437209448514,42.704754195973315],[-121.6825875743659,42.72528293783665],[-121.69479715685667,42.75584823277735],[-121.72530118632527,42.777765346597064],[-121.69059245887395,42.80439252896763],[-121.66317815155492,42.79879449981102],[-121.65224224830396,42.814006755014944],[-121.61768177150532,42.821695248647565],[-121.62660147202017,42.84410372120596],[-121.6219550894081,42.87615111607204],[-121.63047227504322,42.88904860384593],[-121.64946318026357,42.90033644388552],[-121.81536122410144,42.86657498438557],[-121.86389253124351,42.871120361738996],[-121.90519220866582,42.857708752330495],[-121.91096063607854,42.84708367065821],[-121.94442046472363,42.83338484088437],[-121.96290126002783,42.844774170994484],[-121.99976552599185,42.849787018731966],[-121.99968242036046,42.80102161056764],[-122.07222604252871,42.800986539087],[-122.05781250948709,42.772536421457765],[-122.06085726527179,42.76268465428018],[-122.04750186957963,42.744071335013395],[-122.03026046887827,42.73399122911685],[-122.00893565240553,42.73376602239553],[-121.99589185085385,42.70095209792984],[-121.9723152577843,42.694810424451774],[-121.9652194473993,42.66363324100633],[-121.93712093476613,42.63291223379163],[-121.92154961093252,42.57836851901999],[-121.88655288614203,42.530600920486854],[-121.86675894639059,42.43791434348061],[-121.82508479189127,42.40213745276225],[-121.81350527254715,42.383867234670355],[-121.8290881587416,42.34416232639496],[-121.81797232527416,42.32907095898499],[-121.81043481901425,42.26445351074218],[-121.79484545092419,42.25057536049241],[-121.79695245316229,42.23489451490065],[-121.78686662836688,42.20992145023726],[-121.80178063326507,42.186036027754874],[-121.79993342378013,42.15448959906648],[-121.82566911864815,42.12679669982822],[-121.8521455343017,42.06312940052901],[-121.87299472980719,42.03814568533006],[-121.88914877123457,42.0033404685975],[-121.20895770713248,41.99717675385978],[-121.22418537419777,42.0070625147589],[-121.20257120411968,42.028122665808446],[-121.2035596275892,42.06676955173695],[-121.2160788776768,42.08252125348014],[-121.21883184783333,42.11830147878954],[-121.22374501756238,42.129293964918155],[-121.23300705357313,42.12980668327968],[-121.23335870934136,42.13678823969751],[-121.21516110557606,42.14470324822405],[-121.21360322430026,42.15848606311044],[-121.19935019296096,42.15868025370857],[-121.20070283025746,42.17256923726044],[-121.17246262683041,42.177599043603834],[-121.14367728328054,42.203648094083704],[-121.15015544833159,42.224038504956575],[-121.13960441879527,42.24004448921107],[-121.09903247578049,42.242727166190924],[-121.09355995193916,42.263908013246514],[-121.08366500295632,42.265120883524176],[-121.05250289219398,42.29672828651087],[-121.00800148159156,42.31709538060241],[-121.040509245628,42.33553197930344],[-121.031028008048,42.35059359634138],[-121.039110737595,42.35355537819923],[-121.04357684916454,42.37850982851457],[-121.05203894523842,42.38419238373857],[-121.04284546538716,42.39672678852211],[-121.05102521675623,42.41131969229798],[-121.16274133297628,42.440906800061015],[-121.2169411241214,42.43868668132135],[-121.24499015802448,42.446486464727734],[-121.27127490927025,42.44173822374633],[-121.2712229688387,42.459949949870136],[-121.28778624686757,42.46166776788296],[-121.28565538933522,42.468259841028015],[-121.2712305086826,42.470006451807905],[-121.27518993447988,42.48226414153556],[-121.2908335606766,42.4925485531823],[-121.29781344184472,42.51309949067847],[-121.3057088269073,42.51498616612959],[-121.30138712020008,42.518983589174425],[-121.3088606191281,42.54838451764074],[-121.32498367482833,42.548787955054074],[-121.32897421440565,42.554915877060395],[-121.32347326182614,42.56164356239726],[-121.34697668181182,42.584548142717296],[-121.3468843073114,42.61604789806789],[-121.36007481231857,42.62332022104578],[-121.36109145455171,42.63836927818881],[-121.36748002960002,42.64270192782393],[-121.36556769741472,42.657970268103064]]]}},{"type":"Feature","id":"dha:AD-01","properties":{"id":"dha:AD-01","kind":"deer_hunt_area","code":"AD-01","name":"Aldrich AD-01","region":"Eastern","acres":null,"herdRange":"Aldrich"},"geometry":{"type":"Polygon","coordinates":[[[-118.96660294972081,44.133877299277984],[-118.94137860259309,44.1356083153077],[-118.92670759050011,44.14671933869086],[-118.87863445243521,44.162335386716414],[-118.7746067225692,44.17280925776654],[-118.74402716326271,44.18303996154368],[-118.72810452866963,44.182206282484785],[-118.70568384855414,44.17085258427974],[-118.66738693944019,44.177918704122014],[-118.56179814690601,44.181280206247514],[-118.5176807581841,44.20669770142628],[-118.49034991984816,44.17091787220993],[-118.47052817869141,44.16709163277449],[-118.4559799556825,44.153907776402086],[-118.43888880184412,44.16219592461823],[-118.43592320230266,44.18204085085807],[-118.42705808303732,44.17621414015212],[-118.41280942484109,44.19690103169618],[-118.39681852237301,44.19678250439793],[-118.39364881233143,44.24016797902898],[-118.40113698680001,44.25668285241544],[-118.39640200084212,44.27729469766881],[-118.40788815517843,44.30516653966925],[-118.42604407418081,44.32683204663637],[-118.44037947427256,44.36788094580966],[-118.49990740837787,44.37086912908635],[-118.51752182916508,44.375533914667095],[-118.53495176574181,44.39331105748993],[-118.55737125182905,44.39885928667873],[-118.58025146626339,44.39575562020846],[-118.58959287933756,44.40772661223391],[-118.62606827372683,44.427063683482864],[-118.67428873855869,44.44546418421654],[-118.67863418659226,44.45370100554425],[-118.70830579411863,44.45745619827604],[-118.71138142088556,44.462465775984356],[-118.84161939047692,44.43134119490302],[-118.87112123493148,44.41534164860399],[-118.98986186408533,44.420273944591464],[-119.04898008140704,44.41196052420136],[-119.14208448596642,44.41767503621454],[-119.21732533458623,44.410668554124626],[-119.27204132903948,44.42522273610542],[-119.27598990458524,44.4334786448193],[-119.33051605573323,44.43532531168029],[-119.39075957909846,44.449872994733894],[-119.40643110463482,44.44746771353326],[-119.4289786323383,44.458220994644606],[-119.44790205745836,44.45904464286716],[-119.45426758972272,44.46620770021489],[-119.53211262551149,44.46551998291285],[-119.62201149048632,44.50675501993607],[-119.6327866557324,44.52759718645405],[-119.65511942864167,44.51436630047888],[-119.7202243303078,44.52261617746667],[-119.76471850061277,44.542511613399064],[-119.78130999153495,44.54136417010592],[-119.78656157581769,44.548736402069984],[-119.84085692318932,44.56255981771076],[-119.86489707201302,44.55685365514028],[-119.8623737424728,44.548862399963824],[-119.88398328714256,44.5272382725597],[-119.92794701339056,44.52212270005557],[-119.937188194241,44.499838744178476],[-119.94651573263268,44.496235013786425],[-119.93262869778974,44.47799089520109],[-119.93799796233279,44.47539288460159],[-119.93061562257745,44.472408110218225],[-119.94077370375919,44.467872264482054],[-119.93242886751015,44.45788490420276],[-119.93737078749155,44.44723243027961],[-119.89446220019401,44.43629831484969],[-119.89362535651922,44.418097154392086],[-119.85923919050504,44.394410480463456],[-119.87007792956214,44.35852096804209],[-119.86805157378146,44.34169803668848],[-119.84316884000411,44.33406609425541],[-119.86936084590972,44.323592457099764],[-119.87123197393186,44.317454802641016],[-119.854890560223,44.299262208496195],[-119.8529073711139,44.28329967292204],[-119.8402019787809,44.265852871005485],[-119.8295555562614,44.26351844434411],[-119.82233998909092,44.24767585046361],[-119.82643285580588,44.22716379186456],[-119.86277669208557,44.188499791253065],[-119.86170412158529,44.16354001317976],[-119.89502427566872,44.142894840205074],[-119.8719509589653,44.13348341057915],[-119.86143029278604,44.11974269332841],[-119.8252041316535,44.105108773054575],[-119.81890926871225,44.081448710309985],[-119.8062719368562,44.06865125008513],[-119.78322712845018,44.06718564145178],[-119.71313328716829,44.08499684267089],[-119.68143902031646,44.082369653041326],[-119.67354971325946,44.07195686089737],[-119.67744152478396,44.04854874788866],[-119.66721376236873,44.029344457464845],[-119.6683056833757,44.01092083876234],[-119.64000130288322,43.979942877071366],[-119.6305846454914,43.98157232065983],[-119.6242360518325,43.97248691707876],[-119.61223448326056,43.970115189074],[-119.60785976635188,43.95937972114866],[-119.58247774823812,43.942917859344114],[-119.58174865592058,43.93466926703123],[-119.60285292664464,43.91454025833053],[-119.60029348925727,43.90608138613786],[-119.53873275071675,43.90987510405635],[-119.41419473256603,43.88263902254224],[-119.4088970751952,43.873526749751406],[-119.4163189681898,43.860783039622866],[-119.4064482249948,43.848003766550704],[-119.4085499562121,43.835867664891424],[-119.42056982007502,43.82392695850579],[-119.41133829902333,43.814988019674885],[-119.35957565993311,43.79649484684632],[-119.30836765370204,43.79727996413677],[-119.27936000208639,43.80438062298061],[-119.2642612153199,43.81514334309481],[-119.25964378746468,43.82639039611959],[-119.247968914334,43.82805213724829],[-119.21619528812141,43.81517696730516],[-119.20592189648892,43.77891955969761],[-119.19970482636194,43.77855304697041],[-119.18361338456491,43.7986704552429],[-119.18339220556456,43.821642886542705],[-119.17195956707728,43.83398910405278],[-119.17657047525992,43.84423764780955],[-119.1670286660154,43.8511357795847],[-119.16715149099673,43.86167662239342],[-119.15359436955453,43.86979321724563],[-119.10957074839065,43.85636229254409],[-119.10435110368779,43.84818421669463],[-119.08261652168916,43.846844823727885],[-119.06344328187109,43.865497426438615],[-119.05115320774297,43.8630536540007],[-119.04134346996827,43.88581061023787],[-119.02645316231818,43.89006416042734],[-119.02439359659176,43.897717748161064],[-118.9900560415701,43.91911038490862],[-118.94839476894387,43.92352494787067],[-118.93321043860303,43.91339905878622],[-118.93174742753847,43.97687292583529],[-118.92350763394404,44.00821141814491],[-118.94295991390142,44.06319173939775],[-118.97541478872178,44.07245980284515],[-118.96181497639559,44.08192025412769],[-118.97036887586607,44.088463823905414],[-118.9608871728331,44.09260753039978],[-118.9554675852393,44.10468841573369],[-118.9603065191993,44.12065711606688],[-118.97540726483886,44.12625964854151],[-118.96660294972081,44.133877299277984]]]}},{"type":"Feature","id":"dha:NB-02","properties":{"id":"dha:NB-02","kind":"deer_hunt_area","code":"NB-02","name":"North Blues NB-02","region":"Eastern","acres":null,"herdRange":"North Blues"},"geometry":{"type":"Polygon","coordinates":[[[-120.16824561724759,45.51485637593576],[-120.19291920896002,45.48257858548072],[-120.19821463395505,45.46186728233814],[-120.18023570101717,45.4207658164961],[-120.15949039846772,45.41649689533687],[-120.13882382439508,45.38703492256579],[-120.14551781316828,45.37297082841424],[-120.13766034592864,45.358532026918894],[-120.14271317772939,45.28416456122227],[-120.15206909645484,45.267079607176235],[-120.18486493779281,45.23712558855049],[-120.18677922302562,45.222740684510875],[-120.17626363127869,45.21375476631101],[-120.17552713325371,45.20243938465213],[-120.18565753837736,45.18155930904299],[-120.20336730338775,45.17135526265162],[-120.21412181340797,45.1553736818179],[-120.1875512392991,45.1240660603068],[-120.19563750273736,45.103269364366234],[-120.18804422688149,45.05710578184406],[-120.20680329321934,45.03119245608907],[-120.22166428405531,45.02258507306084],[-120.22974544973594,45.0039022673767],[-120.21623440474438,44.99628250036417],[-120.16326693769285,44.9888874439699],[-120.15155414334725,44.98000390747965],[-120.14144395643308,44.987205686541074],[-120.13920396882789,44.99810569277784],[-120.12839396037297,45.00091569126537],[-120.08573495754928,44.99955568948013],[-120.0854439637815,44.99408569385536],[-120.07787396110713,44.99911569836859],[-120.06361494979863,44.98986569195684],[-119.99646494533273,44.97999569594989],[-119.99148394358183,44.987245706374516],[-119.97528394095694,44.985975704338166],[-119.95777493674863,45.00360570823356],[-119.89069789662994,44.99460509089574],[-119.89181848337473,44.98962559441794],[-119.8831548551654,44.988422671660466],[-119.87999816297558,44.99435140388175],[-119.87012113838908,44.994516684646776],[-119.87084205420372,45.020566502697775],[-119.85063698654976,45.02804723857158],[-119.82111801145747,45.02056401596019],[-119.82095703083593,45.00959953217808],[-119.81092526406532,45.009574271355554],[-119.81081301403374,44.99496451937643],[-119.65302121425516,44.99458998203414],[-119.65254362956435,44.976963534673054],[-119.61278781312235,44.9773134593811],[-119.59322512326226,44.98107067265025],[-119.59338820331722,44.995315391087665],[-119.5861832785052,44.995307338378986],[-119.58611452871266,45.02484982406858],[-119.57574178345811,45.02529779379065],[-119.57561457127912,45.05425119791598],[-119.56003961837249,45.0541914007852],[-119.55995505617764,45.06856059311993],[-119.54422452854293,45.068582461243615],[-119.54433535277431,45.06137320501918],[-119.50341603296677,45.065348653866806],[-119.50356365610534,45.081849784906744],[-119.51393337323712,45.08182177016581],[-119.51421636526298,45.12535351890063],[-119.48850349662295,45.11803674141365],[-119.4887107638909,45.125403901183894],[-119.43237970883192,45.12556409438934],[-119.43233400525648,45.132854626503764],[-119.42209976928787,45.13284603717861],[-119.42205576532322,45.14008620845978],[-119.39150740255775,45.13992227547716],[-119.39128251395962,45.154328068083565],[-119.36568978564006,45.154863023032306],[-119.36598960829848,45.169127186668526],[-119.35198323652611,45.16918962941961],[-119.35213336636595,45.17614763441756],[-119.33113951632828,45.18698986094486],[-119.31613385515622,45.18724118015178],[-119.31585078243829,45.194412969788345],[-119.33593787875517,45.20528122247375],[-119.3105752570146,45.20515724407682],[-119.31055344823693,45.226592728010736],[-119.26945047432645,45.22741846824873],[-119.26439723130682,45.222333959787576],[-119.25519439036951,45.22955548096398],[-119.24022065799628,45.22948461161988],[-119.2395487758752,45.214979982038734],[-119.1576010318575,45.215505068727786],[-119.15753437457717,45.22181871038773],[-119.147192171214,45.2207682311002],[-119.14710735106765,45.21352887300745],[-119.10654827271178,45.22068229562518],[-119.1064312972046,45.21338978389285],[-119.06534431473082,45.213456238828975],[-119.06025589705666,45.224357697963825],[-119.0499560019179,45.22441867279596],[-119.04484541919936,45.23170005818204],[-119.02946630168987,45.231698921316784],[-119.0241879454028,45.21358996148336],[-119.03450133186792,45.22084635491909],[-119.03454144967081,45.22803907767545],[-119.04479417169283,45.22805125275646],[-119.03943510247066,45.19913037853724],[-119.06526904161174,45.206226239890924],[-119.06512279759512,45.17047678817347],[-119.01210645392358,45.14467263252748],[-118.98232110730402,45.14956367870518],[-118.95731453923945,45.13789858001449],[-118.94988425972471,45.1819532184488],[-118.96689358523294,45.20135069478837],[-118.96543468040541,45.228320086468855],[-118.98066781766057,45.25996040084728],[-118.9767320410003,45.27419262202058],[-118.9645812649817,45.286513101462766],[-118.97848769949148,45.29800813490235],[-119.0063703385625,45.30007959035412],[-119.00124162388659,45.31234862866711],[-119.0077325289686,45.33812912572415],[-118.99906903377934,45.34885530201583],[-118.99078530600707,45.41287152810187],[-118.99693025685373,45.44922590889184],[-118.9805174302979,45.46030473575451],[-118.95308357526287,45.45621110150573],[-118.91540181765305,45.467317609977265],[-118.89412920138203,45.46215650906101],[-118.85447490560617,45.469000066745565],[-118.83538849792417,45.479463141250754],[-118.79522072462048,45.52363429478692],[-118.7874985490025,45.53670466432357],[-118.78724473331363,45.56331738371091],[-118.80030734988493,45.59218799570413],[-118.80312355122058,45.61852368908984],[-118.81822978425892,45.64232314740091],[-118.80641656767001,45.66320116114586],[-118.85724521146942,45.67911068056748],[-118.8847582804965,45.67663705862778],[-119.08853676982599,45.74279190475162],[-119.32411312887875,45.78328637649796],[-119.3352478946095,45.77257863827069],[-119.33747977668529,45.75169803735192],[-119.38779080655998,45.666161121240194],[-119.43271664968229,45.62247459620223],[-119.44820684992165,45.61635296981533],[-119.49270056591313,45.61754599141516],[-119.50899712262081,45.61248571708434],[-119.54641248187055,45.58052177246271],[-119.58810323358848,45.56718164466225],[-119.63338703788496,45.54193475382232],[-119.63201887401098,45.512472179574665],[-119.65013736865679,45.487874803232],[-119.66268536117698,45.47962986435584],[-119.67808964255408,45.479067206222766],[-119.6783257888754,45.45569927853874],[-119.68678002334758,45.44693597060065],[-119.73369210584886,45.467546865768185],[-119.76123438324366,45.4953223530813],[-119.80434723255864,45.50380406240985],[-119.86553417777438,45.496698718835525],[-119.89196311560922,45.50330073449491],[-119.90997402357767,45.499115741012325],[-120.00524404738107,45.50215573713348],[-120.02795404217382,45.48809573228186],[-120.07798405957311,45.48574572188921],[-120.14756405821676,45.488865714733215],[-120.15731406411285,45.492455723030304],[-120.15720406747917,45.51484572125282],[-120.16824561724759,45.51485637593576]]]}},{"type":"Feature","id":"dha:NB-01","properties":{"id":"dha:NB-01","kind":"deer_hunt_area","code":"NB-01","name":"North Blues NB-01","region":"Eastern","acres":null,"herdRange":"North Blues"},"geometry":{"type":"Polygon","coordinates":[[[-118.36028394443807,45.431051296009684],[-118.46227328379885,45.54353299052038],[-118.4640781886002,45.55299539241049],[-118.45405298946321,45.57651169556019],[-118.46216169349026,45.58724409576766],[-118.50443820405128,45.600134193012515],[-118.58409031290675,45.582102282662554],[-118.6203012200798,45.582466481640765],[-118.62278062215219,45.58654578031314],[-118.61094672014043,45.594524583696746],[-118.64473043062856,45.60282277717189],[-118.64676073274688,45.614371379253335],[-118.70929445009617,45.65491617771379],[-118.76443116166371,45.66503767011572],[-118.80641656767001,45.66320116114586],[-118.81822978425892,45.64232314740091],[-118.80312355122058,45.61852368908984],[-118.80030734988493,45.59218799570413],[-118.78720694250497,45.56217024157135],[-118.78797971651758,45.534917082079396],[-118.80471970540552,45.51191154376681],[-118.83548848100659,45.47937434668366],[-118.85604503445545,45.468301712235856],[-118.89575685004101,45.46211864748361],[-118.91540181765305,45.467317609977265],[-118.95308357526287,45.45621110150573],[-118.9805174302979,45.46030473575451],[-118.99840573242872,45.4453575200673],[-118.99074116049225,45.413611847805875],[-118.99906903377934,45.34885530201583],[-119.0077325289686,45.33812912572415],[-119.00124162388659,45.31234862866711],[-119.0063703385625,45.30007959035412],[-118.97848769949148,45.29800813490235],[-118.9645812649817,45.286513101462766],[-118.9767320410003,45.27419262202058],[-118.98066781766057,45.25996040084728],[-118.96543468040541,45.228320086468855],[-118.96689358523294,45.20135069478837],[-118.94988425972471,45.1819532184488],[-118.95731449608823,45.13789857674034],[-118.92873976126292,45.13419765940429],[-118.88312181098057,45.1535448077622],[-118.800319123732,45.15983925895558],[-118.76401692839032,45.18969975317508],[-118.74480304525298,45.17276176305696],[-118.72045371844507,45.16927328165687],[-118.70075822676287,45.17402773170681],[-118.65772844018016,45.16364127274895],[-118.64181464359953,45.16403654645935],[-118.62662559056017,45.176417757067995],[-118.60761768389652,45.177410233784514],[-118.61239680208708,45.18252980342273],[-118.59977186447207,45.185627962261464],[-118.60462354360146,45.202482639847545],[-118.59907107245455,45.21901485465244],[-118.61376285612228,45.27599513438018],[-118.60558056020034,45.291746461557466],[-118.62243546367148,45.292412557525466],[-118.61872805798174,45.29768596173303],[-118.6248248622013,45.300898561502684],[-118.61849006486246,45.31420706093638],[-118.59464576491979,45.32217066329581],[-118.56666845883507,45.318886966546465],[-118.55421715490498,45.323689567173645],[-118.5488907592307,45.33684657060811],[-118.53820703620575,45.33640202797464],[-118.5376096870008,45.352109269973866],[-118.53199035715946,45.35452733126487],[-118.49905630215815,45.34180228076296],[-118.4760696327902,45.345839948474776],[-118.46159938794268,45.35974316005971],[-118.46209080289655,45.36695027769553],[-118.43099544766781,45.37207767315843],[-118.41888920922723,45.38402517242566],[-118.4047870746887,45.40399150075026],[-118.41279918153263,45.41918397611669],[-118.40767069985287,45.43087647024425],[-118.3945501508192,45.43613785161137],[-118.38164765692137,45.428936859200554],[-118.36028394443807,45.431051296009684]]]}},{"type":"Feature","id":"dha:FX-02","properties":{"id":"dha:FX-02","kind":"deer_hunt_area","code":"FX-02","name":"Fox FX-02","region":"Eastern","acres":null,"herdRange":"Fox"},"geometry":{"type":"Polygon","coordinates":[[[-119.31393497614647,44.912724029848306],[-119.32374686683067,44.92122932542309],[-119.35845733312073,44.917177617840665],[-119.3714887416303,44.92162450535318],[-119.37957828029528,44.89781660763949],[-119.38874213575372,44.898273446574834],[-119.39196590228401,44.889545536240504],[-119.4036356012016,44.89375633195622],[-119.41000638603516,44.8822614926139],[-119.39753321047404,44.880264475523106],[-119.41481217608103,44.84484541044379],[-119.40399441888991,44.82543151192417],[-119.4180673905775,44.81554258596265],[-119.43822512456141,44.81309581704038],[-119.44697880591656,44.81882400043652],[-119.49552009844413,44.81114301525016],[-119.50833156337313,44.80254261487904],[-119.52391594281028,44.803909613454344],[-119.53289705467488,44.79456844803245],[-119.54582977940234,44.79934929588251],[-119.56312909901993,44.78748908828454],[-119.56775198946265,44.79203040058292],[-119.58374057788546,44.78620423539422],[-119.59810231578106,44.789293423164025],[-119.61056806999945,44.779744570914566],[-119.61661645485279,44.784631593500045],[-119.635971192467,44.77067423367299],[-119.63693332495862,44.75067351494463],[-119.6459027156164,44.73432509551325],[-119.64153259771331,44.718388401405896],[-119.65230420909715,44.668698522535635],[-119.64598069828513,44.66005711230526],[-119.64862389188991,44.6410731988717],[-119.63637868323744,44.63374302971176],[-119.64352687228647,44.62980509442791],[-119.6323731865987,44.59478809859969],[-119.64114765560137,44.58780181176899],[-119.6490963549598,44.56429022163357],[-119.64361973474523,44.54272868758353],[-119.6223218828696,44.50697496704081],[-119.53211262551149,44.46551998291285],[-119.45426758972272,44.46620770021489],[-119.44790205745836,44.45904464286716],[-119.4289786323383,44.458220994644606],[-119.40643110463482,44.44746771353326],[-119.39075957909846,44.449872994733894],[-119.33051605573323,44.43532531168029],[-119.27598990458524,44.4334786448193],[-119.27204132903948,44.42522273610542],[-119.21674546200505,44.41062993685992],[-119.14208448596642,44.41767503621454],[-119.04898008140704,44.41196052420136],[-118.98986186408533,44.420273944591464],[-118.87112123493148,44.41534164860399],[-118.84161939047692,44.43134119490302],[-118.71138142088556,44.462465775984356],[-118.70830579411863,44.45745619827604],[-118.67863418659226,44.45370100554425],[-118.67428873855869,44.44546418421654],[-118.62606827372683,44.427063683482864],[-118.58959287933756,44.40772661223391],[-118.58025146626339,44.39575562020846],[-118.55737125182905,44.39885928667873],[-118.53495176574181,44.39331105748993],[-118.51752182916508,44.375533914667095],[-118.49990740837787,44.37086912908635],[-118.44037947427256,44.36788094580966],[-118.42580043474139,44.32638494011326],[-118.41232723043221,44.32376135782579],[-118.39984402107068,44.30938871817394],[-118.38970633390824,44.31397792191655],[-118.38371063830702,44.30773960877757],[-118.37304678332973,44.308525454166166],[-118.37074501805276,44.3144050113381],[-118.3983891415508,44.35180581066959],[-118.39534632088625,44.35685760584362],[-118.3442931273864,44.379801319849314],[-118.34045545152873,44.37756868305564],[-118.34971118583118,44.369258099536324],[-118.33041878303578,44.37273441263325],[-118.33477344326788,44.387772429814106],[-118.32908648789342,44.40113593394321],[-118.2742945296845,44.40911582289016],[-118.24241353496181,44.42703583061874],[-118.24115352470308,44.437255832115234],[-118.19217416038155,44.43751455151358],[-118.20439681336823,44.46329292144468],[-118.22099048462783,44.469014060244525],[-118.24385641194804,44.49720603797053],[-118.31617464623254,44.52823351407037],[-118.32770833771976,44.541565929632945],[-118.36601955064233,44.55264742746501],[-118.37573909051653,44.57022624688263],[-118.42678624840204,44.58208844275288],[-118.50092576721292,44.57367268914534],[-118.50033983481458,44.58329590063851],[-118.5105301030122,44.59340159323746],[-118.57431610264202,44.624701322641606],[-118.62426087779032,44.636307509902764],[-118.63251152772119,44.644372604547215],[-118.6591604067513,44.640806118949094],[-118.69955444010316,44.66577301350091],[-118.79588485956077,44.69479626960871],[-118.80223668681384,44.692183966248564],[-118.82135169396363,44.71732687632745],[-118.82352741646156,44.7293757154895],[-118.84560748810796,44.730556167266734],[-118.8458215052532,44.73965225111711],[-118.86526905725037,44.76009977520395],[-118.85728718345861,44.76319398947074],[-118.89320707947147,44.773073391467726],[-118.91041193114481,44.79771035966677],[-118.92953690493594,44.80236487281658],[-118.93254108174598,44.79615657114502],[-118.94114972817435,44.799881473451656],[-118.95546409199244,44.794308061728174],[-118.97569810863257,44.80001838858451],[-118.97176782966272,44.80564066097694],[-118.98440710280369,44.804962661334066],[-119.00448532921077,44.817093395396356],[-119.01048744687864,44.83035198268898],[-119.03680574628915,44.837540784953305],[-119.03754174874608,44.84526678469399],[-119.06524075503803,44.85788678308235],[-119.07102675779271,44.86773878412636],[-119.10825176555745,44.87058478038614],[-119.11008376715013,44.87617478050978],[-119.11664076691521,44.87042077861877],[-119.11973276855952,44.88069578048347],[-119.13581577124073,44.87957977767259],[-119.1422677747267,44.89238177822825],[-119.14732077463519,44.885229777417436],[-119.15966677746343,44.885896775824534],[-119.17017977951312,44.889532776585675],[-119.17001778058194,44.89540677619585],[-119.20542078632845,44.89062877266361],[-119.20969278373708,44.878948771280555],[-119.21445478571944,44.885735770810626],[-119.22380878744114,44.88177876975791],[-119.22188278771102,44.88806577052254],[-119.23271678896344,44.88595876990573],[-119.24773979400611,44.894064768420236],[-119.25285879646174,44.903049767694164],[-119.27530880008271,44.900316766380485],[-119.30495952388702,44.91926118482279],[-119.31393497614647,44.912724029848306]]]}},{"type":"Feature","id":"dha:FX-03","properties":{"id":"dha:FX-03","kind":"deer_hunt_area","code":"FX-03","name":"Fox FX-03","region":"Eastern","acres":null,"herdRange":"Fox"},"geometry":{"type":"MultiPolygon","coordinates":[[[[-119.04479417169283,45.22805125275646],[-119.06535144578946,45.22069242934179],[-119.06534431473082,45.213456238828975],[-119.1064312972046,45.21338978389285],[-119.10654827271178,45.22068229562518],[-119.14710735106765,45.21352887300745],[-119.147192171214,45.2207682311002],[-119.15753437457717,45.22181871038773],[-119.1576010318575,45.215505068727786],[-119.2395487758752,45.214979982038734],[-119.24022065799628,45.22948461161988],[-119.25519439036951,45.22955548096398],[-119.26439723130682,45.222333959787576],[-119.26945047432645,45.22741846824873],[-119.31055344823693,45.226592728010736],[-119.3105752570146,45.20515724407682],[-119.33593787875517,45.20528122247375],[-119.31585078243829,45.194412969788345],[-119.31613385515622,45.18724118015178],[-119.33113951632828,45.18698986094486],[-119.35213336636595,45.17614763441756],[-119.35198323652611,45.16918962941961],[-119.36598960829848,45.169127186668526],[-119.36568978564006,45.154863023032306],[-119.39128251395962,45.154328068083565],[-119.39150740255775,45.13992227547716],[-119.42205576532322,45.14008620845978],[-119.42209976928787,45.13284603717861],[-119.43233400525648,45.132854626503764],[-119.43237970883192,45.12556409438934],[-119.4887107638909,45.125403901183894],[-119.48850349662295,45.11803674141365],[-119.51421636526298,45.12535351890063],[-119.51393337323712,45.08182177016581],[-119.50356365610534,45.081849784906744],[-119.50341603296677,45.065348653866806],[-119.54433535277431,45.06137320501918],[-119.54422452854293,45.068582461243615],[-119.55995505617764,45.06856059311993],[-119.56003961837249,45.0541914007852],[-119.57561457127912,45.05425119791598],[-119.57574178345811,45.02529779379065],[-119.58611452871266,45.02484982406858],[-119.5861832785052,44.995307338378986],[-119.59338820331722,44.995315391087665],[-119.59322512326226,44.98107067265025],[-119.65254362956435,44.976963534673054],[-119.65302121425516,44.99458998203414],[-119.81081301403374,44.99496451937643],[-119.81092526406532,45.009574271355554],[-119.82095703083593,45.00959953217808],[-119.82111801145747,45.02056401596019],[-119.85063698654976,45.02804723857158],[-119.87084205420372,45.020566502697775],[-119.87012113838908,44.994516684646776],[-119.88650143305344,44.98794191666529],[-119.89069789662994,44.99460509089574],[-119.95777493674863,45.00360570823356],[-119.97528394095694,44.985975704338166],[-119.99148394358183,44.987245706374516],[-119.99646494533273,44.97999569594989],[-120.06361494979863,44.98986569195684],[-120.07787396110713,44.99911569836859],[-120.0854439637815,44.99408569385536],[-120.08573495754928,44.99955568948013],[-120.1374049626915,44.999415691522586],[-120.15155414334725,44.98000390747965],[-120.11621351184233,44.932141079880125],[-120.11132221789606,44.90830909200515],[-120.10220842975177,44.89767326093039],[-120.07219303362612,44.894082102318],[-120.04817081263272,44.87989977488719],[-120.04298718167101,44.84402093146687],[-120.02621192585251,44.82363759371908],[-120.01971538041526,44.80436429426788],[-120.0014028192296,44.795393858479926],[-120.00568042125313,44.78870113963233],[-119.99538938129751,44.782565339041],[-120.00186223988553,44.77257068043766],[-119.99043662459705,44.77305855601372],[-119.98965515201132,44.76076377239819],[-120.0027917870019,44.73859069867683],[-120.03832561329193,44.72156621705743],[-120.04696303594766,44.7008927900967],[-120.06383438054614,44.683904209358786],[-120.12196057843386,44.66948255391101],[-120.12390720614634,44.66420560268984],[-120.09870889811644,44.64060594366295],[-120.0993559393453,44.63147432026002],[-120.1461939168838,44.61686395910385],[-120.16594747957434,44.59322989889553],[-120.16930916372021,44.573814192264344],[-120.14086678250584,44.5648069599012],[-120.09071760545115,44.569225964582245],[-120.05789599779877,44.56010494436351],[-119.9705918981493,44.51767226047738],[-119.88398328714256,44.5272382725597],[-119.8623737424728,44.548862399963824],[-119.86489707201302,44.55685365514028],[-119.84085692318932,44.56255981771076],[-119.78656157581769,44.548736402069984],[-119.78130999153495,44.54136417010592],[-119.76471850061277,44.542511613399064],[-119.7202243303078,44.52261617746667],[-119.65583872738063,44.51439601508437],[-119.6474052832328,44.517931795644465],[-119.63343439914165,44.52777539245703],[-119.6490963549598,44.56429022163357],[-119.64114765560137,44.58780181176899],[-119.63238205375762,44.59514238597829],[-119.64352687228647,44.62980509442791],[-119.6364362269921,44.63391690607027],[-119.64874740414234,44.64148623634139],[-119.64598069828513,44.66005711230526],[-119.65160057711194,44.68134651750749],[-119.64153259771331,44.718388401405896],[-119.64397624430556,44.74578442693308],[-119.6370563569738,44.750297420829625],[-119.63643760266142,44.76982374803264],[-119.63055146181244,44.775260620585534],[-119.59810231578106,44.789293423164025],[-119.58374057788546,44.78620423539422],[-119.56775198946265,44.79203040058292],[-119.56312909901993,44.78748908828454],[-119.54492787768196,44.799524570846415],[-119.53289705467488,44.79456844803245],[-119.52391594281028,44.803909613454344],[-119.50833156337313,44.80254261487904],[-119.49552009844413,44.81114301525016],[-119.44697880591656,44.81882400043652],[-119.43773449227203,44.81305335075574],[-119.41678804343823,44.8162425008644],[-119.40399441888991,44.82543151192417],[-119.41481217608103,44.84484541044379],[-119.39753321047404,44.880264475523106],[-119.41000638603516,44.8822614926139],[-119.4036356012016,44.89375633195622],[-119.39196590228401,44.889545536240504],[-119.38874213575372,44.898273446574834],[-119.37957828029528,44.89781660763949],[-119.3714887416303,44.92162450535318],[-119.35845733312073,44.917177617840665],[-119.32374686683067,44.92122932542309],[-119.31277617387713,44.91146932574216],[-119.3055703962137,44.91910494316351],[-119.29740049480883,44.9158850870334],[-119.28919320549795,44.929111813899674],[-119.29703923074973,44.96125384350605],[-119.28422588999295,44.9633742688761],[-119.2839307886542,44.97235491825598],[-119.276720102518,44.968223029950494],[-119.26773247751635,44.97468548814164],[-119.2701430477148,44.98179435532937],[-119.26309431859383,44.97696516118501],[-119.22474769833384,44.9821573985535],[-119.19859685858296,44.977875082491536],[-119.15865857290227,44.99030466536601],[-119.1175928269068,44.98865252044862],[-119.11044683787965,44.993817300333355],[-119.09469184797396,44.98943524550524],[-119.06808666040924,44.99796890549016],[-119.0630251424248,45.007898757460815],[-119.05165058357261,45.012037200672765],[-119.02191060060557,45.004440195042186],[-119.01391573386464,45.010837263700815],[-118.99508914616004,45.010242711349754],[-118.97818338100981,45.034582525242804],[-118.98122045221787,45.04785220615257],[-118.96911999165161,45.05532731174319],[-118.98589539493462,45.0729412967205],[-118.98787290436239,45.07936881202428],[-118.98032732878994,45.08698887833891],[-118.98710817669675,45.10336577668791],[-118.97326197399866,45.1120194928947],[-118.97781267418816,45.12276899113857],[-118.95731453923945,45.13789858001449],[-118.98232110730402,45.14956367870518],[-119.01210645392358,45.14467263252748],[-119.06512279759512,45.17047678817347],[-119.06526904161174,45.206226239890924],[-119.03943510247066,45.19913037853724],[-119.04479417169283,45.22805125275646]]],[[[-119.04479417169283,45.22805125275646],[-119.03454144967081,45.22803907767545],[-119.03450133186792,45.22084635491909],[-119.0241879454028,45.21358996148336],[-119.02946630168987,45.231698921316784],[-119.04479417169283,45.22805125275646]]]]}},{"type":"Feature","id":"dha:FX-01","properties":{"id":"dha:FX-01","kind":"deer_hunt_area","code":"FX-01","name":"Fox FX-01","region":"Eastern","acres":null,"herdRange":"Fox"},"geometry":{"type":"Polygon","coordinates":[[[-119.03031697058206,44.83628878976062],[-119.01048744687864,44.83035198268898],[-119.00448532921077,44.817093395396356],[-118.98478369260378,44.805113362555964],[-118.97176782966272,44.80564066097694],[-118.97569810863257,44.80001838858451],[-118.95546409199244,44.794308061728174],[-118.94114972817435,44.799881473451656],[-118.93254108174598,44.79615657114502],[-118.92953690493594,44.80236487281658],[-118.9100642892412,44.797516070119215],[-118.89320707947147,44.773073391467726],[-118.85728718345861,44.76319398947074],[-118.86526905725037,44.76009977520395],[-118.8458215052532,44.73965225111711],[-118.84560748810796,44.730556167266734],[-118.82352741646156,44.7293757154895],[-118.82135169396363,44.71732687632745],[-118.80223668681384,44.692183966248564],[-118.79588485956077,44.69479626960871],[-118.69955444010316,44.66577301350091],[-118.6591604067513,44.640806118949094],[-118.63251152772119,44.644372604547215],[-118.62426087779032,44.636307509902764],[-118.57431610264202,44.624701322641606],[-118.5105301030122,44.59340159323746],[-118.50033983481458,44.58329590063851],[-118.50092576721292,44.57367268914534],[-118.42678624840204,44.58208844275288],[-118.37601914672588,44.570327538836715],[-118.36601955064233,44.55264742746501],[-118.32770833771976,44.541565929632945],[-118.31634276117626,44.52832313841735],[-118.24423513781672,44.49743995475307],[-118.23048345665524,44.48504583925846],[-118.216763528732,44.487355842153356],[-118.21418353559925,44.50855584394701],[-118.22606355514448,44.54538583873134],[-118.21415355302125,44.572365839690676],[-118.25839355808776,44.601025837713124],[-118.25268356623594,44.613945848208466],[-118.27981356727307,44.62625584783763],[-118.28044356962138,44.648985841552076],[-118.29162920585351,44.661061578567804],[-118.35731473733962,44.673209222406115],[-118.38785360538354,44.66978583055377],[-118.40703361045469,44.677885834306764],[-118.42126360891889,44.66631582789277],[-118.43853360234915,44.665495825965145],[-118.44770361934061,44.67971582859987],[-118.46780462565205,44.69278582432294],[-118.45283362639528,44.70696582892595],[-118.46823121805393,44.7175234972778],[-118.46501882163122,44.73301681613563],[-118.47029293864732,44.748468630694376],[-118.4516636316738,44.777135832989785],[-118.4736246337239,44.785705830601344],[-118.47421364081904,44.79674583409872],[-118.45097464145148,44.818125839041556],[-118.4234436365533,44.808825846638015],[-118.4155836048986,44.83206051842022],[-118.39178637128755,44.85432119837346],[-118.40665216576683,44.86981094036137],[-118.39430884253092,44.907975642007216],[-118.4043799821749,44.918663033508174],[-118.39577345938032,44.93498914982346],[-118.40975428966567,44.9304878647627],[-118.43230288391966,44.93782724855212],[-118.45243430720762,44.95765545470145],[-118.45122949835171,44.982091653037784],[-118.45821354631906,44.98765101439937],[-118.52782053438645,44.98479443361864],[-118.5622609252337,45.0020049189673],[-118.60877177323465,45.01038515392192],[-118.57692953467968,45.008569050724425],[-118.54869372440407,45.01832001925777],[-118.54117367979512,45.033112126715345],[-118.546782843245,45.03757791225501],[-118.5446086232582,45.0461813382679],[-118.57008606085657,45.054116819419455],[-118.56478460059843,45.05876214276683],[-118.5694392070355,45.069604009894846],[-118.56280472145578,45.085573432047255],[-118.60376058746202,45.102128517330314],[-118.60921279827275,45.11434822082611],[-118.63304489311356,45.12532123997136],[-118.63894917488956,45.14553964237239],[-118.64763346214109,45.15105891157304],[-118.63693753214552,45.151973005394744],[-118.64443607907567,45.16397204017297],[-118.70075822676287,45.17402773170681],[-118.72045371844507,45.16927328165687],[-118.74480304525298,45.17276176305696],[-118.76401692839032,45.18969975317508],[-118.800319123732,45.15983925895558],[-118.88312181098057,45.1535448077622],[-118.92873976126292,45.13419765940429],[-118.95731453923945,45.13789858001449],[-118.97781267418816,45.12276899113857],[-118.97326197399866,45.1120194928947],[-118.98710817669675,45.10336577668791],[-118.98032732878994,45.08698887833891],[-118.98787290436239,45.07936881202428],[-118.98589539493462,45.0729412967205],[-118.96911999165161,45.05532731174319],[-118.98122045221787,45.04785220615257],[-118.97818338100981,45.034582525242804],[-118.99508914616004,45.010242711349754],[-119.01391573386464,45.010837263700815],[-119.02191060060557,45.004440195042186],[-119.05165058357261,45.012037200672765],[-119.0630251424248,45.007898757460815],[-119.06808666040924,44.99796890549016],[-119.09469184797396,44.98943524550524],[-119.11044683787965,44.993817300333355],[-119.1175928269068,44.98865252044862],[-119.15865857290227,44.99030466536601],[-119.19859685858296,44.977875082491536],[-119.22474769833384,44.9821573985535],[-119.26309431859383,44.97696516118501],[-119.2701430477148,44.98179435532937],[-119.26773247751635,44.97468548814164],[-119.276720102518,44.968223029950494],[-119.2839307886542,44.97235491825598],[-119.28422588999295,44.9633742688761],[-119.29703923074973,44.96125384350605],[-119.28919320549795,44.929111813899674],[-119.30138880764977,44.91444576415437],[-119.28736380416869,44.91245676559612],[-119.27530880008271,44.900316766380485],[-119.25285879646174,44.903049767694164],[-119.24773979400611,44.894064768420236],[-119.23271678896344,44.88595876990573],[-119.22188278771102,44.88806577052254],[-119.22380878744114,44.88177876975791],[-119.21445478571944,44.885735770810626],[-119.20969278373708,44.878948771280555],[-119.20571078589974,44.89046877187963],[-119.1871577835038,44.895225773537206],[-119.18339478233976,44.891042773946346],[-119.17001778058194,44.89540677619585],[-119.16908777851721,44.88877877545744],[-119.14912177599064,44.88502477810456],[-119.1422677747267,44.89238177822825],[-119.13581577124073,44.87957977767259],[-119.11973276855952,44.88069578048347],[-119.11664076691521,44.87042077861877],[-119.11008376715013,44.87617478050978],[-119.10825176555745,44.87058478038614],[-119.07102675779271,44.86773878412636],[-119.06524075503803,44.85788678308235],[-119.04885075113847,44.85246878547175],[-119.03031697058206,44.83628878976062]]]}},{"type":"Feature","id":"dha:CR-01","properties":{"id":"dha:CR-01","kind":"deer_hunt_area","code":"CR-01","name":"Crooked River CR-01","region":"Eastern","acres":null,"herdRange":"Crooked River"},"geometry":{"type":"Polygon","coordinates":[[[-119.86936084590972,44.323592457099764],[-119.92217797369145,44.31710317849672],[-119.94527194596085,44.3223921020171],[-119.97645145865464,44.319230339226685],[-119.98092047912593,44.311610054326884],[-119.99670891810803,44.30706699217518],[-120.03668271035814,44.31422895358866],[-120.04842400108356,44.32670349443586],[-120.07297086473734,44.32555490233147],[-120.07758502048364,44.33186902755333],[-120.09720173060788,44.334982607236654],[-120.11048960119038,44.33056253815062],[-120.12679545499824,44.33773874854231],[-120.16896600509808,44.32807404882452],[-120.23810870006818,44.32352522787747],[-120.26942921062509,44.33355567992969],[-120.27525217549532,44.35083209007629],[-120.30816768033301,44.35494847146811],[-120.34912702429489,44.34984743844327],[-120.35123868307063,44.35989939297322],[-120.36687332783407,44.36321475308024],[-120.35962797795679,44.36549749859307],[-120.40315291574939,44.37656727754036],[-120.41974246171884,44.39526825528807],[-120.42767552088894,44.396171813235576],[-120.45196346670694,44.38714672301394],[-120.49161025956086,44.35571995657515],[-120.58161690800335,44.334940858517726],[-120.60836332582329,44.311666997106684],[-120.62921607899402,44.30251262450555],[-120.66237331098161,44.31822947749093],[-120.72368151576872,44.29965087858064],[-120.75044029688173,44.30510636713598],[-120.84710268635082,44.302903601295476],[-120.84133206649065,44.27830905982773],[-120.85401508302844,44.267996960245654],[-120.86317156033029,44.229597934014336],[-120.87869097015573,44.21482106385023],[-120.87418219891505,44.20358076485863],[-120.87866543499693,44.197756077654375],[-120.86996213600374,44.18569705330488],[-120.84883228971437,44.180599572495446],[-120.83112822588824,44.165690068599815],[-120.83411911146224,44.15709388297595],[-120.82561779450998,44.148229282339265],[-120.83768558772672,44.130199867184785],[-120.8213116693124,44.13217009221442],[-120.81780964150032,44.13879273900371],[-120.78966258527024,44.11773374780925],[-120.79328650112667,44.11135097440161],[-120.78186371825574,44.105765735229696],[-120.7833874447676,44.069421006852636],[-120.77496267034171,44.0507131191764],[-120.7677175900746,44.04747046626488],[-120.76605559440468,44.054444939611294],[-120.73438869445769,44.06082394829305],[-120.71486909590183,44.05676257656073],[-120.70493058535902,44.0457010590559],[-120.6995017708888,44.01912577599501],[-120.71020196263294,44.001906442503135],[-120.70879493353031,43.984054251246334],[-120.74248541881111,43.96322903267541],[-120.7579822607358,43.94537934434057],[-120.75305576664432,43.92883884353816],[-120.74066283323346,43.923270052994965],[-120.74444807363648,43.917647759838935],[-120.73278252292025,43.880917816302635],[-120.73452065859937,43.84968660946627],[-120.48782524832335,43.7819550935665],[-120.25650858157888,43.68653390668525],[-120.19457898863284,43.645656015585594],[-120.16768780220158,43.61392259085613],[-120.12378476653346,43.589426526010776],[-119.96880469948577,43.59088312686293],[-119.95355784817407,43.58069170690011],[-119.9066182150554,43.573539709948626],[-119.88255600253757,43.562281082676435],[-119.88509685794313,43.575535210837444],[-119.87286565889343,43.599431813974014],[-119.86042625780516,43.59885671507532],[-119.84872585692405,43.60821961699639],[-119.87543785897049,43.637635184267744],[-119.85685417347914,43.629252567444425],[-119.83241031566983,43.64475193130333],[-119.82708910036361,43.68366009560905],[-119.817039964994,43.683355949367225],[-119.81723165222563,43.66885353300519],[-119.7575877521189,43.66927132992155],[-119.75750315470687,43.68376673075154],[-119.71498597327395,43.68441229074859],[-119.69819183796413,43.67799446831814],[-119.68260172874929,43.6859428112546],[-119.67497957307435,43.683564358287676],[-119.67132927928651,43.67253037610475],[-119.65500444572362,43.69614009995424],[-119.63433239271926,43.7041276669614],[-119.63046850725611,43.725221646797884],[-119.62388672556965,43.72917268395358],[-119.62858719465312,43.77769254477798],[-119.64871242344053,43.78028887898738],[-119.65636699680333,43.8022778960112],[-119.66759987033511,43.80836320531144],[-119.66715533105656,43.8198798341847],[-119.67485578740069,43.83007201160034],[-119.67043390088814,43.843473534083465],[-119.69225818322919,43.86125600412299],[-119.69405522098418,43.88421700200442],[-119.66346507420758,43.900177634802446],[-119.65738126985475,43.89721322514188],[-119.5999633279152,43.91323308890806],[-119.58159426865271,43.93522196348377],[-119.58247774823812,43.942917859344114],[-119.60785976635188,43.95937972114866],[-119.61013467002184,43.96842557911992],[-119.6242360518325,43.97248691707876],[-119.6305846454914,43.98157232065983],[-119.64000130288322,43.979942877071366],[-119.6683056833757,44.01092083876234],[-119.66721376236873,44.029344457464845],[-119.67744152478396,44.04854874788866],[-119.67354971325946,44.07195686089737],[-119.68143902031646,44.082369653041326],[-119.71313328716829,44.08499684267089],[-119.78322712845018,44.06718564145178],[-119.8062719368562,44.06865125008513],[-119.81890926871225,44.081448710309985],[-119.8252041316535,44.105108773054575],[-119.86143029278604,44.11974269332841],[-119.8719509589653,44.13348341057915],[-119.89502427566872,44.142894840205074],[-119.86571759103951,44.15809492155556],[-119.86277669208557,44.188499791253065],[-119.84661571741749,44.19998227015834],[-119.82239633809351,44.24126398250839],[-119.8295555562614,44.26351844434411],[-119.8402019787809,44.265852871005485],[-119.8529073711139,44.28329967292204],[-119.85318226987742,44.29583958179925],[-119.8711579092852,44.31718108811496],[-119.86936084590972,44.323592457099764]]]}},{"type":"Feature","id":"dha:PB-01","properties":{"id":"dha:PB-01","kind":"deer_hunt_area","code":"PB-01","name":"Poverty Basin PB-01","region":"Eastern","acres":null,"herdRange":"Poverty Basin"},"geometry":{"type":"Polygon","coordinates":[[[-119.08508641869741,42.97925043970132],[-119.19840258221696,42.97881988507423],[-119.27326024873851,42.96974562111867],[-119.29531725701483,42.99054502103563],[-119.32226236252968,43.00215951897929],[-119.34888497164495,43.02937841949538],[-119.34672345412942,43.03842283122772],[-119.38309968249797,43.06011571852375],[-119.39643139470496,43.11201162131977],[-119.4106718979187,43.12011902101535],[-119.41680839863129,43.116312519715436],[-119.4457313074067,43.13899511886281],[-119.46827351771616,43.17749121986277],[-119.49046152264873,43.18253041791017],[-119.49486552817166,43.21222641994246],[-119.51353593328298,43.22200921846578],[-119.51906673785832,43.24303001892889],[-119.54303014755551,43.27838062043514],[-119.53487695230956,43.30928912373878],[-119.59404716460254,43.33342591914116],[-119.60950776612043,43.325251118262244],[-119.64048805692313,43.336275295740464],[-119.65702278900362,43.32910107786159],[-119.67498144983546,43.33857295711848],[-119.6968788647842,43.33890451177728],[-119.71903403207416,43.32029390902854],[-119.88926466450252,43.243828786486326],[-119.9003247269401,43.22855285869412],[-119.8886400988458,43.21147745517728],[-119.89555827272024,43.19268986310374],[-119.91953570764025,43.186857745089995],[-119.95432217777307,43.15652991960149],[-120.00271695752015,43.18552761654287],[-120.10829811205302,43.2340483167004],[-120.23731905733615,43.17754901367021],[-120.31018412304834,43.21462120640068],[-120.33517424769322,43.237697906004655],[-120.68101217403112,43.23785951764153],[-120.68147894148066,43.19349495151168],[-120.71762889835836,43.19220294813741],[-120.72020575607743,43.18306178756054],[-120.7610999869793,43.17131110831437],[-120.80300018241876,43.15050621224758],[-120.82575335708005,43.12525723618605],[-120.85520510350266,43.12146722841128],[-120.86176072133657,43.11486700987883],[-120.80944773336,43.04949934665364],[-120.79672247918795,43.04669842582428],[-120.79181260369519,43.030654425573715],[-120.7814901638628,43.02965646300989],[-120.77255704019817,43.015585659657674],[-120.77785255351156,42.97313403154779],[-120.81535580721676,42.910884558657166],[-120.80700183695265,42.86782745927625],[-120.79259403806006,42.84029202709624],[-120.79809782757228,42.82441203636348],[-120.79186051969283,42.79704533624027],[-120.77570144029471,42.75915171794937],[-120.74092293417168,42.732821262450194],[-120.5934351477671,42.72086357070378],[-120.55090135276326,42.70578346612767],[-120.54551198545937,42.69312558079448],[-120.5285158386758,42.68476449458827],[-120.51962326661406,42.640770579335324],[-120.5045572500381,42.61999033651021],[-120.41686291742056,42.60638347359107],[-120.32360724463955,42.564320650163666],[-120.29737871862169,42.54080695134596],[-120.2821425054184,42.48370925312851],[-120.23615732466466,42.52134919448718],[-120.23044426231714,42.53381836997752],[-120.18409812384849,42.57728410766307],[-120.18687006429997,42.6199028024717],[-120.17953413047472,42.65447480928047],[-120.1595016435033,42.68824420792366],[-120.13620647720988,42.703648111448615],[-120.13417103202306,42.71743289505763],[-120.11518607378402,42.727846637673295],[-120.10096932767628,42.778036623457766],[-120.08059306777601,42.79468489701836],[-120.05962454752674,42.783099318082854],[-120.05324695941091,42.75304210447842],[-120.03235316983816,42.740122103471215],[-120.0127238454041,42.71077954384966],[-120.00457394006452,42.67014801934789],[-119.99120978361769,42.66957522936809],[-119.97771722486416,42.658005830719745],[-119.95172448488883,42.628218907250364],[-119.95320103135684,42.61886314771534],[-119.93725281298282,42.60991715499478],[-119.89882540957632,42.55769010399467],[-119.83803788045562,42.58828493908656],[-119.79598596636772,42.548166040386555],[-119.77944866154942,42.540465940097086],[-119.7480386340333,42.55965524796853],[-119.73751501343008,42.55989328844196],[-119.72569588471681,42.57665183452271],[-119.6967358647863,42.59106209215799],[-119.65378585217545,42.633051752207976],[-119.64143546048861,42.63405663279993],[-119.62806599954033,42.66657655505518],[-119.6009084660586,42.696257376252134],[-119.5924050403413,42.71809088438519],[-119.55116904371877,42.71991677775386],[-119.53776592459535,42.74881694528984],[-119.36532405957523,42.74894127596444],[-119.36524691706806,42.661816589015004],[-119.45952082644683,42.66202282893128],[-119.48273927518333,42.64962594986519],[-119.48189999037479,42.39252274841082],[-119.49366994215663,42.386077018219666],[-119.49767729851294,42.35169035363421],[-119.48939390324838,42.33324089201265],[-119.49137330603686,42.31937267278738],[-119.48167041206837,42.31930654495721],[-119.48165056357503,42.31202214797943],[-119.50734751072385,42.31213779544242],[-119.50380222497948,42.29282754946651],[-119.50893267138534,42.26094244451703],[-119.51894517182643,42.2506745424827],[-119.53519416364742,42.178687035947604],[-119.52796584989376,42.10675533027001],[-119.53389404214052,42.06686982750537],[-119.48603047313915,42.05553359949039],[-119.47886519334476,42.01472008890158],[-119.36089516010703,41.99751362463424],[-119.34258755452167,41.99736508146527],[-119.33501347336987,42.003909351291625],[-119.32044599813614,41.99506913971481],[-119.3094112022583,42.03800974420034],[-119.27128499791935,42.04744754766003],[-119.22647609490161,42.07550795444171],[-119.18405908985925,42.09008655864233],[-119.14437608875508,42.12102796451032],[-119.11345998346827,42.12423806843988],[-119.11623338204132,42.11326996794813],[-119.08501857579213,42.10368006908688],[-119.07740227699476,42.119916269941314],[-119.05140477592319,42.14655797559492],[-119.06730423763833,42.185767260595654],[-118.97011507393817,42.22033308820753],[-118.9387895393963,42.25636588769017],[-118.93977078140064,42.28697409671802],[-118.90745250266967,42.32509754760433],[-118.88701061555618,42.36216404346048],[-118.87754433081778,42.361751868179084],[-118.8754627918974,42.40532519207171],[-118.85965058503925,42.43307194340697],[-118.86972725655767,42.47195278869273],[-118.936760003982,42.53040721800198],[-118.94090741123135,42.55485853226219],[-118.96108652922527,42.59963882073463],[-118.96162780419961,42.620234245081285],[-118.9911150733338,42.643451191752824],[-118.98766353723815,42.661545242536796],[-118.9966615211618,42.67327853977089],[-119.00529941379077,42.707076534081814],[-118.97818091085527,42.76314643311337],[-119.04777445068865,42.76376524690012],[-119.06861408366156,42.756489918474244],[-119.07778875152866,42.76807845709297],[-119.07929579218191,42.82277012770706],[-119.0699012100906,42.825909782565525],[-119.06534786714569,42.84169619316325],[-119.07349812981646,42.848059345027],[-119.05944382124473,42.86362490709386],[-119.05508533432793,42.89755719074378],[-119.04199263702077,42.92907654797321],[-119.01527205071146,42.92930591577905],[-119.02005394078185,42.95100507904724],[-119.01466620016099,42.954123344322205],[-119.07148061910273,42.994026841575135],[-119.08508641869741,42.97925043970132]]]}},{"type":"Feature","id":"dha:SW-02","properties":{"id":"dha:SW-02","kind":"deer_hunt_area","code":"SW-02","name":"South Wallowas SW-02","region":"Eastern","acres":null,"herdRange":"South Wallowas"},"geometry":{"type":"Polygon","coordinates":[[[-117.63601172936002,45.20708174244647],[-117.65150137367831,45.21547224989611],[-117.6608562793983,45.23593224849326],[-117.67113258344823,45.23984164906259],[-117.66760598267565,45.24496625009861],[-117.67673532897601,45.25300140532173],[-117.6780824385376,45.27503266541043],[-117.75671629533203,45.28565637297525],[-117.7871591484696,45.28238591235198],[-117.80944762201726,45.296385836928856],[-117.81027421145056,45.31481501103081],[-117.85778659534795,45.31489596543804],[-117.88676554546802,45.33316638888296],[-118.02847248056848,45.33305890112231],[-118.05079835454043,45.34092273535967],[-118.07239719261928,45.33189889079186],[-118.0391564228846,45.29854470053137],[-118.01243161201909,45.23193954034084],[-118.02537524765806,45.21097550480891],[-117.96520354016826,45.167693639775756],[-117.97153689526203,45.14959944936026],[-117.94239769651868,45.05963983763731],[-117.92312132205078,45.02049161187113],[-117.8210530724529,44.91766043486772],[-117.81300368699131,44.80331626671782],[-117.7687691900424,44.80412909911107],[-117.75184286638545,44.812704101055544],[-117.67271413771891,44.80919521376706],[-117.61468921797183,44.81884204379577],[-117.59056769064708,44.836426530140066],[-117.51482828795235,44.8299161129574],[-117.46682622076895,44.81580242780512],[-117.45280590870922,44.81856622469162],[-117.45137240731883,44.82957594634787],[-117.43343439870954,44.83145498236495],[-117.42019936554419,44.817326068312596],[-117.31362921497586,44.80694705282145],[-117.29967911028872,44.78705362674092],[-117.30645969699059,44.77831241516265],[-117.2638509317548,44.77505931249381],[-117.25185792211124,44.781325069893896],[-117.2540122570258,44.77094957618791],[-117.24649312313817,44.76807625799545],[-117.25474724832964,44.76560061818826],[-117.24203655297676,44.763035559983834],[-117.2548983178567,44.75676906291576],[-117.2530494462849,44.752393896698955],[-117.23327877048483,44.75330417402563],[-117.21988560547052,44.746830556407026],[-117.21662802766592,44.75014979062763],[-117.22345201294394,44.75493902031802],[-117.20789221203228,44.75554028495202],[-117.17490029093719,44.745359627094956],[-117.11231484650118,44.75864812167431],[-117.1164679808266,44.767081427397294],[-117.0862439559283,44.77508633552632],[-117.04765943369145,44.75920803235311],[-117.05244699890093,44.74789190637974],[-117.04854119273907,44.74460532654315],[-117.02603757223402,44.75889318197203],[-117.02432280959103,44.754765820880166],[-116.99582015430971,44.760701208650325],[-116.96761417720451,44.779375684498596],[-116.94220284233089,44.78455411520302],[-116.93604532336629,44.791627830068066],[-116.94051520352873,44.802274118515236],[-116.89908610904067,44.84215738046153],[-116.8990461448496,44.85489430738771],[-116.86587411956422,44.8717580502767],[-116.834045178002,44.93078711320788],[-116.85393777986027,44.96165547785287],[-116.82672478772261,44.9831855211307],[-116.83696007985208,44.983524848140675],[-116.8479282166896,44.97086552377661],[-116.85953434037143,44.98008960730962],[-116.845358227574,45.0022157084312],[-116.84937503719796,45.02278188833881],[-116.79761443195656,45.06136455003436],[-116.78509001916326,45.07827416698107],[-116.78148198115986,45.10126723866413],[-116.75606993599624,45.11396211026061],[-116.74667761251563,45.13324169826064],[-116.73249970289075,45.14084307176252],[-116.72647312175958,45.17463075768938],[-116.71279682425583,45.198749080417784],[-116.73917673921449,45.20566273457329],[-116.75452568617952,45.217840152644975],[-116.76665036654722,45.21689724707121],[-116.76510717587071,45.19176615117637],[-116.77556039182012,45.18180430548657],[-116.79707438756849,45.18449135652232],[-116.80836808636833,45.17233160195315],[-116.80809318789183,45.16336531996968],[-116.8206499908864,45.155932518785065],[-116.83556562671036,45.1761731231893],[-116.83457305128981,45.15997762816264],[-116.84445829815331,45.14720453239944],[-116.86445081294498,45.13735541529848],[-116.87759512981481,45.15067967099139],[-116.88120306838934,45.133588962153276],[-116.90763885013237,45.1087461177023],[-117.01061596142658,45.11329002788376],[-117.05305203894815,45.09748902021514],[-117.13571365264067,45.114879782547355],[-117.16186445175408,45.10483137089248],[-117.20872543917366,45.09939485979638],[-117.2662009180171,45.12383612079775],[-117.2711015842794,45.134374174880094],[-117.26288317922616,45.14511436458416],[-117.28092867432952,45.141727155258714],[-117.30200029720268,45.163668280675026],[-117.32814219779277,45.17379751270584],[-117.3260141981225,45.16214817537291],[-117.33846357667818,45.137340849106224],[-117.35260116767654,45.12720607861082],[-117.37141981274631,45.12809357031084],[-117.37920503663649,45.11329895415446],[-117.41213953907356,45.10984014715914],[-117.44043224632449,45.12968090741062],[-117.46110867459427,45.1262511177301],[-117.51379414420661,45.13706118579539],[-117.51713945012101,45.14179769526573],[-117.51011900715577,45.15588923096312],[-117.53291368210682,45.16745623780633],[-117.5451119076282,45.18606728713031],[-117.58288932340021,45.20029959129896],[-117.56039119985563,45.21862589203815],[-117.57505802657714,45.23836074882919],[-117.60404716864103,45.23584345341989],[-117.62460626927489,45.22502965035883],[-117.62528816861075,45.20934365276787],[-117.63601172936002,45.20708174244647]]]}},{"type":"Feature","id":"dha:SW-01","properties":{"id":"dha:SW-01","kind":"deer_hunt_area","code":"SW-01","name":"South Wallowas SW-01","region":"Eastern","acres":null,"herdRange":"South Wallowas"},"geometry":{"type":"Polygon","coordinates":[[[-117.04863341051522,44.744711066086],[-117.05244699890093,44.74789190637974],[-117.04765943369145,44.75920803235311],[-117.0862439559283,44.77508633552632],[-117.1164679808266,44.767081427397294],[-117.11231484650118,44.75864812167431],[-117.16709562599736,44.745514043188145],[-117.20789221203228,44.75554028495202],[-117.22345201294394,44.75493902031802],[-117.21662802766592,44.75014979062763],[-117.21988560547052,44.746830556407026],[-117.23327877048483,44.75330417402563],[-117.2518102252966,44.75203720313945],[-117.2548983178567,44.75676906291576],[-117.24203655297676,44.763035559983834],[-117.25474724832964,44.76560061818826],[-117.24649312313817,44.76807625799545],[-117.2540122570258,44.77094957618791],[-117.25185792211124,44.781325069893896],[-117.2638509317548,44.77505931249381],[-117.30645969699059,44.77831241516265],[-117.29967911028872,44.78705362674092],[-117.31362921497586,44.80694705282145],[-117.42019936554419,44.817326068312596],[-117.43343439870954,44.83145498236495],[-117.45137240731883,44.82957594634787],[-117.45280590870922,44.81856622469162],[-117.46682622076895,44.81580242780512],[-117.51482828795235,44.8299161129574],[-117.59056769064708,44.836426530140066],[-117.61468921797183,44.81884204379577],[-117.67271413771891,44.80919521376706],[-117.75184286638545,44.812704101055544],[-117.7687691900424,44.80412909911107],[-117.81300393077748,44.80331608149009],[-117.81083317819127,44.75513339848877],[-117.7779126739835,44.72476509289617],[-117.50751681174366,44.627436634356464],[-117.43266246013533,44.56615476058846],[-117.41073044036625,44.53417572829639],[-117.37589064429356,44.51821369889542],[-117.36050495874241,44.485734048020404],[-117.34658682463805,44.48345691496926],[-117.33619924195344,44.46926580930459],[-117.33099261486046,44.44857040413054],[-117.32579942187415,44.44470762705653],[-117.32329922897408,44.437177038422355],[-117.31594266921688,44.42967673159832],[-117.30816276487606,44.415960414150916],[-117.31322067925139,44.42421556817648],[-117.3074907561095,44.414076315879456],[-117.31295571764564,44.406764749253114],[-117.30886628725935,44.38417474991471],[-117.29569150371944,44.37048400401471],[-117.28262433820309,44.33190544299913],[-117.20810037493335,44.27754395103815],[-117.22699208699598,44.3019783760632],[-117.2039459722895,44.31372910952995],[-117.19102928779115,44.33759877727794],[-117.23131357614301,44.36757268947409],[-117.24527630611075,44.39097973536652],[-117.2431404061544,44.39860390571129],[-117.22804218901541,44.40575593371951],[-117.21757189215965,44.42649899544833],[-117.21713977469349,44.449939124277435],[-117.23011857048074,44.48104735775158],[-117.22641281352662,44.487744251493865],[-117.20456471329851,44.493550544662355],[-117.19551983407999,44.51847039482446],[-117.18169602424723,44.529764897447826],[-117.162368003482,44.53378486919985],[-117.14806337226801,44.548828934023476],[-117.15138910356077,44.56896559286132],[-117.13062504225552,44.58132141542261],[-117.12222621468386,44.62107030553011],[-117.10170462250828,44.6496327397846],[-117.09913162145325,44.66609174428468],[-117.08283958456101,44.67665438392062],[-117.08574373771607,44.68812354517512],[-117.0666581100314,44.707322115333575],[-117.06398020262762,44.729767473849236],[-117.04863341051522,44.744711066086]]]}},{"type":"Feature","id":"dha:SE-01","properties":{"id":"dha:SE-01","kind":"deer_hunt_area","code":"SE-01","name":"Southeast SE-01","region":"Eastern","acres":null,"herdRange":"Southeast"},"geometry":{"type":"Polygon","coordinates":[[[-118.08963152659095,43.00745809135103],[-118.1917627961366,43.05696549317162],[-118.25862169823775,43.016341441871944],[-118.31343554584657,42.93758848526533],[-118.37603276076456,42.88833307468192],[-118.41676574969703,42.822259801979754],[-118.43748217340904,42.77425249546716],[-118.45127000033433,42.73109768783336],[-118.45130054515657,42.669168431494654],[-118.47093873635146,42.66698704504551],[-118.50879855371181,42.61093955804063],[-118.50985546490895,42.589780554757986],[-118.53525754079786,42.541404969394414],[-118.5292664000846,42.52921278034599],[-118.53781113288058,42.4895252496655],[-118.5768337590829,42.479190319882605],[-118.60515201588898,42.47908376154741],[-118.61333423780516,42.46589044865179],[-118.67465578637734,42.26471033714047],[-118.65614621176083,42.24769740745037],[-118.64530694882139,42.22267220834251],[-118.61059998533068,42.1813246910467],[-118.60244204836698,42.15932533223036],[-118.47299662370293,42.150780222079604],[-118.43635271576832,42.162162156655846],[-118.43044905096546,42.17955394719426],[-118.4190684220856,42.18891011782419],[-118.36920822094673,42.18825025702094],[-118.34323875425927,42.21256223288108],[-118.32419437563983,42.2555891504864],[-118.29309741802989,42.26997112758113],[-118.24512126328541,42.331116110551505],[-118.06462608944003,42.42683895499674],[-118.02106082444084,42.438138758825126],[-118.01853726329195,42.44367922667814],[-118.01434720001707,42.43936927967131],[-117.9885438677019,42.442418733480615],[-117.9245330090513,42.4676977104508],[-117.88365759172802,42.472956886598645],[-117.834403706802,42.337690611318784],[-117.82556159527424,42.32338911487407],[-117.79738130728708,42.30357478667834],[-117.71639675942922,42.01728049520331],[-117.71851090331438,41.998463462352916],[-117.0262458564353,42.000258661130935],[-117.02895018398468,42.9683351281509],[-117.11799524101063,42.98785187052502],[-117.14891897632391,42.98821347898623],[-117.27013780345906,42.91036868894734],[-117.33500787074878,42.90163444140963],[-117.39247290502391,42.878253753141806],[-117.50662069235489,42.875997553213665],[-117.61045449394426,42.84984225844147],[-117.61352070911056,42.84205152132223],[-117.68449845726049,42.818437011591456],[-117.70750016071614,42.81657343154359],[-117.75971380062826,42.788053131917714],[-117.79501135643939,42.77738494964202],[-117.8496664691595,42.77744583324319],[-118.05262848923726,42.95906431027454],[-118.08963152659095,43.00745809135103]]]}},{"type":"Feature","id":"dha:SE-02","properties":{"id":"dha:SE-02","kind":"deer_hunt_area","code":"SE-02","name":"Southeast SE-02","region":"Eastern","acres":null,"herdRange":"Southeast"},"geometry":{"type":"Polygon","coordinates":[[[-117.02649487687178,42.96121245602626],[-117.02666862763455,43.81292256485177],[-117.05198778243216,43.79626753111814],[-117.05255326871716,43.78530284286397],[-117.06978665290733,43.773543043224734],[-117.11288115587162,43.785519732352356],[-117.14072256110238,43.78247236990753],[-117.1388010347406,43.77598287974622],[-117.15224909007183,43.773147322639325],[-117.15569731599274,43.758466020819405],[-117.14332977094332,43.75638419398744],[-117.14421967694058,43.74660483154032],[-117.16765817870434,43.735614849889785],[-117.20218149719692,43.73193464933752],[-117.19888755005616,43.72122114090222],[-117.19135062236774,43.72122497528272],[-117.19094028388172,43.70359590306752],[-117.19623451858293,43.699544035542125],[-117.20654547231304,43.70626999560169],[-117.20209765423039,43.694329623709784],[-117.21861234699884,43.69251654262113],[-117.2083317412301,43.67923669423216],[-117.26262324026226,43.67266479293347],[-117.25592726046497,43.663284270507766],[-117.25908473729048,43.65598387660519],[-117.24552122235322,43.65077336290335],[-117.24517028344683,43.64293612735324],[-117.23357100928978,43.63961994431343],[-117.2348003542655,43.63480239896145],[-117.25898866805717,43.62439561085688],[-117.26475076190171,43.614336394090515],[-117.28249655808432,43.61703424780183],[-117.29905938792126,43.6059446152902],[-117.31709650086894,43.6057574178724],[-117.32040530345107,43.60161936459362],[-117.31435766507784,43.5999442882344],[-117.32955964782919,43.5952075784296],[-117.32677685412615,43.58703019364031],[-117.33960563736356,43.58142772811944],[-117.33769102214804,43.57393542321366],[-117.34727098059757,43.57225904190134],[-117.34662203278411,43.56273161107977],[-117.3525290415077,43.559807069868235],[-117.36169996341434,43.56636264903217],[-117.40307658343426,43.56095967123216],[-117.41146675260322,43.57319591620394],[-117.45871527728796,43.57707716922168],[-117.46943761003342,43.56861497722387],[-117.51411619128396,43.559553858956896],[-117.52975734306162,43.53749432005884],[-117.5568582917449,43.51999652117611],[-117.56839034518576,43.499608084606436],[-117.58262124558138,43.49427796749291],[-117.62117202072896,43.50089150277994],[-117.6491438269215,43.52170711218647],[-117.68075997960604,43.519902759546106],[-117.72471606066483,43.50236235100561],[-117.7550190902234,43.50841540925005],[-117.76286256411404,43.522959486181364],[-117.78576133526342,43.52166695954585],[-117.77949702390899,43.506352418697865],[-117.79096080789277,43.497756239284335],[-117.78739069471183,43.47782074396451],[-117.79564605303115,43.458301761621655],[-117.78533559884069,43.45439201914487],[-117.78763821948043,43.43599151751387],[-117.74995471750483,43.405694517547126],[-117.7381718708436,43.38158755193783],[-117.74775746587926,43.362343739420346],[-117.77728040621147,43.35976810388748],[-117.77662341377757,43.3340716945458],[-117.78809976437203,43.295702253992474],[-117.80338186677764,43.28773432760298],[-117.9154615371349,43.29164026732856],[-117.91183109241585,43.281419523239016],[-117.92050898563959,43.276530951063876],[-117.92439567515116,43.25631754289754],[-117.9198481257899,43.24074378743366],[-117.92527823582599,43.23334820939499],[-117.97398798334883,43.22941752934787],[-118.0086281863142,43.21330371795461],[-118.05227676048564,43.203842913207616],[-118.07432868482583,43.175469886989774],[-118.06488927605493,43.167234929385465],[-118.06962912176068,43.15188970179773],[-118.0932908217629,43.14994739777301],[-118.120831915703,43.1316173168395],[-118.14496144447226,43.10225970146044],[-118.15339966909316,43.07258848035829],[-118.17385078679975,43.069714630969],[-118.1714159028675,43.058719558864254],[-118.18427518554583,43.05287607534864],[-118.08963152659095,43.00745809135103],[-118.05262848923726,42.95906431027454],[-117.8496664691595,42.77744583324319],[-117.79501135643939,42.77738494964202],[-117.75971380062826,42.788053131917714],[-117.70750016071614,42.81657343154359],[-117.68449845726049,42.818437011591456],[-117.61352070911056,42.84205152132223],[-117.61045449394426,42.84984225844147],[-117.50662069235489,42.875997553213665],[-117.39247290502391,42.878253753141806],[-117.33500787074878,42.90163444140963],[-117.27013780345906,42.91036868894734],[-117.14891897632391,42.98821347898623],[-117.08408519627024,42.98210325317515],[-117.02998837181585,42.96887171351239],[-117.02649487687178,42.96121245602626]]]}},{"type":"Feature","id":"dha:ST-01","properties":{"id":"dha:ST-01","kind":"deer_hunt_area","code":"ST-01","name":"Steens ST-01","region":"Eastern","acres":null,"herdRange":"Steens"},"geometry":{"type":"Polygon","coordinates":[[[-118.1917627961366,43.05696549317162],[-118.19932790333351,43.06426569007074],[-118.18945949276781,43.079600084444735],[-118.24256203521591,43.10323320203025],[-118.25497962727674,43.12114224477958],[-118.28150094214887,43.13327878346492],[-118.27796895916674,43.14723659597488],[-118.30795616740816,43.1708574800045],[-118.46879825102158,43.22203034547236],[-118.52973540627313,43.247564481972084],[-118.58210121238399,43.28035938786631],[-118.58250438445528,43.261935712241076],[-118.74721340915697,43.26205469301228],[-118.7776334074794,43.250975688700606],[-118.80529441940077,43.261635686015396],[-118.8410234198058,43.26096568484946],[-118.8624944272336,43.26980568799662],[-118.95912269441062,43.258274619474946],[-118.94627535196697,43.23093765253156],[-118.94574573838493,43.190243947351185],[-118.94033852307196,43.18101387774097],[-118.94461369096636,43.142184449554094],[-118.90830810531108,43.1130264828441],[-118.900746211527,43.095967757689095],[-118.88033282130782,43.08464788785932],[-118.87272245823277,43.053923747446426],[-118.84211053601815,43.02830685645057],[-118.85539299322902,43.00759383394582],[-118.86978031050272,43.00015665372931],[-118.86537317391098,42.99127965665141],[-118.87455250219642,42.98923673778592],[-118.87443725974987,42.95786535974504],[-118.87881205516531,42.94157012361021],[-118.88881726544496,42.933212650315795],[-118.88269916487364,42.922740613939276],[-118.91978774048407,42.84065763101994],[-118.91434461610793,42.82550395119101],[-118.93880457024781,42.82934002843536],[-118.94579669912171,42.81961373341374],[-118.96128738552466,42.81374446890247],[-118.97665816109891,42.78085359921044],[-118.97667596223202,42.765802048360754],[-119.00529941379077,42.707076534081814],[-118.9966615211618,42.67327853977089],[-118.98766353723815,42.661545242536796],[-118.9911150733338,42.643451191752824],[-118.96162780419961,42.620234245081285],[-118.96108652922527,42.59963882073463],[-118.94090741123135,42.55485853226219],[-118.93708472944971,42.53094841213799],[-118.86876942073411,42.47033979278904],[-118.85957693114419,42.433686584595755],[-118.8754627918974,42.40532519207171],[-118.8784027682488,42.36239421501088],[-118.76649634856342,42.32813079307546],[-118.74518315039434,42.31171353489389],[-118.72508827191865,42.308027996438014],[-118.70496921697581,42.29128682637543],[-118.66797750460277,42.283355403731576],[-118.6410176647833,42.38574423216691],[-118.63119771865776,42.39727763340454],[-118.63070260000698,42.421538246166214],[-118.61645126957136,42.44494345997551],[-118.60797432442902,42.47550931457757],[-118.53781113288058,42.4895252496655],[-118.5292664000846,42.52921278034599],[-118.53525754079786,42.541404969394414],[-118.50985546490895,42.589780554757986],[-118.50879855371181,42.61093955804063],[-118.47093873635146,42.66698704504551],[-118.45130054515657,42.669168431494654],[-118.45115099993957,42.731748688485034],[-118.41644458032276,42.82280926243391],[-118.37603276076456,42.88833307468192],[-118.31343554584657,42.93758848526533],[-118.25893781468548,43.01603330731782],[-118.1917627961366,43.05696549317162]]]}},{"type":"Feature","id":"dha:EH-01","properties":{"id":"dha:EH-01","kind":"deer_hunt_area","code":"EH-01","name":"Elkhorn EH-01","region":"Eastern","acres":null,"herdRange":"Elkhorn"},"geometry":{"type":"Polygon","coordinates":[[[-117.48462615441589,44.344190596916164],[-117.43744259310004,44.354269583624564],[-117.39694877051572,44.35230342957762],[-117.36858564594064,44.34368462151654],[-117.33789232743509,44.349883309350986],[-117.30374016454152,44.33915052234596],[-117.28810701349464,44.34752413175289],[-117.2960072856909,44.37111123804267],[-117.30879095480886,44.383933156656866],[-117.31295571764564,44.406764749253114],[-117.3074907561095,44.414076315879456],[-117.31322067925139,44.42421556817648],[-117.30779595741488,44.415207829083144],[-117.3456854304568,44.48265244398405],[-117.36004414086412,44.48524203841363],[-117.3757781888104,44.51810662451519],[-117.41090205062453,44.534321412160686],[-117.43239394727352,44.56587729364811],[-117.46831106096018,44.59159503974501],[-117.48014174611545,44.60860552582789],[-117.50751681174366,44.627436634356464],[-117.55479262873335,44.64760284085143],[-117.60790783828054,44.660655924405546],[-117.77641693007317,44.72397760101706],[-117.80535192022873,44.748095423250334],[-117.81116260728294,44.75634848704672],[-117.82069688968672,44.91690460749708],[-117.89038500966662,44.98219788254952],[-117.92593919969566,45.025658800624804],[-117.9707368062714,45.001456098085484],[-117.99289337200953,45.00239831319241],[-117.99345996518787,44.99265939779194],[-118.0704122688181,44.99924080774743],[-118.12259152051118,44.971379003146154],[-118.13071582388713,44.986839662986945],[-118.14026116395031,44.97469615777169],[-118.17886253613618,44.97347547611867],[-118.20053716150777,44.96434236767305],[-118.23156253377833,44.96312034010665],[-118.24823470784803,44.97485189414593],[-118.25329603043234,44.96424123819768],[-118.26960781414502,44.965602333243716],[-118.26794971814665,44.95133526537391],[-118.29761348558553,44.92876884084145],[-118.3122097937992,44.92644183169992],[-118.30486101739272,44.92144033463622],[-118.28722035916788,44.93209084328149],[-118.28975069821712,44.92397005461676],[-118.30451194686283,44.91552127120222],[-118.40035310603186,44.913641558093445],[-118.39430884253092,44.907975642007216],[-118.40665216576683,44.86981094036137],[-118.39188595237128,44.854153455484315],[-118.4155836048986,44.83206051842022],[-118.4234436365533,44.808825846638015],[-118.45097464145148,44.818125839041556],[-118.47421364081904,44.79674583409872],[-118.4736246337239,44.785705830601344],[-118.4516636316738,44.777135832989785],[-118.47029293864732,44.748468630694376],[-118.46501882163122,44.73301681613563],[-118.46823121805393,44.7175234972778],[-118.45283362639528,44.70696582892595],[-118.46780462565205,44.69278582432294],[-118.44770361934061,44.67971582859987],[-118.43853360234915,44.665495825965145],[-118.42126360891889,44.66631582789277],[-118.40703361045469,44.677885834306764],[-118.38785360538354,44.66978583055377],[-118.35731473733962,44.673209222406115],[-118.29162920585351,44.661061578567804],[-118.28044356962138,44.648985841552076],[-118.27981356727307,44.62625584783763],[-118.25268356623594,44.613945848208466],[-118.25839355808776,44.601025837713124],[-118.21415355302125,44.572365839690676],[-118.22606355514448,44.54538583873134],[-118.21418353559925,44.50855584394701],[-118.216763528732,44.487355842153356],[-118.23048345665524,44.48504583925846],[-118.22132420640578,44.46944171970764],[-118.20450470932117,44.46341422722248],[-118.19216164782605,44.4375077475179],[-118.16308224760226,44.43714363923667],[-118.1297173904316,44.421861524720995],[-118.11321861580916,44.42073315584004],[-118.11395008436664,44.3636859560144],[-118.10482868799929,44.351538622544396],[-118.0877408936961,44.3435849466055],[-118.0837225562571,44.327767643372226],[-118.0195790892713,44.32093056442165],[-117.95184946835457,44.324961510190064],[-117.95673597494174,44.329636279465454],[-117.93731287119374,44.34247314599802],[-117.8588346830461,44.347218228805964],[-117.81097216219297,44.374762383510635],[-117.77911830360831,44.37752454381661],[-117.76905367529343,44.3721183650936],[-117.76364828112062,44.38329947058002],[-117.73940849482062,44.38981888346387],[-117.70107088251795,44.36977519580448],[-117.68849222125152,44.375480480852204],[-117.67435174579039,44.361149460238444],[-117.64600929543595,44.35229735477163],[-117.62526633629834,44.35815869046158],[-117.60902352282002,44.354714274167485],[-117.60363236326931,44.34602901219299],[-117.51974846625622,44.35434106653745],[-117.48462615441589,44.344190596916164]]]}},{"type":"Feature","id":"dha:EH-02","properties":{"id":"dha:EH-02","kind":"deer_hunt_area","code":"EH-02","name":"Elkhorn EH-02","region":"Eastern","acres":null,"herdRange":"Elkhorn"},"geometry":{"type":"Polygon","coordinates":[[[-118.36056373189655,45.43102939291921],[-118.38164765692137,45.428936859200554],[-118.3945501508192,45.43613785161137],[-118.40767069985287,45.43087647024425],[-118.41279918153263,45.41918397611669],[-118.4047870746887,45.40399150075026],[-118.41888920922723,45.38402517242566],[-118.43099544766781,45.37207767315843],[-118.46209080289655,45.36695027769553],[-118.46159938794268,45.35974316005971],[-118.4760696327902,45.345839948474776],[-118.49905630215815,45.34180228076296],[-118.53573367472373,45.35368345876707],[-118.53820703620575,45.33640202797464],[-118.5488907592307,45.33684657060811],[-118.55421715490498,45.323689567173645],[-118.56666845883507,45.318886966546465],[-118.59464576491979,45.32217066329581],[-118.62142196783302,45.309732259839244],[-118.622904962663,45.292750357391235],[-118.60558056020034,45.291746461557466],[-118.61376285612228,45.27599513438018],[-118.59907107245455,45.21901485465244],[-118.60462354360146,45.202482639847545],[-118.59977186447207,45.185627962261464],[-118.61239680208708,45.18252980342273],[-118.60761768389652,45.177410233784514],[-118.6285919346392,45.17545221113935],[-118.64443632175438,45.163971931536615],[-118.6370395416074,45.15162041285112],[-118.64763346214109,45.15105891157304],[-118.63894917488956,45.14553964237239],[-118.63304489311356,45.12532123997136],[-118.60921279827275,45.11434822082611],[-118.60497664626027,45.10294412124514],[-118.56280472145578,45.085573432047255],[-118.5694392070355,45.069604009894846],[-118.56478460059843,45.05876214276683],[-118.57008606085657,45.054116819419455],[-118.5446086232582,45.0461813382679],[-118.546782843245,45.03757791225501],[-118.54117367979512,45.033112126715345],[-118.54869372440407,45.01832001925777],[-118.57692953467968,45.008569050724425],[-118.58584280127666,45.01295596398326],[-118.60877177323465,45.01038515392192],[-118.5622609252337,45.0020049189673],[-118.52782053438645,44.98479443361864],[-118.45875033603593,44.98783785597317],[-118.45122949835171,44.982091653037784],[-118.45243430720762,44.95765545470145],[-118.43230288391966,44.93782724855212],[-118.40975428966567,44.9304878647627],[-118.39577345938032,44.93498914982346],[-118.4042956666397,44.91928063649327],[-118.40049136200767,44.913526254708486],[-118.36150147382631,44.91186804764762],[-118.33558385875489,44.9174397714881],[-118.32097345499763,44.91126343442733],[-118.28975069821712,44.92397005461676],[-118.28791440556124,44.93252414271891],[-118.30431902996416,44.921563455882676],[-118.3126922771319,44.92480717086883],[-118.29761348558553,44.92876884084145],[-118.26794971814665,44.95133526537391],[-118.26991852694641,44.96531088063811],[-118.25329603043234,44.96424123819768],[-118.24823470784803,44.97485189414593],[-118.23156253377833,44.96312034010665],[-118.20053716150777,44.96434236767305],[-118.17886253613618,44.97347547611867],[-118.14026116395031,44.97469615777169],[-118.13071582388713,44.986839662986945],[-118.12259152051118,44.971379003146154],[-118.07111508752509,44.999098702564105],[-117.99355251169496,44.99263807853616],[-117.99251741118502,45.002571718753785],[-117.9707368062714,45.001456098085484],[-117.92851113223844,45.022331910085875],[-117.97167180588424,45.150074137318825],[-117.9650645485001,45.16740329935267],[-118.02537524765806,45.21097550480891],[-118.01243161201909,45.23193954034084],[-118.0391564228846,45.29854470053137],[-118.07231594134882,45.33182372638458],[-118.08353370629932,45.33959628951644],[-118.16500651139762,45.34501009184887],[-118.18824902298434,45.35468949717504],[-118.22911724895926,45.34210640948344],[-118.24105174485629,45.34425129346605],[-118.30040991378769,45.373245565143016],[-118.33424899757357,45.39918690239253],[-118.36056373189655,45.43102939291921]]]}},{"type":"Feature","id":"dha:TC-01","properties":{"id":"dha:TC-01","kind":"deer_hunt_area","code":"TC-01","name":"Trout Creek TC-01","region":"Eastern","acres":null,"herdRange":"Trout Creek"},"geometry":{"type":"Polygon","coordinates":[[[-117.83064481651598,42.330813512105784],[-117.88365759172802,42.472956886598645],[-117.92476885564352,42.467637272234334],[-117.98883515030387,42.44234915202095],[-118.01434720001707,42.43936927967131],[-118.0186297292856,42.4436598077541],[-118.02090892575266,42.43819619173898],[-118.09510734283784,42.41267873195831],[-118.25295699483227,42.32579214789811],[-118.29309741802989,42.26997112758113],[-118.32419437563983,42.2555891504864],[-118.34323875425927,42.21256223288108],[-118.36920822094673,42.18825025702094],[-118.4190684220856,42.18891011782419],[-118.43044905096546,42.17955394719426],[-118.43635271576832,42.162162156655846],[-118.47299662370293,42.150780222079604],[-118.52490194404051,42.15068888131458],[-118.54481161762921,42.15749799339627],[-118.60344528650275,42.1607655348327],[-118.60183460813775,42.13041020705698],[-118.57318067676466,42.09313519291345],[-118.60238717558069,42.06638518324779],[-118.63485696665333,41.993245973037276],[-117.71851090331438,41.998463462352916],[-117.71639675942922,42.01728049520331],[-117.79738130728708,42.30357478667834],[-117.83064481651598,42.330813512105784]]]}},{"type":"Feature","id":"dha:TC-02","properties":{"id":"dha:TC-02","kind":"deer_hunt_area","code":"TC-02","name":"Trout Creek TC-02","region":"Eastern","acres":null,"herdRange":"Trout Creek"},"geometry":{"type":"Polygon","coordinates":[[[-118.76649634856342,42.32813079307546],[-118.88701061555618,42.36216404346048],[-118.90745250266967,42.32509754760433],[-118.93957128046242,42.28731439671316],[-118.93857063123684,42.256756120074876],[-118.96712237484587,42.22253118810904],[-119.06730423763833,42.185767260595654],[-119.05140477592319,42.14655797559492],[-119.07740227699476,42.119916269941314],[-119.08501857579213,42.10368006908688],[-119.11623338204132,42.11326996794813],[-119.11345998346827,42.12423806843988],[-119.14454558869907,42.12096206501471],[-119.18405908985925,42.09008655864233],[-119.22647609490161,42.07550795444171],[-119.27128499791935,42.04744754766003],[-119.3094112022583,42.03800974420034],[-119.32218610202163,41.99501773856953],[-118.63485696665333,41.993245973037276],[-118.60238717558069,42.06638518324779],[-118.57315777290394,42.09373509787145],[-118.60183460813775,42.13041020705698],[-118.61059998533068,42.1813246910467],[-118.64530694882139,42.22267220834251],[-118.65614621176083,42.24769740745037],[-118.67444173891104,42.26378260509589],[-118.66856831427624,42.28544145135493],[-118.690818837943,42.285700653624254],[-118.76649634856342,42.32813079307546]]]}},{"type":"Feature","id":"dha:MC-01","properties":{"id":"dha:MC-01","kind":"deer_hunt_area","code":"MC-01","name":"Mid-Columbia MC-01","region":"Eastern","acres":null,"herdRange":"Mid-Columbia"},"geometry":{"type":"Polygon","coordinates":[[[-121.68145524624003,45.284419406918346],[-121.69023588481454,45.2916925549565],[-121.71398854137502,45.28317785409208],[-121.71798367576078,45.27231025141868],[-121.70694517504467,45.24307896558401],[-121.69822485762116,45.237607045471655],[-121.69878829459294,45.208959046405305],[-121.68867594358095,45.192131141916356],[-121.67726115146345,45.18728253367807],[-121.67598925858717,45.176026246140964],[-121.66186267769811,45.15856905059068],[-121.64852574961128,45.15641921845068],[-121.61465875779979,45.13442346853998],[-121.0575075267403,45.01522521450911],[-121.06543508867227,45.0302987327726],[-121.0807795610273,45.036093784454344],[-121.09381529233744,45.031208069070885],[-121.10067243319781,45.04266464490637],[-121.10836199047888,45.03587884186127],[-121.12184232637476,45.04876703331937],[-121.11520348447449,45.05719141385567],[-121.12069643554985,45.06397945122708],[-121.10831599032704,45.07425324465733],[-121.12229626879129,45.07912889886557],[-121.1311753127077,45.092048203268156],[-121.12569336205289,45.09646826967481],[-121.13159590584932,45.102533220174124],[-121.13307334631956,45.12505297884402],[-121.1226138594533,45.13167356251782],[-121.12538808964104,45.146558529650974],[-121.07397728396967,45.17467418855711],[-121.08439438319226,45.18399046982789],[-121.08253385992727,45.20344387453477],[-121.0732346824558,45.21416115856271],[-121.08148472467995,45.22362160704252],[-121.0693013429627,45.23302117313921],[-121.05059255854495,45.23631297369364],[-121.03846484757402,45.259379019473606],[-121.02102174650554,45.26564498706625],[-121.02487117046269,45.27468622609006],[-121.0179663262332,45.28465750868744],[-121.03036989616467,45.28667209328669],[-121.01944724887522,45.29436867786056],[-121.0159926773361,45.30703688919647],[-120.99199964523777,45.30808501619682],[-120.9799805396806,45.322662617198844],[-120.97295874340064,45.32025613420933],[-120.97217919058176,45.308801410335604],[-120.95941814386455,45.307871611453564],[-120.94578545938556,45.32545050446649],[-120.95425210612554,45.336458657164044],[-120.9343962837376,45.33115424032771],[-120.93931749338398,45.34619469644957],[-120.92092534165653,45.348701593028345],[-120.91886792913819,45.36116257337538],[-120.90179331283662,45.36119633155059],[-120.88276431832543,45.39190932044458],[-120.8667629667732,45.38928876764997],[-120.86287595461367,45.42799439152866],[-120.84931381035491,45.43091722837577],[-120.86586546887337,45.445400724913135],[-120.85841402974675,45.461017967030166],[-120.83649263780832,45.4683502614425],[-120.83907057177669,45.48372381455244],[-120.83332251830404,45.495398002450926],[-120.83903865264048,45.5025270522351],[-120.82558836200397,45.51286635525208],[-120.86305310625782,45.52838062620122],[-120.88232276185552,45.52755605269152],[-120.8851205324222,45.539579610560104],[-120.89848491847997,45.54378211307463],[-120.90967925787656,45.56159403381563],[-120.89515932599016,45.58823637973463],[-120.91178984699467,45.60560822273196],[-120.9042762505022,45.62009253983256],[-120.91445526910276,45.63513540734507],[-120.94356795648268,45.65377826854903],[-120.97519342981386,45.64487436694841],[-121.06874786966772,45.64766496996651],[-121.09745045861521,45.635473063309114],[-121.13385769005681,45.60653190690477],[-121.17294852900183,45.60059315967979],[-121.19807776097485,45.615889333072914],[-121.20408144826828,45.64893729441566],[-121.21914791994348,45.665897687545495],[-121.28583985509228,45.67788249845298],[-121.28637216198844,45.68509037033424],[-121.31237520513548,45.69582493100597],[-121.3657939926821,45.701043325456794],[-121.39449341823389,45.68519974402755],[-121.42288064197635,45.686600821409264],[-121.50121662505792,45.71351314603519],[-121.51337838203305,45.67031629331941],[-121.51296239239244,45.63089910806894],[-121.53189465557853,45.620787173237126],[-121.53308681633621,45.61035902796292],[-121.55057442848201,45.595103483492274],[-121.5571052035346,45.568832977603336],[-121.56807161058364,45.556662884792054],[-121.56125068169149,45.47472107118985],[-121.58143529103532,45.45580557391581],[-121.56911311478169,45.421021167531535],[-121.56930773296965,45.34166584838323],[-121.59893338943765,45.32248207229573],[-121.64048368169779,45.317477887263195],[-121.65159669239058,45.30894665967126],[-121.66095093034004,45.31334256550023],[-121.67591115245757,45.299585650711144],[-121.67121558032724,45.28673766185424],[-121.68145524624003,45.284419406918346]]]}},{"type":"Feature","id":"dha:MC-02","properties":{"id":"dha:MC-02","kind":"deer_hunt_area","code":"MC-02","name":"Mid-Columbia MC-02","region":"Eastern","acres":null,"herdRange":"Mid-Columbia"},"geometry":{"type":"Polygon","coordinates":[[[-121.50337172819475,45.71164197190303],[-121.52571827498443,45.71691050638003],[-121.5216532797001,45.71366272646251],[-121.57319622006816,45.71236499425833],[-121.6319690284014,45.69996094534218],[-121.66850946692112,45.700248651588865],[-121.6948991822156,45.68829423750753],[-121.82993731767625,45.697211997332275],[-121.8499419230933,45.69109549575713],[-121.83984973179092,45.69034531320626],[-121.84514788768439,45.68378337894348],[-121.85134492019981,45.68961549732109],[-121.85124449348837,45.685023954706715],[-121.88781630809898,45.6749539362355],[-121.90654378687232,45.654154010709284],[-121.92207759394043,45.64698544372251],[-121.92192963604195,45.61059359657294],[-121.91310024524996,45.60170370473804],[-121.91837468734616,45.585415436628516],[-121.9104848035874,45.581260236577506],[-121.91396634046482,45.57129201481014],[-121.90189152682422,45.55622263779499],[-121.92228591006248,45.54633527991041],[-121.90664474253042,45.520731500303484],[-121.89144810367843,45.51270998416689],[-121.86941614088977,45.51422188390812],[-121.86040314125952,45.48941697866088],[-121.80679641392798,45.45414634229147],[-121.80697070417196,45.43522863392266],[-121.79253336770496,45.419154888522336],[-121.79744141223206,45.41614625211528],[-121.78245899282834,45.409182378104184],[-121.78086006509346,45.40272025683262],[-121.74593472177028,45.392468330288025],[-121.77857879460292,45.3900129352112],[-121.78339545325827,45.387607053984354],[-121.7763305389354,45.379961373413956],[-121.78544087389771,45.37919452862117],[-121.7537385687856,45.36300102818762],[-121.75437417444063,45.343952053746186],[-121.70371615781058,45.332603780460126],[-121.69770706896303,45.31663543920811],[-121.67986485065276,45.29799867931179],[-121.68431918511878,45.28463788540069],[-121.67121567343264,45.28673753762405],[-121.67591115245757,45.299585650711144],[-121.6606410300255,45.313497075230025],[-121.65159669239058,45.30894665967126],[-121.64048368169779,45.317477887263195],[-121.59893338943765,45.32248207229573],[-121.56930773296965,45.34166584838323],[-121.56911311478169,45.421021167531535],[-121.58143529103532,45.45580557391581],[-121.56125068169149,45.47472107118985],[-121.56807161058364,45.556662884792054],[-121.5571052035346,45.568832977603336],[-121.55057442848201,45.595103483492274],[-121.53308681633621,45.61035902796292],[-121.53189465557853,45.620787173237126],[-121.51296239239244,45.63089910806894],[-121.51337838203305,45.67031629331941],[-121.50337172819475,45.71164197190303]]]}},{"type":"Feature","id":"dha:NE-01","properties":{"id":"dha:NE-01","kind":"deer_hunt_area","code":"NE-01","name":"Northeast NE-01","region":"Eastern","acres":null,"herdRange":"Northeast"},"geometry":{"type":"Polygon","coordinates":[[[-117.65168237333488,45.21570524981494],[-117.62556506712052,45.20904584922392],[-117.62460626927489,45.22502965035883],[-117.60404716864103,45.23584345341989],[-117.57505802657714,45.23836074882919],[-117.56039119985563,45.21862589203815],[-117.58288932340021,45.20029959129896],[-117.5451119076282,45.18606728713031],[-117.53291368210682,45.16745623780633],[-117.51011900715577,45.15588923096312],[-117.51713945012101,45.14179769526573],[-117.51379414420661,45.13706118579539],[-117.46110867459427,45.1262511177301],[-117.44043224632449,45.12968090741062],[-117.41213953907356,45.10984014715914],[-117.37920503663649,45.11329895415446],[-117.37141981274631,45.12809357031084],[-117.35260116767654,45.12720607861082],[-117.33846357667818,45.137340849106224],[-117.3260141981225,45.16214817537291],[-117.32814219779277,45.17379751270584],[-117.30200029720268,45.163668280675026],[-117.28092867432952,45.141727155258714],[-117.26288317922616,45.14511436458416],[-117.2711015842794,45.134374174880094],[-117.2662009180171,45.12383612079775],[-117.20872543917366,45.09939485979638],[-117.16186445175408,45.10483137089248],[-117.13602751404105,45.114879413717986],[-117.05305203894815,45.09748902021514],[-117.01061596142658,45.11329002788376],[-116.90763885013237,45.1087461177023],[-116.88120306838934,45.133588962153276],[-116.87759512981481,45.15067967099139],[-116.86445064152835,45.137355449557916],[-116.84445829815331,45.14720453239944],[-116.83457305128981,45.15997762816264],[-116.83556562671036,45.1761731231893],[-116.8206499908864,45.155932518785065],[-116.80809318789183,45.16336531996968],[-116.80836808636833,45.17233160195315],[-116.79707438756849,45.18449135652232],[-116.77556039182012,45.18180430548657],[-116.76510717587071,45.19176615117637],[-116.76665036654722,45.21689724707121],[-116.75452568617952,45.217840152644975],[-116.73838995252127,45.205327832758854],[-116.71185913698258,45.20036705214507],[-116.70502096300862,45.23231481657456],[-116.70890517756663,45.23752774159323],[-116.69125110114409,45.264792423755395],[-116.6748827675356,45.27617906189771],[-116.67343000024077,45.32267689979092],[-116.62358723271457,45.39428357374288],[-116.59792949171106,45.41278431593395],[-116.58833813642083,45.44351698338672],[-116.55526516210189,45.4637364922919],[-116.55976054028231,45.481090408481606],[-116.55371892957041,45.49749442734346],[-116.55831870586508,45.50510919981425],[-116.53645173006423,45.52415017238981],[-116.52399032848588,45.54712369374991],[-116.52916678630007,45.55160060335004],[-116.50696568846713,45.55878002743071],[-116.48228604669444,45.578134979561156],[-116.48288929753282,45.58737439546586],[-116.4637716368858,45.603931996714124],[-116.46395523236552,45.61607564938246],[-116.47234541000464,45.629048742921086],[-116.48286097731908,45.63278719614945],[-116.48964913243613,45.65140994998744],[-116.53645352035583,45.6916382872117],[-116.53615879389594,45.7340455588467],[-116.54817066007838,45.75194602743713],[-116.59463357891332,45.77882513967521],[-116.63178292992731,45.78482365245505],[-116.66428223084424,45.78141674443703],[-116.68088112148608,45.794285406688076],[-116.69717568234891,45.81978216065181],[-116.70930132170326,45.82531664639926],[-116.73579647571371,45.82634013037809],[-116.76463269940004,45.81708861692702],[-116.74298316677893,45.78029031215294],[-116.74778878315698,45.76383422072668],[-116.75907883337462,45.74605060823034],[-116.78099414994786,45.730379053148944],[-116.77643960508036,45.709942851120445],[-116.78849017515694,45.68576683928696],[-116.82363606059084,45.663823563034924],[-116.82788065341349,45.64789832248758],[-116.83719480845657,45.64820454371162],[-116.8470111465491,45.634559171364465],[-116.83390148026893,45.55936420043069],[-116.85703743997101,45.54015435908107],[-116.86172997236999,45.520340720628994],[-116.88702770154244,45.51129426891929],[-116.92785817716555,45.47852139514574],[-116.96348477827019,45.47242395456428],[-116.98576869149956,45.44873423627328],[-117.00484313944743,45.43936748906424],[-117.01067308235767,45.40252568838428],[-117.05388953598904,45.36739579412647],[-117.05678683662283,45.350178838363576],[-117.08946032949854,45.334737424678664],[-117.15563300351506,45.33740388459879],[-117.18765279231143,45.351704623362274],[-117.22986802212299,45.3543175215854],[-117.23013989192059,45.39468053274916],[-117.24580912881733,45.41204430520961],[-117.27681199460504,45.42047950573615],[-117.27778311801539,45.42639105737687],[-117.30461994288986,45.42248900314906],[-117.33699715654637,45.44159379447432],[-117.38138008798532,45.44956440000667],[-117.39011067433665,45.47615916126206],[-117.4318755847913,45.48617351209379],[-117.4905696361493,45.54107706781087],[-117.49886289818429,45.556515705297954],[-117.53546809984553,45.57048829450624],[-117.54164191980605,45.585473397187336],[-117.56169515331047,45.59864699392606],[-117.58586012918026,45.60002390199407],[-117.60372434320864,45.610740305700354],[-117.63026253522438,45.60488528464614],[-117.63069636181329,45.61177089280866],[-117.65416746030023,45.61813438366145],[-117.66245258334875,45.629873976109636],[-117.70608551178654,45.617459544994944],[-117.71271066741505,45.622534194658634],[-117.73011664637963,45.619411785115005],[-117.73453783886998,45.584908272714294],[-117.76541548639473,45.60256654610929],[-117.78053137951562,45.59211866900667],[-117.81623198288116,45.58451408278951],[-117.87988299336973,45.584241345400564],[-117.91731165806506,45.56547724108572],[-117.91766483986565,45.54085735558008],[-117.9309843898436,45.50520984172841],[-117.96259865729542,45.46333460212128],[-117.9939801296433,45.369300857815794],[-118.04532480286515,45.34089663801085],[-118.02847248056848,45.33305890112231],[-117.88636097732768,45.33311687348601],[-117.85778659534795,45.31489596543804],[-117.809641227231,45.31456766528352],[-117.80944762201726,45.296385836928856],[-117.7871591484696,45.28238591235198],[-117.75671629533203,45.28565637297525],[-117.68088964414146,45.27602397000601],[-117.67673532897601,45.25300140532173],[-117.66771508203458,45.24540654788749],[-117.67113258344823,45.23984164906259],[-117.6608562793983,45.23593224849326],[-117.65168237333488,45.21570524981494]]]}},{"type":"Feature","id":"dha:NE-06","properties":{"id":"dha:NE-06","kind":"deer_hunt_area","code":"NE-06","name":"Northeast NE-06","region":"Eastern","acres":null,"herdRange":"Northeast"},"geometry":{"type":"Polygon","coordinates":[[[-118.07385658223235,45.33267458367813],[-118.04532480286515,45.34089663801085],[-117.99475845516596,45.36812751962085],[-117.96259865729542,45.46333460212128],[-117.93579034157098,45.49612470078179],[-117.9161619932295,45.54997072880535],[-117.91731221451325,45.56479908211428],[-117.98707983890645,45.56690369439473],[-117.98854393537034,45.582010027728124],[-118.01109047516395,45.59666112113846],[-118.01621416098922,45.611234503530675],[-118.01258170385317,45.624718009537375],[-118.02403996101137,45.65604123528049],[-118.04226967520425,45.67474030536821],[-118.04082871053622,45.69694521623939],[-118.02461383616478,45.72462290578697],[-118.06433772174476,45.76817343963333],[-118.08146304880177,45.77728383346832],[-118.10752267992382,45.78627372618895],[-118.11643918698465,45.781634922288355],[-118.12741660534753,45.793338216192815],[-118.13481701406461,45.78788322316369],[-118.15838287398347,45.790274829773956],[-118.1715764359282,45.78110742417828],[-118.20846219345762,45.79213957628297],[-118.28096480871052,45.786763673609066],[-118.32785077982506,45.79735079365661],[-118.3445112693227,45.79197438312956],[-118.39054881699788,45.80927615728789],[-118.39615925319197,45.82096688994926],[-118.42408397625614,45.82405210177282],[-118.42288230498013,45.83524192593863],[-118.48589863232635,45.8059466985478],[-118.51287915627357,45.80200880185041],[-118.58855450349692,45.74436860319284],[-118.73464793212693,45.68130649433825],[-118.80641656767001,45.66320116114586],[-118.76443116166371,45.66503767011572],[-118.70929445009617,45.65491617771379],[-118.64676073274688,45.614371379253335],[-118.64473043062856,45.60282277717189],[-118.61094672014043,45.594524583696746],[-118.62278062215219,45.58654578031314],[-118.6203012200798,45.582466481640765],[-118.58409031290675,45.582102282662554],[-118.50487320322695,45.60012049143656],[-118.46974889642212,45.59111389400249],[-118.45422519194709,45.57829469733179],[-118.46227328379885,45.54353299052038],[-118.33487315201909,45.39983628012725],[-118.29989284059083,45.37288250187401],[-118.23078434923357,45.34212930384521],[-118.18824902298434,45.35468949717504],[-118.16526069439092,45.34505629063146],[-118.12565638337841,45.346104505544986],[-118.08266244683564,45.3394110967002],[-118.07385658223235,45.33267458367813]]]}},{"type":"Feature","id":"dha:NE-03","properties":{"id":"dha:NE-03","kind":"deer_hunt_area","code":"NE-03","name":"Northeast NE-03","region":"Eastern","acres":null,"herdRange":"Northeast"},"geometry":{"type":"Polygon","coordinates":[[[-117.23039827770923,45.395138109808954],[-117.2259533464804,45.41100340560717],[-117.14794310571041,45.41562953625889],[-117.1403546966519,45.4333887216881],[-117.14658022346825,45.48683682858046],[-117.11113442993438,45.51939014887866],[-117.12272955702926,45.549227358490455],[-117.13729584024401,45.62788461684552],[-117.14290197688469,45.632954200497416],[-117.13948399287486,45.678007745777336],[-117.15509274670048,45.699697340694755],[-117.15152705319765,45.70649775080313],[-117.16000731818171,45.71705309627517],[-117.1556880415665,45.730974316897345],[-117.16819607600327,45.73441722952794],[-117.16611178102866,45.74286749317131],[-117.17177217481229,45.74776886559939],[-117.16566510869362,45.75100017961299],[-117.17467882565307,45.75762485951325],[-117.16901824976516,45.766751260911256],[-117.1774379719054,45.769461229173025],[-117.17304287206828,45.773995283659666],[-117.18161402535803,45.781088042312554],[-117.17647368661895,45.788179878429794],[-117.1849347448804,45.789331925543536],[-117.18000525761217,45.79606800027295],[-117.19386669934698,45.80431243863441],[-117.1924030298348,45.80899978541163],[-117.19856466638262,45.80657257338812],[-117.2041893014677,45.81918603816691],[-117.22267680342003,45.81761675314431],[-117.23351515692966,45.82342764680115],[-117.2368193149366,45.827471071241426],[-117.23216324938677,45.83030695995456],[-117.23907291777996,45.831251123502305],[-117.2350171978961,45.83687166503734],[-117.24440773627235,45.83907498505596],[-117.23764669999343,45.84165009355295],[-117.23855027385382,45.85965851522349],[-117.24501458966768,45.860184907892666],[-117.23652147286667,45.870004587962086],[-117.23757517505041,45.8796646393209],[-117.22309367528115,45.88756504494731],[-117.2213543370402,45.89520542907474],[-117.1988321574033,45.9027264268861],[-117.20028781366324,45.91007734943347],[-117.18567107670192,45.91375626161829],[-117.18575191125724,45.92053815880321],[-117.17169714434704,45.92297226362366],[-117.17323010611555,45.92941440860695],[-117.1647446347856,45.93727551232587],[-117.15593859879378,45.936198725036185],[-117.15270113436834,45.94467710712691],[-117.16029645414633,45.946547764328116],[-117.15051700416281,45.94812728482943],[-117.15051141585263,45.9566643545218],[-117.1363659347182,45.956884520361356],[-117.14250409698428,45.96288037959763],[-117.13272091784651,45.96480019828097],[-117.12998321151457,45.975311479599526],[-117.09633954368302,45.98884547094639],[-117.09800102366107,45.9939113027161],[-117.09019739109712,45.99763257983426],[-117.38206282236341,45.998096623231945],[-117.38513937950451,45.98950184044722],[-117.3964009435248,45.98792417776551],[-117.38876204089472,45.98100966885689],[-117.39679619719114,45.97984867770876],[-117.39539716245353,45.97408341719493],[-117.40927833340912,45.96198348420312],[-117.42060545101702,45.9620501657282],[-117.43434842120158,45.94633837949962],[-117.45106101165896,45.94519340267764],[-117.44102694350453,45.934296750347336],[-117.4576041056121,45.926182316807896],[-117.44436535010658,45.925505438082425],[-117.4418818913514,45.91970962835612],[-117.46122881080828,45.91591281297947],[-117.46305103342974,45.90647571494809],[-117.47975914958269,45.90627175387351],[-117.47422672005108,45.89703303241636],[-117.49026428559864,45.90007062941579],[-117.49568010826489,45.89522216945768],[-117.54292164401457,45.89413530637643],[-117.56441732489716,45.88287263990849],[-117.57452199344245,45.8860896148209],[-117.58726174289212,45.87311963553072],[-117.59814554851941,45.87357170080175],[-117.59860598958305,45.863968650598494],[-117.60891480141072,45.86842372036573],[-117.62057310542306,45.85967375855352],[-117.6750556674278,45.88116234804208],[-117.72839532178851,45.85433317334739],[-117.73321938631163,45.84517584171073],[-117.74226830625884,45.846971804405044],[-117.74497863050368,45.83332717942503],[-117.75287754852076,45.83223604331406],[-117.74849660372882,45.82541987699412],[-117.75336352075657,45.81982543094813],[-117.74052616085584,45.79961293297531],[-117.7499282417392,45.79783708194423],[-117.74451594627612,45.79221543310907],[-117.75600344244306,45.78268279140222],[-117.76179829863312,45.75598158271609],[-117.77976241092945,45.747088566697414],[-117.78475279330239,45.72588197178294],[-117.79955692338586,45.71925747065502],[-117.83490490848428,45.719084426803796],[-117.84318193876884,45.702929703730256],[-117.85715401747996,45.70177206968714],[-117.85464669871239,45.6965523856268],[-117.86972538044623,45.68485384861203],[-117.86080591297944,45.66847690886083],[-117.86368984546208,45.65813997530283],[-117.88717574616935,45.64078533696972],[-117.88108712327494,45.62562973412442],[-117.9013413542485,45.609458430133046],[-117.90383114604774,45.58238134214888],[-117.9147075002168,45.57721790569862],[-117.91113599609642,45.56633142040535],[-117.87988299336973,45.584241345400564],[-117.81623198288116,45.58451408278951],[-117.78053137951562,45.59211866900667],[-117.76510709379055,45.6025906438357],[-117.73453783886998,45.584908272714294],[-117.73011664637963,45.619411785115005],[-117.71271066741505,45.622534194658634],[-117.70608551178654,45.617459544994944],[-117.66245258334875,45.629873976109636],[-117.65416746030023,45.61813438366145],[-117.63069636181329,45.61177089280866],[-117.63026253522438,45.60488528464614],[-117.60372434320864,45.610740305700354],[-117.58586012918026,45.60002390199407],[-117.56169515331047,45.59864699392606],[-117.54164191980605,45.585473397187336],[-117.53546809984553,45.57048829450624],[-117.49886289818429,45.556515705297954],[-117.4905696361493,45.54107706781087],[-117.4318755847913,45.48617351209379],[-117.39011067433665,45.47615916126206],[-117.38138008798532,45.44956440000667],[-117.33699715654637,45.44159379447432],[-117.30461994288986,45.42248900314906],[-117.27778311801539,45.42639105737687],[-117.27681199460504,45.42047950573615],[-117.24532434704962,45.41173318761518],[-117.23039827770923,45.395138109808954]]]}},{"type":"Feature","id":"dha:NE-04","properties":{"id":"dha:NE-04","kind":"deer_hunt_area","code":"NE-04","name":"Northeast NE-04","region":"Eastern","acres":null,"herdRange":"Northeast"},"geometry":{"type":"Polygon","coordinates":[[[-117.38206282236341,45.998096623231945],[-117.91024499730347,46.00029209107909],[-117.91022914438184,45.995154265064606],[-117.91740679938154,45.999687307450806],[-117.93230245118357,45.9953267310712],[-117.95589395971577,45.97023163609288],[-117.95797634347848,45.95207793874715],[-117.93408677491493,45.91635476720293],[-117.9422741330165,45.89721515202092],[-117.93719109735338,45.878711010239265],[-117.9494754854832,45.873946913346344],[-117.95081394581328,45.853936207353016],[-117.9443817405852,45.84004753814183],[-117.9668798246397,45.842284648673896],[-117.98241793743608,45.83064853935877],[-117.98195766854332,45.817389844063854],[-118.00106348876346,45.8179031689826],[-118.00712554657602,45.80703985753266],[-118.01434065914859,45.813294680589784],[-118.0188628359895,45.80721024146484],[-118.0254395831864,45.81048610377656],[-118.04571370845377,45.786693007008225],[-118.04429128592739,45.77474838746052],[-118.06480396959209,45.78499563172039],[-118.08838337499826,45.779886790844095],[-118.06433772174476,45.76817343963333],[-118.02461383616478,45.72462290578697],[-118.04082871053622,45.69694521623939],[-118.04226967520425,45.67474030536821],[-118.02403996101137,45.65604123528049],[-118.01258170385317,45.624718009537375],[-118.01621416098922,45.611234503530675],[-118.01109047516395,45.59666112113846],[-117.98886781710273,45.58239721745131],[-117.98901214657337,45.56886031418754],[-117.9835067479893,45.56532359464778],[-117.91113599609642,45.56633142040535],[-117.91495951759711,45.576162711279295],[-117.90383114604774,45.58238134214888],[-117.90167756020884,45.608834629747754],[-117.88079115763465,45.62638820018491],[-117.88766170744755,45.6398633227508],[-117.86357808486004,45.65838379147849],[-117.86080591297944,45.66847690886083],[-117.86972538044623,45.68485384861203],[-117.85464669871239,45.6965523856268],[-117.85745650242603,45.70139171502803],[-117.84318193876884,45.702929703730256],[-117.83490490848428,45.719084426803796],[-117.79955692338586,45.71925747065502],[-117.78475279330239,45.72588197178294],[-117.77976241092945,45.747088566697414],[-117.76106609494566,45.757152070513754],[-117.75600344244306,45.78268279140222],[-117.74451594627612,45.79221543310907],[-117.7499282417392,45.79783708194423],[-117.74062711048781,45.7988831456804],[-117.75351923564465,45.8209584774159],[-117.74849660372882,45.82541987699412],[-117.75240593574328,45.833112231268494],[-117.73960788496314,45.84054009062611],[-117.74226830625884,45.846971804405044],[-117.73321938631163,45.84517584171073],[-117.72878535089089,45.854114680035174],[-117.6750556674278,45.88116234804208],[-117.62057310542306,45.85967375855352],[-117.60891480141072,45.86842372036573],[-117.59860598958305,45.863968650598494],[-117.59814554851941,45.87357170080175],[-117.58726174289212,45.87311963553072],[-117.57452199344245,45.8860896148209],[-117.56441732489716,45.88287263990849],[-117.54292164401457,45.89413530637643],[-117.49568010826489,45.89522216945768],[-117.49026428559864,45.90007062941579],[-117.47422672005108,45.89703303241636],[-117.47975914958269,45.90627175387351],[-117.46305103342974,45.90647571494809],[-117.46122881080828,45.91591281297947],[-117.4418818913514,45.91970962835612],[-117.44436535010658,45.925505438082425],[-117.4576041056121,45.926182316807896],[-117.44102694350453,45.934296750347336],[-117.45106101165896,45.94519340267764],[-117.43434842120158,45.94633837949962],[-117.42060545101702,45.9620501657282],[-117.40927833340912,45.96198348420312],[-117.39539716245353,45.97408341719493],[-117.39679619719114,45.97984867770876],[-117.38876204089472,45.98100966885689],[-117.3964009435248,45.98792417776551],[-117.38513937950451,45.98950184044722],[-117.38206282236341,45.998096623231945]]]}},{"type":"Feature","id":"dha:NE-05","properties":{"id":"dha:NE-05","kind":"deer_hunt_area","code":"NE-05","name":"Northeast NE-05","region":"Eastern","acres":null,"herdRange":"Northeast"},"geometry":{"type":"Polygon","coordinates":[[[-118.08838337499826,45.779886790844095],[-118.06480396959209,45.78499563172039],[-118.04429128592739,45.77474838746052],[-118.04571370845377,45.786693007008225],[-118.0254395831864,45.81048610377656],[-118.0188628359895,45.80721024146484],[-118.01434065914859,45.813294680589784],[-118.00712554657602,45.80703985753266],[-118.00106348876346,45.8179031689826],[-117.98195766854332,45.817389844063854],[-117.98241793743608,45.83064853935877],[-117.9668798246397,45.842284648673896],[-117.9443817405852,45.84004753814183],[-117.95081394581328,45.853936207353016],[-117.9494754854832,45.873946913346344],[-117.93719109735338,45.878711010239265],[-117.9422741330165,45.89721515202092],[-117.93408677491493,45.91635476720293],[-117.95759768216324,45.94797695852406],[-117.95605005913943,45.96990173132313],[-117.93230245118357,45.9953267310712],[-117.91740679938154,45.999687307450806],[-117.91022914438184,45.995154265064606],[-117.91024499730347,46.00029209107909],[-118.38736845955991,46.000655505934404],[-118.38760540307003,45.932322853253396],[-118.38181464361365,45.91961123409516],[-118.39960231426274,45.85525202018718],[-118.42288230498013,45.83524192593863],[-118.42439003220194,45.82423090568343],[-118.39615925319197,45.82096688994926],[-118.39054881699788,45.80927615728789],[-118.3445112693227,45.79197438312956],[-118.32785077982506,45.79735079365661],[-118.28096480871052,45.786763673609066],[-118.20846219345762,45.79213957628297],[-118.1715764359282,45.78110742417828],[-118.15838287398347,45.790274829773956],[-118.13481701406461,45.78788322316369],[-118.12741660534753,45.793338216192815],[-118.11643918698465,45.781634922288355],[-118.10752267992382,45.78627372618895],[-118.08838337499826,45.779886790844095]]]}},{"type":"Feature","id":"dha:NE-02","properties":{"id":"dha:NE-02","kind":"deer_hunt_area","code":"NE-02","name":"Northeast NE-02","region":"Eastern","acres":null,"herdRange":"Northeast"},"geometry":{"type":"Polygon","coordinates":[[[-116.91767326925165,45.99546030781245],[-117.09019739109712,45.99763257983426],[-117.09800102366107,45.9939113027161],[-117.09633954368302,45.98884547094639],[-117.12998321151457,45.975311479599526],[-117.13272091784651,45.96480019828097],[-117.14250409698428,45.96288037959763],[-117.1363659347182,45.956884520361356],[-117.15034955969227,45.956777038352065],[-117.15051700416281,45.94812728482943],[-117.16029645414633,45.946547764328116],[-117.15270113436834,45.94467710712691],[-117.15723183611806,45.934671357944126],[-117.1640981092497,45.93772646027915],[-117.17323010611555,45.92941440860695],[-117.17169714434704,45.92297226362366],[-117.18575191125724,45.92053815880321],[-117.18567107670192,45.91375626161829],[-117.20028781366324,45.91007734943347],[-117.1988321574033,45.9027264268861],[-117.21070148974279,45.90233154411366],[-117.23757517505041,45.8796646393209],[-117.23652147286667,45.870004587962086],[-117.24501494791213,45.860076872877045],[-117.23855027385382,45.85965851522349],[-117.23764669999343,45.84165009355295],[-117.24433247178771,45.83891758973498],[-117.2350171978961,45.83687166503734],[-117.23907291777996,45.831251123502305],[-117.23216324938677,45.83030695995456],[-117.2368193149366,45.827471071241426],[-117.23261420321705,45.822794902786605],[-117.2041893014677,45.81918603816691],[-117.19856466638262,45.80657257338812],[-117.1924030298348,45.80899978541163],[-117.19386669934698,45.80431243863441],[-117.18000525761217,45.79606800027295],[-117.18539649400523,45.790033216607114],[-117.17684676422536,45.78906575586973],[-117.18206310027546,45.78583536610153],[-117.17684547078339,45.78452946815201],[-117.17982402014103,45.77582104632952],[-117.16901824976516,45.766751260911256],[-117.17467882565307,45.75762485951325],[-117.16566510869362,45.75100017961299],[-117.17177217481229,45.74776886559939],[-117.16611178102866,45.74286749317131],[-117.16819607600327,45.73441722952794],[-117.1556880415665,45.730974316897345],[-117.16000731818171,45.71705309627517],[-117.15152705319765,45.70649775080313],[-117.15509274670048,45.699697340694755],[-117.13947088540507,45.67790874985603],[-117.14285009220978,45.63270223673608],[-117.13729584024401,45.62788461684552],[-117.12272955702926,45.549227358490455],[-117.11113442993438,45.51939014887866],[-117.14658022346825,45.48683682858046],[-117.1403546966519,45.4333887216881],[-117.14602211457357,45.41798113544863],[-117.1685457824405,45.411493810539],[-117.22681049544815,45.41054072160653],[-117.22986802212299,45.3543175215854],[-117.18765279231143,45.351704623362274],[-117.15519181066281,45.337346239790556],[-117.07994440523228,45.33572741353267],[-117.05669165550275,45.35026159970163],[-117.05388953598904,45.36739579412647],[-117.01028550075954,45.40305894163826],[-117.00484313944743,45.43936748906424],[-116.98576869149956,45.44873423627328],[-116.96348477827019,45.47242395456428],[-116.92785817716555,45.47852139514574],[-116.88702770154244,45.51129426891929],[-116.86172997236999,45.520340720628994],[-116.85703743997101,45.54015435908107],[-116.83390148026893,45.55936420043069],[-116.84669766325054,45.63554879869608],[-116.83719480845657,45.64820454371162],[-116.82788065341349,45.64789832248758],[-116.82363606059084,45.663823563034924],[-116.78849017515694,45.68576683928696],[-116.77643960508036,45.709942851120445],[-116.78137860608787,45.7296416363047],[-116.76614458243866,45.74588520935905],[-116.75907883337462,45.74605060823034],[-116.7427860883728,45.77952923651198],[-116.76463269940004,45.81708861692702],[-116.78889226268117,45.832151403870576],[-116.78828942257863,45.84564321087721],[-116.79657511368426,45.86086484194526],[-116.86219768714714,45.90936894262655],[-116.87674278684342,45.954589124451616],[-116.89331247046057,45.960077798803916],[-116.89439991070013,45.97724049714845],[-116.91767326925165,45.99546030781245]]]}},{"type":"Feature","id":"dha:DG-03","properties":{"id":"dha:DG-03","kind":"deer_hunt_area","code":"DG-03","name":"Devils Garden DG-03","region":"Eastern","acres":null,"herdRange":"Devils Garden"},"geometry":{"type":"Polygon","coordinates":[[[-121.90988466612323,43.48792384050329],[-121.9325567227369,43.50222251066632],[-121.95280309955061,43.55030773330932],[-121.97482129714281,43.57404158777894],[-122.034176101337,43.59758031242022],[-122.07407817318307,43.585866722064736],[-122.13155939687864,43.55365995294927],[-122.13370670993251,43.54118740113189],[-122.12303051606813,43.53651391917055],[-122.11877471059293,43.522794680350685],[-122.13335367221762,43.520051740522526],[-122.14572535264291,43.502522242241106],[-122.13383284187549,43.49971061411211],[-122.14292610782965,43.4749493271542],[-122.13761583922408,43.47364900832201],[-122.13356917814055,43.447064803503174],[-122.11860610436028,43.44002602757529],[-122.11132949721477,43.44580445580253],[-122.09687305404844,43.43812789157262],[-122.0848642309201,43.415872746270495],[-122.06097124191257,43.40128083279164],[-122.06089035460869,43.3853606148538],[-122.02087585500504,43.35864142178655],[-122.00877981692346,43.33697471178961],[-122.01653308667606,43.31870265982373],[-122.00115555865784,43.310015825605525],[-122.0146309745259,43.29561406679414],[-121.98917502187824,43.272507520131235],[-121.98627528749046,43.24547851483015],[-121.99610917876849,43.24398716288958],[-122.00771812316789,43.225836639978525],[-122.01441579729294,43.23211898672551],[-122.02691898634359,43.22528448194649],[-122.02259912850188,43.2200905076229],[-122.0513791305496,43.19968921927547],[-122.0491147339255,43.19476523025237],[-122.06399931343658,43.17606521651288],[-122.06245447417892,43.16260610504739],[-122.07391238112595,43.16429645743565],[-122.06974261842038,43.16184848454746],[-122.08076287754486,43.15344906233141],[-122.07453094221633,43.14330072237971],[-122.08661157582776,43.13550428450052],[-122.07446114435726,43.131488249663214],[-122.08188199094738,43.122893016841246],[-122.0838373722858,43.097787240005665],[-122.09159293732715,43.08989266113654],[-122.00457105118629,43.08781920016735],[-121.99973311894797,42.985656644852085],[-121.97814821542856,42.97988316755009],[-121.98465428224563,42.971426046103694],[-121.97891009885605,42.94222354157606],[-121.9661437593032,42.92162257921863],[-121.9760910447568,42.91888307118807],[-121.99976770092381,42.8933471297627],[-121.98597849382574,42.87882074972232],[-121.98597442623222,42.857005055330795],[-121.96613449407894,42.849805828461804],[-121.94702387187736,42.833552855090936],[-121.91096063607854,42.84708367065821],[-121.90519220866582,42.857708752330495],[-121.86389253124351,42.871120361738996],[-121.81536122410144,42.86657498438557],[-121.65111986398344,42.900393980686054],[-121.629608428954,42.888882522246575],[-121.61321476941241,42.89367197337896],[-121.58140022529882,42.91619398224672],[-121.57628808415824,42.939226620431285],[-121.57955576310707,42.970573853153915],[-121.56890382391059,42.99727059218626],[-121.52390253675459,43.00470777699242],[-121.49857335121153,43.02919426987329],[-121.48292421522655,43.06482953313425],[-121.43068255268079,43.068228382732514],[-121.4189053190007,43.090547528956655],[-121.39693103963494,43.10756177929698],[-121.23193267843966,43.11169376795035],[-121.1936032279049,43.127935954102234],[-121.15853675143842,43.125006175956806],[-121.1309320775523,43.13966445042789],[-121.07504640336148,43.13505065549586],[-121.0640510178223,43.12804063281599],[-120.90566555606759,43.130843235550685],[-120.86176041694756,43.11486727011227],[-120.85520510350266,43.12146722841128],[-120.82575335708005,43.12525723618605],[-120.80300018241876,43.15050621224758],[-120.7610999869793,43.17131110831437],[-120.72020575607743,43.18306178756054],[-120.71762889835836,43.19220294813741],[-120.68121046945276,43.193762813896946],[-120.68101217403112,43.23785951764153],[-120.89874602336212,43.235672129981154],[-120.89884476643022,43.249525296957785],[-120.91798181210903,43.250300034666544],[-120.91878373136052,43.26439217077812],[-120.93825064648482,43.26473546950232],[-120.93870220000238,43.3559980089819],[-121.09314378880696,43.35630686665517],[-121.13416325085934,43.362676857578826],[-121.17695144850904,43.352629732413426],[-121.20976560952522,43.36436172253212],[-121.21482938392654,43.38425311369863],[-121.25704187722694,43.42062568665117],[-121.29021129764675,43.43947956191716],[-121.31457319468643,43.43562066758087],[-121.36644217777902,43.45219476358874],[-121.36629897214618,43.44691125363641],[-121.42074481507552,43.450575533564106],[-121.45619109304226,43.444162431423614],[-121.51125650700075,43.45207751999574],[-121.55510006753876,43.469566492323864],[-121.58172192964977,43.47174605259459],[-121.59413891556291,43.484027353312705],[-121.61269404092545,43.48867439494717],[-121.63708786382699,43.50514349313582],[-121.66635293645815,43.50183323688607],[-121.68490784348931,43.484396773072326],[-121.69610510681181,43.46223719969226],[-121.78677264847404,43.46555207542935],[-121.81952066451373,43.47764233814149],[-121.84555334905227,43.499047070022456],[-121.90988466612323,43.48792384050329]]]}},{"type":"Feature","id":"dha:DG-01","properties":{"id":"dha:DG-01","kind":"deer_hunt_area","code":"DG-01","name":"Devils Garden DG-01","region":"Eastern","acres":null,"herdRange":"Devils Garden"},"geometry":{"type":"Polygon","coordinates":[[[-120.86571079115791,43.87147083499289],[-120.86707456715632,43.85051753797057],[-120.85968254147735,43.84990534366556],[-120.82400823698492,43.800254653520625],[-120.78218062291633,43.77322175502567],[-120.73400099343466,43.70553832665071],[-120.73370864128323,43.688217648377005],[-120.72378863579065,43.68819361327662],[-120.71776480853241,43.676772430871445],[-120.70470609469008,43.635686584750545],[-120.70429690050649,43.60564193352363],[-120.67773701566169,43.57686282498087],[-120.68120586795074,43.5591397270315],[-120.66307837301505,43.54887373404971],[-120.66747955381389,43.52492650214656],[-120.66206692339932,43.518951927651145],[-120.66531599892245,43.48849084654477],[-120.6590124838689,43.477303956550216],[-120.65021217244725,43.47362292373805],[-120.64571099959143,43.46098833275643],[-120.6282416232578,43.45638739658456],[-120.63537959731188,43.44097433129497],[-120.59608755054877,43.4410280398646],[-120.5958292888235,43.35557304551183],[-120.60121110966452,43.35572580932542],[-120.60165324595394,43.339920803919554],[-120.62065385811165,43.33887140478726],[-120.62043724184727,43.324572032206746],[-120.63814574706542,43.31326013231494],[-120.64133470246044,43.23771450783174],[-120.33517424769322,43.237697906004655],[-120.31018412304834,43.21462120640068],[-120.23731905733615,43.17754901367021],[-120.10829811205302,43.2340483167004],[-120.00271695752015,43.18552761654287],[-119.95432217777307,43.15652991960149],[-119.91953570764025,43.186857745089995],[-119.89555827272024,43.19268986310374],[-119.8886400988458,43.21147745517728],[-119.9003247269401,43.22855285869412],[-119.88901630622127,43.244002468865325],[-119.71510498822384,43.322877896112],[-119.6773418482174,43.356180349481555],[-119.65349003015601,43.39387701357548],[-119.53696797174295,43.48190121224223],[-119.52795739197414,43.50917670638108],[-119.50476494472571,43.54214723160965],[-119.76714133904555,43.53733203167513],[-119.81558241580153,43.52328542159709],[-119.84878965111048,43.53623622166724],[-119.88743335582471,43.565845382922134],[-119.95355784817407,43.58069170690011],[-119.96839899754333,43.59082471995986],[-120.11960767741125,43.588257089293734],[-120.16768780220158,43.61392259085613],[-120.19457898863284,43.645656015585594],[-120.25590372782528,43.686242012448744],[-120.48782524832335,43.7819550935665],[-120.80597513638783,43.871151689082346],[-120.86571079115791,43.87147083499289]]]}},{"type":"Feature","id":"dha:DG-02","properties":{"id":"dha:DG-02","kind":"deer_hunt_area","code":"DG-02","name":"Devils Garden DG-02","region":"Eastern","acres":null,"herdRange":"Devils Garden"},"geometry":{"type":"Polygon","coordinates":[[[-121.84153734904277,43.4969145006664],[-121.81952066451373,43.47764233814149],[-121.78677264847404,43.46555207542935],[-121.69610510681181,43.46223719969226],[-121.68490784348931,43.484396773072326],[-121.66635293645815,43.50183323688607],[-121.63762470983971,43.50521155439227],[-121.59413891556291,43.484027353312705],[-121.58172192964977,43.47174605259459],[-121.55510006753876,43.469566492323864],[-121.51125650700075,43.45207751999574],[-121.45619109304226,43.444162431423614],[-121.42074481507552,43.450575533564106],[-121.36629897214618,43.44691125363641],[-121.36644217777902,43.45219476358874],[-121.31457319468643,43.43562066758087],[-121.29112527437348,43.43975211586975],[-121.25704187722694,43.42062568665117],[-121.21482938392654,43.38425311369863],[-121.20976560952522,43.36436172253212],[-121.17695144850904,43.352629732413426],[-121.13416325085934,43.362676857578826],[-121.09314378880696,43.35630686665517],[-120.93870220000238,43.3559980089819],[-120.93825064648482,43.26473546950232],[-120.91878373136052,43.26439217077812],[-120.91798181210903,43.250300034666544],[-120.89884476643022,43.249525296957785],[-120.89874602336212,43.235672129981154],[-120.64133470246044,43.23771450783174],[-120.63814574706542,43.31326013231494],[-120.62043724184727,43.324572032206746],[-120.62065385811165,43.33887140478726],[-120.60165324595394,43.339920803919554],[-120.60121110966452,43.35572580932542],[-120.5958292888235,43.35557304551183],[-120.59608755054877,43.4410280398646],[-120.63537959731188,43.44097433129497],[-120.6265352293811,43.45334690702381],[-120.64603277566768,43.46125652142379],[-120.66518190293108,43.48789186149211],[-120.66307837301505,43.54887373404971],[-120.68120586795074,43.5591397270315],[-120.67773701566169,43.57686282498087],[-120.70429690050649,43.60564193352363],[-120.70470609469008,43.635686584750545],[-120.72378863579065,43.68819361327662],[-120.73370864128323,43.688217648377005],[-120.73400099343466,43.70553832665071],[-120.78218062291633,43.77322175502567],[-120.82400823698492,43.800254653520625],[-120.85968254147735,43.84990534366556],[-120.86707456715632,43.85051753797057],[-120.86734499788378,43.87149029430022],[-120.8075884887993,43.87136261804322],[-120.73311894676516,43.850065435679845],[-120.73293644686015,43.88222603809086],[-120.74444807363648,43.917647759838935],[-120.74066283323346,43.923270052994965],[-120.75305576664432,43.92883884353816],[-120.7579822607358,43.94537934434057],[-120.74248541881111,43.96322903267541],[-120.7093015866873,43.98319783553511],[-120.71020196263294,44.001906442503135],[-120.6995017708888,44.01912577599501],[-120.70493058535902,44.0457010590559],[-120.71486909590183,44.05676257656073],[-120.73469943929503,44.06080983318304],[-120.76605559440468,44.054444939611294],[-120.7677175900746,44.04747046626488],[-120.77496267034171,44.0507131191764],[-120.7833874447676,44.069421006852636],[-120.78186371825574,44.105765735229696],[-120.79328650112667,44.11135097440161],[-120.78966258527024,44.11773374780925],[-120.81780964150032,44.13879273900371],[-120.8213116693124,44.13217009221442],[-120.83768558772672,44.130199867184785],[-120.82561779450998,44.148229282339265],[-120.83411911146224,44.15709388297595],[-120.83112822588824,44.165690068599815],[-120.84883228971437,44.180599572495446],[-120.86968003647236,44.185506970299436],[-120.87825859966783,44.19641122034751],[-120.87418219891505,44.20358076485863],[-120.87869097015573,44.21482106385023],[-120.86317156033029,44.229597934014336],[-120.85401508302844,44.267996960245654],[-120.84133206649065,44.27830905982773],[-120.84710268635082,44.302903601295476],[-120.87019898100968,44.299963347445825],[-120.94582038667144,44.24747812254164],[-121.04477509737,44.24769152505673],[-121.10551761651918,44.261972416830766],[-121.14794618426964,44.26214690528045],[-121.17073593737364,44.27259052840538],[-121.30334398154528,44.096655513646546],[-121.30262397794382,44.04246551265424],[-121.34534974825125,43.97703540817269],[-121.3518807334075,43.91160029150279],[-121.40325833975415,43.869698274376944],[-121.43396360997568,43.869285162045806],[-121.45537040513368,43.86142331013389],[-121.45767372393074,43.8471839087389],[-121.46633033587702,43.84470759613196],[-121.46079730224776,43.83752925296764],[-121.47510646053756,43.83318340646203],[-121.46992401272465,43.83268195400315],[-121.47541771275515,43.82812744388589],[-121.47213145040675,43.82337453852748],[-121.49928473110292,43.81714416500472],[-121.49214349059424,43.81307950916878],[-121.50490644718101,43.80100258141514],[-121.50115560395307,43.79254383023122],[-121.50743618511952,43.79483193825848],[-121.50302066830507,43.79119082094924],[-121.51991377528876,43.782920770806726],[-121.5124311892173,43.77630474582208],[-121.51676465111649,43.77194955861762],[-121.53049140551708,43.77586324289624],[-121.53210200525149,43.7698963858273],[-121.53916814838674,43.77328244536624],[-121.53819450025077,43.766193183212735],[-121.57914668813328,43.76598936091568],[-121.58141474614354,43.75455580592852],[-121.59062881167466,43.75873056050513],[-121.5862393647064,43.75263491794607],[-121.59311197899972,43.74671430046964],[-121.60951353353408,43.74741936393829],[-121.60698431342442,43.739447157163745],[-121.63262011778043,43.729330483025684],[-121.6266318989359,43.725603557230706],[-121.6322451929891,43.72635483207982],[-121.62976146636943,43.71969827654252],[-121.63553292684222,43.7161839825726],[-121.62957647211203,43.713573584596645],[-121.64010587939566,43.7127809518432],[-121.66180714750622,43.68657505574616],[-121.68216200736524,43.68917091831384],[-121.68997603721678,43.68421050235286],[-121.72055755648496,43.71299323712393],[-121.73212637520594,43.715086896079356],[-121.75587155713582,43.705279480399234],[-121.76865065110289,43.70996861819729],[-121.77418980844713,43.73039731347795],[-121.76142366583822,43.73533136016733],[-121.78164945200027,43.744636527236935],[-121.80276070806603,43.72371802494974],[-121.88840091112677,43.7382211139451],[-121.91813069499449,43.750580993620105],[-121.97491398884824,43.7483901958631],[-121.97964692965452,43.742756385359264],[-121.97548224819727,43.72772771646007],[-121.99073140138103,43.717248123688705],[-121.9969186045389,43.69536950124161],[-121.99757703557074,43.678952219759715],[-121.9873099435772,43.660952822801555],[-122.00510897796325,43.64771158486132],[-122.00497565407566,43.63378132674413],[-121.99948790961754,43.63190555986717],[-122.00456850973441,43.61321272008856],[-121.99770733628817,43.61151388341738],[-121.99615559773831,43.601253819544716],[-122.00115623024556,43.592460146374904],[-122.034176101337,43.59758031242022],[-121.97482129714281,43.57404158777894],[-121.95280309955061,43.55030773330932],[-121.9325567227369,43.50222251066632],[-121.90857904586193,43.48721053811018],[-121.85887476730413,43.499443065813864],[-121.84153734904277,43.4969145006664]]]}},{"type":"Feature","id":"dha:DG-04","properties":{"id":"dha:DG-04","kind":"deer_hunt_area","code":"DG-04","name":"Devils Garden DG-04","region":"Eastern","acres":null,"herdRange":"Devils Garden"},"geometry":{"type":"Polygon","coordinates":[[[-121.35703212299083,42.65723611637929],[-121.32490602357821,42.65688342122329],[-121.3046410016965,42.66988617535974],[-121.29121487065964,42.669092505380824],[-121.28443743852561,42.683012418967714],[-121.27008576158589,42.68732630915841],[-121.27272829791987,42.695921120131295],[-121.2485971618007,42.68193432477376],[-121.2382980446898,42.692344097031956],[-121.23013835090444,42.68808050018777],[-121.2196395491559,42.69305525602616],[-121.2171128777765,42.687414603810666],[-121.20019520955873,42.69208034924001],[-121.18710658688359,42.71674289227005],[-121.17321032424718,42.71522949016816],[-121.1599408416475,42.725043766221255],[-121.15706938591111,42.741981368962605],[-121.14681272883168,42.75366666558746],[-121.08651369003485,42.78960418057416],[-121.06993018447915,42.788551413773995],[-121.06222440809795,42.77963251092453],[-121.04327311609808,42.78314192962027],[-121.01399288976624,42.77583030401272],[-120.99966093727622,42.76131693951834],[-121.002787019483,42.74749034250899],[-120.99104228762634,42.72446580929033],[-120.97544263372292,42.7112911347356],[-120.9486469770584,42.70891849646449],[-120.93816084715787,42.69908540544553],[-120.92683972797388,42.69671976328892],[-120.88299484326137,42.714643754788234],[-120.84077932803784,42.70740275147047],[-120.82969927431353,42.693104666370616],[-120.804892070519,42.69494141901807],[-120.79607914115964,42.7015709576088],[-120.79556272508383,42.71292552675742],[-120.78725370830257,42.70115306426873],[-120.75741421659727,42.70131525562096],[-120.7585498364106,42.70937006871583],[-120.77460323083804,42.719908625262825],[-120.75502331282601,42.7207329236673],[-120.75693556750821,42.72942885984254],[-120.74649154318656,42.73125867484436],[-120.77597565572637,42.75951732324964],[-120.79176071062228,42.79673609297965],[-120.79809782757228,42.82441203636348],[-120.79259403806006,42.84029202709624],[-120.80685047688344,42.867378208012504],[-120.80666836797758,42.88484911620866],[-120.81524932493275,42.90384582002505],[-120.80864775062712,42.925178921173895],[-120.77781385367742,42.97323136992003],[-120.77322069496708,43.017287535690485],[-120.7814901638628,43.02965646300989],[-120.7915728673683,43.03034781049515],[-120.79672247918795,43.04669842582428],[-120.80944773336,43.04949934665364],[-120.85543532613787,43.109962011833396],[-120.90658762474969,43.13090632568267],[-121.0640510178223,43.12804063281599],[-121.07504640336148,43.13505065549586],[-121.13122362101711,43.13963955725169],[-121.15853675143842,43.125006175956806],[-121.1936032279049,43.127935954102234],[-121.23193267843966,43.11169376795035],[-121.39623376613926,43.10773661702639],[-121.4189053190007,43.090547528956655],[-121.43068255268079,43.068228382732514],[-121.48292421522655,43.06482953313425],[-121.49857335121153,43.02919426987329],[-121.51991675957136,43.007410671141635],[-121.56944322990854,42.9966424264041],[-121.57955576310707,42.970573853153915],[-121.57628808415824,42.939226620431285],[-121.58154077158198,42.91589250469214],[-121.59217842589007,42.90497864462388],[-121.63047227504322,42.88904860384593],[-121.62163976999317,42.875224302195925],[-121.62671450416858,42.84583856238542],[-121.61608851699155,42.82783104046497],[-121.61832278323865,42.82085649466832],[-121.65224224830396,42.814006755014944],[-121.66317815155492,42.79879449981102],[-121.69059245887395,42.80439252896763],[-121.72530118632527,42.777765346597064],[-121.69479715685667,42.75584823277735],[-121.6825875743659,42.72528293783665],[-121.68437209448514,42.704754195973315],[-121.64416177733983,42.67990349023381],[-121.62822179659517,42.64042302707949],[-121.6136272717903,42.642868766042476],[-121.6063623175695,42.65377149011737],[-121.58780404680951,42.648903164474056],[-121.58625772217631,42.65731741921012],[-121.55814802083663,42.68376742986677],[-121.51596230833516,42.71231894939474],[-121.41381829416338,42.726688093281005],[-121.40420329607815,42.68999311771961],[-121.3852495997387,42.66886206161646],[-121.3656766422714,42.65815200990148],[-121.36540425265098,42.6385613791025],[-121.35398024208634,42.64485928990856],[-121.35703212299083,42.65723611637929]]]}}]}