{"type":"FeatureCollection","features":[{"type":"Feature","id":"DB-ALE","properties":{"id":"DB-ALE","name":"Angelina Neches/Dam B WMA","category":"Alligator","species":"Alligator","color":"#1a6b5a","deadline":"2026-08-01","lon":-94.171238,"lat":30.853214},"geometry":{"type":"Point","coordinates":[-94.171238,30.853214]}},{"type":"Feature","id":"GU-ALE","properties":{"id":"GU-ALE","name":"Guadalupe Delta WMA","category":"Alligator","species":"Alligator","color":"#1a6b5a","deadline":"2026-08-01","lon":-96.800814,"lat":28.521216},"geometry":{"type":"Point","coordinates":[-96.800814,28.521216]}},{"type":"Feature","id":"MU-ALE","properties":{"id":"MU-ALE","name":"J.D. Murphree WMA","category":"Alligator","species":"Alligator","color":"#1a6b5a","deadline":"2026-08-01","lon":-94.04317,"lat":29.887472},"geometry":{"type":"Point","coordinates":[-94.04317,29.887472]}},{"type":"Feature","id":"MD-ALE","properties":{"id":"MD-ALE","name":"Mad Island WMA","category":"Alligator","species":"Alligator","color":"#1a6b5a","deadline":"2026-08-01","lon":-96.136664,"lat":28.660606},"geometry":{"type":"Point","coordinates":[-96.136664,28.660606]}},{"type":"Feature","id":"DB-ALM","properties":{"id":"DB-ALM","name":"Angelina Neches/Dam B WMA","category":"Alligator Management","species":"Alligator","color":"#1a6b5a","deadline":"2026-08-01","lon":-94.171238,"lat":30.853214},"geometry":{"type":"Point","coordinates":[-94.171238,30.853214]}},{"type":"Feature","id":"CC-EXO","properties":{"id":"CC-EXO","name":"Caprock Canyons SP","category":"Exotic","species":"Exotic mammals","color":"#7b2d8e","deadline":"2026-10-15","lon":-101.0532641,"lat":34.41029591},"geometry":{"type":"Point","coordinates":[-101.0532641,34.41029591]}},{"type":"Feature","id":"DM-EXO","properties":{"id":"DM-EXO","name":"Davis Mountains SP","category":"Exotic","species":"Exotic mammals","color":"#7b2d8e","deadline":"2026-10-15","lon":-103.9294505,"lat":30.59910269},"geometry":{"type":"Point","coordinates":[-103.9294505,30.59910269]}},{"type":"Feature","id":"DH-EXO","properties":{"id":"DH-EXO","name":"Devil's Sinkhole SNA","category":"Exotic","species":"Exotic mammals","color":"#7b2d8e","deadline":"2026-10-15","lon":-100.103,"lat":30.052},"geometry":{"type":"Point","coordinates":[-100.103,30.052]}},{"type":"Feature","id":"DR-EXO","properties":{"id":"DR-EXO","name":"Devils River SNA - Dan Allen Hughes","category":"Exotic","species":"Exotic mammals","color":"#7b2d8e","deadline":"2026-10-15","lon":-100.961,"lat":29.73},"geometry":{"type":"Point","coordinates":[-100.961,29.73]}},{"type":"Feature","id":"DS-EXO","properties":{"id":"DS-EXO","name":"Devils River SNA - Del Norte Unit","category":"Exotic","species":"Exotic mammals","color":"#7b2d8e","deadline":"2026-10-15","lon":-100.97,"lat":29.939},"geometry":{"type":"Point","coordinates":[-100.97,29.939]}},{"type":"Feature","id":"PD-EXO","properties":{"id":"PD-EXO","name":"Palo Duro Canyon SP","category":"Exotic","species":"Exotic mammals","color":"#7b2d8e","deadline":"2026-10-15","lon":-101.7018672,"lat":34.98470888},"geometry":{"type":"Point","coordinates":[-101.7018672,34.98470888]}},{"type":"Feature","id":"PH-EXO","properties":{"id":"PH-EXO","name":"Powderhorn State Park","category":"Exotic","species":"Exotic mammals","color":"#7b2d8e","deadline":"2026-10-15","lon":-96.535221,"lat":28.434172},"geometry":{"type":"Point","coordinates":[-96.535221,28.434172]}},{"type":"Feature","id":"PE-EXO","properties":{"id":"PE-EXO","name":"Powderhorn WMA","category":"Exotic","species":"Exotic mammals","color":"#7b2d8e","deadline":"2026-10-15","lon":-96.482,"lat":28.472},"geometry":{"type":"Point","coordinates":[-96.482,28.472]}},{"type":"Feature","id":"RF-EXO","properties":{"id":"RF-EXO","name":"Roger Fawcett WMA","category":"Exotic","species":"Exotic mammals","color":"#7b2d8e","deadline":"2026-10-15","lon":-98.16028,"lat":32.333674},"geometry":{"type":"Point","coordinates":[-98.16028,32.333674]}},{"type":"Feature","id":"SL-EXO","properties":{"id":"SL-EXO","name":"South Llano River SP","category":"Exotic","species":"Exotic mammals","color":"#7b2d8e","deadline":"2026-10-15","lon":-99.80410204,"lat":30.44539565},"geometry":{"type":"Point","coordinates":[-99.80410204,30.44539565]}},{"type":"Feature","id":"FB-GFH","properties":{"id":"FB-GFH","name":"Fort Boggy SP","category":"Feral Hog","species":"Feral hog","color":"#6b4f3a","deadline":"2026-11-01","lon":-95.97664648,"lat":31.1873723},"geometry":{"type":"Point","coordinates":[-95.97664648,31.1873723]}},{"type":"Feature","id":"GE-GFH","properties":{"id":"GE-GFH","name":"Gene Howe WMA","category":"Feral Hog","species":"Feral hog","color":"#6b4f3a","deadline":"2026-11-01","lon":-100.287538,"lat":35.911717},"geometry":{"type":"Point","coordinates":[-100.287538,35.911717]}},{"type":"Feature","id":"GU-GFH","properties":{"id":"GU-GFH","name":"Guadalupe Delta WMA","category":"Feral Hog","species":"Feral hog","color":"#6b4f3a","deadline":"2026-11-01","lon":-96.800814,"lat":28.521216},"geometry":{"type":"Point","coordinates":[-96.800814,28.521216]}},{"type":"Feature","id":"JH-GFH","properties":{"id":"JH-GFH","name":"Justin Hurst WMA","category":"Feral Hog","species":"Feral hog","color":"#6b4f3a","deadline":"2026-11-01","lon":-95.43425,"lat":28.926444},"geometry":{"type":"Point","coordinates":[-95.43425,28.926444]}},{"type":"Feature","id":"MD-GFH","properties":{"id":"MD-GFH","name":"Mad Island WMA","category":"Feral Hog","species":"Feral hog","color":"#6b4f3a","deadline":"2026-11-01","lon":-96.136664,"lat":28.660606},"geometry":{"type":"Point","coordinates":[-96.136664,28.660606]}},{"type":"Feature","id":"MA-GFH","properties":{"id":"MA-GFH","name":"Matador WMA","category":"Feral Hog","species":"Feral hog","color":"#6b4f3a","deadline":"2026-11-01","lon":-100.355111,"lat":34.117923},"geometry":{"type":"Point","coordinates":[-100.355111,34.117923]}},{"type":"Feature","id":"TE-GFH","properties":{"id":"TE-GFH","name":"Teacup Mountain WMA","category":"Feral Hog","species":"Feral hog","color":"#6b4f3a","deadline":"2026-11-01","lon":-99.832,"lat":34.092},"geometry":{"type":"Point","coordinates":[-99.832,34.092]}},{"type":"Feature","id":"AS-GDA","properties":{"id":"AS-GDA","name":"Atlanta SP","category":"Gun Deer Antlerless/Spike","species":"White-tailed deer","color":"#2f6b4f","deadline":"2026-09-15","lon":-94.24969304,"lat":33.23075099},"geometry":{"type":"Point","coordinates":[-94.24969304,33.23075099]}},{"type":"Feature","id":"BP-GDA","properties":{"id":"BP-GDA","name":"Bastrop SP","category":"Gun Deer Antlerless/Spike","species":"White-tailed deer","color":"#2f6b4f","deadline":"2026-09-15","lon":-97.28686419,"lat":30.11014906},"geometry":{"type":"Point","coordinates":[-97.28686419,30.11014906]}},{"type":"Feature","id":"BB-GDA","properties":{"id":"BB-GDA","name":"Brazos Bend SP","category":"Gun Deer Antlerless/Spike","species":"White-tailed deer","color":"#2f6b4f","deadline":"2026-09-15","lon":-95.63192112,"lat":29.371},"geometry":{"type":"Point","coordinates":[-95.63192112,29.371]}},{"type":"Feature","id":"CB-GDA","properties":{"id":"CB-GDA","name":"Colorado Bend SP","category":"Gun Deer Antlerless/Spike","species":"White-tailed deer","color":"#2f6b4f","deadline":"2026-09-15","lon":-98.466511,"lat":31.040554},"geometry":{"type":"Point","coordinates":[-98.466511,31.040554]}},{"type":"Feature","id":"CW-GDA","properties":{"id":"CW-GDA","name":"Cooper WMA","category":"Gun Deer Antlerless/Spike","species":"White-tailed deer","color":"#2f6b4f","deadline":"2026-09-15","lon":-95.603426,"lat":33.318546},"geometry":{"type":"Point","coordinates":[-95.603426,33.318546]}},{"type":"Feature","id":"CO-GDA","properties":{"id":"CO-GDA","name":"Copper Breaks SP","category":"Gun Deer Antlerless/Spike","species":"White-tailed deer","color":"#2f6b4f","deadline":"2026-09-15","lon":-99.74329561,"lat":34.1121755},"geometry":{"type":"Point","coordinates":[-99.74329561,34.1121755]}},{"type":"Feature","id":"DH-GDA","properties":{"id":"DH-GDA","name":"Devil's Sinkhole SNA","category":"Gun Deer Antlerless/Spike","species":"White-tailed deer","color":"#2f6b4f","deadline":"2026-09-15","lon":-100.103,"lat":30.052},"geometry":{"type":"Point","coordinates":[-100.103,30.052]}},{"type":"Feature","id":"DV-GDA","properties":{"id":"DV-GDA","name":"Dinosaur Valley SP","category":"Gun Deer Antlerless/Spike","species":"White-tailed deer","color":"#2f6b4f","deadline":"2026-09-15","lon":-97.813,"lat":32.246},"geometry":{"type":"Point","coordinates":[-97.813,32.246]}},{"type":"Feature","id":"ES-GDA","properties":{"id":"ES-GDA","name":"Enchanted Rock SNA","category":"Gun Deer Antlerless/Spike","species":"White-tailed deer","color":"#2f6b4f","deadline":"2026-09-15","lon":-98.81995159,"lat":30.49603295},"geometry":{"type":"Point","coordinates":[-98.81995159,30.49603295]}},{"type":"Feature","id":"GE-GDA","properties":{"id":"GE-GDA","name":"Gene Howe WMA","category":"Gun Deer Antlerless/Spike","species":"White-tailed deer","color":"#2f6b4f","deadline":"2026-09-15","lon":-100.287538,"lat":35.911717},"geometry":{"type":"Point","coordinates":[-100.287538,35.911717]}},{"type":"Feature","id":"EN-GDA","properties":{"id":"EN-GDA","name":"Gus Engeling WMA","category":"Gun Deer Antlerless/Spike","species":"White-tailed deer","color":"#2f6b4f","deadline":"2026-09-15","lon":-95.896421,"lat":31.912116},"geometry":{"type":"Point","coordinates":[-95.896421,31.912116]}},{"type":"Feature","id":"HS-GDA","properties":{"id":"HS-GDA","name":"Hill Country SNA","category":"Gun Deer Antlerless/Spike","species":"White-tailed deer","color":"#2f6b4f","deadline":"2026-09-15","lon":-99.188829,"lat":29.625719},"geometry":{"type":"Point","coordinates":[-99.188829,29.625719]}},{"type":"Feature","id":"IL-GDA","properties":{"id":"IL-GDA","name":"Inks Lake/Longhorn Caverns SP","category":"Gun Deer Antlerless/Spike","species":"White-tailed deer","color":"#2f6b4f","deadline":"2026-09-15","lon":-98.36900743,"lat":30.73735613},"geometry":{"type":"Point","coordinates":[-98.36900743,30.73735613]}},{"type":"Feature","id":"BW-GDA","properties":{"id":"BW-GDA","name":"Lake Brownwood SP","category":"Gun Deer Antlerless/Spike","species":"White-tailed deer","color":"#2f6b4f","deadline":"2026-09-15","lon":-99.02864112,"lat":31.85698692},"geometry":{"type":"Point","coordinates":[-99.02864112,31.85698692]}},{"type":"Feature","id":"BC-GDA","properties":{"id":"BC-GDA","name":"Lake Somerville SP - Birch Creek Unit","category":"Gun Deer Antlerless/Spike","species":"White-tailed deer","color":"#2f6b4f","deadline":"2026-09-15","lon":-96.63469219,"lat":30.30858212},"geometry":{"type":"Point","coordinates":[-96.63469219,30.30858212]}},{"type":"Feature","id":"SS-GDA","properties":{"id":"SS-GDA","name":"Lake Somerville SP - Nails Creek Unit","category":"Gun Deer Antlerless/Spike","species":"White-tailed deer","color":"#2f6b4f","deadline":"2026-09-15","lon":-96.66721902,"lat":30.29070985},"geometry":{"type":"Point","coordinates":[-96.66721902,30.29070985]}},{"type":"Feature","id":"LW-GDA","properties":{"id":"LW-GDA","name":"Lake Whitney SP","category":"Gun Deer Antlerless/Spike","species":"White-tailed deer","color":"#2f6b4f","deadline":"2026-09-15","lon":-97.35683263,"lat":31.9312336},"geometry":{"type":"Point","coordinates":[-97.35683263,31.9312336]}},{"type":"Feature","id":"LS-GDA","properties":{"id":"LS-GDA","name":"Lost Maples SNA","category":"Gun Deer Antlerless/Spike","species":"White-tailed deer","color":"#2f6b4f","deadline":"2026-09-15","lon":-99.571,"lat":29.807},"geometry":{"type":"Point","coordinates":[-99.571,29.807]}},{"type":"Feature","id":"SF-GDA","properties":{"id":"SF-GDA","name":"Nannie Stringfellow WMA","category":"Gun Deer Antlerless/Spike","species":"White-tailed deer","color":"#2f6b4f","deadline":"2026-09-15","lon":-95.618843,"lat":28.961646},"geometry":{"type":"Point","coordinates":[-95.618843,28.961646]}},{"type":"Feature","id":"PF-GDA","properties":{"id":"PF-GDA","name":"Pedernales Falls SP","category":"Gun Deer Antlerless/Spike","species":"White-tailed deer","color":"#2f6b4f","deadline":"2026-09-15","lon":-98.256785,"lat":30.278546},"geometry":{"type":"Point","coordinates":[-98.256785,30.278546]}},{"type":"Feature","id":"PI-GDA","properties":{"id":"PI-GDA","name":"Post Oak Ridge State Park","category":"Gun Deer Antlerless/Spike","species":"White-tailed deer","color":"#2f6b4f","deadline":"2026-09-15","lon":-98.424,"lat":31.023},"geometry":{"type":"Point","coordinates":[-98.424,31.023]}},{"type":"Feature","id":"RN-GDA","properties":{"id":"RN-GDA","name":"Richland Creek WMA - Carl Frentress Unit","category":"Gun Deer Antlerless/Spike","species":"White-tailed deer","color":"#2f6b4f","deadline":"2026-09-15","lon":-96.04,"lat":31.985},"geometry":{"type":"Point","coordinates":[-96.04,31.985]}},{"type":"Feature","id":"RS-GDA","properties":{"id":"RS-GDA","name":"Richland Creek WMA - South Unit","category":"Gun Deer Antlerless/Spike","species":"White-tailed deer","color":"#2f6b4f","deadline":"2026-09-15","lon":-96.18,"lat":31.91},"geometry":{"type":"Point","coordinates":[-96.18,31.91]}},{"type":"Feature","id":"SA-GDA","properties":{"id":"SA-GDA","name":"San Angelo SP","category":"Gun Deer Antlerless/Spike","species":"White-tailed deer","color":"#2f6b4f","deadline":"2026-09-15","lon":-100.5080376,"lat":31.463922},"geometry":{"type":"Point","coordinates":[-100.5080376,31.463922]}},{"type":"Feature","id":"SC-GDA","properties":{"id":"SC-GDA","name":"Seminole Canyon SP / HS","category":"Gun Deer Antlerless/Spike","species":"White-tailed deer","color":"#2f6b4f","deadline":"2026-09-15","lon":-101.216,"lat":29.698},"geometry":{"type":"Point","coordinates":[-101.216,29.698]}},{"type":"Feature","id":"SL-GDA","properties":{"id":"SL-GDA","name":"South Llano River SP","category":"Gun Deer Antlerless/Spike","species":"White-tailed deer","color":"#2f6b4f","deadline":"2026-09-15","lon":-99.80410204,"lat":30.44539565},"geometry":{"type":"Point","coordinates":[-99.80410204,30.44539565]}},{"type":"Feature","id":"TB-GDA","properties":{"id":"TB-GDA","name":"Trinity River WMA","category":"Gun Deer Antlerless/Spike","species":"White-tailed deer","color":"#2f6b4f","deadline":"2026-09-15","lon":-95.992,"lat":31.899},"geometry":{"type":"Point","coordinates":[-95.992,31.899]}},{"type":"Feature","id":"AE-GDE","properties":{"id":"AE-GDE","name":"Abilene SP","category":"Gun Deer Either Sex","species":"White-tailed deer","color":"#2f6b4f","deadline":"2026-09-15","lon":-99.87913879,"lat":32.24073051},"geometry":{"type":"Point","coordinates":[-99.87913879,32.24073051]}},{"type":"Feature","id":"AB-GDE","properties":{"id":"AB-GDE","name":"Alazan Bayou WMA","category":"Gun Deer Either Sex","species":"White-tailed deer","color":"#2f6b4f","deadline":"2026-09-15","lon":-94.759575,"lat":31.482413},"geometry":{"type":"Point","coordinates":[-94.759575,31.482413]}},{"type":"Feature","id":"AS-GDE","properties":{"id":"AS-GDE","name":"Atlanta SP","category":"Gun Deer Either Sex","species":"White-tailed deer","color":"#2f6b4f","deadline":"2026-09-15","lon":-94.24969304,"lat":33.23075099},"geometry":{"type":"Point","coordinates":[-94.24969304,33.23075099]}},{"type":"Feature","id":"BI-GDE","properties":{"id":"BI-GDE","name":"Bear Creek State Park","category":"Gun Deer Either Sex","species":"White-tailed deer","color":"#2f6b4f","deadline":"2026-09-15","lon":-99.68444,"lat":29.559655},"geometry":{"type":"Point","coordinates":[-99.68444,29.559655]}},{"type":"Feature","id":"BB-GDE","properties":{"id":"BB-GDE","name":"Brazos Bend SP","category":"Gun Deer Either Sex","species":"White-tailed deer","color":"#2f6b4f","deadline":"2026-09-15","lon":-95.63192112,"lat":29.371},"geometry":{"type":"Point","coordinates":[-95.63192112,29.371]}},{"type":"Feature","id":"CP-GDE","properties":{"id":"CP-GDE","name":"Chaparral WMA","category":"Gun Deer Either Sex","species":"White-tailed deer","color":"#2f6b4f","deadline":"2026-09-15","lon":-99.410934,"lat":28.298627},"geometry":{"type":"Point","coordinates":[-99.410934,28.298627]}},{"type":"Feature","id":"NS-GDE","properties":{"id":"NS-GDE","name":"Choke Canyon SP - North Shore Unit","category":"Gun Deer Either Sex","species":"White-tailed deer","color":"#2f6b4f","deadline":"2026-09-15","lon":-98.434099,"lat":28.53328},"geometry":{"type":"Point","coordinates":[-98.434099,28.53328]}},{"type":"Feature","id":"DV-GDE","properties":{"id":"DV-GDE","name":"Dinosaur Valley SP","category":"Gun Deer Either Sex","species":"White-tailed deer","color":"#2f6b4f","deadline":"2026-09-15","lon":-97.813,"lat":32.246},"geometry":{"type":"Point","coordinates":[-97.813,32.246]}},{"type":"Feature","id":"ES-GDE","properties":{"id":"ES-GDE","name":"Enchanted Rock SNA","category":"Gun Deer Either Sex","species":"White-tailed deer","color":"#2f6b4f","deadline":"2026-09-15","lon":-98.81995159,"lat":30.49603295},"geometry":{"type":"Point","coordinates":[-98.81995159,30.49603295]}},{"type":"Feature","id":"FB-GDE","properties":{"id":"FB-GDE","name":"Fort Boggy SP","category":"Gun Deer Either Sex","species":"White-tailed deer","color":"#2f6b4f","deadline":"2026-09-15","lon":-95.97664648,"lat":31.1873723},"geometry":{"type":"Point","coordinates":[-95.97664648,31.1873723]}},{"type":"Feature","id":"GE-GDE","properties":{"id":"GE-GDE","name":"Gene Howe WMA","category":"Gun Deer Either Sex","species":"White-tailed deer","color":"#2f6b4f","deadline":"2026-09-15","lon":-100.287538,"lat":35.911717},"geometry":{"type":"Point","coordinates":[-100.287538,35.911717]}},{"type":"Feature","id":"GC-GDE","properties":{"id":"GC-GDE","name":"Government Canyon SNA","category":"Gun Deer Either Sex","species":"White-tailed deer","color":"#2f6b4f","deadline":"2026-09-15","lon":-98.76471454,"lat":29.54931608},"geometry":{"type":"Point","coordinates":[-98.76471454,29.54931608]}},{"type":"Feature","id":"GS-GDE","properties":{"id":"GS-GDE","name":"Guadalupe River SP","category":"Gun Deer Either Sex","species":"White-tailed deer","color":"#2f6b4f","deadline":"2026-09-15","lon":-99.512,"lat":30.125},"geometry":{"type":"Point","coordinates":[-99.512,30.125]}},{"type":"Feature","id":"EN-GDE","properties":{"id":"EN-GDE","name":"Gus Engeling WMA","category":"Gun Deer Either Sex","species":"White-tailed deer","color":"#2f6b4f","deadline":"2026-09-15","lon":-95.896421,"lat":31.912116},"geometry":{"type":"Point","coordinates":[-95.896421,31.912116]}},{"type":"Feature","id":"HC-GDE","properties":{"id":"HC-GDE","name":"Honey Creek SNA","category":"Gun Deer Either Sex","species":"White-tailed deer","color":"#2f6b4f","deadline":"2026-09-15","lon":-98.494772,"lat":29.853927},"geometry":{"type":"Point","coordinates":[-98.494772,29.853927]}},{"type":"Feature","id":"HV-GDE","properties":{"id":"HV-GDE","name":"Huntsville SP","category":"Gun Deer Either Sex","species":"White-tailed deer","color":"#2f6b4f","deadline":"2026-09-15","lon":-95.585,"lat":30.619},"geometry":{"type":"Point","coordinates":[-95.585,30.619]}},{"type":"Feature","id":"IL-GDE","properties":{"id":"IL-GDE","name":"Inks Lake/Longhorn Caverns SP","category":"Gun Deer Either Sex","species":"White-tailed deer","color":"#2f6b4f","deadline":"2026-09-15","lon":-98.36900743,"lat":30.73735613},"geometry":{"type":"Point","coordinates":[-98.36900743,30.73735613]}},{"type":"Feature","id":"JD-GDE","properties":{"id":"JD-GDE","name":"James Daughtrey WMA","category":"Gun Deer Either Sex","species":"White-tailed deer","color":"#2f6b4f","deadline":"2026-09-15","lon":-98.433881,"lat":28.533179},"geometry":{"type":"Point","coordinates":[-98.433881,28.533179]}},{"type":"Feature","id":"KE-GDE","properties":{"id":"KE-GDE","name":"Kerr WMA","category":"Gun Deer Either Sex","species":"White-tailed deer","color":"#2f6b4f","deadline":"2026-09-15","lon":-99.504497,"lat":30.061431},"geometry":{"type":"Point","coordinates":[-99.504497,30.061431]}},{"type":"Feature","id":"MS-GDE","properties":{"id":"MS-GDE","name":"Lake Mineral Wells SP","category":"Gun Deer Either Sex","species":"White-tailed deer","color":"#2f6b4f","deadline":"2026-09-15","lon":-98.043368,"lat":32.81265499},"geometry":{"type":"Point","coordinates":[-98.043368,32.81265499]}},{"type":"Feature","id":"AC-GDE","properties":{"id":"AC-GDE","name":"Las Palomas WMA - Arroyo Colorado Unit","category":"Gun Deer Either Sex","species":"White-tailed deer","color":"#2f6b4f","deadline":"2026-09-15","lon":-97.517514,"lat":26.320087},"geometry":{"type":"Point","coordinates":[-97.517514,26.320087]}},{"type":"Feature","id":"MM-GDE","properties":{"id":"MM-GDE","name":"Mason Mountain WMA","category":"Gun Deer Either Sex","species":"White-tailed deer","color":"#2f6b4f","deadline":"2026-09-15","lon":-99.213,"lat":30.846},"geometry":{"type":"Point","coordinates":[-99.213,30.846]}},{"type":"Feature","id":"MA-GDE","properties":{"id":"MA-GDE","name":"Matador WMA","category":"Gun Deer Either Sex","species":"White-tailed deer","color":"#2f6b4f","deadline":"2026-09-15","lon":-100.355111,"lat":34.117923},"geometry":{"type":"Point","coordinates":[-100.355111,34.117923]}},{"type":"Feature","id":"MT-GDE","properties":{"id":"MT-GDE","name":"Matagorda Island WMA","category":"Gun Deer Either Sex","species":"White-tailed deer","color":"#2f6b4f","deadline":"2026-09-15","lon":-96.635578,"lat":28.233408},"geometry":{"type":"Point","coordinates":[-96.635578,28.233408]}},{"type":"Feature","id":"MW-GDE","properties":{"id":"MW-GDE","name":"Muse WMA","category":"Gun Deer Either Sex","species":"White-tailed deer","color":"#2f6b4f","deadline":"2026-09-15","lon":-98.831267,"lat":31.89577},"geometry":{"type":"Point","coordinates":[-98.831267,31.89577]}},{"type":"Feature","id":"OS-GDE","properties":{"id":"OS-GDE","name":"Old Sabine Bottom WMA","category":"Gun Deer Either Sex","species":"White-tailed deer","color":"#2f6b4f","deadline":"2026-09-15","lon":-95.332338,"lat":32.589033},"geometry":{"type":"Point","coordinates":[-95.332338,32.589033]}},{"type":"Feature","id":"PM-GDE","properties":{"id":"PM-GDE","name":"Pat Mayse WMA","category":"Gun Deer Either Sex","species":"White-tailed deer","color":"#2f6b4f","deadline":"2026-09-15","lon":-95.683597,"lat":33.812328},"geometry":{"type":"Point","coordinates":[-95.683597,33.812328]}},{"type":"Feature","id":"PA-GDE","properties":{"id":"PA-GDE","name":"Pedernales Falls SP Annex","category":"Gun Deer Either Sex","species":"White-tailed deer","color":"#2f6b4f","deadline":"2026-09-15","lon":-98.257334,"lat":30.279359},"geometry":{"type":"Point","coordinates":[-98.257334,30.279359]}},{"type":"Feature","id":"PI-GDE","properties":{"id":"PI-GDE","name":"Post Oak Ridge State Park","category":"Gun Deer Either Sex","species":"White-tailed deer","color":"#2f6b4f","deadline":"2026-09-15","lon":-98.424,"lat":31.023},"geometry":{"type":"Point","coordinates":[-98.424,31.023]}},{"type":"Feature","id":"PE-GDE","properties":{"id":"PE-GDE","name":"Powderhorn WMA","category":"Gun Deer Either Sex","species":"White-tailed deer","color":"#2f6b4f","deadline":"2026-09-15","lon":-96.482,"lat":28.472},"geometry":{"type":"Point","coordinates":[-96.482,28.472]}},{"type":"Feature","id":"RN-GDE","properties":{"id":"RN-GDE","name":"Richland Creek WMA - Carl Frentress Unit","category":"Gun Deer Either Sex","species":"White-tailed deer","color":"#2f6b4f","deadline":"2026-09-15","lon":-96.04,"lat":31.985},"geometry":{"type":"Point","coordinates":[-96.04,31.985]}},{"type":"Feature","id":"RS-GDE","properties":{"id":"RS-GDE","name":"Richland Creek WMA - South Unit","category":"Gun Deer Either Sex","species":"White-tailed deer","color":"#2f6b4f","deadline":"2026-09-15","lon":-96.18,"lat":31.91},"geometry":{"type":"Point","coordinates":[-96.18,31.91]}},{"type":"Feature","id":"RF-GDE","properties":{"id":"RF-GDE","name":"Roger Fawcett WMA","category":"Gun Deer Either Sex","species":"White-tailed deer","color":"#2f6b4f","deadline":"2026-09-15","lon":-98.16028,"lat":32.333674},"geometry":{"type":"Point","coordinates":[-98.16028,32.333674]}},{"type":"Feature","id":"SA-GDE","properties":{"id":"SA-GDE","name":"San Angelo SP","category":"Gun Deer Either Sex","species":"White-tailed deer","color":"#2f6b4f","deadline":"2026-09-15","lon":-100.5080376,"lat":31.463922},"geometry":{"type":"Point","coordinates":[-100.5080376,31.463922]}},{"type":"Feature","id":"SC-GDE","properties":{"id":"SC-GDE","name":"Seminole Canyon SP / HS","category":"Gun Deer Either Sex","species":"White-tailed deer","color":"#2f6b4f","deadline":"2026-09-15","lon":-101.216,"lat":29.698},"geometry":{"type":"Point","coordinates":[-101.216,29.698]}},{"type":"Feature","id":"SI-GDE","properties":{"id":"SI-GDE","name":"Silver Lake State Park","category":"Gun Deer Either Sex","species":"White-tailed deer","color":"#2f6b4f","deadline":"2026-09-15","lon":-100.266541,"lat":29.5477},"geometry":{"type":"Point","coordinates":[-100.266541,29.5477]}},{"type":"Feature","id":"TE-GDE","properties":{"id":"TE-GDE","name":"Teacup Mountain WMA","category":"Gun Deer Either Sex","species":"White-tailed deer","color":"#2f6b4f","deadline":"2026-09-15","lon":-99.832,"lat":34.092},"geometry":{"type":"Point","coordinates":[-99.832,34.092]}},{"type":"Feature","id":"VS-GDE","properties":{"id":"VS-GDE","name":"Village Creek SP","category":"Gun Deer Either Sex","species":"White-tailed deer","color":"#2f6b4f","deadline":"2026-09-15","lon":-94.178,"lat":30.25},"geometry":{"type":"Point","coordinates":[-94.178,30.25]}},{"type":"Feature","id":"WO-GDE","properties":{"id":"WO-GDE","name":"White Oak Creek WMA","category":"Gun Deer Either Sex","species":"White-tailed deer","color":"#2f6b4f","deadline":"2026-09-15","lon":-94.72017,"lat":33.22991},"geometry":{"type":"Point","coordinates":[-94.72017,33.22991]}},{"type":"Feature","id":"NS-GDM","properties":{"id":"NS-GDM","name":"Choke Canyon SP - North Shore Unit","category":"Gun Deer Management","species":"White-tailed deer","color":"#2f6b4f","deadline":"2026-09-15","lon":-98.434099,"lat":28.53328},"geometry":{"type":"Point","coordinates":[-98.434099,28.53328]}},{"type":"Feature","id":"SE-GDM","properties":{"id":"SE-GDM","name":"Choke Canyon SP - South Shore Unit","category":"Gun Deer Management","species":"White-tailed deer","color":"#2f6b4f","deadline":"2026-09-15","lon":-98.250405,"lat":28.468912},"geometry":{"type":"Point","coordinates":[-98.250405,28.468912]}},{"type":"Feature","id":"CL-GDM","properties":{"id":"CL-GDM","name":"Choke Canyon SP- Calliham Unit","category":"Gun Deer Management","species":"White-tailed deer","color":"#2f6b4f","deadline":"2026-09-15","lon":-98.351117,"lat":28.478876},"geometry":{"type":"Point","coordinates":[-98.351117,28.478876]}},{"type":"Feature","id":"DS-GDM","properties":{"id":"DS-GDM","name":"Devils River SNA - Del Norte Unit","category":"Gun Deer Management","species":"White-tailed deer","color":"#2f6b4f","deadline":"2026-09-15","lon":-100.97,"lat":29.939},"geometry":{"type":"Point","coordinates":[-100.97,29.939]}},{"type":"Feature","id":"EL-GDM","properties":{"id":"EL-GDM","name":"Elephant Mountain WMA","category":"Gun Deer Management","species":"White-tailed deer","color":"#2f6b4f","deadline":"2026-09-15","lon":-103.57233,"lat":30.036821},"geometry":{"type":"Point","coordinates":[-103.57233,30.036821]}},{"type":"Feature","id":"JD-GDM","properties":{"id":"JD-GDM","name":"James Daughtrey WMA","category":"Gun Deer Management","species":"White-tailed deer","color":"#2f6b4f","deadline":"2026-09-15","lon":-98.433881,"lat":28.533179},"geometry":{"type":"Point","coordinates":[-98.433881,28.533179]}},{"type":"Feature","id":"KE-GDM","properties":{"id":"KE-GDM","name":"Kerr WMA","category":"Gun Deer Management","species":"White-tailed deer","color":"#2f6b4f","deadline":"2026-09-15","lon":-99.504497,"lat":30.061431},"geometry":{"type":"Point","coordinates":[-99.504497,30.061431]}},{"type":"Feature","id":"MM-GDM","properties":{"id":"MM-GDM","name":"Mason Mountain WMA","category":"Gun Deer Management","species":"White-tailed deer","color":"#2f6b4f","deadline":"2026-09-15","lon":-99.213,"lat":30.846},"geometry":{"type":"Point","coordinates":[-99.213,30.846]}},{"type":"Feature","id":"ST-GDM","properties":{"id":"ST-GDM","name":"Stephen F. Austin SP","category":"Gun Deer Management","species":"White-tailed deer","color":"#2f6b4f","deadline":"2026-09-15","lon":-96.109,"lat":29.82},"geometry":{"type":"Point","coordinates":[-96.109,29.82]}},{"type":"Feature","id":"BS-GJE","properties":{"id":"BS-GJE","name":"Big Bend Ranch SP","category":"Javelina","species":"Javelina","color":"#c45c26","deadline":"2026-08-15","lon":-103.9579221,"lat":29.47045783},"geometry":{"type":"Point","coordinates":[-103.9579221,29.47045783]}},{"type":"Feature","id":"BG-GJE","properties":{"id":"BG-GJE","name":"Black Gap WMA","category":"Javelina","species":"Javelina","color":"#c45c26","deadline":"2026-08-15","lon":-102.948806,"lat":29.571185},"geometry":{"type":"Point","coordinates":[-102.948806,29.571185]}},{"type":"Feature","id":"CP-GJE","properties":{"id":"CP-GJE","name":"Chaparral WMA","category":"Javelina","species":"Javelina","color":"#c45c26","deadline":"2026-08-15","lon":-99.410934,"lat":28.298627},"geometry":{"type":"Point","coordinates":[-99.410934,28.298627]}},{"type":"Feature","id":"NS-GJE","properties":{"id":"NS-GJE","name":"Choke Canyon SP - North Shore Unit","category":"Javelina","species":"Javelina","color":"#c45c26","deadline":"2026-08-15","lon":-98.434099,"lat":28.53328},"geometry":{"type":"Point","coordinates":[-98.434099,28.53328]}},{"type":"Feature","id":"DM-GJE","properties":{"id":"DM-GJE","name":"Davis Mountains SP","category":"Javelina","species":"Javelina","color":"#c45c26","deadline":"2026-08-15","lon":-103.9294505,"lat":30.59910269},"geometry":{"type":"Point","coordinates":[-103.9294505,30.59910269]}},{"type":"Feature","id":"EL-GJE","properties":{"id":"EL-GJE","name":"Elephant Mountain WMA","category":"Javelina","species":"Javelina","color":"#c45c26","deadline":"2026-08-15","lon":-103.57233,"lat":30.036821},"geometry":{"type":"Point","coordinates":[-103.57233,30.036821]}},{"type":"Feature","id":"JD-GJE","properties":{"id":"JD-GJE","name":"James Daughtrey WMA","category":"Javelina","species":"Javelina","color":"#c45c26","deadline":"2026-08-15","lon":-98.433881,"lat":28.533179},"geometry":{"type":"Point","coordinates":[-98.433881,28.533179]}},{"type":"Feature","id":"LO-GJE","properties":{"id":"LO-GJE","name":"Las Palomas WMA - Longoria Unit","category":"Javelina","species":"Javelina","color":"#c45c26","deadline":"2026-08-15","lon":-97.823477,"lat":26.321339},"geometry":{"type":"Point","coordinates":[-97.823477,26.321339]}},{"type":"Feature","id":"SA-GJE","properties":{"id":"SA-GJE","name":"San Angelo SP","category":"Javelina","species":"Javelina","color":"#c45c26","deadline":"2026-08-15","lon":-100.5080376,"lat":31.463922},"geometry":{"type":"Point","coordinates":[-100.5080376,31.463922]}},{"type":"Feature","id":"SD-GJE","properties":{"id":"SD-GJE","name":"Sierra Diablo WMA","category":"Javelina","species":"Javelina","color":"#c45c26","deadline":"2026-08-15","lon":-105.004401,"lat":31.072369},"geometry":{"type":"Point","coordinates":[-105.004401,31.072369]}},{"type":"Feature","id":"BS-MDG","properties":{"id":"BS-MDG","name":"Big Bend Ranch SP","category":"Mule Deer","species":"Mule deer","color":"#8b5a2b","deadline":"2026-10-01","lon":-103.9579221,"lat":29.47045783},"geometry":{"type":"Point","coordinates":[-103.9579221,29.47045783]}},{"type":"Feature","id":"BG-MDG","properties":{"id":"BG-MDG","name":"Black Gap WMA","category":"Mule Deer","species":"Mule deer","color":"#8b5a2b","deadline":"2026-10-01","lon":-102.948806,"lat":29.571185},"geometry":{"type":"Point","coordinates":[-102.948806,29.571185]}},{"type":"Feature","id":"CC-MDG","properties":{"id":"CC-MDG","name":"Caprock Canyons SP","category":"Mule Deer","species":"Mule deer","color":"#8b5a2b","deadline":"2026-10-01","lon":-101.0532641,"lat":34.41029591},"geometry":{"type":"Point","coordinates":[-101.0532641,34.41029591]}},{"type":"Feature","id":"EL-MDG","properties":{"id":"EL-MDG","name":"Elephant Mountain WMA","category":"Mule Deer","species":"Mule deer","color":"#8b5a2b","deadline":"2026-10-01","lon":-103.57233,"lat":30.036821},"geometry":{"type":"Point","coordinates":[-103.57233,30.036821]}},{"type":"Feature","id":"GE-MDG","properties":{"id":"GE-MDG","name":"Gene Howe WMA","category":"Mule Deer","species":"Mule deer","color":"#8b5a2b","deadline":"2026-10-01","lon":-100.287538,"lat":35.911717},"geometry":{"type":"Point","coordinates":[-100.287538,35.911717]}},{"type":"Feature","id":"MA-MDG","properties":{"id":"MA-MDG","name":"Matador WMA","category":"Mule Deer","species":"Mule deer","color":"#8b5a2b","deadline":"2026-10-01","lon":-100.355111,"lat":34.117923},"geometry":{"type":"Point","coordinates":[-100.355111,34.117923]}},{"type":"Feature","id":"SD-MDG","properties":{"id":"SD-MDG","name":"Sierra Diablo WMA","category":"Mule Deer","species":"Mule deer","color":"#8b5a2b","deadline":"2026-10-01","lon":-105.004401,"lat":31.072369},"geometry":{"type":"Point","coordinates":[-105.004401,31.072369]}},{"type":"Feature","id":"YD-MDG","properties":{"id":"YD-MDG","name":"Yoakum Dunes WMA","category":"Mule Deer","species":"Mule deer","color":"#8b5a2b","deadline":"2026-10-01","lon":-102.59846,"lat":33.38385},"geometry":{"type":"Point","coordinates":[-102.59846,33.38385]}},{"type":"Feature","id":"RB-GAE","properties":{"id":"RB-GAE","name":"Rita Blanca National Grasslands","category":"Pronghorn","species":"Pronghorn","color":"#d4a017","deadline":"2026-08-15","lon":-102.797507,"lat":36.389782},"geometry":{"type":"Point","coordinates":[-102.797507,36.389782]}},{"type":"Feature","id":"GE-GTS","properties":{"id":"GE-GTS","name":"Gene Howe WMA","category":"Spring Turkey","species":"Turkey","color":"#b45309","deadline":"2026-11-01","lon":-100.287538,"lat":35.911717},"geometry":{"type":"Point","coordinates":[-100.287538,35.911717]}},{"type":"Feature","id":"JD-GTS","properties":{"id":"JD-GTS","name":"James Daughtrey WMA","category":"Spring Turkey","species":"Turkey","color":"#b45309","deadline":"2026-11-01","lon":-98.433881,"lat":28.533179},"geometry":{"type":"Point","coordinates":[-98.433881,28.533179]}},{"type":"Feature","id":"KE-GTS","properties":{"id":"KE-GTS","name":"Kerr WMA","category":"Spring Turkey","species":"Turkey","color":"#b45309","deadline":"2026-11-01","lon":-99.504497,"lat":30.061431},"geometry":{"type":"Point","coordinates":[-99.504497,30.061431]}},{"type":"Feature","id":"MM-GTS","properties":{"id":"MM-GTS","name":"Mason Mountain WMA","category":"Spring Turkey","species":"Turkey","color":"#b45309","deadline":"2026-11-01","lon":-99.213,"lat":30.846},"geometry":{"type":"Point","coordinates":[-99.213,30.846]}},{"type":"Feature","id":"MA-GTS","properties":{"id":"MA-GTS","name":"Matador WMA","category":"Spring Turkey","species":"Turkey","color":"#b45309","deadline":"2026-11-01","lon":-100.355111,"lat":34.117923},"geometry":{"type":"Point","coordinates":[-100.355111,34.117923]}},{"type":"Feature","id":"MW-GTS","properties":{"id":"MW-GTS","name":"Muse WMA","category":"Spring Turkey","species":"Turkey","color":"#b45309","deadline":"2026-11-01","lon":-98.831267,"lat":31.89577},"geometry":{"type":"Point","coordinates":[-98.831267,31.89577]}},{"type":"Feature","id":"RF-GTS","properties":{"id":"RF-GTS","name":"Roger Fawcett WMA","category":"Spring Turkey","species":"Turkey","color":"#b45309","deadline":"2026-11-01","lon":-98.16028,"lat":32.333674},"geometry":{"type":"Point","coordinates":[-98.16028,32.333674]}},{"type":"Feature","id":"AE-ADE","properties":{"id":"AE-ADE","name":"Abilene SP","category":"Deer","species":"White-tailed deer","color":"#2f6b4f","deadline":"2026-08-15","lon":-99.87913879,"lat":32.24073051},"geometry":{"type":"Point","coordinates":[-99.87913879,32.24073051]}},{"type":"Feature","id":"CP-ADE","properties":{"id":"CP-ADE","name":"Chaparral WMA","category":"Deer","species":"White-tailed deer","color":"#2f6b4f","deadline":"2026-08-15","lon":-99.410934,"lat":28.298627},"geometry":{"type":"Point","coordinates":[-99.410934,28.298627]}},{"type":"Feature","id":"NS-ADE","properties":{"id":"NS-ADE","name":"Choke Canyon SP - North Shore Unit","category":"Deer","species":"White-tailed deer","color":"#2f6b4f","deadline":"2026-08-15","lon":-98.434099,"lat":28.53328},"geometry":{"type":"Point","coordinates":[-98.434099,28.53328]}},{"type":"Feature","id":"CB-ADE","properties":{"id":"CB-ADE","name":"Colorado Bend SP","category":"Deer","species":"White-tailed deer","color":"#2f6b4f","deadline":"2026-08-15","lon":-98.466511,"lat":31.040554},"geometry":{"type":"Point","coordinates":[-98.466511,31.040554]}},{"type":"Feature","id":"CO-ADE","properties":{"id":"CO-ADE","name":"Copper Breaks SP","category":"Deer","species":"White-tailed deer","color":"#2f6b4f","deadline":"2026-08-15","lon":-99.74329561,"lat":34.1121755},"geometry":{"type":"Point","coordinates":[-99.74329561,34.1121755]}},{"type":"Feature","id":"ES-ADE","properties":{"id":"ES-ADE","name":"Enchanted Rock SNA","category":"Deer","species":"White-tailed deer","color":"#2f6b4f","deadline":"2026-08-15","lon":-98.81995159,"lat":30.49603295},"geometry":{"type":"Point","coordinates":[-98.81995159,30.49603295]}},{"type":"Feature","id":"FB-ADE","properties":{"id":"FB-ADE","name":"Fort Boggy SP","category":"Deer","species":"White-tailed deer","color":"#2f6b4f","deadline":"2026-08-15","lon":-95.97664648,"lat":31.1873723},"geometry":{"type":"Point","coordinates":[-95.97664648,31.1873723]}},{"type":"Feature","id":"GN-ADE","properties":{"id":"GN-ADE","name":"Garner SP","category":"Deer","species":"White-tailed deer","color":"#2f6b4f","deadline":"2026-08-15","lon":-99.74398122,"lat":29.59888682},"geometry":{"type":"Point","coordinates":[-99.74398122,29.59888682]}},{"type":"Feature","id":"GE-ADE","properties":{"id":"GE-ADE","name":"Gene Howe WMA","category":"Deer","species":"White-tailed deer","color":"#2f6b4f","deadline":"2026-08-15","lon":-100.287538,"lat":35.911717},"geometry":{"type":"Point","coordinates":[-100.287538,35.911717]}},{"type":"Feature","id":"GC-ADE","properties":{"id":"GC-ADE","name":"Government Canyon SNA","category":"Deer","species":"White-tailed deer","color":"#2f6b4f","deadline":"2026-08-15","lon":-98.76471454,"lat":29.54931608},"geometry":{"type":"Point","coordinates":[-98.76471454,29.54931608]}},{"type":"Feature","id":"EN-ADE","properties":{"id":"EN-ADE","name":"Gus Engeling WMA","category":"Deer","species":"White-tailed deer","color":"#2f6b4f","deadline":"2026-08-15","lon":-95.896421,"lat":31.912116},"geometry":{"type":"Point","coordinates":[-95.896421,31.912116]}},{"type":"Feature","id":"JD-ADE","properties":{"id":"JD-ADE","name":"James Daughtrey WMA","category":"Deer","species":"White-tailed deer","color":"#2f6b4f","deadline":"2026-08-15","lon":-98.433881,"lat":28.533179},"geometry":{"type":"Point","coordinates":[-98.433881,28.533179]}},{"type":"Feature","id":"BW-ADE","properties":{"id":"BW-ADE","name":"Lake Brownwood SP","category":"Deer","species":"White-tailed deer","color":"#2f6b4f","deadline":"2026-08-15","lon":-99.02864112,"lat":31.85698692},"geometry":{"type":"Point","coordinates":[-99.02864112,31.85698692]}},{"type":"Feature","id":"MS-ADE","properties":{"id":"MS-ADE","name":"Lake Mineral Wells SP","category":"Deer","species":"White-tailed deer","color":"#2f6b4f","deadline":"2026-08-15","lon":-98.043368,"lat":32.81265499},"geometry":{"type":"Point","coordinates":[-98.043368,32.81265499]}},{"type":"Feature","id":"AC-ADE","properties":{"id":"AC-ADE","name":"Las Palomas WMA - Arroyo Colorado Unit","category":"Deer","species":"White-tailed deer","color":"#2f6b4f","deadline":"2026-08-15","lon":-97.517514,"lat":26.320087},"geometry":{"type":"Point","coordinates":[-97.517514,26.320087]}},{"type":"Feature","id":"MA-ADE","properties":{"id":"MA-ADE","name":"Matador WMA","category":"Deer","species":"White-tailed deer","color":"#2f6b4f","deadline":"2026-08-15","lon":-100.355111,"lat":34.117923},"geometry":{"type":"Point","coordinates":[-100.355111,34.117923]}},{"type":"Feature","id":"MW-ADE","properties":{"id":"MW-ADE","name":"Muse WMA","category":"Deer","species":"White-tailed deer","color":"#2f6b4f","deadline":"2026-08-15","lon":-98.831267,"lat":31.89577},"geometry":{"type":"Point","coordinates":[-98.831267,31.89577]}},{"type":"Feature","id":"SF-ADE","properties":{"id":"SF-ADE","name":"Nannie Stringfellow WMA","category":"Deer","species":"White-tailed deer","color":"#2f6b4f","deadline":"2026-08-15","lon":-95.618843,"lat":28.961646},"geometry":{"type":"Point","coordinates":[-95.618843,28.961646]}},{"type":"Feature","id":"PD-ADE","properties":{"id":"PD-ADE","name":"Palo Duro Canyon SP","category":"Deer","species":"White-tailed deer","color":"#2f6b4f","deadline":"2026-08-15","lon":-101.7018672,"lat":34.98470888},"geometry":{"type":"Point","coordinates":[-101.7018672,34.98470888]}},{"type":"Feature","id":"PI-ADE","properties":{"id":"PI-ADE","name":"Post Oak Ridge State Park","category":"Deer","species":"White-tailed deer","color":"#2f6b4f","deadline":"2026-08-15","lon":-98.424,"lat":31.023},"geometry":{"type":"Point","coordinates":[-98.424,31.023]}},{"type":"Feature","id":"ZF-ADE","properties":{"id":"ZF-ADE","name":"Potter County - Cross Bar Mgt. Area","category":"Deer","species":"White-tailed deer","color":"#2f6b4f","deadline":"2026-08-15","lon":-101.87655,"lat":35.40539},"geometry":{"type":"Point","coordinates":[-101.87655,35.40539]}},{"type":"Feature","id":"RN-ADE","properties":{"id":"RN-ADE","name":"Richland Creek WMA - Carl Frentress Unit","category":"Deer","species":"White-tailed deer","color":"#2f6b4f","deadline":"2026-08-15","lon":-96.04,"lat":31.985},"geometry":{"type":"Point","coordinates":[-96.04,31.985]}},{"type":"Feature","id":"RF-ADE","properties":{"id":"RF-ADE","name":"Roger Fawcett WMA","category":"Deer","species":"White-tailed deer","color":"#2f6b4f","deadline":"2026-08-15","lon":-98.16028,"lat":32.333674},"geometry":{"type":"Point","coordinates":[-98.16028,32.333674]}},{"type":"Feature","id":"BS-AMD","properties":{"id":"BS-AMD","name":"Big Bend Ranch SP","category":"Mule Deer","species":"Mule deer","color":"#8b5a2b","deadline":"2026-08-15","lon":-103.9579221,"lat":29.47045783},"geometry":{"type":"Point","coordinates":[-103.9579221,29.47045783]}},{"type":"Feature","id":"BG-AMD","properties":{"id":"BG-AMD","name":"Black Gap WMA","category":"Mule Deer","species":"Mule deer","color":"#8b5a2b","deadline":"2026-08-15","lon":-102.948806,"lat":29.571185},"geometry":{"type":"Point","coordinates":[-102.948806,29.571185]}},{"type":"Feature","id":"EL-AMD","properties":{"id":"EL-AMD","name":"Elephant Mountain WMA","category":"Mule Deer","species":"Mule deer","color":"#8b5a2b","deadline":"2026-08-15","lon":-103.57233,"lat":30.036821},"geometry":{"type":"Point","coordinates":[-103.57233,30.036821]}},{"type":"Feature","id":"MA-AMD","properties":{"id":"MA-AMD","name":"Matador WMA","category":"Mule Deer","species":"Mule deer","color":"#8b5a2b","deadline":"2026-08-15","lon":-100.355111,"lat":34.117923},"geometry":{"type":"Point","coordinates":[-100.355111,34.117923]}},{"type":"Feature","id":"ZF-AMD","properties":{"id":"ZF-AMD","name":"Potter County - Cross Bar Mgt. Area","category":"Mule Deer","species":"Mule deer","color":"#8b5a2b","deadline":"2026-08-15","lon":-101.87655,"lat":35.40539},"geometry":{"type":"Point","coordinates":[-101.87655,35.40539]}},{"type":"Feature","id":"ZN-PLA","properties":{"id":"ZN-PLA","name":"Bandera County - The Nature Conservancy","category":"Deer Antlerless/Spike","species":"White-tailed deer","color":"#2f6b4f","deadline":"2026-09-01","lon":-99.164281,"lat":29.442549},"geometry":{"type":"Point","coordinates":[-99.164281,29.442549]}},{"type":"Feature","id":"ZS-PLA","properties":{"id":"ZS-PLA","name":"Comal County Ranch - The Nature Conservancy","category":"Deer Antlerless/Spike","species":"White-tailed deer","color":"#2f6b4f","deadline":"2026-09-01","lon":-98.494,"lat":29.856},"geometry":{"type":"Point","coordinates":[-98.494,29.856]}},{"type":"Feature","id":"ZZ-PLA","properties":{"id":"ZZ-PLA","name":"DeWitt County Ranch","category":"Deer Antlerless/Spike","species":"White-tailed deer","color":"#2f6b4f","deadline":"2026-09-01","lon":-97.21,"lat":29.239},"geometry":{"type":"Point","coordinates":[-97.21,29.239]}},{"type":"Feature","id":"XK-PLA","properties":{"id":"XK-PLA","name":"Travis County Ranch","category":"Deer Antlerless/Spike","species":"White-tailed deer","color":"#2f6b4f","deadline":"2026-09-01","lon":-97.790338,"lat":30.355411},"geometry":{"type":"Point","coordinates":[-97.790338,30.355411]}},{"type":"Feature","id":"ZN-PLE","properties":{"id":"ZN-PLE","name":"Bandera County - The Nature Conservancy","category":"Deer Either Sex","species":"White-tailed deer","color":"#2f6b4f","deadline":"2026-09-01","lon":-99.164281,"lat":29.442549},"geometry":{"type":"Point","coordinates":[-99.164281,29.442549]}},{"type":"Feature","id":"ZS-PLE","properties":{"id":"ZS-PLE","name":"Comal County Ranch - The Nature Conservancy","category":"Deer Either Sex","species":"White-tailed deer","color":"#2f6b4f","deadline":"2026-09-01","lon":-98.494,"lat":29.856},"geometry":{"type":"Point","coordinates":[-98.494,29.856]}},{"type":"Feature","id":"ZZ-PLE","properties":{"id":"ZZ-PLE","name":"DeWitt County Ranch","category":"Deer Either Sex","species":"White-tailed deer","color":"#2f6b4f","deadline":"2026-09-01","lon":-97.21,"lat":29.239},"geometry":{"type":"Point","coordinates":[-97.21,29.239]}},{"type":"Feature","id":"ZW-PLE","properties":{"id":"ZW-PLE","name":"La Salle County Ranch","category":"Deer Either Sex","species":"White-tailed deer","color":"#2f6b4f","deadline":"2026-09-01","lon":-99.11,"lat":28.31},"geometry":{"type":"Point","coordinates":[-99.11,28.31]}},{"type":"Feature","id":"XV-PLE","properties":{"id":"XV-PLE","name":"Lipscomb County Ranch","category":"Deer Either Sex","species":"White-tailed deer","color":"#2f6b4f","deadline":"2026-09-01","lon":-100.266003,"lat":36.277043},"geometry":{"type":"Point","coordinates":[-100.266003,36.277043]}},{"type":"Feature","id":"XZ-PLE","properties":{"id":"XZ-PLE","name":"Pecos County Ranch","category":"Deer Either Sex","species":"White-tailed deer","color":"#2f6b4f","deadline":"2026-09-01","lon":-102.720901,"lat":30.840159},"geometry":{"type":"Point","coordinates":[-102.720901,30.840159]}},{"type":"Feature","id":"XK-PLE","properties":{"id":"XK-PLE","name":"Travis County Ranch","category":"Deer Either Sex","species":"White-tailed deer","color":"#2f6b4f","deadline":"2026-09-01","lon":-97.790338,"lat":30.355411},"geometry":{"type":"Point","coordinates":[-97.790338,30.355411]}},{"type":"Feature","id":"ZU-PLD","properties":{"id":"ZU-PLD","name":"Uvalde County - Mark Roberts Dove Hunts","category":"Dove","species":"Dove","color":"#5b7c99","deadline":"2026-08-01","lon":-99.8130279,"lat":29.2114412},"geometry":{"type":"Point","coordinates":[-99.8130279,29.2114412]}},{"type":"Feature","id":"ZH-PLD","properties":{"id":"ZH-PLD","name":"Wharton County - Waterfowl Specialties","category":"Dove","species":"Dove","color":"#5b7c99","deadline":"2026-08-01","lon":-96.296216,"lat":29.229188},"geometry":{"type":"Point","coordinates":[-96.296216,29.229188]}},{"type":"Feature","id":"ZY-PLD","properties":{"id":"ZY-PLD","name":"Young County - Wingsport Depot","category":"Dove","species":"Dove","color":"#5b7c99","deadline":"2026-08-01","lon":-98.681916,"lat":33.159875},"geometry":{"type":"Point","coordinates":[-98.681916,33.159875]}},{"type":"Feature","id":"XH-PLD","properties":{"id":"XH-PLD","name":"Zavala County Ranch","category":"Dove","species":"Dove","color":"#5b7c99","deadline":"2026-08-01","lon":-99.748525,"lat":28.82476},"geometry":{"type":"Point","coordinates":[-99.748525,28.82476]}},{"type":"Feature","id":"ZO-PLF","properties":{"id":"ZO-PLF","name":"Ellis County-Three Curl Outfitters","category":"Feral Hog","species":"Feral hog","color":"#6b4f3a","deadline":"2026-11-01","lon":-96.642,"lat":32.21},"geometry":{"type":"Point","coordinates":[-96.642,32.21]}},{"type":"Feature","id":"ZT-PLF","properties":{"id":"ZT-PLF","name":"South Texas - Texas Wild","category":"Feral Hog","species":"Feral hog","color":"#6b4f3a","deadline":"2026-11-01","lon":-98.479181,"lat":28.966621},"geometry":{"type":"Point","coordinates":[-98.479181,28.966621]}},{"type":"Feature","id":"CI-PLP","properties":{"id":"CI-PLP","name":"Canadian River Complex","category":"Pronghorn","species":"Pronghorn","color":"#d4a017","deadline":"2026-08-15","lon":-101.481,"lat":35.75},"geometry":{"type":"Point","coordinates":[-101.481,35.75]}},{"type":"Feature","id":"ZI-PLP","properties":{"id":"ZI-PLP","name":"Lipscomb and Hemphill County Ranch","category":"Pronghorn","species":"Pronghorn","color":"#d4a017","deadline":"2026-08-15","lon":-100.270871,"lat":35.835251},"geometry":{"type":"Point","coordinates":[-100.270871,35.835251]}},{"type":"Feature","id":"XV-PLP","properties":{"id":"XV-PLP","name":"Lipscomb County Ranch","category":"Pronghorn","species":"Pronghorn","color":"#d4a017","deadline":"2026-08-15","lon":-100.266003,"lat":36.277043},"geometry":{"type":"Point","coordinates":[-100.266003,36.277043]}},{"type":"Feature","id":"XV-PLQ","properties":{"id":"XV-PLQ","name":"Lipscomb County Ranch","category":"Quail","species":"Quail","color":"#4f7c4a","deadline":"2026-10-15","lon":-100.266003,"lat":36.277043},"geometry":{"type":"Point","coordinates":[-100.266003,36.277043]}},{"type":"Feature","id":"DB-YAL","properties":{"id":"DB-YAL","name":"Angelina Neches/Dam B WMA","category":"Alligator","species":"Alligator","color":"#1a6b5a","deadline":"2026-08-01","lon":-94.171238,"lat":30.853214},"geometry":{"type":"Point","coordinates":[-94.171238,30.853214]}},{"type":"Feature","id":"CG-YAL","properties":{"id":"CG-YAL","name":"City of Lufkin - Lake Kurth","category":"Alligator","species":"Alligator","color":"#1a6b5a","deadline":"2026-08-01","lon":-94.413,"lat":31.264},"geometry":{"type":"Point","coordinates":[-94.413,31.264]}},{"type":"Feature","id":"MU-YAL","properties":{"id":"MU-YAL","name":"J.D. Murphree WMA","category":"Alligator","species":"Alligator","color":"#1a6b5a","deadline":"2026-08-01","lon":-94.04317,"lat":29.887472},"geometry":{"type":"Point","coordinates":[-94.04317,29.887472]}},{"type":"Feature","id":"DH-YEX","properties":{"id":"DH-YEX","name":"Devil's Sinkhole SNA","category":"Exotic","species":"Exotic mammals","color":"#7b2d8e","deadline":"2026-11-01","lon":-100.103,"lat":30.052},"geometry":{"type":"Point","coordinates":[-100.103,30.052]}},{"type":"Feature","id":"DR-YEX","properties":{"id":"DR-YEX","name":"Devils River SNA - Dan Allen Hughes","category":"Exotic","species":"Exotic mammals","color":"#7b2d8e","deadline":"2026-11-01","lon":-100.961,"lat":29.73},"geometry":{"type":"Point","coordinates":[-100.961,29.73]}},{"type":"Feature","id":"DS-YEX","properties":{"id":"DS-YEX","name":"Devils River SNA - Del Norte Unit","category":"Exotic","species":"Exotic mammals","color":"#7b2d8e","deadline":"2026-11-01","lon":-100.97,"lat":29.939},"geometry":{"type":"Point","coordinates":[-100.97,29.939]}},{"type":"Feature","id":"JH-YFH","properties":{"id":"JH-YFH","name":"Justin Hurst WMA","category":"Feral Hog","species":"Feral hog","color":"#6b4f3a","deadline":"2026-11-01","lon":-95.43425,"lat":28.926444},"geometry":{"type":"Point","coordinates":[-95.43425,28.926444]}},{"type":"Feature","id":"MA-YFH","properties":{"id":"MA-YFH","name":"Matador WMA","category":"Feral Hog","species":"Feral hog","color":"#6b4f3a","deadline":"2026-11-01","lon":-100.355111,"lat":34.117923},"geometry":{"type":"Point","coordinates":[-100.355111,34.117923]}},{"type":"Feature","id":"TE-YFH","properties":{"id":"TE-YFH","name":"Teacup Mountain WMA","category":"Feral Hog","species":"Feral hog","color":"#6b4f3a","deadline":"2026-11-01","lon":-99.832,"lat":34.092},"geometry":{"type":"Point","coordinates":[-99.832,34.092]}},{"type":"Feature","id":"BB-YDA","properties":{"id":"BB-YDA","name":"Brazos Bend SP","category":"Gun Deer Antlerless/Spike","species":"White-tailed deer","color":"#2f6b4f","deadline":"2026-09-15","lon":-95.63192112,"lat":29.371},"geometry":{"type":"Point","coordinates":[-95.63192112,29.371]}},{"type":"Feature","id":"CP-YDA","properties":{"id":"CP-YDA","name":"Chaparral WMA","category":"Gun Deer Antlerless/Spike","species":"White-tailed deer","color":"#2f6b4f","deadline":"2026-09-15","lon":-99.410934,"lat":28.298627},"geometry":{"type":"Point","coordinates":[-99.410934,28.298627]}},{"type":"Feature","id":"NS-YDA","properties":{"id":"NS-YDA","name":"Choke Canyon SP - North Shore Unit","category":"Gun Deer Antlerless/Spike","species":"White-tailed deer","color":"#2f6b4f","deadline":"2026-09-15","lon":-98.434099,"lat":28.53328},"geometry":{"type":"Point","coordinates":[-98.434099,28.53328]}},{"type":"Feature","id":"CU-YDA","properties":{"id":"CU-YDA","name":"Cooper Lake State Park","category":"Gun Deer Antlerless/Spike","species":"White-tailed deer","color":"#2f6b4f","deadline":"2026-09-15","lon":-95.65792,"lat":33.28773},"geometry":{"type":"Point","coordinates":[-95.65792,33.28773]}},{"type":"Feature","id":"GE-YDA","properties":{"id":"GE-YDA","name":"Gene Howe WMA","category":"Gun Deer Antlerless/Spike","species":"White-tailed deer","color":"#2f6b4f","deadline":"2026-09-15","lon":-100.287538,"lat":35.911717},"geometry":{"type":"Point","coordinates":[-100.287538,35.911717]}},{"type":"Feature","id":"GR-YDA","properties":{"id":"GR-YDA","name":"Granger PHL","category":"Gun Deer Antlerless/Spike","species":"White-tailed deer","color":"#2f6b4f","deadline":"2026-09-15","lon":-97.384662,"lat":30.695406},"geometry":{"type":"Point","coordinates":[-97.384662,30.695406]}},{"type":"Feature","id":"EN-YDA","properties":{"id":"EN-YDA","name":"Gus Engeling WMA","category":"Gun Deer Antlerless/Spike","species":"White-tailed deer","color":"#2f6b4f","deadline":"2026-09-15","lon":-95.896421,"lat":31.912116},"geometry":{"type":"Point","coordinates":[-95.896421,31.912116]}},{"type":"Feature","id":"JD-YDA","properties":{"id":"JD-YDA","name":"James Daughtrey WMA","category":"Gun Deer Antlerless/Spike","species":"White-tailed deer","color":"#2f6b4f","deadline":"2026-09-15","lon":-98.433881,"lat":28.533179},"geometry":{"type":"Point","coordinates":[-98.433881,28.533179]}},{"type":"Feature","id":"JH-YDA","properties":{"id":"JH-YDA","name":"Justin Hurst WMA","category":"Gun Deer Antlerless/Spike","species":"White-tailed deer","color":"#2f6b4f","deadline":"2026-09-15","lon":-95.43425,"lat":28.926444},"geometry":{"type":"Point","coordinates":[-95.43425,28.926444]}},{"type":"Feature","id":"LM-YDA","properties":{"id":"LM-YDA","name":"Lake McClellan Recreation Area","category":"Gun Deer Antlerless/Spike","species":"White-tailed deer","color":"#2f6b4f","deadline":"2026-09-15","lon":-100.8723029,"lat":35.2163494},"geometry":{"type":"Point","coordinates":[-100.8723029,35.2163494]}},{"type":"Feature","id":"LK-YDA","properties":{"id":"LK-YDA","name":"Lake Tawakoni State Park","category":"Gun Deer Antlerless/Spike","species":"White-tailed deer","color":"#2f6b4f","deadline":"2026-09-15","lon":-95.99372457,"lat":32.84288323988949},"geometry":{"type":"Point","coordinates":[-95.99372457,32.84288323988949]}},{"type":"Feature","id":"MW-YDA","properties":{"id":"MW-YDA","name":"Muse WMA","category":"Gun Deer Antlerless/Spike","species":"White-tailed deer","color":"#2f6b4f","deadline":"2026-09-15","lon":-98.831267,"lat":31.89577},"geometry":{"type":"Point","coordinates":[-98.831267,31.89577]}},{"type":"Feature","id":"SF-YDA","properties":{"id":"SF-YDA","name":"Nannie Stringfellow WMA","category":"Gun Deer Antlerless/Spike","species":"White-tailed deer","color":"#2f6b4f","deadline":"2026-09-15","lon":-95.618843,"lat":28.961646},"geometry":{"type":"Point","coordinates":[-95.618843,28.961646]}},{"type":"Feature","id":"PG-YDA","properties":{"id":"PG-YDA","name":"Palmetto SP","category":"Gun Deer Antlerless/Spike","species":"White-tailed deer","color":"#2f6b4f","deadline":"2026-09-15","lon":-97.582,"lat":29.587},"geometry":{"type":"Point","coordinates":[-97.582,29.587]}},{"type":"Feature","id":"PD-YDA","properties":{"id":"PD-YDA","name":"Palo Duro Canyon SP","category":"Gun Deer Antlerless/Spike","species":"White-tailed deer","color":"#2f6b4f","deadline":"2026-09-15","lon":-101.7018672,"lat":34.98470888},"geometry":{"type":"Point","coordinates":[-101.7018672,34.98470888]}},{"type":"Feature","id":"BF-YDA","properties":{"id":"BF-YDA","name":"Paul & Toni Fox Burns WMA","category":"Gun Deer Antlerless/Spike","species":"White-tailed deer","color":"#2f6b4f","deadline":"2026-09-15","lon":-98.534,"lat":31.551},"geometry":{"type":"Point","coordinates":[-98.534,31.551]}},{"type":"Feature","id":"PS-YDA","properties":{"id":"PS-YDA","name":"Possum Kingdom SP","category":"Gun Deer Antlerless/Spike","species":"White-tailed deer","color":"#2f6b4f","deadline":"2026-09-15","lon":-98.55940577,"lat":32.87430844174783},"geometry":{"type":"Point","coordinates":[-98.55940577,32.87430844174783]}},{"type":"Feature","id":"RA-YDA","properties":{"id":"RA-YDA","name":"Ray Roberts Lake State Park - Isle du Bois","category":"Gun Deer Antlerless/Spike","species":"White-tailed deer","color":"#2f6b4f","deadline":"2026-09-15","lon":-97.018,"lat":33.377},"geometry":{"type":"Point","coordinates":[-97.018,33.377]}},{"type":"Feature","id":"RF-YDA","properties":{"id":"RF-YDA","name":"Roger Fawcett WMA","category":"Gun Deer Antlerless/Spike","species":"White-tailed deer","color":"#2f6b4f","deadline":"2026-09-15","lon":-98.16028,"lat":32.333674},"geometry":{"type":"Point","coordinates":[-98.16028,32.333674]}},{"type":"Feature","id":"SA-YDA","properties":{"id":"SA-YDA","name":"San Angelo SP","category":"Gun Deer Antlerless/Spike","species":"White-tailed deer","color":"#2f6b4f","deadline":"2026-09-15","lon":-100.5080376,"lat":31.463922},"geometry":{"type":"Point","coordinates":[-100.5080376,31.463922]}},{"type":"Feature","id":"AE-YDE","properties":{"id":"AE-YDE","name":"Abilene SP","category":"Gun Deer Either Sex","species":"White-tailed deer","color":"#2f6b4f","deadline":"2026-09-01","lon":-99.87913879,"lat":32.24073051},"geometry":{"type":"Point","coordinates":[-99.87913879,32.24073051]}},{"type":"Feature","id":"AB-YDE","properties":{"id":"AB-YDE","name":"Alazan Bayou WMA","category":"Gun Deer Either Sex","species":"White-tailed deer","color":"#2f6b4f","deadline":"2026-09-01","lon":-94.759575,"lat":31.482413},"geometry":{"type":"Point","coordinates":[-94.759575,31.482413]}},{"type":"Feature","id":"AS-YDE","properties":{"id":"AS-YDE","name":"Atlanta SP","category":"Gun Deer Either Sex","species":"White-tailed deer","color":"#2f6b4f","deadline":"2026-09-01","lon":-94.24969304,"lat":33.23075099},"geometry":{"type":"Point","coordinates":[-94.24969304,33.23075099]}},{"type":"Feature","id":"BP-YDE","properties":{"id":"BP-YDE","name":"Bastrop SP","category":"Gun Deer Either Sex","species":"White-tailed deer","color":"#2f6b4f","deadline":"2026-09-01","lon":-97.28686419,"lat":30.11014906},"geometry":{"type":"Point","coordinates":[-97.28686419,30.11014906]}},{"type":"Feature","id":"BS-YDE","properties":{"id":"BS-YDE","name":"Big Bend Ranch SP","category":"Gun Deer Either Sex","species":"White-tailed deer","color":"#2f6b4f","deadline":"2026-09-01","lon":-103.9579221,"lat":29.47045783},"geometry":{"type":"Point","coordinates":[-103.9579221,29.47045783]}},{"type":"Feature","id":"CC-YDE","properties":{"id":"CC-YDE","name":"Caprock Canyons SP","category":"Gun Deer Either Sex","species":"White-tailed deer","color":"#2f6b4f","deadline":"2026-09-01","lon":-101.0532641,"lat":34.41029591},"geometry":{"type":"Point","coordinates":[-101.0532641,34.41029591]}},{"type":"Feature","id":"CP-YDE","properties":{"id":"CP-YDE","name":"Chaparral WMA","category":"Gun Deer Either Sex","species":"White-tailed deer","color":"#2f6b4f","deadline":"2026-09-01","lon":-99.410934,"lat":28.298627},"geometry":{"type":"Point","coordinates":[-99.410934,28.298627]}},{"type":"Feature","id":"NS-YDE","properties":{"id":"NS-YDE","name":"Choke Canyon SP - North Shore Unit","category":"Gun Deer Either Sex","species":"White-tailed deer","color":"#2f6b4f","deadline":"2026-09-01","lon":-98.434099,"lat":28.53328},"geometry":{"type":"Point","coordinates":[-98.434099,28.53328]}},{"type":"Feature","id":"CB-YDE","properties":{"id":"CB-YDE","name":"Colorado Bend SP","category":"Gun Deer Either Sex","species":"White-tailed deer","color":"#2f6b4f","deadline":"2026-09-01","lon":-98.466511,"lat":31.040554},"geometry":{"type":"Point","coordinates":[-98.466511,31.040554]}},{"type":"Feature","id":"CW-YDE","properties":{"id":"CW-YDE","name":"Cooper WMA","category":"Gun Deer Either Sex","species":"White-tailed deer","color":"#2f6b4f","deadline":"2026-09-01","lon":-95.603426,"lat":33.318546},"geometry":{"type":"Point","coordinates":[-95.603426,33.318546]}},{"type":"Feature","id":"DH-YDE","properties":{"id":"DH-YDE","name":"Devil's Sinkhole SNA","category":"Gun Deer Either Sex","species":"White-tailed deer","color":"#2f6b4f","deadline":"2026-09-01","lon":-100.103,"lat":30.052},"geometry":{"type":"Point","coordinates":[-100.103,30.052]}},{"type":"Feature","id":"DR-YDE","properties":{"id":"DR-YDE","name":"Devils River SNA - Dan Allen Hughes","category":"Gun Deer Either Sex","species":"White-tailed deer","color":"#2f6b4f","deadline":"2026-09-01","lon":-100.961,"lat":29.73},"geometry":{"type":"Point","coordinates":[-100.961,29.73]}},{"type":"Feature","id":"SK-YDE","properties":{"id":"SK-YDE","name":"E.O. Siecke State Forest","category":"Gun Deer Either Sex","species":"White-tailed deer","color":"#2f6b4f","deadline":"2026-09-01","lon":-93.822556,"lat":30.635132},"geometry":{"type":"Point","coordinates":[-93.822556,30.635132]}},{"type":"Feature","id":"ES-YDE","properties":{"id":"ES-YDE","name":"Enchanted Rock SNA","category":"Gun Deer Either Sex","species":"White-tailed deer","color":"#2f6b4f","deadline":"2026-09-01","lon":-98.81995159,"lat":30.49603295},"geometry":{"type":"Point","coordinates":[-98.81995159,30.49603295]}},{"type":"Feature","id":"GN-YDE","properties":{"id":"GN-YDE","name":"Garner SP","category":"Gun Deer Either Sex","species":"White-tailed deer","color":"#2f6b4f","deadline":"2026-09-01","lon":-99.74398122,"lat":29.59888682},"geometry":{"type":"Point","coordinates":[-99.74398122,29.59888682]}},{"type":"Feature","id":"GE-YDE","properties":{"id":"GE-YDE","name":"Gene Howe WMA","category":"Gun Deer Either Sex","species":"White-tailed deer","color":"#2f6b4f","deadline":"2026-09-01","lon":-100.287538,"lat":35.911717},"geometry":{"type":"Point","coordinates":[-100.287538,35.911717]}},{"type":"Feature","id":"GC-YDE","properties":{"id":"GC-YDE","name":"Government Canyon SNA","category":"Gun Deer Either Sex","species":"White-tailed deer","color":"#2f6b4f","deadline":"2026-09-01","lon":-98.76471454,"lat":29.54931608},"geometry":{"type":"Point","coordinates":[-98.76471454,29.54931608]}},{"type":"Feature","id":"GS-YDE","properties":{"id":"GS-YDE","name":"Guadalupe River SP","category":"Gun Deer Either Sex","species":"White-tailed deer","color":"#2f6b4f","deadline":"2026-09-01","lon":-99.512,"lat":30.125},"geometry":{"type":"Point","coordinates":[-99.512,30.125]}},{"type":"Feature","id":"EN-YDE","properties":{"id":"EN-YDE","name":"Gus Engeling WMA","category":"Gun Deer Either Sex","species":"White-tailed deer","color":"#2f6b4f","deadline":"2026-09-01","lon":-95.896421,"lat":31.912116},"geometry":{"type":"Point","coordinates":[-95.896421,31.912116]}},{"type":"Feature","id":"HS-YDE","properties":{"id":"HS-YDE","name":"Hill Country SNA","category":"Gun Deer Either Sex","species":"White-tailed deer","color":"#2f6b4f","deadline":"2026-09-01","lon":-99.188829,"lat":29.625719},"geometry":{"type":"Point","coordinates":[-99.188829,29.625719]}},{"type":"Feature","id":"HC-YDE","properties":{"id":"HC-YDE","name":"Honey Creek SNA","category":"Gun Deer Either Sex","species":"White-tailed deer","color":"#2f6b4f","deadline":"2026-09-01","lon":-98.494772,"lat":29.853927},"geometry":{"type":"Point","coordinates":[-98.494772,29.853927]}},{"type":"Feature","id":"HV-YDE","properties":{"id":"HV-YDE","name":"Huntsville SP","category":"Gun Deer Either Sex","species":"White-tailed deer","color":"#2f6b4f","deadline":"2026-09-01","lon":-95.585,"lat":30.619},"geometry":{"type":"Point","coordinates":[-95.585,30.619]}},{"type":"Feature","id":"FA-YDE","properties":{"id":"FA-YDE","name":"I.D. Fairchild State Forest","category":"Gun Deer Either Sex","species":"White-tailed deer","color":"#2f6b4f","deadline":"2026-09-01","lon":-95.365103,"lat":31.782768},"geometry":{"type":"Point","coordinates":[-95.365103,31.782768]}},{"type":"Feature","id":"IL-YDE","properties":{"id":"IL-YDE","name":"Inks Lake/Longhorn Caverns SP","category":"Gun Deer Either Sex","species":"White-tailed deer","color":"#2f6b4f","deadline":"2026-09-01","lon":-98.36900743,"lat":30.73735613},"geometry":{"type":"Point","coordinates":[-98.36900743,30.73735613]}},{"type":"Feature","id":"JD-YDE","properties":{"id":"JD-YDE","name":"James Daughtrey WMA","category":"Gun Deer Either Sex","species":"White-tailed deer","color":"#2f6b4f","deadline":"2026-09-01","lon":-98.433881,"lat":28.533179},"geometry":{"type":"Point","coordinates":[-98.433881,28.533179]}},{"type":"Feature","id":"JK-YDE","properties":{"id":"JK-YDE","name":"John Henry Kirby State Forest","category":"Gun Deer Either Sex","species":"White-tailed deer","color":"#2f6b4f","deadline":"2026-09-01","lon":-94.410808,"lat":30.576681},"geometry":{"type":"Point","coordinates":[-94.410808,30.576681]}},{"type":"Feature","id":"JH-YDE","properties":{"id":"JH-YDE","name":"Justin Hurst WMA","category":"Gun Deer Either Sex","species":"White-tailed deer","color":"#2f6b4f","deadline":"2026-09-01","lon":-95.43425,"lat":28.926444},"geometry":{"type":"Point","coordinates":[-95.43425,28.926444]}},{"type":"Feature","id":"KE-YDE","properties":{"id":"KE-YDE","name":"Kerr WMA","category":"Gun Deer Either Sex","species":"White-tailed deer","color":"#2f6b4f","deadline":"2026-09-01","lon":-99.504497,"lat":30.061431},"geometry":{"type":"Point","coordinates":[-99.504497,30.061431]}},{"type":"Feature","id":"BW-YDE","properties":{"id":"BW-YDE","name":"Lake Brownwood SP","category":"Gun Deer Either Sex","species":"White-tailed deer","color":"#2f6b4f","deadline":"2026-09-01","lon":-99.02864112,"lat":31.85698692},"geometry":{"type":"Point","coordinates":[-99.02864112,31.85698692]}},{"type":"Feature","id":"LM-YDE","properties":{"id":"LM-YDE","name":"Lake McClellan Recreation Area","category":"Gun Deer Either Sex","species":"White-tailed deer","color":"#2f6b4f","deadline":"2026-09-01","lon":-100.8723029,"lat":35.2163494},"geometry":{"type":"Point","coordinates":[-100.8723029,35.2163494]}},{"type":"Feature","id":"MS-YDE","properties":{"id":"MS-YDE","name":"Lake Mineral Wells SP","category":"Gun Deer Either Sex","species":"White-tailed deer","color":"#2f6b4f","deadline":"2026-09-01","lon":-98.043368,"lat":32.81265499},"geometry":{"type":"Point","coordinates":[-98.043368,32.81265499]}},{"type":"Feature","id":"SS-YDE","properties":{"id":"SS-YDE","name":"Lake Somerville SP - Nails Creek Unit","category":"Gun Deer Either Sex","species":"White-tailed deer","color":"#2f6b4f","deadline":"2026-09-01","lon":-96.66721902,"lat":30.29070985},"geometry":{"type":"Point","coordinates":[-96.66721902,30.29070985]}},{"type":"Feature","id":"MB-YDE","properties":{"id":"MB-YDE","name":"Masterson State Forest","category":"Gun Deer Either Sex","species":"White-tailed deer","color":"#2f6b4f","deadline":"2026-09-01","lon":-93.932137,"lat":30.388823},"geometry":{"type":"Point","coordinates":[-93.932137,30.388823]}},{"type":"Feature","id":"MT-YDE","properties":{"id":"MT-YDE","name":"Matagorda Island WMA","category":"Gun Deer Either Sex","species":"White-tailed deer","color":"#2f6b4f","deadline":"2026-09-01","lon":-96.635578,"lat":28.233408},"geometry":{"type":"Point","coordinates":[-96.635578,28.233408]}},{"type":"Feature","id":"SF-YDE","properties":{"id":"SF-YDE","name":"Nannie Stringfellow WMA","category":"Gun Deer Either Sex","species":"White-tailed deer","color":"#2f6b4f","deadline":"2026-09-01","lon":-95.618843,"lat":28.961646},"geometry":{"type":"Point","coordinates":[-95.618843,28.961646]}},{"type":"Feature","id":"OS-YDE","properties":{"id":"OS-YDE","name":"Old Sabine Bottom WMA","category":"Gun Deer Either Sex","species":"White-tailed deer","color":"#2f6b4f","deadline":"2026-09-01","lon":-95.332338,"lat":32.589033},"geometry":{"type":"Point","coordinates":[-95.332338,32.589033]}},{"type":"Feature","id":"PF-YDE","properties":{"id":"PF-YDE","name":"Pedernales Falls SP","category":"Gun Deer Either Sex","species":"White-tailed deer","color":"#2f6b4f","deadline":"2026-09-01","lon":-98.256785,"lat":30.278546},"geometry":{"type":"Point","coordinates":[-98.256785,30.278546]}},{"type":"Feature","id":"PI-YDE","properties":{"id":"PI-YDE","name":"Post Oak Ridge State Park","category":"Gun Deer Either Sex","species":"White-tailed deer","color":"#2f6b4f","deadline":"2026-09-01","lon":-98.424,"lat":31.023},"geometry":{"type":"Point","coordinates":[-98.424,31.023]}},{"type":"Feature","id":"PH-YDE","properties":{"id":"PH-YDE","name":"Powderhorn State Park","category":"Gun Deer Either Sex","species":"White-tailed deer","color":"#2f6b4f","deadline":"2026-09-01","lon":-96.535221,"lat":28.434172},"geometry":{"type":"Point","coordinates":[-96.535221,28.434172]}},{"type":"Feature","id":"PE-YDE","properties":{"id":"PE-YDE","name":"Powderhorn WMA","category":"Gun Deer Either Sex","species":"White-tailed deer","color":"#2f6b4f","deadline":"2026-09-01","lon":-96.482,"lat":28.472},"geometry":{"type":"Point","coordinates":[-96.482,28.472]}},{"type":"Feature","id":"RN-YDE","properties":{"id":"RN-YDE","name":"Richland Creek WMA - Carl Frentress Unit","category":"Gun Deer Either Sex","species":"White-tailed deer","color":"#2f6b4f","deadline":"2026-09-01","lon":-96.04,"lat":31.985},"geometry":{"type":"Point","coordinates":[-96.04,31.985]}},{"type":"Feature","id":"RS-YDE","properties":{"id":"RS-YDE","name":"Richland Creek WMA - South Unit","category":"Gun Deer Either Sex","species":"White-tailed deer","color":"#2f6b4f","deadline":"2026-09-01","lon":-96.18,"lat":31.91},"geometry":{"type":"Point","coordinates":[-96.18,31.91]}},{"type":"Feature","id":"SA-YDE","properties":{"id":"SA-YDE","name":"San Angelo SP","category":"Gun Deer Either Sex","species":"White-tailed deer","color":"#2f6b4f","deadline":"2026-09-01","lon":-100.5080376,"lat":31.463922},"geometry":{"type":"Point","coordinates":[-100.5080376,31.463922]}},{"type":"Feature","id":"SL-YDE","properties":{"id":"SL-YDE","name":"South Llano River SP","category":"Gun Deer Either Sex","species":"White-tailed deer","color":"#2f6b4f","deadline":"2026-09-01","lon":-99.80410204,"lat":30.44539565},"geometry":{"type":"Point","coordinates":[-99.80410204,30.44539565]}},{"type":"Feature","id":"TL-YDE","properties":{"id":"TL-YDE","name":"Taylor Lakes, Playa Lakes WMA","category":"Gun Deer Either Sex","species":"White-tailed deer","color":"#2f6b4f","deadline":"2026-09-01","lon":-100.785148,"lat":34.894792},"geometry":{"type":"Point","coordinates":[-100.785148,34.894792]}},{"type":"Feature","id":"TB-YDE","properties":{"id":"TB-YDE","name":"Trinity River WMA","category":"Gun Deer Either Sex","species":"White-tailed deer","color":"#2f6b4f","deadline":"2026-09-01","lon":-95.992,"lat":31.899},"geometry":{"type":"Point","coordinates":[-95.992,31.899]}},{"type":"Feature","id":"VS-YDE","properties":{"id":"VS-YDE","name":"Village Creek SP","category":"Gun Deer Either Sex","species":"White-tailed deer","color":"#2f6b4f","deadline":"2026-09-01","lon":-94.178,"lat":30.25},"geometry":{"type":"Point","coordinates":[-94.178,30.25]}},{"type":"Feature","id":"WO-YDE","properties":{"id":"WO-YDE","name":"White Oak Creek WMA","category":"Gun Deer Either Sex","species":"White-tailed deer","color":"#2f6b4f","deadline":"2026-09-01","lon":-94.72017,"lat":33.22991},"geometry":{"type":"Point","coordinates":[-94.72017,33.22991]}},{"type":"Feature","id":"NS-YDM","properties":{"id":"NS-YDM","name":"Choke Canyon SP - North Shore Unit","category":"Gun Deer Management","species":"White-tailed deer","color":"#2f6b4f","deadline":"2026-09-15","lon":-98.434099,"lat":28.53328},"geometry":{"type":"Point","coordinates":[-98.434099,28.53328]}},{"type":"Feature","id":"EL-YDM","properties":{"id":"EL-YDM","name":"Elephant Mountain WMA","category":"Gun Deer Management","species":"White-tailed deer","color":"#2f6b4f","deadline":"2026-09-15","lon":-103.57233,"lat":30.036821},"geometry":{"type":"Point","coordinates":[-103.57233,30.036821]}},{"type":"Feature","id":"GR-YDM","properties":{"id":"GR-YDM","name":"Granger PHL","category":"Gun Deer Management","species":"White-tailed deer","color":"#2f6b4f","deadline":"2026-09-15","lon":-97.384662,"lat":30.695406},"geometry":{"type":"Point","coordinates":[-97.384662,30.695406]}},{"type":"Feature","id":"JD-YDM","properties":{"id":"JD-YDM","name":"James Daughtrey WMA","category":"Gun Deer Management","species":"White-tailed deer","color":"#2f6b4f","deadline":"2026-09-15","lon":-98.433881,"lat":28.533179},"geometry":{"type":"Point","coordinates":[-98.433881,28.533179]}},{"type":"Feature","id":"AC-YDM","properties":{"id":"AC-YDM","name":"Las Palomas WMA - Arroyo Colorado Unit","category":"Gun Deer Management","species":"White-tailed deer","color":"#2f6b4f","deadline":"2026-09-15","lon":-97.517514,"lat":26.320087},"geometry":{"type":"Point","coordinates":[-97.517514,26.320087]}},{"type":"Feature","id":"MM-YDM","properties":{"id":"MM-YDM","name":"Mason Mountain WMA","category":"Gun Deer Management","species":"White-tailed deer","color":"#2f6b4f","deadline":"2026-09-15","lon":-99.213,"lat":30.846},"geometry":{"type":"Point","coordinates":[-99.213,30.846]}},{"type":"Feature","id":"PD-YDM","properties":{"id":"PD-YDM","name":"Palo Duro Canyon SP","category":"Gun Deer Management","species":"White-tailed deer","color":"#2f6b4f","deadline":"2026-09-15","lon":-101.7018672,"lat":34.98470888},"geometry":{"type":"Point","coordinates":[-101.7018672,34.98470888]}},{"type":"Feature","id":"SD-YDM","properties":{"id":"SD-YDM","name":"Sierra Diablo WMA","category":"Gun Deer Management","species":"White-tailed deer","color":"#2f6b4f","deadline":"2026-09-15","lon":-105.004401,"lat":31.072369},"geometry":{"type":"Point","coordinates":[-105.004401,31.072369]}},{"type":"Feature","id":"YD-YDM","properties":{"id":"YD-YDM","name":"Yoakum Dunes WMA","category":"Gun Deer Management","species":"White-tailed deer","color":"#2f6b4f","deadline":"2026-09-15","lon":-102.59846,"lat":33.38385},"geometry":{"type":"Point","coordinates":[-102.59846,33.38385]}},{"type":"Feature","id":"BG-YJE","properties":{"id":"BG-YJE","name":"Black Gap WMA","category":"Javelina","species":"Javelina","color":"#c45c26","deadline":"2026-09-15","lon":-102.948806,"lat":29.571185},"geometry":{"type":"Point","coordinates":[-102.948806,29.571185]}},{"type":"Feature","id":"CP-YJE","properties":{"id":"CP-YJE","name":"Chaparral WMA","category":"Javelina","species":"Javelina","color":"#c45c26","deadline":"2026-09-15","lon":-99.410934,"lat":28.298627},"geometry":{"type":"Point","coordinates":[-99.410934,28.298627]}},{"type":"Feature","id":"JD-YJE","properties":{"id":"JD-YJE","name":"James Daughtrey WMA","category":"Javelina","species":"Javelina","color":"#c45c26","deadline":"2026-09-15","lon":-98.433881,"lat":28.533179},"geometry":{"type":"Point","coordinates":[-98.433881,28.533179]}},{"type":"Feature","id":"GE-YTS","properties":{"id":"GE-YTS","name":"Gene Howe WMA","category":"Spring Turkey","species":"Turkey","color":"#b45309","deadline":"2026-11-01","lon":-100.287538,"lat":35.911717},"geometry":{"type":"Point","coordinates":[-100.287538,35.911717]}},{"type":"Feature","id":"JD-YTS","properties":{"id":"JD-YTS","name":"James Daughtrey WMA","category":"Spring Turkey","species":"Turkey","color":"#b45309","deadline":"2026-11-01","lon":-98.433881,"lat":28.533179},"geometry":{"type":"Point","coordinates":[-98.433881,28.533179]}},{"type":"Feature","id":"KE-YTS","properties":{"id":"KE-YTS","name":"Kerr WMA","category":"Spring Turkey","species":"Turkey","color":"#b45309","deadline":"2026-11-01","lon":-99.504497,"lat":30.061431},"geometry":{"type":"Point","coordinates":[-99.504497,30.061431]}},{"type":"Feature","id":"MA-YTS","properties":{"id":"MA-YTS","name":"Matador WMA","category":"Spring Turkey","species":"Turkey","color":"#b45309","deadline":"2026-11-01","lon":-100.355111,"lat":34.117923},"geometry":{"type":"Point","coordinates":[-100.355111,34.117923]}},{"type":"Feature","id":"TL-YTS","properties":{"id":"TL-YTS","name":"Taylor Lakes, Playa Lakes WMA","category":"Spring Turkey","species":"Turkey","color":"#b45309","deadline":"2026-11-01","lon":-100.785148,"lat":34.894792},"geometry":{"type":"Point","coordinates":[-100.785148,34.894792]}},{"type":"Feature","id":"EL-EXX","properties":{"id":"EL-EXX","name":"Elephant Mountain WMA","category":"Exotic","species":"Exotic mammals","color":"#7b2d8e","deadline":"2026-08-01","lon":-103.57233,"lat":30.036821},"geometry":{"type":"Point","coordinates":[-103.57233,30.036821]}},{"type":"Feature","id":"MM-GXX","properties":{"id":"MM-GXX","name":"Mason Mountain WMA","category":"Gemsbok Hunt","species":"Gemsbok Hunt","color":"#5c675f","deadline":"2026-11-01","lon":-99.213,"lat":30.846},"geometry":{"type":"Point","coordinates":[-99.213,30.846]}},{"type":"Feature","id":"MM-SXX","properties":{"id":"MM-SXX","name":"Mason Mountain WMA","category":"Scimitar-Horned Oryx","species":"Scimitar-Horned Oryx","color":"#5c675f","deadline":"2026-11-01","lon":-99.213,"lat":30.846},"geometry":{"type":"Point","coordinates":[-99.213,30.846]}},{"type":"Feature","id":"BL-EDR","properties":{"id":"BL-EDR","name":"Big Lake Bottom WMA","category":"Deer","species":"White-tailed deer","color":"#2f6b4f","deadline":"2026-09-15","lon":-95.822647,"lat":31.689916},"geometry":{"type":"Point","coordinates":[-95.822647,31.689916]}},{"type":"Feature","id":"CD-EDR","properties":{"id":"CD-EDR","name":"Caddo Lake WMA","category":"Deer","species":"White-tailed deer","color":"#2f6b4f","deadline":"2026-09-15","lon":-94.15187,"lat":32.64497},"geometry":{"type":"Point","coordinates":[-94.15187,32.64497]}},{"type":"Feature","id":"CC-EDR","properties":{"id":"CC-EDR","name":"Caprock Canyons SP","category":"Deer","species":"White-tailed deer","color":"#2f6b4f","deadline":"2026-09-15","lon":-101.0532641,"lat":34.41029591},"geometry":{"type":"Point","coordinates":[-101.0532641,34.41029591]}},{"type":"Feature","id":"KC-EDR","properties":{"id":"KC-EDR","name":"Keechi Creek WMA","category":"Deer","species":"White-tailed deer","color":"#2f6b4f","deadline":"2026-09-15","lon":-95.818669,"lat":31.436868},"geometry":{"type":"Point","coordinates":[-95.818669,31.436868]}},{"type":"Feature","id":"OS-EDR","properties":{"id":"OS-EDR","name":"Old Sabine Bottom WMA","category":"Deer","species":"White-tailed deer","color":"#2f6b4f","deadline":"2026-09-15","lon":-95.332338,"lat":32.589033},"geometry":{"type":"Point","coordinates":[-95.332338,32.589033]}},{"type":"Feature","id":"AE-EFH","properties":{"id":"AE-EFH","name":"Abilene SP","category":"Feral Hog","species":"Feral hog","color":"#6b4f3a","deadline":"2026-11-01","lon":-99.87913879,"lat":32.24073051},"geometry":{"type":"Point","coordinates":[-99.87913879,32.24073051]}},{"type":"Feature","id":"BL-EFH","properties":{"id":"BL-EFH","name":"Big Lake Bottom WMA","category":"Feral Hog","species":"Feral hog","color":"#6b4f3a","deadline":"2026-11-01","lon":-95.822647,"lat":31.689916},"geometry":{"type":"Point","coordinates":[-95.822647,31.689916]}},{"type":"Feature","id":"CD-EFH","properties":{"id":"CD-EFH","name":"Caddo Lake WMA","category":"Feral Hog","species":"Feral hog","color":"#6b4f3a","deadline":"2026-11-01","lon":-94.15187,"lat":32.64497},"geometry":{"type":"Point","coordinates":[-94.15187,32.64497]}},{"type":"Feature","id":"KC-EFH","properties":{"id":"KC-EFH","name":"Keechi Creek WMA","category":"Feral Hog","species":"Feral hog","color":"#6b4f3a","deadline":"2026-11-01","lon":-95.818669,"lat":31.436868},"geometry":{"type":"Point","coordinates":[-95.818669,31.436868]}},{"type":"Feature","id":"SF-EFH","properties":{"id":"SF-EFH","name":"Nannie Stringfellow WMA","category":"Feral Hog","species":"Feral hog","color":"#6b4f3a","deadline":"2026-11-01","lon":-95.618843,"lat":28.961646},"geometry":{"type":"Point","coordinates":[-95.618843,28.961646]}},{"type":"Feature","id":"RN-EFH","properties":{"id":"RN-EFH","name":"Richland Creek WMA - Carl Frentress Unit","category":"Feral Hog","species":"Feral hog","color":"#6b4f3a","deadline":"2026-11-01","lon":-96.04,"lat":31.985},"geometry":{"type":"Point","coordinates":[-96.04,31.985]}},{"type":"Feature","id":"RF-EHP","properties":{"id":"RF-EHP","name":"Roger Fawcett WMA","category":"Feral Hog/Predator","species":"Feral hog","color":"#6b4f3a","deadline":"2026-11-01","lon":-98.16028,"lat":32.333674},"geometry":{"type":"Point","coordinates":[-98.16028,32.333674]}},{"type":"Feature","id":"EN-EFP","properties":{"id":"EN-EFP","name":"Gus Engeling WMA","category":"Furbearer/Predator","species":"Furbearers / predators","color":"#5c675f","deadline":"2026-11-01","lon":-95.896421,"lat":31.912116},"geometry":{"type":"Point","coordinates":[-95.896421,31.912116]}},{"type":"Feature","id":"RS-EFP","properties":{"id":"RS-EFP","name":"Richland Creek WMA - South Unit","category":"Furbearer/Predator","species":"Furbearers / predators","color":"#5c675f","deadline":"2026-11-01","lon":-96.18,"lat":31.91},"geometry":{"type":"Point","coordinates":[-96.18,31.91]}},{"type":"Feature","id":"CP-EMS","properties":{"id":"CP-EMS","name":"Chaparral WMA","category":"Multi Species","species":"Dove, Quail, Rabbit, Squirrel, Feral hog","color":"#5b7c99","deadline":"2026-09-15","lon":-99.410934,"lat":28.298627},"geometry":{"type":"Point","coordinates":[-99.410934,28.298627]}},{"type":"Feature","id":"GU-EMS","properties":{"id":"GU-EMS","name":"Guadalupe Delta WMA","category":"Multi Species","species":"Dove, Quail, Rabbit, Squirrel, Feral hog","color":"#5b7c99","deadline":"2026-09-15","lon":-96.800814,"lat":28.521216},"geometry":{"type":"Point","coordinates":[-96.800814,28.521216]}},{"type":"Feature","id":"EN-EMS","properties":{"id":"EN-EMS","name":"Gus Engeling WMA","category":"Multi Species","species":"Dove, Quail, Rabbit, Squirrel, Feral hog","color":"#5b7c99","deadline":"2026-09-15","lon":-95.896421,"lat":31.912116},"geometry":{"type":"Point","coordinates":[-95.896421,31.912116]}},{"type":"Feature","id":"KC-EMS","properties":{"id":"KC-EMS","name":"Keechi Creek WMA","category":"Multi Species","species":"Dove, Quail, Rabbit, Squirrel, Feral hog","color":"#5b7c99","deadline":"2026-09-15","lon":-95.818669,"lat":31.436868},"geometry":{"type":"Point","coordinates":[-95.818669,31.436868]}},{"type":"Feature","id":"BG-EPT","properties":{"id":"BG-EPT","name":"Black Gap WMA","category":"Predator","species":"Furbearers / predators","color":"#5c675f","deadline":"2026-11-01","lon":-102.948806,"lat":29.571185},"geometry":{"type":"Point","coordinates":[-102.948806,29.571185]}},{"type":"Feature","id":"MA-EPT","properties":{"id":"MA-EPT","name":"Matador WMA","category":"Predator","species":"Furbearers / predators","color":"#5c675f","deadline":"2026-11-01","lon":-100.355111,"lat":34.117923},"geometry":{"type":"Point","coordinates":[-100.355111,34.117923]}},{"type":"Feature","id":"BS-EQL","properties":{"id":"BS-EQL","name":"Big Bend Ranch SP","category":"Quail","species":"Quail","color":"#4f7c4a","deadline":"2026-09-15","lon":-103.9579221,"lat":29.47045783},"geometry":{"type":"Point","coordinates":[-103.9579221,29.47045783]}},{"type":"Feature","id":"YD-EQL","properties":{"id":"YD-EQL","name":"Yoakum Dunes WMA","category":"Quail","species":"Quail","color":"#4f7c4a","deadline":"2026-09-15","lon":-102.59846,"lat":33.38385},"geometry":{"type":"Point","coordinates":[-102.59846,33.38385]}},{"type":"Feature","id":"BL-ESL","properties":{"id":"BL-ESL","name":"Big Lake Bottom WMA","category":"Squirrel","species":"Squirrel","color":"#a16207","deadline":"2026-09-01","lon":-95.822647,"lat":31.689916},"geometry":{"type":"Point","coordinates":[-95.822647,31.689916]}},{"type":"Feature","id":"EN-ESL","properties":{"id":"EN-ESL","name":"Gus Engeling WMA","category":"Squirrel","species":"Squirrel","color":"#a16207","deadline":"2026-09-01","lon":-95.896421,"lat":31.912116},"geometry":{"type":"Point","coordinates":[-95.896421,31.912116]}},{"type":"Feature","id":"KC-ESL","properties":{"id":"KC-ESL","name":"Keechi Creek WMA","category":"Squirrel","species":"Squirrel","color":"#a16207","deadline":"2026-09-01","lon":-95.818669,"lat":31.436868},"geometry":{"type":"Point","coordinates":[-95.818669,31.436868]}},{"type":"Feature","id":"US-ESL","properties":{"id":"US-ESL","name":"Neches River NWR - Rocky Point Unit","category":"Squirrel","species":"Squirrel","color":"#a16207","deadline":"2026-09-01","lon":-95.431,"lat":31.851},"geometry":{"type":"Point","coordinates":[-95.431,31.851]}},{"type":"Feature","id":"UT-ESL","properties":{"id":"UT-ESL","name":"Neches River NWR - Sandy Bluff Unit","category":"Squirrel","species":"Squirrel","color":"#a16207","deadline":"2026-09-01","lon":-95.429,"lat":31.867},"geometry":{"type":"Point","coordinates":[-95.429,31.867]}},{"type":"Feature","id":"UU-ESL","properties":{"id":"UU-ESL","name":"Neches River NWR - Walnut Branch Unit","category":"Squirrel","species":"Squirrel","color":"#a16207","deadline":"2026-09-01","lon":-95.417,"lat":31.894},"geometry":{"type":"Point","coordinates":[-95.417,31.894]}},{"type":"Feature","id":"RN-EET","properties":{"id":"RN-EET","name":"Richland Creek WMA - Carl Frentress Unit","category":"Teal","species":"Teal","color":"#0e7490","deadline":"2026-09-01","lon":-96.04,"lat":31.985},"geometry":{"type":"Point","coordinates":[-96.04,31.985]}},{"type":"Feature","id":"CA-ETK","properties":{"id":"CA-ETK","name":"Caddo National Grasslands WMA - Bois d'Arc Unit","category":"Turkey","species":"Turkey","color":"#b45309","deadline":"2026-11-01","lon":-95.958,"lat":33.7323},"geometry":{"type":"Point","coordinates":[-95.958,33.7323]}},{"type":"Feature","id":"MP-ETK","properties":{"id":"MP-ETK","name":"Moore Plantation WMA","category":"Turkey","species":"Turkey","color":"#b45309","deadline":"2026-11-01","lon":-93.919291,"lat":31.24978},"geometry":{"type":"Point","coordinates":[-93.919291,31.24978]}},{"type":"Feature","id":"PM-ETK","properties":{"id":"PM-ETK","name":"Pat Mayse WMA","category":"Turkey","species":"Turkey","color":"#b45309","deadline":"2026-11-01","lon":-95.683597,"lat":33.812328},"geometry":{"type":"Point","coordinates":[-95.683597,33.812328]}},{"type":"Feature","id":"TE-ETK","properties":{"id":"TE-ETK","name":"Teacup Mountain WMA","category":"Turkey","species":"Turkey","color":"#b45309","deadline":"2026-11-01","lon":-99.832,"lat":34.092},"geometry":{"type":"Point","coordinates":[-99.832,34.092]}},{"type":"Feature","id":"AB-EPW","properties":{"id":"AB-EPW","name":"Alazan Bayou WMA","category":"Waterfowl","species":"Waterfowl","color":"#1d4e89","deadline":"2026-10-01","lon":-94.759575,"lat":31.482413},"geometry":{"type":"Point","coordinates":[-94.759575,31.482413]}},{"type":"Feature","id":"CO-EPW","properties":{"id":"CO-EPW","name":"Copper Breaks SP","category":"Waterfowl","species":"Waterfowl","color":"#1d4e89","deadline":"2026-10-01","lon":-99.74329561,"lat":34.1121755},"geometry":{"type":"Point","coordinates":[-99.74329561,34.1121755]}},{"type":"Feature","id":"DP-EPW","properties":{"id":"DP-EPW","name":"Dimmitt Playa, Playa Lakes WMA","category":"Waterfowl","species":"Waterfowl","color":"#1d4e89","deadline":"2026-10-01","lon":-102.38456,"lat":34.554774},"geometry":{"type":"Point","coordinates":[-102.38456,34.554774]}},{"type":"Feature","id":"EN-EPW","properties":{"id":"EN-EPW","name":"Gus Engeling WMA","category":"Waterfowl","species":"Waterfowl","color":"#1d4e89","deadline":"2026-10-01","lon":-95.896421,"lat":31.912116},"geometry":{"type":"Point","coordinates":[-95.896421,31.912116]}},{"type":"Feature","id":"KC-EPW","properties":{"id":"KC-EPW","name":"Keechi Creek WMA","category":"Waterfowl","species":"Waterfowl","color":"#1d4e89","deadline":"2026-10-01","lon":-95.818669,"lat":31.436868},"geometry":{"type":"Point","coordinates":[-95.818669,31.436868]}},{"type":"Feature","id":"SF-EPW","properties":{"id":"SF-EPW","name":"Nannie Stringfellow WMA","category":"Waterfowl","species":"Waterfowl","color":"#1d4e89","deadline":"2026-10-01","lon":-95.618843,"lat":28.961646},"geometry":{"type":"Point","coordinates":[-95.618843,28.961646]}},{"type":"Feature","id":"UO-EPW","properties":{"id":"UO-EPW","name":"Neches River NWR - Dead Water Unit","category":"Waterfowl","species":"Waterfowl","color":"#1d4e89","deadline":"2026-10-01","lon":-95.42,"lat":31.889},"geometry":{"type":"Point","coordinates":[-95.42,31.889]}},{"type":"Feature","id":"RN-EPW","properties":{"id":"RN-EPW","name":"Richland Creek WMA - Carl Frentress Unit","category":"Waterfowl","species":"Waterfowl","color":"#1d4e89","deadline":"2026-10-01","lon":-96.04,"lat":31.985},"geometry":{"type":"Point","coordinates":[-96.04,31.985]}},{"type":"Feature","id":"RS-EPW","properties":{"id":"RS-EPW","name":"Richland Creek WMA - South Unit","category":"Waterfowl","species":"Waterfowl","color":"#1d4e89","deadline":"2026-10-01","lon":-96.18,"lat":31.91},"geometry":{"type":"Point","coordinates":[-96.18,31.91]}},{"type":"Feature","id":"RF-EPW","properties":{"id":"RF-EPW","name":"Roger Fawcett WMA","category":"Waterfowl","species":"Waterfowl","color":"#1d4e89","deadline":"2026-10-01","lon":-98.16028,"lat":32.333674},"geometry":{"type":"Point","coordinates":[-98.16028,32.333674]}},{"type":"Feature","id":"TL-EPW","properties":{"id":"TL-EPW","name":"Taylor Lakes, Playa Lakes WMA","category":"Waterfowl","species":"Waterfowl","color":"#1d4e89","deadline":"2026-10-01","lon":-100.785148,"lat":34.894792},"geometry":{"type":"Point","coordinates":[-100.785148,34.894792]}},{"type":"Feature","id":"DP-EWP","properties":{"id":"DP-EWP","name":"Dimmitt Playa, Playa Lakes WMA","category":"Waterfowl/Pheasant","species":"Waterfowl, Pheasant","color":"#1d4e89","deadline":"2026-10-15","lon":-102.38456,"lat":34.554774},"geometry":{"type":"Point","coordinates":[-102.38456,34.554774]}},{"type":"Feature","id":"UB-EAD","properties":{"id":"UB-EAD","name":"Balcones Canyonlands NWR","category":"Deer","species":"White-tailed deer","color":"#2f6b4f","deadline":"2026-09-01","lon":-98.024542,"lat":30.506699},"geometry":{"type":"Point","coordinates":[-98.024542,30.506699]}},{"type":"Feature","id":"BL-EAD","properties":{"id":"BL-EAD","name":"Big Lake Bottom WMA","category":"Deer","species":"White-tailed deer","color":"#2f6b4f","deadline":"2026-09-01","lon":-95.822647,"lat":31.689916},"geometry":{"type":"Point","coordinates":[-95.822647,31.689916]}},{"type":"Feature","id":"GR-EAD","properties":{"id":"GR-EAD","name":"Granger PHL","category":"Deer","species":"White-tailed deer","color":"#2f6b4f","deadline":"2026-09-01","lon":-97.384662,"lat":30.695406},"geometry":{"type":"Point","coordinates":[-97.384662,30.695406]}},{"type":"Feature","id":"KC-EAD","properties":{"id":"KC-EAD","name":"Keechi Creek WMA","category":"Deer","species":"White-tailed deer","color":"#2f6b4f","deadline":"2026-09-01","lon":-95.818669,"lat":31.436868},"geometry":{"type":"Point","coordinates":[-95.818669,31.436868]}},{"type":"Feature","id":"SS-EAD","properties":{"id":"SS-EAD","name":"Lake Somerville SP - Nails Creek Unit","category":"Deer","species":"White-tailed deer","color":"#2f6b4f","deadline":"2026-09-01","lon":-96.66721902,"lat":30.29070985},"geometry":{"type":"Point","coordinates":[-96.66721902,30.29070985]}},{"type":"Feature","id":"LW-EYA","properties":{"id":"LW-EYA","name":"Lake Whitney SP","category":"Youth Deer","species":"White-tailed deer","color":"#2f6b4f","deadline":"2026-09-01","lon":-97.35683263,"lat":31.9312336},"geometry":{"type":"Point","coordinates":[-97.35683263,31.9312336]}},{"type":"Feature","id":"MD-EYA","properties":{"id":"MD-EYA","name":"Mad Island WMA","category":"Youth Deer","species":"White-tailed deer","color":"#2f6b4f","deadline":"2026-09-01","lon":-96.136664,"lat":28.660606},"geometry":{"type":"Point","coordinates":[-96.136664,28.660606]}},{"type":"Feature","id":"BL-EYD","properties":{"id":"BL-EYD","name":"Big Lake Bottom WMA","category":"Deer","species":"White-tailed deer","color":"#2f6b4f","deadline":"2026-09-15","lon":-95.822647,"lat":31.689916},"geometry":{"type":"Point","coordinates":[-95.822647,31.689916]}},{"type":"Feature","id":"CD-EYD","properties":{"id":"CD-EYD","name":"Caddo Lake WMA","category":"Deer","species":"White-tailed deer","color":"#2f6b4f","deadline":"2026-09-15","lon":-94.15187,"lat":32.64497},"geometry":{"type":"Point","coordinates":[-94.15187,32.64497]}},{"type":"Feature","id":"MD-EYD","properties":{"id":"MD-EYD","name":"Mad Island WMA","category":"Deer","species":"White-tailed deer","color":"#2f6b4f","deadline":"2026-09-15","lon":-96.136664,"lat":28.660606},"geometry":{"type":"Point","coordinates":[-96.136664,28.660606]}},{"type":"Feature","id":"SF-EBH","properties":{"id":"SF-EBH","name":"Nannie Stringfellow WMA","category":"Feral Hog","species":"Feral hog","color":"#6b4f3a","deadline":"2026-11-01","lon":-95.618843,"lat":28.961646},"geometry":{"type":"Point","coordinates":[-95.618843,28.961646]}},{"type":"Feature","id":"RN-EBW","properties":{"id":"RN-EBW","name":"Richland Creek WMA - Carl Frentress Unit","category":"Waterfowl","species":"Waterfowl","color":"#1d4e89","deadline":"2026-11-01","lon":-96.04,"lat":31.985},"geometry":{"type":"Point","coordinates":[-96.04,31.985]}},{"type":"Feature","id":"RS-EBW","properties":{"id":"RS-EBW","name":"Richland Creek WMA - South Unit","category":"Waterfowl","species":"Waterfowl","color":"#1d4e89","deadline":"2026-11-01","lon":-96.18,"lat":31.91},"geometry":{"type":"Point","coordinates":[-96.18,31.91]}},{"type":"Feature","id":"TL-EBW","properties":{"id":"TL-EBW","name":"Taylor Lakes, Playa Lakes WMA","category":"Waterfowl","species":"Waterfowl","color":"#1d4e89","deadline":"2026-11-01","lon":-100.785148,"lat":34.894792},"geometry":{"type":"Point","coordinates":[-100.785148,34.894792]}},{"type":"Feature","id":"AL-FSY","properties":{"id":"AL-FSY","name":"Alabama Creek WMA","category":"Antlerless Deer Permit - Youth","species":"White-tailed deer","color":"#2f6b4f","deadline":"2026-09-15","lon":-94.877111,"lat":31.145237},"geometry":{"type":"Point","coordinates":[-94.877111,31.145237]}},{"type":"Feature","id":"BA-FSY","properties":{"id":"BA-FSY","name":"Bannister WMA","category":"Antlerless Deer Permit - Youth","species":"White-tailed deer","color":"#2f6b4f","deadline":"2026-09-15","lon":-94.210455,"lat":31.351952},"geometry":{"type":"Point","coordinates":[-94.210455,31.351952]}},{"type":"Feature","id":"CA-FSY","properties":{"id":"CA-FSY","name":"Caddo National Grasslands WMA - Bois d'Arc Unit","category":"Antlerless Deer Permit - Youth","species":"White-tailed deer","color":"#2f6b4f","deadline":"2026-09-15","lon":-95.958,"lat":33.7323},"geometry":{"type":"Point","coordinates":[-95.958,33.7323]}},{"type":"Feature","id":"CF-FSY","properties":{"id":"CF-FSY","name":"Caddo National Grasslands WMA - Ladonia Unit","category":"Antlerless Deer Permit - Youth","species":"White-tailed deer","color":"#2f6b4f","deadline":"2026-09-15","lon":-96.079,"lat":33.436},"geometry":{"type":"Point","coordinates":[-96.079,33.436]}},{"type":"Feature","id":"MP-FSY","properties":{"id":"MP-FSY","name":"Moore Plantation WMA","category":"Antlerless Deer Permit - Youth","species":"White-tailed deer","color":"#2f6b4f","deadline":"2026-09-15","lon":-93.919291,"lat":31.24978},"geometry":{"type":"Point","coordinates":[-93.919291,31.24978]}},{"type":"Feature","id":"SH-FSY","properties":{"id":"SH-FSY","name":"Sam Houston National Forest WMA","category":"Antlerless Deer Permit - Youth","species":"White-tailed deer","color":"#2f6b4f","deadline":"2026-09-15","lon":-95.536381,"lat":30.529588},"geometry":{"type":"Point","coordinates":[-95.536381,30.529588]}},{"type":"Feature","id":"AL-FSD","properties":{"id":"AL-FSD","name":"Alabama Creek WMA","category":"Antlerless Deer Permit -Adult","species":"White-tailed deer","color":"#2f6b4f","deadline":"2026-09-15","lon":-94.877111,"lat":31.145237},"geometry":{"type":"Point","coordinates":[-94.877111,31.145237]}},{"type":"Feature","id":"BA-FSD","properties":{"id":"BA-FSD","name":"Bannister WMA","category":"Antlerless Deer Permit -Adult","species":"White-tailed deer","color":"#2f6b4f","deadline":"2026-09-15","lon":-94.210455,"lat":31.351952},"geometry":{"type":"Point","coordinates":[-94.210455,31.351952]}},{"type":"Feature","id":"CA-FSD","properties":{"id":"CA-FSD","name":"Caddo National Grasslands WMA - Bois d'Arc Unit","category":"Antlerless Deer Permit -Adult","species":"White-tailed deer","color":"#2f6b4f","deadline":"2026-09-15","lon":-95.958,"lat":33.7323},"geometry":{"type":"Point","coordinates":[-95.958,33.7323]}},{"type":"Feature","id":"CF-FSD","properties":{"id":"CF-FSD","name":"Caddo National Grasslands WMA - Ladonia Unit","category":"Antlerless Deer Permit -Adult","species":"White-tailed deer","color":"#2f6b4f","deadline":"2026-09-15","lon":-96.079,"lat":33.436},"geometry":{"type":"Point","coordinates":[-96.079,33.436]}},{"type":"Feature","id":"MP-FSD","properties":{"id":"MP-FSD","name":"Moore Plantation WMA","category":"Antlerless Deer Permit -Adult","species":"White-tailed deer","color":"#2f6b4f","deadline":"2026-09-15","lon":-93.919291,"lat":31.24978},"geometry":{"type":"Point","coordinates":[-93.919291,31.24978]}},{"type":"Feature","id":"SH-FSD","properties":{"id":"SH-FSD","name":"Sam Houston National Forest WMA","category":"Antlerless Deer Permit -Adult","species":"White-tailed deer","color":"#2f6b4f","deadline":"2026-09-15","lon":-95.536381,"lat":30.529588},"geometry":{"type":"Point","coordinates":[-95.536381,30.529588]}},{"type":"Feature","id":"AL-FBA","properties":{"id":"AL-FBA","name":"Alabama Creek WMA","category":"Buck Deer Permit - Adult","species":"White-tailed deer","color":"#2f6b4f","deadline":"2026-09-15","lon":-94.877111,"lat":31.145237},"geometry":{"type":"Point","coordinates":[-94.877111,31.145237]}},{"type":"Feature","id":"AL-FBY","properties":{"id":"AL-FBY","name":"Alabama Creek WMA","category":"Buck Deer Permit - Youth","species":"White-tailed deer","color":"#2f6b4f","deadline":"2026-09-15","lon":-94.877111,"lat":31.145237},"geometry":{"type":"Point","coordinates":[-94.877111,31.145237]}},{"type":"Feature","id":"UC-NAL","properties":{"id":"UC-NAL","name":"Laguna Atascosa NWR","category":"Alligator","species":"Alligator","color":"#1a6b5a","deadline":"2026-11-01","lon":-97.347995,"lat":26.226473},"geometry":{"type":"Point","coordinates":[-97.347995,26.226473]}},{"type":"Feature","id":"UA-NGE","properties":{"id":"UA-NGE","name":"Aransas NWR","category":"Deer","species":"White-tailed deer","color":"#2f6b4f","deadline":"2026-09-15","lon":-96.858344,"lat":28.244746},"geometry":{"type":"Point","coordinates":[-96.858344,28.244746]}},{"type":"Feature","id":"UB-NGE","properties":{"id":"UB-NGE","name":"Balcones Canyonlands NWR","category":"Deer","species":"White-tailed deer","color":"#2f6b4f","deadline":"2026-09-15","lon":-98.024542,"lat":30.506699},"geometry":{"type":"Point","coordinates":[-98.024542,30.506699]}},{"type":"Feature","id":"UM-NGE","properties":{"id":"UM-NGE","name":"Caddo Lake NWR","category":"Deer","species":"White-tailed deer","color":"#2f6b4f","deadline":"2026-09-15","lon":-94.17,"lat":32.667},"geometry":{"type":"Point","coordinates":[-94.17,32.667]}},{"type":"Feature","id":"UC-NGE","properties":{"id":"UC-NGE","name":"Laguna Atascosa NWR","category":"Deer","species":"White-tailed deer","color":"#2f6b4f","deadline":"2026-09-15","lon":-97.347995,"lat":26.226473},"geometry":{"type":"Point","coordinates":[-97.347995,26.226473]}},{"type":"Feature","id":"UE-NGE","properties":{"id":"UE-NGE","name":"Lower Rio Grande Valley NWR - East Lake","category":"Deer","species":"White-tailed deer","color":"#2f6b4f","deadline":"2026-09-15","lon":-97.85388,"lat":26.534792},"geometry":{"type":"Point","coordinates":[-97.85388,26.534792]}},{"type":"Feature","id":"UO-NGE","properties":{"id":"UO-NGE","name":"Neches River NWR - Dead Water Unit","category":"Deer","species":"White-tailed deer","color":"#2f6b4f","deadline":"2026-09-15","lon":-95.42,"lat":31.889},"geometry":{"type":"Point","coordinates":[-95.42,31.889]}},{"type":"Feature","id":"US-NGE","properties":{"id":"US-NGE","name":"Neches River NWR - Rocky Point Unit","category":"Deer","species":"White-tailed deer","color":"#2f6b4f","deadline":"2026-09-15","lon":-95.431,"lat":31.851},"geometry":{"type":"Point","coordinates":[-95.431,31.851]}},{"type":"Feature","id":"UT-NGE","properties":{"id":"UT-NGE","name":"Neches River NWR - Sandy Bluff Unit","category":"Deer","species":"White-tailed deer","color":"#2f6b4f","deadline":"2026-09-15","lon":-95.429,"lat":31.867},"geometry":{"type":"Point","coordinates":[-95.429,31.867]}},{"type":"Feature","id":"UU-NGE","properties":{"id":"UU-NGE","name":"Neches River NWR - Walnut Branch Unit","category":"Deer","species":"White-tailed deer","color":"#2f6b4f","deadline":"2026-09-15","lon":-95.417,"lat":31.894},"geometry":{"type":"Point","coordinates":[-95.417,31.894]}},{"type":"Feature","id":"UI-NGE","properties":{"id":"UI-NGE","name":"Trinity River NWR - Boars Den","category":"Deer","species":"White-tailed deer","color":"#2f6b4f","deadline":"2026-09-15","lon":-94.7658587,"lat":30.0983171},"geometry":{"type":"Point","coordinates":[-94.7658587,30.0983171]}},{"type":"Feature","id":"UK-NGE","properties":{"id":"UK-NGE","name":"Trinity River NWR - Brierwood","category":"Deer","species":"White-tailed deer","color":"#2f6b4f","deadline":"2026-09-15","lon":-94.7658587,"lat":30.0983171},"geometry":{"type":"Point","coordinates":[-94.7658587,30.0983171]}},{"type":"Feature","id":"UJ-NGE","properties":{"id":"UJ-NGE","name":"Trinity River NWR - Butler","category":"Deer","species":"White-tailed deer","color":"#2f6b4f","deadline":"2026-09-15","lon":-94.7658587,"lat":30.0983171},"geometry":{"type":"Point","coordinates":[-94.7658587,30.0983171]}},{"type":"Feature","id":"UG-NGE","properties":{"id":"UG-NGE","name":"Trinity River NWR - Hirsch","category":"Deer","species":"White-tailed deer","color":"#2f6b4f","deadline":"2026-09-15","lon":-94.7658587,"lat":30.0983171},"geometry":{"type":"Point","coordinates":[-94.7658587,30.0983171]}},{"type":"Feature","id":"UL-NGE","properties":{"id":"UL-NGE","name":"Trinity River NWR - Mcguire","category":"Deer","species":"White-tailed deer","color":"#2f6b4f","deadline":"2026-09-15","lon":-94.7658587,"lat":30.0983171},"geometry":{"type":"Point","coordinates":[-94.7658587,30.0983171]}},{"type":"Feature","id":"UH-NGE","properties":{"id":"UH-NGE","name":"Trinity River NWR - Page","category":"Deer","species":"White-tailed deer","color":"#2f6b4f","deadline":"2026-09-15","lon":-94.7658587,"lat":30.0983171},"geometry":{"type":"Point","coordinates":[-94.7658587,30.0983171]}},{"type":"Feature","id":"UO-NGA","properties":{"id":"UO-NGA","name":"Neches River NWR - Dead Water Unit","category":"Deer Antlerless/Spike","species":"White-tailed deer","color":"#2f6b4f","deadline":"2026-10-01","lon":-95.42,"lat":31.889},"geometry":{"type":"Point","coordinates":[-95.42,31.889]}},{"type":"Feature","id":"US-NGA","properties":{"id":"US-NGA","name":"Neches River NWR - Rocky Point Unit","category":"Deer Antlerless/Spike","species":"White-tailed deer","color":"#2f6b4f","deadline":"2026-10-01","lon":-95.431,"lat":31.851},"geometry":{"type":"Point","coordinates":[-95.431,31.851]}},{"type":"Feature","id":"UT-NGA","properties":{"id":"UT-NGA","name":"Neches River NWR - Sandy Bluff Unit","category":"Deer Antlerless/Spike","species":"White-tailed deer","color":"#2f6b4f","deadline":"2026-10-01","lon":-95.429,"lat":31.867},"geometry":{"type":"Point","coordinates":[-95.429,31.867]}},{"type":"Feature","id":"UU-NGA","properties":{"id":"UU-NGA","name":"Neches River NWR - Walnut Branch Unit","category":"Deer Antlerless/Spike","species":"White-tailed deer","color":"#2f6b4f","deadline":"2026-10-01","lon":-95.417,"lat":31.894},"geometry":{"type":"Point","coordinates":[-95.417,31.894]}},{"type":"Feature","id":"UC-NEX","properties":{"id":"UC-NEX","name":"Laguna Atascosa NWR","category":"Exotic","species":"Exotic mammals","color":"#7b2d8e","deadline":"2026-10-15","lon":-97.347995,"lat":26.226473},"geometry":{"type":"Point","coordinates":[-97.347995,26.226473]}},{"type":"Feature","id":"UR-NEX","properties":{"id":"UR-NEX","name":"Laguna Atascosa NWR - Bahia Grande Unit","category":"Exotic","species":"Exotic mammals","color":"#7b2d8e","deadline":"2026-10-15","lon":-97.14307,"lat":26.05046},"geometry":{"type":"Point","coordinates":[-97.14307,26.05046]}},{"type":"Feature","id":"UX-NEX","properties":{"id":"UX-NEX","name":"Lower Rio Grande NWR - Tecolote","category":"Exotic","species":"Exotic mammals","color":"#7b2d8e","deadline":"2026-10-15","lon":-97.945,"lat":26.53},"geometry":{"type":"Point","coordinates":[-97.945,26.53]}},{"type":"Feature","id":"UE-NEX","properties":{"id":"UE-NEX","name":"Lower Rio Grande Valley NWR - East Lake","category":"Exotic","species":"Exotic mammals","color":"#7b2d8e","deadline":"2026-10-15","lon":-97.85388,"lat":26.534792},"geometry":{"type":"Point","coordinates":[-97.85388,26.534792]}},{"type":"Feature","id":"UD-NEX","properties":{"id":"UD-NEX","name":"Lower Rio Grande Valley NWR - Teniente","category":"Exotic","species":"Exotic mammals","color":"#7b2d8e","deadline":"2026-10-15","lon":-97.952715,"lat":26.512968},"geometry":{"type":"Point","coordinates":[-97.952715,26.512968]}},{"type":"Feature","id":"UP-NFH","properties":{"id":"UP-NFH","name":"Hagerman NWR","category":"Feral Hog","species":"Feral hog","color":"#6b4f3a","deadline":"2026-11-01","lon":-96.451,"lat":33.441879},"geometry":{"type":"Point","coordinates":[-96.451,33.441879]}},{"type":"Feature","id":"UP-NTS","properties":{"id":"UP-NTS","name":"Hagerman NWR","category":"Spring Turkey","species":"Turkey","color":"#b45309","deadline":"2026-11-01","lon":-96.451,"lat":33.441879},"geometry":{"type":"Point","coordinates":[-96.451,33.441879]}},{"type":"Feature","id":"UE-NTS","properties":{"id":"UE-NTS","name":"Lower Rio Grande Valley NWR - East Lake","category":"Spring Turkey","species":"Turkey","color":"#b45309","deadline":"2026-11-01","lon":-97.85388,"lat":26.534792},"geometry":{"type":"Point","coordinates":[-97.85388,26.534792]}},{"type":"Feature","id":"UA-NAD","properties":{"id":"UA-NAD","name":"Aransas NWR","category":"Deer","species":"White-tailed deer","color":"#2f6b4f","deadline":"2026-09-01","lon":-96.858344,"lat":28.244746},"geometry":{"type":"Point","coordinates":[-96.858344,28.244746]}},{"type":"Feature","id":"UF-NAD","properties":{"id":"UF-NAD","name":"Buffalo Lake NWR","category":"Deer","species":"White-tailed deer","color":"#2f6b4f","deadline":"2026-09-01","lon":-102.111174,"lat":34.919493},"geometry":{"type":"Point","coordinates":[-102.111174,34.919493]}},{"type":"Feature","id":"UP-NAD","properties":{"id":"UP-NAD","name":"Hagerman NWR","category":"Deer","species":"White-tailed deer","color":"#2f6b4f","deadline":"2026-09-01","lon":-96.451,"lat":33.441879},"geometry":{"type":"Point","coordinates":[-96.451,33.441879]}},{"type":"Feature","id":"UC-NAD","properties":{"id":"UC-NAD","name":"Laguna Atascosa NWR","category":"Deer","species":"White-tailed deer","color":"#2f6b4f","deadline":"2026-09-01","lon":-97.347995,"lat":26.226473},"geometry":{"type":"Point","coordinates":[-97.347995,26.226473]}},{"type":"Feature","id":"UW-NAD","properties":{"id":"UW-NAD","name":"Lower Rio Grande NWR - Schaleben","category":"Deer","species":"White-tailed deer","color":"#2f6b4f","deadline":"2026-09-01","lon":-97.961,"lat":26.521},"geometry":{"type":"Point","coordinates":[-97.961,26.521]}},{"type":"Feature","id":"UD-NAD","properties":{"id":"UD-NAD","name":"Lower Rio Grande Valley NWR - Teniente","category":"Deer","species":"White-tailed deer","color":"#2f6b4f","deadline":"2026-09-01","lon":-97.952715,"lat":26.512968},"geometry":{"type":"Point","coordinates":[-97.952715,26.512968]}},{"type":"Feature","id":"UN-NAD","properties":{"id":"UN-NAD","name":"Muleshoe NWR","category":"Deer","species":"White-tailed deer","color":"#2f6b4f","deadline":"2026-09-01","lon":-102.75,"lat":33.963},"geometry":{"type":"Point","coordinates":[-102.75,33.963]}},{"type":"Feature","id":"UO-NAD","properties":{"id":"UO-NAD","name":"Neches River NWR - Dead Water Unit","category":"Deer","species":"White-tailed deer","color":"#2f6b4f","deadline":"2026-09-01","lon":-95.42,"lat":31.889},"geometry":{"type":"Point","coordinates":[-95.42,31.889]}},{"type":"Feature","id":"US-NAD","properties":{"id":"US-NAD","name":"Neches River NWR - Rocky Point Unit","category":"Deer","species":"White-tailed deer","color":"#2f6b4f","deadline":"2026-09-01","lon":-95.431,"lat":31.851},"geometry":{"type":"Point","coordinates":[-95.431,31.851]}},{"type":"Feature","id":"UT-NAD","properties":{"id":"UT-NAD","name":"Neches River NWR - Sandy Bluff Unit","category":"Deer","species":"White-tailed deer","color":"#2f6b4f","deadline":"2026-09-01","lon":-95.429,"lat":31.867},"geometry":{"type":"Point","coordinates":[-95.429,31.867]}},{"type":"Feature","id":"UU-NAD","properties":{"id":"UU-NAD","name":"Neches River NWR - Walnut Branch Unit","category":"Deer","species":"White-tailed deer","color":"#2f6b4f","deadline":"2026-09-01","lon":-95.417,"lat":31.894},"geometry":{"type":"Point","coordinates":[-95.417,31.894]}},{"type":"Feature","id":"UK-NAD","properties":{"id":"UK-NAD","name":"Trinity River NWR - Brierwood","category":"Deer","species":"White-tailed deer","color":"#2f6b4f","deadline":"2026-09-01","lon":-94.7658587,"lat":30.0983171},"geometry":{"type":"Point","coordinates":[-94.7658587,30.0983171]}},{"type":"Feature","id":"UG-NAD","properties":{"id":"UG-NAD","name":"Trinity River NWR - Hirsch","category":"Deer","species":"White-tailed deer","color":"#2f6b4f","deadline":"2026-09-01","lon":-94.7658587,"lat":30.0983171},"geometry":{"type":"Point","coordinates":[-94.7658587,30.0983171]}},{"type":"Feature","id":"UL-NAD","properties":{"id":"UL-NAD","name":"Trinity River NWR - Mcguire","category":"Deer","species":"White-tailed deer","color":"#2f6b4f","deadline":"2026-09-01","lon":-94.7658587,"lat":30.0983171},"geometry":{"type":"Point","coordinates":[-94.7658587,30.0983171]}},{"type":"Feature","id":"UR-NAE","properties":{"id":"UR-NAE","name":"Laguna Atascosa NWR - Bahia Grande Unit","category":"Exotic","species":"Exotic mammals","color":"#7b2d8e","deadline":"2026-10-15","lon":-97.14307,"lat":26.05046},"geometry":{"type":"Point","coordinates":[-97.14307,26.05046]}},{"type":"Feature","id":"UN-NUG","properties":{"id":"UN-NUG","name":"Muleshoe NWR","category":"Game","species":"Game","color":"#5c675f","deadline":"2026-09-01","lon":-102.75,"lat":33.963},"geometry":{"type":"Point","coordinates":[-102.75,33.963]}},{"type":"Feature","id":"UI-NUG","properties":{"id":"UI-NUG","name":"Trinity River NWR - Boars Den","category":"Game","species":"Game","color":"#5c675f","deadline":"2026-09-01","lon":-94.7658587,"lat":30.0983171},"geometry":{"type":"Point","coordinates":[-94.7658587,30.0983171]}},{"type":"Feature","id":"UJ-NUG","properties":{"id":"UJ-NUG","name":"Trinity River NWR - Butler","category":"Game","species":"Game","color":"#5c675f","deadline":"2026-09-01","lon":-94.7658587,"lat":30.0983171},"geometry":{"type":"Point","coordinates":[-94.7658587,30.0983171]}},{"type":"Feature","id":"UH-NUG","properties":{"id":"UH-NUG","name":"Trinity River NWR - Page","category":"Game","species":"Game","color":"#5c675f","deadline":"2026-09-01","lon":-94.7658587,"lat":30.0983171},"geometry":{"type":"Point","coordinates":[-94.7658587,30.0983171]}},{"type":"Feature","id":"UB-NYD","properties":{"id":"UB-NYD","name":"Balcones Canyonlands NWR","category":"Deer","species":"White-tailed deer","color":"#2f6b4f","deadline":"2026-10-01","lon":-98.024542,"lat":30.506699},"geometry":{"type":"Point","coordinates":[-98.024542,30.506699]}},{"type":"Feature","id":"UF-NYD","properties":{"id":"UF-NYD","name":"Buffalo Lake NWR","category":"Deer","species":"White-tailed deer","color":"#2f6b4f","deadline":"2026-10-01","lon":-102.111174,"lat":34.919493},"geometry":{"type":"Point","coordinates":[-102.111174,34.919493]}},{"type":"Feature","id":"UM-NYD","properties":{"id":"UM-NYD","name":"Caddo Lake NWR","category":"Deer","species":"White-tailed deer","color":"#2f6b4f","deadline":"2026-10-01","lon":-94.17,"lat":32.667},"geometry":{"type":"Point","coordinates":[-94.17,32.667]}},{"type":"Feature","id":"UC-NYD","properties":{"id":"UC-NYD","name":"Laguna Atascosa NWR","category":"Deer","species":"White-tailed deer","color":"#2f6b4f","deadline":"2026-10-01","lon":-97.347995,"lat":26.226473},"geometry":{"type":"Point","coordinates":[-97.347995,26.226473]}},{"type":"Feature","id":"UD-NYD","properties":{"id":"UD-NYD","name":"Lower Rio Grande Valley NWR - Teniente","category":"Deer","species":"White-tailed deer","color":"#2f6b4f","deadline":"2026-10-01","lon":-97.952715,"lat":26.512968},"geometry":{"type":"Point","coordinates":[-97.952715,26.512968]}},{"type":"Feature","id":"UI-NMD","properties":{"id":"UI-NMD","name":"Trinity River NWR - Boars Den","category":"Deer","species":"White-tailed deer","color":"#2f6b4f","deadline":"2026-10-15","lon":-94.7658587,"lat":30.0983171},"geometry":{"type":"Point","coordinates":[-94.7658587,30.0983171]}},{"type":"Feature","id":"UK-NMD","properties":{"id":"UK-NMD","name":"Trinity River NWR - Brierwood","category":"Deer","species":"White-tailed deer","color":"#2f6b4f","deadline":"2026-10-15","lon":-94.7658587,"lat":30.0983171},"geometry":{"type":"Point","coordinates":[-94.7658587,30.0983171]}},{"type":"Feature","id":"UJ-NMD","properties":{"id":"UJ-NMD","name":"Trinity River NWR - Butler","category":"Deer","species":"White-tailed deer","color":"#2f6b4f","deadline":"2026-10-15","lon":-94.7658587,"lat":30.0983171},"geometry":{"type":"Point","coordinates":[-94.7658587,30.0983171]}},{"type":"Feature","id":"UG-NMD","properties":{"id":"UG-NMD","name":"Trinity River NWR - Hirsch","category":"Deer","species":"White-tailed deer","color":"#2f6b4f","deadline":"2026-10-15","lon":-94.7658587,"lat":30.0983171},"geometry":{"type":"Point","coordinates":[-94.7658587,30.0983171]}},{"type":"Feature","id":"UL-NMD","properties":{"id":"UL-NMD","name":"Trinity River NWR - Mcguire","category":"Deer","species":"White-tailed deer","color":"#2f6b4f","deadline":"2026-10-15","lon":-94.7658587,"lat":30.0983171},"geometry":{"type":"Point","coordinates":[-94.7658587,30.0983171]}},{"type":"Feature","id":"UH-NMD","properties":{"id":"UH-NMD","name":"Trinity River NWR - Page","category":"Deer","species":"White-tailed deer","color":"#2f6b4f","deadline":"2026-10-15","lon":-94.7658587,"lat":30.0983171},"geometry":{"type":"Point","coordinates":[-94.7658587,30.0983171]}}]}