{"type":"FeatureCollection","features":[{"type":"Feature","id":"2529","properties":{"id":"2529","unitIds":["2529"],"name":"94 Trust - Floyd County Complex 3","counties":["Floyd"],"region":"Panhandle","acres":320.0,"type":"dove_lease","pdfUrl":"https://tpwd.texas.gov/huntwild/hunt/public/annual_public_hunting/resources/FloydCountyComplex3.pdf","aerialPdfUrl":"https://tpwd.texas.gov/huntwild/hunt/public/annual_public_hunting/resources/94Trust_2529.pdf","registration":"osr","legalGameTags":["Dove","Waterfowl","Quail","Pheasant","Rabbit"],"legalGameText":"• 2026-2027 \n OSR Required Each Day Dove: Each day of the of the North Zone Dove season (Mourning and White-winged). Quail: Each day of the Quail season. Pheasant: Each day of Pheasant season. Geese: Each day of the Western Zone season and Conservation Order. Sandhill Crane: Each day of Sandhill Crane season for Zone A. Rabbits and Hares: May be taken while hunting dove, quail or Pheasant.","species":["dove","pheasant","quail","rabbit","waterfowl"],"methods":["any_legal","shotgun"],"access":["aph_walk_in"],"complexes":[],"hasEpostcard":false,"hasRegularPermit":false,"epostcardUrl":"","countySlugs":["floyd"],"bookletPage":"8","bookletPdfPage":37,"bookletUrl":"https://tpwd.texas.gov/publications/pwdpubs/media/pwd_bk_w7000_0112a.pdf#page=37","lon":-101.28147,"lat":34.00354},"geometry":{"type":"Polygon","coordinates":[[[-101.29014,33.99988],[-101.27276,34.00003],[-101.27281,34.00722],[-101.29019,34.00705],[-101.29014,33.99988]]]}},{"type":"Feature","id":"2500","properties":{"id":"2500","unitIds":["2500"],"name":"Abernathy North","counties":["Hale"],"region":"Panhandle","acres":194.0,"type":"dove_lease","pdfUrl":"https://tpwd.texas.gov/huntwild/hunt/public/annual_public_hunting/resources/2500.pdf","aerialPdfUrl":"https://tpwd.texas.gov/huntwild/hunt/public/annual_public_hunting/resources/AbernathyNorth_2500.pdf","registration":"osr","legalGameTags":["Dove","Rabbit","Coyotes"],"legalGameText":"• 2026-2027 \n OSR Required Each Day Dove: Each day of the of the North Zone Dove season \n (Mourning, White-winged, and Eurasian Collared). Rabbits and Coyotes: May be taken while hunting Dove.","species":["coyote","dove","rabbit"],"methods":["any_legal","shotgun"],"access":["aph_walk_in"],"complexes":[],"hasEpostcard":false,"hasRegularPermit":false,"epostcardUrl":"","countySlugs":["hale"],"bookletPage":"12","bookletPdfPage":41,"bookletUrl":"https://tpwd.texas.gov/publications/pwdpubs/media/pwd_bk_w7000_0112a.pdf#page=41","lon":-101.84041,"lat":33.90081},"geometry":{"type":"Polygon","coordinates":[[[-101.8444,33.89632],[-101.8368,33.89628],[-101.83605,33.90524],[-101.84446,33.9051],[-101.8444,33.89632]]]}},{"type":"Feature","id":"1001","properties":{"id":"1001","unitIds":["1001"],"name":"Abilene State Park","counties":["Taylor"],"region":"Central Texas","acres":520.0,"type":"state_park","pdfUrl":"https://tpwd.texas.gov/huntwild/hunt/public/annual_public_hunting/resources/1001.pdf","aerialPdfUrl":"https://tpwd.texas.gov/huntwild/hunt/public/annual_public_hunting/resources/Abilene_1001.pdf","registration":"osr","legalGameTags":["E-Postcard Feral Hog","Waterfowl","Squirel"],"legalGameText":"• 2026-2027 \n OSR Required Each Day Waterfowl: Jan. 16-31. Squirrel: Jan. 16-31","species":["feral_hog","squirrel","waterfowl"],"methods":["any_legal","shotgun"],"access":["aph_walk_in","e_postcard"],"complexes":[],"hasEpostcard":true,"hasRegularPermit":false,"epostcardUrl":"https://tpwd.texas.gov/huntwild/hunt/public/public_hunt_drawing/hunt-area-details.phtml?OArea=AE","countySlugs":["taylor"],"bookletPage":"41","bookletPdfPage":70,"bookletUrl":"https://tpwd.texas.gov/publications/pwdpubs/media/pwd_bk_w7000_0112a.pdf#page=70","lon":-99.89532,"lat":32.23818},"geometry":{"type":"Polygon","coordinates":[[[-99.88994,32.24363],[-99.88777,32.24848],[-99.89158,32.24911],[-99.89254,32.2523],[-99.91305,32.24807],[-99.91026,32.23919],[-99.9143,32.23833],[-99.91102,32.22724],[-99.89505,32.23148],[-99.89226,32.23088],[-99.89,32.22287],[-99.87969,32.22513],[-99.88192,32.23268],[-99.87604,32.23413],[-99.87492,32.23621],[-99.87948,32.24358],[-99.87572,32.24626],[-99.88994,32.24363]]]}},{"type":"Feature","id":"904","properties":{"id":"904","unitIds":["904"],"name":"Alabama Creek WMA","counties":["Trinity"],"region":"Pineywoods","acres":14561.0,"type":"wma","pdfUrl":"https://tpwd.texas.gov/huntwild/hunt/public/annual_public_hunting/resources/904.pdf","aerialPdfUrl":"https://tpwd.texas.gov/huntwild/hunt/public/annual_public_hunting/resources/AlabamaCreek_904.pdf","registration":"eosr","legalGameTags":["Deer - Archery","Deer - General","Deer-Muzzleloader","Feral Hog","Exotic Mammals","Dove","Teal","Waterfowl","Other Migratory Birds","Squirrel","Rabbit","Coyotes","Furbearers/Predators","Fishing","Youth/Adult Squirrel","Youth Deer","Youth Waterfowl","Veteran Waterfowl"],"legalGameText":"Box for White-tailed Deer bag limit and legal buck requirements. No USFS Antlerless Deer Permit required. Youth and Veteran/Active-Duty Military Only Waterfowl: See TPWD Outdoor Annual for","species":["coyote","dove","exotic_mammals","feral_hog","furbearers","other_migratory","rabbit","squirrel","teal","waterfowl","white_tailed_deer"],"methods":["any_legal","archery","firearm","muzzleloader","shotgun"],"access":["aph_walk_in","youth","youth_adult"],"complexes":[],"hasEpostcard":false,"hasRegularPermit":false,"epostcardUrl":"","countySlugs":["trinity"],"bookletPage":"85","bookletPdfPage":114,"bookletUrl":"https://tpwd.texas.gov/publications/pwdpubs/media/pwd_bk_w7000_0112a.pdf#page=114","lon":-94.90543,"lat":31.17088},"geometry":{"type":"Polygon","coordinates":[[[-94.94048,31.13512],[-94.94042,31.1427],[-94.94639,31.14273],[-94.94721,31.13864],[-94.95451,31.14914],[-94.94741,31.14929],[-94.94745,31.15494],[-94.95396,31.1549],[-94.96105,31.16068],[-94.96182,31.16353],[-94.95472,31.16608],[-94.95213,31.16066],[-94.94387,31.16316],[-94.94808,31.17314],[-94.95421,31.17121],[-94.95627,31.17601],[-94.96108,31.17423],[-94.96137,31.17807],[-94.96864,31.17806],[-94.97461,31.18986],[-94.96918,31.19096],[-94.96911,31.18987],[-94.95317,31.19025],[-94.95304,31.19457],[-94.94852,31.19484],[-94.94826,31.20226],[-94.94549,31.20231],[-94.94544,31.19706],[-94.93567,31.18492],[-94.93179,31.18711],[-94.93177,31.18504],[-94.92147,31.18549],[-94.9214,31.1904],[-94.90851,31.19019],[-94.90838,31.19467],[-94.90488,31.1947],[-94.90487,31.19879],[-94.89706,31.19877],[-94.89668,31.20722],[-94.87666,31.20716],[-94.87667,31.21001],[-94.8669,31.21161],[-94.86274,31.21973],[-94.8616,31.21833],[-94.859,31.21892],[-94.85946,31.21599],[-94.86377,31.21623],[-94.86143,31.21282],[-94.86565,31.21244],[-94.86272,31.21094],[-94.86638,31.20952],[-94.86324,31.2033],[-94.86176,31.20346],[-94.86248,31.20075],[-94.85914,31.1986],[-94.85848,31.19545],[-94.8606,31.19574],[-94.85769,31.19051],[-94.85369,31.18911],[-94.85308,31.18514],[-94.85448,31.18466],[-94.85194,31.1833],[-94.85019,31.17851],[-94.85219,31.17803],[-94.85223,31.17645],[-94.84994,31.17128],[-94.85323,31.17213],[-94.85317,31.17374],[-94.85517,31.17247],[-94.85304,31.1646],[-94.84973,31.15973],[-94.85153,31.15661],[-94.8502,31.15487],[-94.86346,31.15447],[-94.86338,31.15164],[-94.87297,31.15151],[-94.87381,31.14846],[-94.89183,31.14864],[-94.89181,31.15372],[-94.89599,31.15373],[-94.8963,31.13963],[-94.9053,31.13969],[-94.90541,31.13407],[-94.90676,31.13271],[-94.90568,31.13124],[-94.93151,31.13148],[-94.93154,31.13504],[-94.94048,31.13512]]]}},{"type":"Feature","id":"747","properties":{"id":"747","unitIds":["747"],"name":"Alazan Bayou WMA","counties":["Nacogdoches"],"region":"Pineywoods","acres":2255.0,"type":"wma","pdfUrl":"","aerialPdfUrl":"","registration":"none","legalGameTags":["E-Postcard Waterfowl"],"legalGameText":"","species":["waterfowl"],"methods":["shotgun"],"access":["e_postcard"],"complexes":[],"hasEpostcard":true,"hasRegularPermit":false,"epostcardUrl":"https://tpwd.texas.gov/huntwild/hunt/public/public_hunt_drawing/hunt-area-details.phtml?OArea=AB","countySlugs":["nacogdoches"],"bookletPage":"78–79","bookletPdfPage":107,"bookletUrl":"https://tpwd.texas.gov/publications/pwdpubs/media/pwd_bk_w7000_0112a.pdf#page=107","lon":-94.75831,"lat":31.48174},"geometry":{"type":"MultiPolygon","coordinates":[[[[-94.74337,31.49782],[-94.73324,31.49347],[-94.73505,31.48664],[-94.73206,31.47911],[-94.72983,31.47969],[-94.73205,31.47908],[-94.73143,31.4775],[-94.73292,31.47585],[-94.73556,31.47581],[-94.73506,31.46751],[-94.73369,31.46564],[-94.73551,31.46441],[-94.73484,31.46282],[-94.73913,31.46312],[-94.73849,31.46429],[-94.74073,31.46425],[-94.73926,31.46494],[-94.74051,31.46594],[-94.74317,31.46542],[-94.75551,31.47112],[-94.76004,31.46987],[-94.7614,31.4715],[-94.76239,31.46956],[-94.76461,31.46922],[-94.76494,31.47203],[-94.76696,31.47152],[-94.76924,31.47469],[-94.77209,31.47437],[-94.76948,31.47585],[-94.77026,31.47696],[-94.77206,31.47603],[-94.77125,31.47748],[-94.76774,31.48013],[-94.76328,31.47838],[-94.75998,31.49667],[-94.7558,31.49882],[-94.74924,31.49698],[-94.74337,31.49782]]],[[[-94.80145,31.48898],[-94.80364,31.48725],[-94.80012,31.48649],[-94.80002,31.48516],[-94.79814,31.48613],[-94.79299,31.48251],[-94.79241,31.47939],[-94.78877,31.48037],[-94.7878,31.47931],[-94.78938,31.4759],[-94.80053,31.47635],[-94.80929,31.48379],[-94.81387,31.48048],[-94.81891,31.48175],[-94.81484,31.48521],[-94.81036,31.48455],[-94.81199,31.48725],[-94.80863,31.48964],[-94.80537,31.48832],[-94.80358,31.49036],[-94.80145,31.48898]]]]}},{"type":"Feature","id":"747E","properties":{"id":"747E","unitIds":["747E"],"name":"Alazan Bayou WMA - Blount Tract","counties":["Nacogdoches"],"region":"Pineywoods","acres":null,"type":"wma","pdfUrl":"https://tpwd.texas.gov/huntwild/hunt/public/annual_public_hunting/resources/747E.pdf","aerialPdfUrl":"https://tpwd.texas.gov/huntwild/hunt/public/annual_public_hunting/resources/AlazanBayouBlount_747E.pdf","registration":"osr","legalGameTags":["Deer - Archery","Feral Hog","Exotic Mammals","Dove","Teal","Waterfowl","Other Migratory Birds","Squirrel","Rabbit","Coyotes","Furbearers/Predators","Fishing","Youth/Adult Squirrel"],"legalGameText":"• 2026-2027 \n OSR Required Each Day. Archery Only White-tailed Deer: Oct. 3-Nov. 1 (either sex) and Nov. 24-Jan. 3 (buck only). Bag limit 2 \n deer no more than 1 buck. LEGAL BUCK must have at least one unbranched antler or an inside spread of at least 13 inches. Feral Hogs and Exotic Mammals: Sept. 1-Nov. 1, Nov. 24-Jan. 3 and Jan. 18-Aug 31. Legal means for \n taking feral hog are archery, air guns, arrow guns, and shotguns (buckshot is allowed). Baiting is legal for feral hogs Feb. 1 to June 30. Use of dogs prohibited. Waterfowl: Shooting hours - one half hour before sunrise to noon on Monday, Wednesday, and Saturday \n except on dates","species":["coyote","dove","exotic_mammals","feral_hog","furbearers","other_migratory","rabbit","squirrel","teal","waterfowl","white_tailed_deer"],"methods":["any_legal","archery","shotgun"],"access":["aph_walk_in","youth_adult"],"complexes":[],"hasEpostcard":false,"hasRegularPermit":false,"epostcardUrl":"","countySlugs":["nacogdoches"],"bookletPage":"78","bookletPdfPage":107,"bookletUrl":"https://tpwd.texas.gov/publications/pwdpubs/media/pwd_bk_w7000_0112a.pdf#page=107","lon":-94.75328788997075,"lat":31.480961528629862},"geometry":{"type":"Point","coordinates":[-94.75329,31.48096]}},{"type":"Feature","id":"747W","properties":{"id":"747W","unitIds":["747W"],"name":"Alazan Bayou WMA - Old River Tract","counties":["Angelina"],"region":"Pineywoods","acres":null,"type":"wma","pdfUrl":"https://tpwd.texas.gov/huntwild/hunt/public/annual_public_hunting/resources/747W.pdf","aerialPdfUrl":"https://tpwd.texas.gov/huntwild/hunt/public/annual_public_hunting/resources/AlazanBayouOldRiver_747W.pdf","registration":"osr","legalGameTags":["Deer - Archery","Feral Hog","Exotic Mammals","Dove","Teal","Waterfowl","Other Migratory Birds","Squirrel","Rabbit","Coyotes","Furbearers/Predators","Fishing","Youth/Adult Squirrel","Youth Waterfowl","Veteran Waterfowl"],"legalGameText":"• 2026-2027 \n OSR Required Each Day Archery Only White-tailed Deer: Oct. 3-Nov. 29 (either sex) and Nov. 30-Jan. 3 (buck only). Bag limit - 1 buck and 2 antlerless. LEGAL BUCK must have at least one unbranched antler or an inside spread of at least 13 inches. Feral Hogs and Exotic Mammals: Open year-round. Legal means for taking feral hog are: air \n guns, arrow guns, archery, and shotguns with buckshot. Baiting is legal for feral hogs after the last day of waterfowl season until July 31. Dogs are prohibited. Daytime hunting only. Waterfowl: Hunting is allowed on Tues., Thurs., and Sat. during the Early Teal, North Zone \n Duck, Falconry, and Eastern Zone Goose seasons. Shooting hours - one half hour before sunrise to noon. Rail and Gallinules: Shooting hours end at noon. Hunting is allowed Tues., Thurs., and Sat. during \n the season established for these species including Falconry season. Snipe: Shooting hours end at noon. Hunting is allowed Tues., Thurs., and Sat. during the season. Woodcock: Each day during regular and Falconry seasons. Dove: Each day of Central Zone Dove and Falconry Seasons. Squirrel: Each day of East Texas Squirrel Season. Rabbit & Hares: Open year round. Bullfrogs: (daily limit of 25). Crayfish Fishing Furbearers Predators Trapping: Sept. 1-Aug. 31, furbearers and predators only.","species":["coyote","dove","exotic_mammals","feral_hog","furbearers","other_migratory","rabbit","squirrel","teal","waterfowl","white_tailed_deer"],"methods":["any_legal","archery","shotgun"],"access":["aph_walk_in","youth","youth_adult"],"complexes":[],"hasEpostcard":false,"hasRegularPermit":false,"epostcardUrl":"","countySlugs":["angelina"],"bookletPage":"79","bookletPdfPage":108,"bookletUrl":"https://tpwd.texas.gov/publications/pwdpubs/media/pwd_bk_w7000_0112a.pdf#page=108","lon":-94.80274628544818,"lat":31.484086482339528},"geometry":{"type":"Point","coordinates":[-94.80275,31.48409]}},{"type":"Feature","id":"744","properties":{"id":"744","unitIds":["744"],"name":"Anacua Unit - Las Palomas WMA","counties":["Cameron"],"region":"San Antonio/Corpus Christi","acres":220.0,"type":"wma","pdfUrl":"https://tpwd.texas.gov/huntwild/hunt/public/annual_public_hunting/resources/744.pdf","aerialPdfUrl":"https://tpwd.texas.gov/huntwild/hunt/public/annual_public_hunting/resources/LasPalomasAnacua_744.pdf","registration":"osr","legalGameTags":["Dove","Quail","Chachalaca","Rabbit"],"legalGameText":"• 2026-2027 \n OSR Required Each Day Dove: Each day of South Zone Dove and Falconry Dove seasons. Chachalaca: Each day of the Chachalaca season Quail: Each day of the Quail season. Rabbits & Hares: Concurrent with hunt dates for dove and quail.","species":["chachalaca","dove","quail","rabbit"],"methods":["any_legal","shotgun"],"access":["aph_walk_in"],"complexes":[],"hasEpostcard":false,"hasRegularPermit":false,"epostcardUrl":"","countySlugs":["cameron"],"bookletPage":"134","bookletPdfPage":163,"bookletUrl":"https://tpwd.texas.gov/publications/pwdpubs/media/pwd_bk_w7000_0112a.pdf#page=163","lon":-97.84725,"lat":26.06063},"geometry":{"type":"MultiPolygon","coordinates":[[[[-97.8433,26.05868],[-97.84326,26.05485],[-97.84145,26.05396],[-97.85094,26.0524],[-97.85286,26.05809],[-97.85194,26.0604],[-97.84935,26.06042],[-97.84931,26.05682],[-97.8433,26.05868]]],[[[-97.85008,26.06382],[-97.84765,26.06799],[-97.84774,26.0714],[-97.84349,26.07154],[-97.84338,26.06533],[-97.85008,26.06382]]]]}},{"type":"Feature","id":"707","properties":{"id":"707","unitIds":["707"],"name":"Angelina Neches/Dam B WMA","counties":["Jasper","Tyler"],"region":"Pineywoods","acres":12706.0,"type":"wma","pdfUrl":"https://tpwd.texas.gov/huntwild/hunt/public/annual_public_hunting/resources/707.pdf","aerialPdfUrl":"https://tpwd.texas.gov/huntwild/hunt/public/annual_public_hunting/resources/AngelinaNechesDam_707.pdf","registration":"none","legalGameTags":["Deer - Archery","Deer - General","Deer-Muzzleloader","Feral Hog","Exotic Mammals","Dove","Teal","Waterfowl","Other Migratory Birds","Squirrel","Rabbit","Coyotes","Furbearers/Predators","Fishing","Youth Deer","Youth Waterfowl","Youth Squirrel","Veteran Waterfowl"],"legalGameText":"Legend for White-tailed Deer bag limit and legal buck requirements. See TPWD Outdoor Annual for Special Youth Season information and regulations. Youth and Veteran/Active-Duty Military Only Waterfowl: See TPWD Outdoor Annual for","species":["coyote","dove","exotic_mammals","feral_hog","furbearers","other_migratory","rabbit","squirrel","teal","waterfowl","white_tailed_deer"],"methods":["any_legal","archery","firearm","muzzleloader","shotgun"],"access":["aph_walk_in","youth"],"complexes":[],"hasEpostcard":false,"hasRegularPermit":false,"epostcardUrl":"","countySlugs":["jasper","tyler"],"bookletPage":"77","bookletPdfPage":106,"bookletUrl":"https://tpwd.texas.gov/publications/pwdpubs/media/pwd_bk_w7000_0112a.pdf#page=106","lon":-94.19717,"lat":30.89676},"geometry":{"type":"Polygon","coordinates":[[[-94.21123,30.93838],[-94.21231,30.94318],[-94.22285,30.93723],[-94.21997,30.93473],[-94.21528,30.93431],[-94.21095,30.93545],[-94.21017,30.93798],[-94.20415,30.9337],[-94.20781,30.93177],[-94.21698,30.93181],[-94.21701,30.92898],[-94.22594,30.929],[-94.22592,30.92625],[-94.2294,30.92624],[-94.2294,30.92356],[-94.21373,30.92094],[-94.21369,30.91884],[-94.21172,30.91763],[-94.21104,30.91431],[-94.21631,30.90202],[-94.22698,30.90209],[-94.22644,30.90736],[-94.22772,30.90822],[-94.23706,30.90826],[-94.23898,30.90106],[-94.24542,30.90054],[-94.24742,30.88603],[-94.24383,30.88708],[-94.24198,30.89172],[-94.23743,30.89453],[-94.23562,30.88491],[-94.22954,30.88013],[-94.2324,30.87387],[-94.23084,30.86933],[-94.22876,30.86933],[-94.22613,30.86608],[-94.21909,30.86233],[-94.21905,30.85959],[-94.19829,30.85661],[-94.19815,30.85354],[-94.17627,30.85337],[-94.17643,30.85607],[-94.18209,30.85637],[-94.18755,30.8608],[-94.18452,30.86394],[-94.18396,30.86722],[-94.18197,30.86813],[-94.18228,30.87167],[-94.17454,30.87206],[-94.17338,30.87146],[-94.17477,30.87027],[-94.17129,30.86759],[-94.16628,30.86903],[-94.16597,30.87316],[-94.15973,30.87289],[-94.15995,30.88116],[-94.15632,30.88546],[-94.15586,30.89264],[-94.14714,30.89352],[-94.14705,30.89546],[-94.16016,30.89476],[-94.16792,30.89862],[-94.17641,30.89487],[-94.18101,30.90365],[-94.17796,30.90558],[-94.17018,30.90174],[-94.16006,30.90377],[-94.15933,30.91133],[-94.16184,30.91492],[-94.1615,30.91867],[-94.16999,30.9178],[-94.17272,30.92065],[-94.17029,30.92217],[-94.16985,30.92507],[-94.17163,30.92841],[-94.16886,30.93218],[-94.17012,30.93579],[-94.17483,30.93802],[-94.17288,30.94162],[-94.18121,30.94156],[-94.18012,30.93798],[-94.21123,30.93838]]]}},{"type":"Feature","id":"739","properties":{"id":"739","unitIds":["739"],"name":"Arroyo Colorado Unit - Las Palomas WMA","counties":["Cameron"],"region":"San Antonio/Corpus Christi","acres":57.0,"type":"wma","pdfUrl":"https://tpwd.texas.gov/huntwild/hunt/public/annual_public_hunting/resources/739.pdf","aerialPdfUrl":"https://tpwd.texas.gov/huntwild/hunt/public/annual_public_hunting/resources/LasPalomasArroyoColorado_739.pdf","registration":"osr","legalGameTags":["Dove","Quail","Rabbit"],"legalGameText":"• 2026-2027 \n OSR Required Each Day \n Quail: Each day of the Quail season. Chachalaca: Each day of the Chachalaca season. Rabbits & Hares: Concurrent with hunt dates for dove and quail.","species":["dove","quail","rabbit"],"methods":["any_legal","shotgun"],"access":["aph_walk_in"],"complexes":[],"hasEpostcard":false,"hasRegularPermit":false,"epostcardUrl":"","countySlugs":["cameron"],"bookletPage":"135","bookletPdfPage":164,"bookletUrl":"https://tpwd.texas.gov/publications/pwdpubs/media/pwd_bk_w7000_0112a.pdf#page=164","lon":-97.514,"lat":26.3197},"geometry":{"type":"MultiPolygon","coordinates":[[[[-97.5253,26.32042],[-97.5206,26.32579],[-97.51424,26.32648],[-97.50734,26.32099],[-97.50802,26.31727],[-97.51338,26.31705],[-97.51493,26.31592],[-97.51489,26.31421],[-97.51322,26.31209],[-97.51672,26.31256],[-97.51912,26.31006],[-97.51919,26.31289],[-97.52623,26.31384],[-97.5253,26.32042]],[[-97.51826,26.31288],[-97.51917,26.313],[-97.51919,26.31289],[-97.51826,26.31288]]],[[[-97.50715,26.3131],[-97.51435,26.31438],[-97.51387,26.3163],[-97.50945,26.31641],[-97.50611,26.31807],[-97.50685,26.32186],[-97.51251,26.32619],[-97.50683,26.32904],[-97.50138,26.32152],[-97.50404,26.31556],[-97.50715,26.3131]]]]}},{"type":"Feature","id":"2563","properties":{"id":"2563","unitIds":["2563"],"name":"Askew CRP - Lynn County Complex","counties":["Lynn"],"region":"Panhandle","acres":320.0,"type":"dove_lease","pdfUrl":"https://tpwd.texas.gov/huntwild/hunt/public/annual_public_hunting/resources/LynnCountyComplex.pdf","aerialPdfUrl":"https://tpwd.texas.gov/huntwild/hunt/public/annual_public_hunting/resources/AskewCRP_2563.pdf","registration":"osr","legalGameTags":["Dove","Quail","Rabbit"],"legalGameText":"• 2026-2027 \n OSR Required Each Day Dove: Each day of the of the North Zone Dove season \n (Mourning, White-winged, Eurasian Collared, and Feral Pigeon). Quail: Each day of Quail season for Lynn County. Rabbits: Concurrent with dove and quail seasons. #2563 #2563 \n #2545 #2545 \n Lynn County Complex \n Askew CRP (Unit #2563) 320 acres \n Noble Playa (Unit #2545) 308 acres \n Lynn","species":["dove","quail","rabbit"],"methods":["any_legal","shotgun"],"access":["aph_walk_in"],"complexes":[],"hasEpostcard":false,"hasRegularPermit":false,"epostcardUrl":"","countySlugs":["lynn"],"bookletPage":"19","bookletPdfPage":48,"bookletUrl":"https://tpwd.texas.gov/publications/pwdpubs/media/pwd_bk_w7000_0112a.pdf#page=48","lon":-102.0627,"lat":33.15941},"geometry":{"type":"Polygon","coordinates":[[[-102.06688,33.15222],[-102.0585,33.15226],[-102.05846,33.16654],[-102.06694,33.16655],[-102.06688,33.15222]]]}},{"type":"Feature","id":"710","properties":{"id":"710","unitIds":["710"],"name":"Baird Unit - Las Palomas WMA","counties":["Hidalgo"],"region":"San Antonio/Corpus Christi","acres":122.0,"type":"wma","pdfUrl":"https://tpwd.texas.gov/huntwild/hunt/public/annual_public_hunting/resources/710_715_718.pdf","aerialPdfUrl":"https://tpwd.texas.gov/huntwild/hunt/public/annual_public_hunting/resources/LasPalomasBaird_710.pdf","registration":"osr","legalGameTags":["Dove","Quail","Chachalaca","Rabbit"],"legalGameText":"• 2026-2027 \n OSR Required Each Day Dove: Each day of South Zone Dove and Falconry Dove Seasons. Quail: Each day of the Quail season. Chachalaca: Each day of the Chachalaca season. Rabbits & Hares: Concurrent with hunt dates for dove and quail.","species":["chachalaca","dove","quail","rabbit"],"methods":["any_legal","shotgun"],"access":["aph_walk_in"],"complexes":[],"hasEpostcard":false,"hasRegularPermit":false,"epostcardUrl":"","countySlugs":["hidalgo"],"bookletPage":"140","bookletPdfPage":169,"bookletUrl":"https://tpwd.texas.gov/publications/pwdpubs/media/pwd_bk_w7000_0112a.pdf#page=169","lon":-98.04563,"lat":26.11019},"geometry":{"type":"Polygon","coordinates":[[[-98.04418,26.10266],[-98.04442,26.1221],[-98.04504,26.12219],[-98.04817,26.1032],[-98.04418,26.10266]]]}},{"type":"Feature","id":"504","properties":{"id":"504","unitIds":["504"],"name":"Balcones Canyonlands NWR","counties":["Burnet","Travis","Williamson"],"region":"Austin/Waco","acres":null,"type":"other","pdfUrl":"","aerialPdfUrl":"","registration":"none","legalGameTags":["E-Postcard Archery Deer","Deer - Archery"],"legalGameText":"","species":["white_tailed_deer"],"methods":["archery"],"access":["aph_walk_in","e_postcard"],"complexes":[],"hasEpostcard":true,"hasRegularPermit":false,"epostcardUrl":"https://tpwd.texas.gov/huntwild/hunt/public/public_hunt_drawing/hunt-area-details.phtml?OArea=UB","countySlugs":["burnet","travis","williamson"],"bookletPage":"xxii","bookletPdfPage":25,"bookletUrl":"https://tpwd.texas.gov/publications/pwdpubs/media/pwd_bk_w7000_0112a.pdf#page=25","lon":-98.07,"lat":30.54},"geometry":{"type":"Point","coordinates":[-98.07,30.54]}},{"type":"Feature","id":"903","properties":{"id":"903","unitIds":["903"],"name":"Bannister WMA","counties":["San Augustine"],"region":"Pineywoods","acres":21131.0,"type":"wma","pdfUrl":"https://tpwd.texas.gov/huntwild/hunt/public/annual_public_hunting/resources/903.pdf","aerialPdfUrl":"https://tpwd.texas.gov/huntwild/hunt/public/annual_public_hunting/resources/Bannister_903.pdf","registration":"osr","legalGameTags":["Deer - Archery","Deer - General","Deer-Muzzleloader","Feral Hog","Exotic Mammals","Dove","Teal","Waterfowl","Other Migratory Birds","Squirrel","Rabbit","Coyotes","Furbearers/Predators","Fishing","Youth/Adult Squirrel","Youth Deer","Youth Waterfowl","Veteran Waterfowl"],"legalGameText":"• 2026-2027 \n OSR Required Each Day White-tailed Deer: bag limit - 1 buck and 2 antlerless (all seasons \n combined). LEGAL BUCK must have at least one unbranched antler or an inside spread of at least 13 inches. Archery Only Season: Oct. 3-Nov. 6 (either sex). \n General Season: Nov. 7-Jan. 3 (buck only unless in possession of a USFS \n Antlerless Deer Permit obtained from the USFS. See USFS Additional Restrictions section for more information on antlerless deer permits). Muzzleloader Season: Jan. 4-17 (either sex, buck must have at least one \n unbranched antler). No USFS Antlerless Deer Permit required. Feral Hogs and Exotic Mammals: Open year-round (no bag limit). All \n legal firearms, air guns, arrow guns and archery equipment may be used. Waterfowl: Shooting hours - one half hour before sunrise to noon. Hunting \n is allowed each day of the Early Teal, North Zone Duck, Falconry, and Eastern Zone Goose seasons. Woodcock, Rail, and Gallinule: Each day of Statewide and Falconry \n Seasons Snipe: Each day of Statewide Season. Dove: Each day of the Central Zone and Falconry Season. Squirrel: Each day of East Texas Season. Furbearers Rabbits & Hares Predators Bullfrogs: daily limit of 25. Fishing: No permit required. Trapping: Sept. 1-Aug. 31, furbearers and predators only. Use of horses allowed year-round.","species":["coyote","dove","exotic_mammals","feral_hog","furbearers","other_migratory","rabbit","squirrel","teal","waterfowl","white_tailed_deer"],"methods":["any_legal","archery","firearm","muzzleloader","shotgun"],"access":["aph_walk_in","youth","youth_adult"],"complexes":[],"hasEpostcard":false,"hasRegularPermit":false,"epostcardUrl":"","countySlugs":["san-augustine"],"bookletPage":"82","bookletPdfPage":111,"bookletUrl":"https://tpwd.texas.gov/publications/pwdpubs/media/pwd_bk_w7000_0112a.pdf#page=111","lon":-94.2251,"lat":31.35496},"geometry":{"type":"Polygon","coordinates":[[[-94.15738,31.34575],[-94.161,31.34206],[-94.15995,31.33639],[-94.1547,31.3364],[-94.15077,31.32887],[-94.14994,31.32322],[-94.14464,31.31735],[-94.16377,31.31745],[-94.16372,31.32452],[-94.16925,31.32457],[-94.1788,31.32437],[-94.1787,31.31737],[-94.18928,31.31727],[-94.18991,31.32171],[-94.19826,31.32158],[-94.1982,31.31705],[-94.227,31.31676],[-94.2269,31.32453],[-94.23314,31.32599],[-94.23324,31.32794],[-94.23101,31.32683],[-94.23436,31.33145],[-94.22675,31.32935],[-94.22696,31.33541],[-94.22887,31.33543],[-94.22888,31.33823],[-94.24532,31.34022],[-94.24797,31.34016],[-94.24787,31.33863],[-94.25215,31.33597],[-94.24852,31.33036],[-94.2485,31.31865],[-94.26169,31.31857],[-94.26168,31.31666],[-94.27197,31.32621],[-94.27728,31.32846],[-94.2773,31.33122],[-94.27064,31.33137],[-94.27068,31.33605],[-94.28618,31.33595],[-94.28623,31.34803],[-94.30866,31.34786],[-94.3105,31.34527],[-94.31316,31.34629],[-94.31027,31.34691],[-94.3104,31.34862],[-94.30805,31.34978],[-94.30969,31.35113],[-94.31367,31.34764],[-94.31574,31.35161],[-94.31189,31.3532],[-94.31282,31.35605],[-94.30355,31.36204],[-94.3036,31.36564],[-94.29344,31.36811],[-94.29503,31.3691],[-94.2951,31.37272],[-94.28852,31.37193],[-94.28673,31.37295],[-94.2866,31.37732],[-94.26581,31.38266],[-94.26823,31.39024],[-94.23988,31.39369],[-94.20816,31.39513],[-94.20656,31.39046],[-94.20218,31.39047],[-94.20226,31.38512],[-94.18211,31.38342],[-94.18196,31.37859],[-94.17001,31.37878],[-94.16991,31.37403],[-94.16276,31.3741],[-94.15635,31.36312],[-94.15263,31.36299],[-94.15306,31.35511],[-94.17136,31.35501],[-94.17127,31.34562],[-94.16726,31.34571],[-94.16716,31.34845],[-94.15875,31.34844],[-94.15869,31.3456],[-94.15738,31.34575]]]}},{"type":"Feature","id":"2567","properties":{"id":"2567","unitIds":["2567"],"name":"Betty - Canadian River Complex 3","counties":["Hansford"],"region":"Panhandle","acres":326.0,"type":"dove_lease","pdfUrl":"https://tpwd.texas.gov/huntwild/hunt/public/annual_public_hunting/resources/CanadianRiverComplex3.pdf","aerialPdfUrl":"https://tpwd.texas.gov/huntwild/hunt/public/annual_public_hunting/resources/CanadianRiverComplex3_Betty_2567.pdf","registration":"osr","legalGameTags":["Dove","Teal","Waterfowl","Cranes","Pheasant","Rabbit","Coyotes","Youth Waterfowl","Veteran Waterfowl"],"legalGameText":"• 2026-2027 \n OSR Required Each Day Dove: Each day of the North Zone Dove season \n (Mourning, White-winged, and Eurasian Collared)except on dates the","species":["coyote","dove","pheasant","rabbit","sandhill_crane","teal","waterfowl"],"methods":["any_legal","shotgun"],"access":["aph_walk_in","youth"],"complexes":[],"hasEpostcard":false,"hasRegularPermit":false,"epostcardUrl":"","countySlugs":["hansford"],"bookletPage":"24","bookletPdfPage":53,"bookletUrl":"https://tpwd.texas.gov/publications/pwdpubs/media/pwd_bk_w7000_0112a.pdf#page=53","lon":-101.10077,"lat":36.29712},"geometry":{"type":"Polygon","coordinates":[[[-101.10978,36.29336],[-101.09163,36.29371],[-101.09172,36.30088],[-101.10995,36.30053],[-101.10978,36.29336]]]}},{"type":"Feature","id":"2470","properties":{"id":"2470","unitIds":["2470","2469"],"name":"Bexar County Complex","counties":["Bexar"],"region":"San Antonio/Corpus Christi","acres":540.0,"type":"dove_lease","pdfUrl":"https://tpwd.texas.gov/huntwild/hunt/public/annual_public_hunting/resources/BexarCountyComplex.pdf","aerialPdfUrl":"https://tpwd.texas.gov/huntwild/hunt/public/annual_public_hunting/resources/LoneStarPass_2470.pdf","registration":"osr","legalGameTags":["Dove","Rabbit"],"legalGameText":"• 2026-2027 \n OSR Required Each Day \n Dove: Each day of the first split of Central Zone Dove Season (Mourning, \n White-winged, Feral Pigeons, and Eurasian Collared Dove). Rabbits: May be taken while hunting dove. \n Bexar County Complex \n Somerset Road (Unit #2469) 520 acres \n Lone Star Pass (Unit #2470) 540 acres \n Bexar","species":["dove","rabbit"],"methods":["any_legal","shotgun"],"access":["aph_walk_in"],"complexes":["Lone Star Pass","Somerset Road"],"hasEpostcard":false,"hasRegularPermit":false,"epostcardUrl":"","countySlugs":["bexar"],"bookletPage":"127","bookletPdfPage":156,"bookletUrl":"https://tpwd.texas.gov/publications/pwdpubs/media/pwd_bk_w7000_0112a.pdf#page=156","lon":-98.59707,"lat":29.27251},"geometry":{"type":"MultiPolygon","coordinates":[[[[-98.63827,29.27853],[-98.62619,29.27788],[-98.62136,29.27926],[-98.62134,29.27593],[-98.62355,29.27346],[-98.62731,29.27261],[-98.62731,29.2692],[-98.63838,29.25665],[-98.63827,29.27853]]],[[[-98.56585,29.2816],[-98.56414,29.27792],[-98.56041,29.27519],[-98.55585,29.27977],[-98.55011,29.28093],[-98.55096,29.27218],[-98.55455,29.26737],[-98.56466,29.26947],[-98.57301,29.27313],[-98.56585,29.2816]]]]}},{"type":"Feature","id":"1152","properties":{"id":"1152","unitIds":["1152"],"name":"Big Bend Ranch State Park","counties":["Presidio"],"region":"Trans-Pecos","acres":null,"type":"state_park","pdfUrl":"","aerialPdfUrl":"","registration":"none","legalGameTags":["E-Postcard Quail"],"legalGameText":"","species":["quail"],"methods":["any_legal"],"access":["e_postcard"],"complexes":[],"hasEpostcard":true,"hasRegularPermit":false,"epostcardUrl":"https://tpwd.texas.gov/huntwild/hunt/public/public_hunt_drawing/hunt-area-details.phtml?OArea=BS","countySlugs":["presidio"],"bookletPage":"xxii","bookletPdfPage":25,"bookletUrl":"https://tpwd.texas.gov/publications/pwdpubs/media/pwd_bk_w7000_0112a.pdf#page=25","lon":-103.97,"lat":29.47},"geometry":{"type":"Point","coordinates":[-103.97,29.47]}},{"type":"Feature","id":"783N","properties":{"id":"783N","unitIds":["783N"],"name":"Big Hill Unit - J.D. Murphree WMA","counties":["Jefferson"],"region":"Houston/Beaumont","acres":null,"type":"wma","pdfUrl":"https://tpwd.texas.gov/huntwild/hunt/public/annual_public_hunting/resources/783N.pdf","aerialPdfUrl":"https://tpwd.texas.gov/huntwild/hunt/public/annual_public_hunting/resources/JDMurphreeBigHill_783N.pdf","registration":"eosr","legalGameTags":["Feral Hog","Teal","Waterfowl","Other Migratory Birds","Fishing","Youth/Adult Waterfowl","Youth Waterfowl","Veteran Waterfowl"],"legalGameText":"• 2026-2027 \n Waterfowl: Annual Public Hunt Permit ONLY. ALL Hunters must check in and out through the WMA check station and exit the WMA before noon. Check station opens at 4:30 AM. Early Teal: Each day of the Early Teal season. Hunters must register at the WMA headquarters \n check station located on State Hwy. 73 South Zone Duck: Only on Wednesday, Friday, Sunday, and January 30, no hunts will be \n held on Christmas Day or New Years Day. Hunters must register at the WMA headquarters check station located on State Hwy. 73. Geese, Rails, Gallinule, and Snipe: May be taken during the seasons provided for these \n species during concurrent waterfowl hunts. Feral Hog: Archery or Shotgun (slug or buckshot) only. Each day from Feb. 1- Apr. 30 (no bag \n limit). Shooting hours are one half hour before sunrise to one half hour after sunset. No registration required. Use of dogs allowed. No Baiting. Fishing: Inside Compartments: Open Feb. 1- Aug 31. Closed Sept 1-Jan. 31. Big Hill Bayou and outside ditches: Sept. 1-Oct. 31 and Feb. 1-Aug. 31. Closed Nov. 1-Jan. 31. \n Fishing is restricted to one half hour before sunrise to one half hour after sunset. An APH or Limited Public Use (LPU) Permit is required to fish within the WMA unless all activity is confined to a boat within Big Hill Bayou, Taylor Bayou, Hillebrandt Bayou, and Blind Bayou. No commercial fishing/crabbing is allowed. No unattended lines.","species":["feral_hog","other_migratory","teal","waterfowl"],"methods":["any_legal","shotgun"],"access":["aph_walk_in","youth","youth_adult"],"complexes":[],"hasEpostcard":false,"hasRegularPermit":false,"epostcardUrl":"","countySlugs":["jefferson"],"bookletPage":"112","bookletPdfPage":141,"bookletUrl":"https://tpwd.texas.gov/publications/pwdpubs/media/pwd_bk_w7000_0112a.pdf#page=141","lon":-94.03295258724366,"lat":29.828841669352922},"geometry":{"type":"Point","coordinates":[-94.03295,29.82884]}},{"type":"Feature","id":"733","properties":{"id":"733","unitIds":["733"],"name":"Big Lake Bottom WMA","counties":["Anderson"],"region":"Pineywoods","acres":4253.0,"type":"wma","pdfUrl":"https://tpwd.texas.gov/huntwild/hunt/public/annual_public_hunting/resources/733.pdf","aerialPdfUrl":"https://tpwd.texas.gov/huntwild/hunt/public/annual_public_hunting/resources/BigLakeBottom_733.pdf","registration":"osr","legalGameTags":["Feral Hog","Waterfowl","Other Migratory Birds","Squirrel","Rabbit","Fishing","Youth Deer","Youth Feral Hog","E-Postcard Archery Deer","E-Postcard General Deer","E-Postcard Feral Hog","E-Postcard Squirrel","E-Postcard Youth Deer"],"legalGameText":"• 2026-2027 \n OSR Required Each Day Waterfowl: Dec. 5, 8, 12, 15, 19, 22, 26, 29, Jan. 2, 5, 9, 12, 16, 19, 23, 26, \n and 30, provided these dates fall within the North Zone Duck season. Shooting hours are one half hour before sunrise to noon. Woodcock, Gallinules and Snipe: May be taken during the shooting \n hours and hunt dates for waterfowl during the open seasons for these species. Squirrel, Rabbits & Hares: (Rimfire, Air Gun, or Shotgun) Dec. 1-Feb. 4. Fishing: Open year-round during daylight hours only; except dates ENTIRE \n AREA CLOSED.","species":["feral_hog","other_migratory","rabbit","squirrel","waterfowl","white_tailed_deer"],"methods":["any_legal","archery","firearm","shotgun"],"access":["aph_walk_in","e_postcard","youth"],"complexes":[],"hasEpostcard":true,"hasRegularPermit":false,"epostcardUrl":"https://tpwd.texas.gov/huntwild/hunt/public/public_hunt_drawing/hunt-area-details.phtml?OArea=BL","countySlugs":["anderson"],"bookletPage":"69","bookletPdfPage":98,"bookletUrl":"https://tpwd.texas.gov/publications/pwdpubs/media/pwd_bk_w7000_0112a.pdf#page=98","lon":-95.82816,"lat":31.69625},"geometry":{"type":"Polygon","coordinates":[[[-95.82147,31.72294],[-95.8232,31.72155],[-95.82241,31.70504],[-95.83422,31.70497],[-95.85041,31.712],[-95.87711,31.70707],[-95.87476,31.70233],[-95.87963,31.70301],[-95.88068,31.7004],[-95.87659,31.69832],[-95.87359,31.69392],[-95.86441,31.6921],[-95.86176,31.68762],[-95.85391,31.69796],[-95.83347,31.69555],[-95.82414,31.68705],[-95.81914,31.68648],[-95.80805,31.67185],[-95.80542,31.67135],[-95.80048,31.67548],[-95.79577,31.67516],[-95.79152,31.68716],[-95.79149,31.69859],[-95.79268,31.6986],[-95.79424,31.7044],[-95.82177,31.70491],[-95.82172,31.71326],[-95.81842,31.71325],[-95.81823,31.71954],[-95.82149,31.71962],[-95.82147,31.72294]]]}},{"type":"Feature","id":"2530","properties":{"id":"2530","unitIds":["2530"],"name":"Bindweed - Floyd County Complex 3","counties":["Floyd"],"region":"Panhandle","acres":640.0,"type":"dove_lease","pdfUrl":"https://tpwd.texas.gov/huntwild/hunt/public/annual_public_hunting/resources/FloydCountyComplex3.pdf","aerialPdfUrl":"https://tpwd.texas.gov/huntwild/hunt/public/annual_public_hunting/resources/Bindweed_2530.pdf","registration":"osr","legalGameTags":["Dove","Teal","Waterfowl","Cranes","Quail","Pheasant","Rabbit","Youth Waterfowl","Veteran Waterfowl"],"legalGameText":"• 2026-2027 \n OSR Required Each Day Dove: Each day of the of the North Zone Dove season (Mourning and White-winged). Quail: Each day of the Quail season. Pheasant: Each day of Pheasant season. Geese: Each day of the Western Zone season and Conservation Order. Sandhill Crane: Each day of Sandhill Crane season for Zone A. Rabbits and Hares: May be taken while hunting dove, quail or Pheasant.","species":["dove","pheasant","quail","rabbit","sandhill_crane","teal","waterfowl"],"methods":["any_legal","shotgun"],"access":["aph_walk_in","youth"],"complexes":[],"hasEpostcard":false,"hasRegularPermit":false,"epostcardUrl":"","countySlugs":["floyd"],"bookletPage":"8","bookletPdfPage":37,"bookletUrl":"https://tpwd.texas.gov/publications/pwdpubs/media/pwd_bk_w7000_0112a.pdf#page=37","lon":-101.28161,"lat":34.01444},"geometry":{"type":"Polygon","coordinates":[[[-101.27304,34.02172],[-101.29035,34.02156],[-101.29016,34.00716],[-101.27289,34.0073],[-101.27304,34.02172]]]}},{"type":"Feature","id":"2297","properties":{"id":"2297","unitIds":["2297"],"name":"Black Branch - Hunt County Complex 2","counties":["Hunt"],"region":"Dallas/Ft. Worth","acres":200.0,"type":"dove_lease","pdfUrl":"https://tpwd.texas.gov/huntwild/hunt/public/annual_public_hunting/resources/HuntCountyComplex2.pdf","aerialPdfUrl":"https://tpwd.texas.gov/huntwild/hunt/public/annual_public_hunting/resources/BlackBranch_2297.pdf","registration":"osr","legalGameTags":["Dove"],"legalGameText":"• 2026-2027 \n OSR Required Each Day Dove: Each day of the first split of the North \n Zone Dove Season with hunting to end on Oct. 31 (Mourning, White-winged, and Eurasian Collared). \n Greenville \n Clinton \n Floyd \n Caddo Mills \n C 2 46 R 1 \n CR \n 4 21 4 \n 2 08 CR 1 \n To Dallas \n To Cumby \n 30 \n 30 \n 67 \n 69 \n 380 \n 903 \n 3211 \n 66 36 \n 1570 \n 66 \n C 2 18 R 1 \n Information/Registration Station \n Public Hunting Area \n Designated Parking Area \n Trees \n Stream/bed \n Transmission Line","species":["dove"],"methods":["shotgun"],"access":["aph_walk_in"],"complexes":[],"hasEpostcard":false,"hasRegularPermit":false,"epostcardUrl":"","countySlugs":["hunt"],"bookletPage":"62","bookletPdfPage":91,"bookletUrl":"https://tpwd.texas.gov/publications/pwdpubs/media/pwd_bk_w7000_0112a.pdf#page=91","lon":-96.16726,"lat":33.12086},"geometry":{"type":"MultiPolygon","coordinates":[[[[-96.17156,33.12603],[-96.16602,33.12599],[-96.16556,33.11479],[-96.1704,33.11326],[-96.17156,33.12603]]],[[[-96.16561,33.12597],[-96.16188,33.12586],[-96.16196,33.12011],[-96.16574,33.12011],[-96.16561,33.12597]]]]}},{"type":"Feature","id":"701","properties":{"id":"701","unitIds":["701"],"name":"Black Gap WMA","counties":["Brewster"],"region":"Trans-Pecos","acres":null,"type":"wma","pdfUrl":"https://tpwd.texas.gov/huntwild/hunt/public/annual_public_hunting/resources/701.pdf","aerialPdfUrl":"https://tpwd.texas.gov/huntwild/hunt/public/annual_public_hunting/resources/BlackGap_701.pdf","registration":"osr","legalGameTags":["Dove","Teal","Quail","Rabbit","Fishing","Youth/Adult Quail","E-Postcard Predators"],"legalGameText":"• 2026-2027 \n On-site registration is required. Dove: Sept.1-Oct. 25, Dec. 14-24, Jan. 2-7, and Jan. 11-14. Hunters \n are required to deposit one wing from each dove harvested in registration station before exiting the area. Quail: Nov. 1-14, Nov. 21-24, Dec. 14-24, Jan. 2-7, Jan. 11-Feb. 4, and \n Feb. 8-28. Hunters are required to deposit one wing from each quail harvested in registration station before exiting the area. Waterfowl: Each day of Early Teal Season and each day the Regular \n High Plains Mallard Management Unit Season except on dates","species":["dove","furbearers","quail","rabbit","teal"],"methods":["any_legal","shotgun"],"access":["aph_walk_in","e_postcard","youth_adult"],"complexes":[],"hasEpostcard":true,"hasRegularPermit":false,"epostcardUrl":"https://tpwd.texas.gov/huntwild/hunt/public/public_hunt_drawing/hunt-area-details.phtml?OArea=BG","countySlugs":["brewster"],"bookletPage":"31","bookletPdfPage":60,"bookletUrl":"https://tpwd.texas.gov/publications/pwdpubs/media/pwd_bk_w7000_0112a.pdf#page=60","lon":-102.90444,"lat":29.57639},"geometry":{"type":"MultiPolygon","coordinates":[[[[-102.83138,29.44429],[-102.85976,29.44345],[-102.86026,29.45069],[-102.82496,29.4519],[-102.8238,29.44924],[-102.83138,29.44429]]],[[[-102.82492,29.45202],[-102.82233,29.45207],[-102.82375,29.44922],[-102.82492,29.45202]]],[[[-102.96296,29.46192],[-102.963,29.46009],[-102.96719,29.46004],[-102.96738,29.46371],[-102.96296,29.46192]]],[[[-102.96528,29.46379],[-102.96528,29.46379],[-102.96515,29.46379],[-102.96528,29.46379]]],[[[-102.97768,29.49879],[-102.97781,29.50533],[-102.98161,29.50561],[-102.98144,29.50756],[-102.98567,29.50567],[-102.98664,29.52265],[-102.97818,29.52317],[-102.97824,29.52661],[-102.98205,29.52632],[-102.98223,29.53034],[-102.97833,29.52879],[-102.97858,29.53578],[-102.97059,29.536],[-102.97059,29.53804],[-102.98716,29.53751],[-102.9864,29.52266],[-103.00316,29.52269],[-103.00372,29.5369],[-103.03719,29.53555],[-103.03974,29.59401],[-103.05639,29.59349],[-103.05669,29.60787],[-103.08827,29.60685],[-103.089,29.63793],[-103.03934,29.63914],[-103.03946,29.65381],[-103.02195,29.65415],[-103.02207,29.63969],[-103.03135,29.6394],[-103.03114,29.63326],[-103.02199,29.6334],[-103.02203,29.63961],[-102.98853,29.64025],[-102.98824,29.62577],[-102.93798,29.62679],[-102.93988,29.65466],[-102.88994,29.65583],[-102.88978,29.64119],[-102.8731,29.64161],[-102.87316,29.65614],[-102.85686,29.65644],[-102.85666,29.64196],[-102.83993,29.64236],[-102.8394,29.61363],[-102.80579,29.61457],[-102.80638,29.62859],[-102.77582,29.62922],[-102.77759,29.62956],[-102.77768,29.63748],[-102.76082,29.63787],[-102.76102,29.64403],[-102.77292,29.64382],[-102.77366,29.67272],[-102.75693,29.673],[-102.7573,29.6585],[-102.74701,29.65869],[-102.7471,29.66252],[-102.74148,29.66265],[-102.74165,29.67077],[-102.72831,29.67106],[-102.72851,29.67916],[-102.73274,29.67912],[-102.73266,29.6883],[-102.72306,29.68837],[-102.72333,29.69531],[-102.70847,29.69584],[-102.70872,29.70411],[-102.72265,29.70373],[-102.72303,29.71173],[-102.69073,29.7124],[-102.6896,29.7042],[-102.69774,29.69697],[-102.69934,29.69163],[-102.69933,29.68458],[-102.69348,29.67623],[-102.69647,29.67089],[-102.70377,29.67126],[-102.70889,29.66613],[-102.71363,29.65714],[-102.72283,29.65077],[-102.72536,29.65101],[-102.72461,29.6461],[-102.72684,29.6421],[-102.73007,29.64043],[-102.73656,29.64149],[-102.74189,29.63287],[-102.74178,29.62902],[-102.73878,29.6236],[-102.73884,29.60765],[-102.74193,29.60248],[-102.74023,29.59939],[-102.74081,29.59709],[-102.74641,29.59243],[-102.75859,29.59791],[-102.76413,29.59759],[-102.76829,29.59467],[-102.76248,29.57981],[-102.76588,29.57216],[-102.77341,29.57318],[-102.77359,29.56644],[-102.77749,29.56063],[-102.77678,29.55279],[-102.77169,29.54789],[-102.77691,29.54629],[-102.78253,29.54159],[-102.78962,29.5434],[-102.79299,29.54095],[-102.83716,29.54041],[-102.83659,29.52653],[-102.91971,29.52517],[-102.9154,29.41064],[-102.94882,29.40979],[-102.95001,29.43869],[-102.96625,29.43848],[-102.96706,29.45683],[-102.96287,29.45677],[-102.9628,29.45344],[-102.95507,29.45378],[-102.95527,29.45711],[-102.95068,29.45738],[-102.95068,29.46723],[-102.955,29.46707],[-102.95488,29.46019],[-102.95907,29.46037],[-102.959,29.46381],[-102.96736,29.46463],[-102.96328,29.46548],[-102.96339,29.46674],[-102.9833,29.46659],[-102.98502,29.49856],[-102.97768,29.49879]]]]}},{"type":"Feature","id":"2562","properties":{"id":"2562","unitIds":["2562"],"name":"Blue Ridge Cemetery","counties":["Falls"],"region":"Austin/Waco","acres":182.0,"type":"dove_lease","pdfUrl":"https://tpwd.texas.gov/huntwild/hunt/public/annual_public_hunting/resources/2562.pdf","aerialPdfUrl":"https://tpwd.texas.gov/huntwild/hunt/public/annual_public_hunting/resources/BlueRidgeCemetery_2562.pdf","registration":"osr","legalGameTags":["Feral Hog","Dove","Teal","Waterfowl","Veteran Waterfowl"],"legalGameText":"• 2026-2027 \n OSR Required Each Day Dove: Each day of the of the Central Zone Dove season (Mourning, White-winged, and \n Eurasian Collared Dove). Waterfowl: Hunting is allowed each day of the Early Teal Season, North \n Zone Duck, Youth and Veteran Waterfowl Days, Early Canada Goose and Eastern Zone Goose seasons. Rabbits, Coyotes & Feral Hogs: May be taken while hunting Dove or Waterfowl. Fishing: Rod and reel only.","species":["dove","feral_hog","teal","waterfowl"],"methods":["any_legal","shotgun"],"access":["aph_walk_in"],"complexes":[],"hasEpostcard":false,"hasRegularPermit":false,"epostcardUrl":"","countySlugs":["falls"],"bookletPage":"88","bookletPdfPage":117,"bookletUrl":"https://tpwd.texas.gov/publications/pwdpubs/media/pwd_bk_w7000_0112a.pdf#page=117","lon":-96.74571,"lat":31.28087},"geometry":{"type":"MultiPolygon","coordinates":[[[[-96.75435,31.27889],[-96.74501,31.28371],[-96.74548,31.28298],[-96.74538,31.28212],[-96.74381,31.27981],[-96.75196,31.27548],[-96.75435,31.27889]]],[[[-96.7428,31.27873],[-96.74513,31.28333],[-96.7389,31.28688],[-96.73749,31.28495],[-96.74053,31.2834],[-96.73872,31.28082],[-96.7428,31.27873]]]]}},{"type":"Feature","id":"602","properties":{"id":"602","unitIds":["602"],"name":"Bois d'Arc Lake PHL","counties":["Fannin"],"region":"Dallas/Ft. Worth","acres":5305.0,"type":"phl","pdfUrl":"https://tpwd.texas.gov/huntwild/hunt/public/annual_public_hunting/resources/602.pdf","aerialPdfUrl":"https://tpwd.texas.gov/huntwild/hunt/public/annual_public_hunting/resources/BoisdArcLake_602.pdf","registration":"osr","legalGameTags":["Waterfowl","Other Migratory Birds","Quail"],"legalGameText":"• 2026-2027 \n OSR Required Each Day \n Waterfowl: Each day of the Early Teal, North Zone Duck, Falconry and Eastern Zone \n Goose seasons. Shooting hours - one half hour before sunrise to noon. Rail, Gallinule, and Moorhen: May be taken during the open seasons and falconry season for \n these species. Shooting hours - one half hour before sunrise to noon.","species":["other_migratory","quail","waterfowl"],"methods":["any_legal","shotgun"],"access":["aph_walk_in"],"complexes":[],"hasEpostcard":false,"hasRegularPermit":false,"epostcardUrl":"","countySlugs":["fannin"],"bookletPage":"58","bookletPdfPage":87,"bookletUrl":"https://tpwd.texas.gov/publications/pwdpubs/media/pwd_bk_w7000_0112a.pdf#page=87","lon":-96.09624,"lat":33.64277},"geometry":{"type":"Polygon","coordinates":[[[-96.12274,33.65092],[-96.11668,33.64892],[-96.11855,33.64762],[-96.11754,33.64603],[-96.11853,33.64363],[-96.12179,33.64077],[-96.12744,33.63946],[-96.12504,33.63893],[-96.12485,33.63706],[-96.12794,33.63639],[-96.13225,33.63176],[-96.13263,33.62762],[-96.13869,33.62817],[-96.13773,33.62653],[-96.14149,33.6234],[-96.14191,33.61838],[-96.14913,33.61855],[-96.14352,33.61785],[-96.1432,33.61562],[-96.14509,33.61705],[-96.14283,33.61479],[-96.14426,33.61522],[-96.14683,33.61245],[-96.14698,33.61031],[-96.14523,33.6092],[-96.14943,33.60397],[-96.14548,33.60382],[-96.14942,33.60294],[-96.14759,33.60257],[-96.14919,33.60093],[-96.14349,33.60243],[-96.14605,33.60284],[-96.14354,33.60385],[-96.14809,33.60395],[-96.14564,33.60587],[-96.14461,33.60583],[-96.14537,33.60423],[-96.14343,33.6056],[-96.14126,33.60489],[-96.13323,33.61591],[-96.13526,33.61035],[-96.13397,33.60924],[-96.13304,33.61389],[-96.13284,33.61076],[-96.13215,33.60895],[-96.1308,33.60946],[-96.13201,33.60987],[-96.13263,33.6111],[-96.13152,33.60983],[-96.12976,33.61103],[-96.1287,33.61625],[-96.12019,33.62062],[-96.11697,33.62656],[-96.11383,33.62863],[-96.10993,33.62551],[-96.10837,33.62531],[-96.10904,33.62296],[-96.10546,33.62104],[-96.1082,33.62549],[-96.10999,33.62585],[-96.1096,33.6277],[-96.11101,33.62806],[-96.10919,33.62844],[-96.11025,33.62895],[-96.10594,33.63601],[-96.10243,33.63708],[-96.10198,33.64102],[-96.10138,33.63919],[-96.09854,33.6382],[-96.09367,33.63867],[-96.09243,33.63546],[-96.0908,33.64324],[-96.08761,33.64298],[-96.08526,33.6407],[-96.08785,33.63504],[-96.08407,33.63922],[-96.07852,33.64087],[-96.08181,33.63456],[-96.07906,33.63649],[-96.07322,33.63106],[-96.07278,33.63271],[-96.06983,33.62772],[-96.06971,33.62883],[-96.06816,33.62736],[-96.06999,33.63117],[-96.07452,33.63493],[-96.07502,33.63782],[-96.07267,33.63865],[-96.06819,33.63649],[-96.06468,33.63964],[-96.05971,33.63981],[-96.05382,33.64482],[-96.04896,33.66302],[-96.05086,33.66605],[-96.04792,33.66763],[-96.05081,33.66989],[-96.04958,33.67126],[-96.0511,33.67507],[-96.05263,33.67468],[-96.05496,33.67755],[-96.05261,33.68105],[-96.05432,33.68181],[-96.05439,33.68368],[-96.05596,33.68615],[-96.05578,33.68749],[-96.0561,33.6862],[-96.05504,33.68465],[-96.05553,33.68338],[-96.05415,33.68126],[-96.05576,33.67901],[-96.06373,33.68365],[-96.05628,33.67562],[-96.05702,33.67381],[-96.05532,33.67415],[-96.05283,33.67188],[-96.05485,33.66679],[-96.05684,33.66892],[-96.05766,33.66698],[-96.05981,33.66689],[-96.06032,33.67055],[-96.06153,33.66657],[-96.0654,33.66793],[-96.06353,33.66558],[-96.06799,33.66165],[-96.07059,33.66226],[-96.06755,33.66082],[-96.06345,33.66372],[-96.05923,33.66414],[-96.05723,33.66358],[-96.05644,33.66018],[-96.05938,33.66084],[-96.05881,33.65938],[-96.06106,33.66004],[-96.06126,33.65863],[-96.06576,33.65751],[-96.06867,33.6583],[-96.0747,33.65529],[-96.07487,33.65725],[-96.07936,33.65908],[-96.07967,33.66199],[-96.07756,33.66315],[-96.08131,33.66185],[-96.08489,33.66655],[-96.08574,33.66528],[-96.08927,33.66616],[-96.08404,33.66257],[-96.08287,33.65951],[-96.08525,33.65723],[-96.08962,33.65947],[-96.09297,33.65806],[-96.09298,33.65936],[-96.09395,33.65825],[-96.09724,33.65907],[-96.09694,33.66201],[-96.09953,33.66222],[-96.10013,33.65824],[-96.10402,33.65773],[-96.10566,33.66091],[-96.10561,33.65866],[-96.10963,33.65543],[-96.11324,33.65695],[-96.11401,33.65945],[-96.1134,33.65705],[-96.11491,33.65601],[-96.12262,33.65481],[-96.12274,33.65092]]]}},{"type":"Feature","id":"901N","properties":{"id":"901N","unitIds":["901N"],"name":"Bois D'Arc Unit - Caddo National Grasslands WMA","counties":["Fannin"],"region":"Dallas/Ft. Worth","acres":null,"type":"wma","pdfUrl":"https://tpwd.texas.gov/huntwild/hunt/public/annual_public_hunting/resources/901N.pdf","aerialPdfUrl":"https://tpwd.texas.gov/huntwild/hunt/public/annual_public_hunting/resources/CaddoBoisDarc_901.pdf","registration":"none","legalGameTags":["Deer - Archery","Deer- General","Feral Hog","Dove","Teal","Waterfowl","Other Migratory Birds","Quail","Squirrel","Rabbit","Coyotes","Furbearers","Fishing","Youth Deer","Youth Feral Hog","Youth Waterfowl","Youth Squirrel","Veteran Waterfowl","E-Postcard Turkey"],"legalGameText":"Legend for legal buck requirements. No USFS Antlerless Deer Permit required. Youth and Veteran/Active-Duty Military Only Waterfowl: Shooting hours are one half hour before sunrise to noon. See TPWD Outdoor Annual for","species":["coyote","dove","feral_hog","furbearers","other_migratory","quail","rabbit","squirrel","teal","turkey","waterfowl","white_tailed_deer"],"methods":["any_legal","archery","firearm","shotgun"],"access":["aph_walk_in","e_postcard","youth"],"complexes":[],"hasEpostcard":true,"hasRegularPermit":false,"epostcardUrl":"https://tpwd.texas.gov/huntwild/hunt/public/public_hunt_drawing/hunt-area-details.phtml?OArea=CA","countySlugs":["fannin"],"bookletPage":"56","bookletPdfPage":85,"bookletUrl":"https://tpwd.texas.gov/publications/pwdpubs/media/pwd_bk_w7000_0112a.pdf#page=85","lon":-95.95727213697828,"lat":33.74370401363735},"geometry":{"type":"Point","coordinates":[-95.95727,33.7437]}},{"type":"Feature","id":"2226","properties":{"id":"2226","unitIds":["2226"],"name":"Bordages Road","counties":["Jefferson"],"region":"Houston/Beaumont","acres":1272.0,"type":"dove_lease","pdfUrl":"https://tpwd.texas.gov/huntwild/hunt/public/annual_public_hunting/resources/2226.pdf","aerialPdfUrl":"https://tpwd.texas.gov/huntwild/hunt/public/annual_public_hunting/resources/BordagesRoad_2226.pdf","registration":"osr","legalGameTags":["Dove","Rabbit"],"legalGameText":"• 2026-2027 \n OSR Required Each Day Dove: Each day of the first split of the South Zone Dove season \n (Mourning and White-winged). Rabbits: May be taken while hunting dove.","species":["dove","rabbit"],"methods":["any_legal","shotgun"],"access":["aph_walk_in"],"complexes":[],"hasEpostcard":false,"hasRegularPermit":false,"epostcardUrl":"","countySlugs":["jefferson"],"bookletPage":"116","bookletPdfPage":145,"bookletUrl":"https://tpwd.texas.gov/publications/pwdpubs/media/pwd_bk_w7000_0112a.pdf#page=145","lon":-94.07268,"lat":29.94421},"geometry":{"type":"MultiPolygon","coordinates":[[[[-94.06388,29.93272],[-94.06999,29.93269],[-94.07002,29.93463],[-94.07173,29.93462],[-94.07068,29.93674],[-94.07077,29.94717],[-94.06494,29.94721],[-94.06388,29.93272]]],[[[-94.0881,29.93451],[-94.08841,29.94912],[-94.07156,29.94925],[-94.07251,29.93464],[-94.0881,29.93451]]],[[[-94.07031,29.94769],[-94.07026,29.95479],[-94.05494,29.95655],[-94.05446,29.94773],[-94.07031,29.94769]]]]}},{"type":"Feature","id":"2572","properties":{"id":"2572","unitIds":["2572"],"name":"Brillhart - Canadian River Complex 7","counties":["Ochiltree"],"region":"Panhandle","acres":322.0,"type":"dove_lease","pdfUrl":"https://tpwd.texas.gov/huntwild/hunt/public/annual_public_hunting/resources/CanadianRiverComplex7.pdf","aerialPdfUrl":"https://tpwd.texas.gov/huntwild/hunt/public/annual_public_hunting/resources/CanadianRiverComplex7_Brillhart_2572.pdf","registration":"osr","legalGameTags":["Dove","Teal","Waterfowl","Cranes","Pheasant","Rabbit","Coyotes","Youth Waterfowl","Veteran Waterfowl"],"legalGameText":"• 2026-2027 \n OSR Required Each Day Dove: Each day of the North Zone Dove season (Mourning, White-winged, and Eurasian \n Collared) except on dates the","species":["coyote","dove","pheasant","rabbit","sandhill_crane","teal","waterfowl"],"methods":["any_legal","shotgun"],"access":["aph_walk_in","youth"],"complexes":[],"hasEpostcard":false,"hasRegularPermit":false,"epostcardUrl":"","countySlugs":["ochiltree"],"bookletPage":"28","bookletPdfPage":57,"bookletUrl":"https://tpwd.texas.gov/publications/pwdpubs/media/pwd_bk_w7000_0112a.pdf#page=57","lon":-100.90157,"lat":36.11886},"geometry":{"type":"Polygon","coordinates":[[[-100.91051,36.1153],[-100.89268,36.11524],[-100.89262,36.12244],[-100.9105,36.12245],[-100.91051,36.1153]]]}},{"type":"Feature","id":"2171","properties":{"id":"2171","unitIds":["2171"],"name":"Bruceville - Eddy","counties":["Falls"],"region":"Austin/Waco","acres":262.0,"type":"dove_lease","pdfUrl":"https://tpwd.texas.gov/huntwild/hunt/public/annual_public_hunting/resources/2171.pdf","aerialPdfUrl":"https://tpwd.texas.gov/huntwild/hunt/public/annual_public_hunting/resources/BrucevilleEddy_2171.pdf","registration":"osr","legalGameTags":["Youth/Adult Dove","Youth/Adult Teal","Youth/Adult Rabbit"],"legalGameText":"• 2026-2027 \n OSR Required Each Day Dove: Each day of the first split of the Central Zone Dove \n season (Mourning and White-winged). Early Teal: Each day of the Early Teal season Rabbits: May be taken while hunting dove and teal.","species":["dove","rabbit","teal"],"methods":["any_legal","shotgun"],"access":["youth_adult"],"complexes":[],"hasEpostcard":false,"hasRegularPermit":false,"epostcardUrl":"","countySlugs":["falls"],"bookletPage":"89","bookletPdfPage":118,"bookletUrl":"https://tpwd.texas.gov/publications/pwdpubs/media/pwd_bk_w7000_0112a.pdf#page=118","lon":-97.22504,"lat":31.24652},"geometry":{"type":"Polygon","coordinates":[[[-97.21812,31.24578],[-97.22222,31.25168],[-97.23152,31.24788],[-97.22822,31.24108],[-97.21812,31.24578]]]}},{"type":"Feature","id":"2585","properties":{"id":"2585","unitIds":["2585"],"name":"Burns East","counties":["DeWitt"],"region":"San Antonio/Corpus Christi","acres":390.0,"type":"dove_lease","pdfUrl":"https://tpwd.texas.gov/huntwild/hunt/public/annual_public_hunting/resources/CueroCreekComplex.pdf","aerialPdfUrl":"https://tpwd.texas.gov/huntwild/hunt/public/annual_public_hunting/resources/BurnsEast_2585.pdf","registration":"osr","legalGameTags":["Dove"],"legalGameText":"• 2026-2027 \n OSR Required Each Day Dove: Each day of the First and Second Split of the South Zone Dove \n season (Mourning, White-winged, Eurasian Collared, and Feral Pigeon). \n # 2393 and # 2585","species":["dove"],"methods":["shotgun"],"access":["aph_walk_in"],"complexes":[],"hasEpostcard":false,"hasRegularPermit":false,"epostcardUrl":"","countySlugs":["dewitt"],"bookletPage":"141","bookletPdfPage":170,"bookletUrl":"https://tpwd.texas.gov/publications/pwdpubs/media/pwd_bk_w7000_0112a.pdf#page=170","lon":-97.20646,"lat":29.23682},"geometry":{"type":"Polygon","coordinates":[[[-97.20467,29.24415],[-97.22108,29.22632],[-97.21905,29.22617],[-97.2082,29.23327],[-97.19729,29.23665],[-97.19672,29.24369],[-97.20467,29.24415]]]}},{"type":"Feature","id":"2393","properties":{"id":"2393","unitIds":["2393"],"name":"Burns West","counties":["DeWitt"],"region":"San Antonio/Corpus Christi","acres":530.0,"type":"dove_lease","pdfUrl":"https://tpwd.texas.gov/huntwild/hunt/public/annual_public_hunting/resources/CueroCreekComplex.pdf","aerialPdfUrl":"https://tpwd.texas.gov/huntwild/hunt/public/annual_public_hunting/resources/BurnsWest_2393.pdf","registration":"osr","legalGameTags":["Dove"],"legalGameText":"• 2026-2027 \n OSR Required Each Day Dove: Each day of the First and Second Split of the South Zone Dove \n season (Mourning, White-winged, Eurasian Collared, and Feral Pigeon). \n # 2393 and # 2585","species":["dove"],"methods":["shotgun"],"access":["aph_walk_in"],"complexes":[],"hasEpostcard":false,"hasRegularPermit":false,"epostcardUrl":"","countySlugs":["dewitt"],"bookletPage":"141","bookletPdfPage":170,"bookletUrl":"https://tpwd.texas.gov/publications/pwdpubs/media/pwd_bk_w7000_0112a.pdf#page=170","lon":-97.21664,"lat":29.23935},"geometry":{"type":"Polygon","coordinates":[[[-97.20522,29.24428],[-97.21172,29.24468],[-97.21152,29.24748],[-97.22162,29.24808],[-97.22292,29.22648],[-97.22152,29.22638],[-97.20522,29.24428]]]}},{"type":"Feature","id":"509","properties":{"id":"509","unitIds":["509"],"name":"Caddo Lake NWR","counties":["Harrison"],"region":"Pineywoods","acres":6940.0,"type":"other","pdfUrl":"https://tpwd.texas.gov/huntwild/hunt/public/annual_public_hunting/resources/509.pdf","aerialPdfUrl":"https://tpwd.texas.gov/huntwild/hunt/public/annual_public_hunting/resources/CaddoLakeNWR_509.pdf","registration":"none","legalGameTags":["Deer - Archery","Deer - General","Feral Hog","Squirrel"],"legalGameText":"• 2026-2027 \n Archery Only White-tailed deer: Oct. 3-Nov.4 (either sex) \n bag limit: 1 buck and 1 antlerless, and Dec. 1-Jan. 3 (buck only) bag limit: 1 buck. Legal buck must have at least one unbranched antler or an inside spread of at least 13 inches. Hunters are allowed one 13” or greater spread buck all seasons combined. Feral Hog: Concurrent with deer hunts. Squirrel: Jan. 4-Feb. 28, and May 1-31. Shotgun with non-toxic \n shot only. County bag and possession limits apply. Hunters may access the refuge 2 hours before sunrise and must \n be off the area 2 hours after sunset.","species":["feral_hog","squirrel","white_tailed_deer"],"methods":["any_legal","archery","firearm"],"access":["aph_walk_in"],"complexes":[],"hasEpostcard":false,"hasRegularPermit":false,"epostcardUrl":"","countySlugs":["harrison"],"bookletPage":"75","bookletPdfPage":104,"bookletUrl":"https://tpwd.texas.gov/publications/pwdpubs/media/pwd_bk_w7000_0112a.pdf#page=104","lon":-94.13651,"lat":32.67078},"geometry":{"type":"MultiPolygon","coordinates":[[[[-94.11097,32.69572],[-94.10932,32.69671],[-94.10615,32.6936],[-94.11073,32.69352],[-94.1139,32.68559],[-94.11189,32.68639],[-94.10767,32.68362],[-94.10886,32.68024],[-94.11357,32.68136],[-94.11378,32.67996],[-94.11133,32.67766],[-94.10631,32.67798],[-94.10539,32.68062],[-94.10416,32.67937],[-94.10494,32.67588],[-94.10037,32.67592],[-94.10376,32.6578],[-94.10285,32.64826],[-94.12137,32.64811],[-94.12129,32.64104],[-94.15199,32.64101],[-94.1667,32.66555],[-94.17451,32.67397],[-94.17499,32.67692],[-94.17177,32.67697],[-94.17501,32.67705],[-94.17503,32.67829],[-94.17145,32.68093],[-94.16674,32.69093],[-94.16957,32.69869],[-94.16537,32.69585],[-94.12533,32.69827],[-94.11748,32.69823],[-94.11561,32.69563],[-94.11252,32.69813],[-94.11085,32.69761],[-94.11097,32.69572]]],[[[-94.17031,32.69977],[-94.16925,32.69652],[-94.17135,32.69785],[-94.17031,32.69977]]]]}},{"type":"Feature","id":"730","properties":{"id":"730","unitIds":["730"],"name":"Caddo Lake WMA","counties":["Marion","Harrison"],"region":"Pineywoods","acres":25.0,"type":"wma","pdfUrl":"https://tpwd.texas.gov/huntwild/hunt/public/annual_public_hunting/resources/730.pdf","aerialPdfUrl":"https://tpwd.texas.gov/huntwild/hunt/public/annual_public_hunting/resources/CaddoLake_730.pdf","registration":"osr","legalGameTags":["Deer - Archery","Deer - General","Deer - Muzzle loader","Feral Hog","Dove","Teal","Waterfowl","Other Migratory Birds","Quail","Squirrel","Rabbit","Coyotes","Furbearers/Predators","Fishing","Youth Deer","Youth Feral Hog","Youth Waterfowl","Youth Squirrel","Veteran Waterfowl"],"legalGameText":"• 2026-2027 \n OSR Required Each Day White-tailed deer: bag limit - 1 buck and 2 antlerless. Legal buck \n must have at least one unbranched antler or an inside spread of at least 13 inches. Archery Only Season: Oct. 3-Nov. 6 (either sex). General Season: Nov. 7-22, (either sex) and Nov. 23-Jan. 3 (buck \n only). Muzzleloader Season: Jan. 4-17 (1 antlerless only). Feral Hog: (no bag limit). \n Archery Only Season: No closed season. General Season: Nov. 7-Mar. 31. Waterfowl: Shooting hours end at noon. Hunting is allowed each \n day of the Early Teal, North Zone Duck, and Eastern Zone Goose seasons. Woodcock, Rails, Gallinules and Snipe: Statewide season \n dates. Squirrel, Rabbits, and Hares: Oct. 1- Oct. 31, Nov. 23-Feb. 28 \n and May 1-31. Rimfire, shotgun, air rifle, or muzzleloader only. Fishing Bullfrogs: Daily limit of 25 (no firearms). Raccoon: Jan 4-Mar. 31. Night Hunting Only: shooting hours are ½ hour after sunset to ½ hour before sunrise. Rimfire and shotgun only. Coyotes: Jan. 4-Mar. 31. Rimfire and shotgun only.","species":["coyote","dove","feral_hog","furbearers","other_migratory","quail","rabbit","squirrel","teal","waterfowl","white_tailed_deer"],"methods":["any_legal","archery","firearm","muzzleloader","shotgun"],"access":["aph_walk_in","youth"],"complexes":[],"hasEpostcard":false,"hasRegularPermit":false,"epostcardUrl":"","countySlugs":["marion","harrison"],"bookletPage":"74","bookletPdfPage":103,"bookletUrl":"https://tpwd.texas.gov/publications/pwdpubs/media/pwd_bk_w7000_0112a.pdf#page=103","lon":-94.13051,"lat":32.74095},"geometry":{"type":"MultiPolygon","coordinates":[[[[-94.10366,32.71147],[-94.09515,32.71092],[-94.09649,32.70566],[-94.09454,32.70082],[-94.09822,32.70582],[-94.10976,32.70345],[-94.11797,32.70856],[-94.11566,32.71339],[-94.11248,32.71496],[-94.10909,32.71305],[-94.1051,32.71406],[-94.10366,32.71147]]],[[[-94.08975,32.73178],[-94.08905,32.73275],[-94.08793,32.72861],[-94.09104,32.72425],[-94.08775,32.72145],[-94.09253,32.71871],[-94.0925,32.71612],[-94.09655,32.71594],[-94.09587,32.71232],[-94.10311,32.71192],[-94.10492,32.71472],[-94.10872,32.71356],[-94.11064,32.71585],[-94.11601,32.71387],[-94.12003,32.72146],[-94.11488,32.72361],[-94.11035,32.7229],[-94.1092,32.72541],[-94.10486,32.72792],[-94.107,32.72826],[-94.10562,32.72911],[-94.10981,32.73282],[-94.10759,32.73293],[-94.1065,32.73416],[-94.10622,32.73591],[-94.1021,32.73814],[-94.10035,32.73434],[-94.09819,32.73276],[-94.09644,32.73231],[-94.09437,32.73261],[-94.09428,32.73433],[-94.08975,32.73178]]],[[[-94.08167,32.71694],[-94.08502,32.71565],[-94.0866,32.71865],[-94.0855,32.72462],[-94.08762,32.72527],[-94.08526,32.7283],[-94.08607,32.73088],[-94.08388,32.73095],[-94.08518,32.73579],[-94.07831,32.7383],[-94.07635,32.74076],[-94.0763,32.73419],[-94.07282,32.73427],[-94.07288,32.72558],[-94.0808,32.7257],[-94.08167,32.71694]]],[[[-94.13215,32.72542],[-94.13576,32.7303],[-94.13537,32.73701],[-94.13091,32.73603],[-94.13171,32.73184],[-94.12815,32.72913],[-94.13215,32.72542]]],[[[-94.11428,32.73236],[-94.11671,32.73145],[-94.11509,32.73306],[-94.11678,32.7341],[-94.11653,32.73617],[-94.11835,32.73651],[-94.11372,32.73752],[-94.11065,32.73294],[-94.11306,32.72799],[-94.11428,32.73236]]],[[[-94.12251,32.73138],[-94.12693,32.73522],[-94.12885,32.73417],[-94.12991,32.73603],[-94.12843,32.73615],[-94.12985,32.73741],[-94.12764,32.73856],[-94.12136,32.73702],[-94.11674,32.73312],[-94.12251,32.73138]]],[[[-94.16764,32.74951],[-94.17617,32.74946],[-94.17541,32.75445],[-94.17281,32.75489],[-94.17114,32.75898],[-94.17019,32.75696],[-94.1673,32.75974],[-94.1666,32.7564],[-94.17035,32.75343],[-94.17067,32.75064],[-94.1667,32.75066],[-94.16523,32.74791],[-94.1633,32.74955],[-94.16383,32.75459],[-94.16055,32.75983],[-94.1451,32.77517],[-94.14763,32.77757],[-94.15118,32.77796],[-94.14465,32.77879],[-94.13712,32.77671],[-94.13588,32.77813],[-94.13207,32.77375],[-94.12467,32.76997],[-94.12306,32.76818],[-94.12453,32.76519],[-94.11537,32.75968],[-94.11019,32.75532],[-94.11017,32.75328],[-94.10102,32.75281],[-94.1036,32.75091],[-94.10765,32.75153],[-94.11114,32.74861],[-94.11752,32.74913],[-94.12095,32.74467],[-94.10471,32.74475],[-94.10301,32.74849],[-94.10013,32.74851],[-94.10006,32.74552],[-94.09702,32.74551],[-94.09544,32.74228],[-94.09319,32.74184],[-94.09408,32.74696],[-94.09129,32.74588],[-94.09026,32.74303],[-94.09242,32.73936],[-94.09231,32.73399],[-94.09478,32.73446],[-94.09458,32.7329],[-94.09672,32.73254],[-94.09989,32.73439],[-94.10194,32.73853],[-94.10646,32.73614],[-94.10716,32.73385],[-94.11271,32.73854],[-94.11773,32.73733],[-94.1254,32.74019],[-94.13232,32.73863],[-94.14167,32.74161],[-94.14492,32.74089],[-94.14654,32.73785],[-94.14488,32.73252],[-94.14984,32.73003],[-94.15113,32.72758],[-94.14957,32.72766],[-94.1501,32.72594],[-94.15443,32.72614],[-94.16091,32.7225],[-94.16434,32.71264],[-94.1701,32.71261],[-94.16909,32.71939],[-94.17013,32.72827],[-94.17125,32.72389],[-94.17681,32.7257],[-94.17654,32.74689],[-94.17244,32.7469],[-94.17245,32.74529],[-94.17099,32.74528],[-94.17213,32.74272],[-94.16879,32.74277],[-94.16939,32.74165],[-94.16565,32.7401],[-94.16867,32.74778],[-94.16764,32.74951]]]]}},{"type":"Feature","id":"730-32","properties":{"id":"730-32","unitIds":["730"],"name":"Caddo Lake WMA - E-Postcard Hunts","counties":["Marion","Harrison"],"region":"Pineywoods","acres":25.0,"type":"wma","pdfUrl":"https://tpwd.texas.gov/huntwild/hunt/public/annual_public_hunting/resources/730.pdf","aerialPdfUrl":"https://tpwd.texas.gov/huntwild/hunt/public/annual_public_hunting/resources/CaddoLake_730.pdf","registration":"osr","legalGameTags":["E-Postcard Deer","E-Postcard Feral Hog","E-Postcard Youth Deer"],"legalGameText":"• 2026-2027 \n OSR Required Each Day White-tailed deer: bag limit - 1 buck and 2 antlerless. Legal buck \n must have at least one unbranched antler or an inside spread of at least 13 inches. Archery Only Season: Oct. 3-Nov. 6 (either sex). General Season: Nov. 7-22, (either sex) and Nov. 23-Jan. 3 (buck \n only). Muzzleloader Season: Jan. 4-17 (1 antlerless only). Feral Hog: (no bag limit). \n Archery Only Season: No closed season. General Season: Nov. 7-Mar. 31. Waterfowl: Shooting hours end at noon. Hunting is allowed each \n day of the Early Teal, North Zone Duck, and Eastern Zone Goose seasons. Woodcock, Rails, Gallinules and Snipe: Statewide season \n dates. Squirrel, Rabbits, and Hares: Oct. 1- Oct. 31, Nov. 23-Feb. 28 \n and May 1-31. Rimfire, shotgun, air rifle, or muzzleloader only. Fishing Bullfrogs: Daily limit of 25 (no firearms). Raccoon: Jan 4-Mar. 31. Night Hunting Only: shooting hours are ½ hour after sunset to ½ hour before sunrise. Rimfire and shotgun only. Coyotes: Jan. 4-Mar. 31. Rimfire and shotgun only.","species":["feral_hog","white_tailed_deer"],"methods":["any_legal"],"access":["e_postcard"],"complexes":[],"hasEpostcard":true,"hasRegularPermit":false,"epostcardUrl":"https://tpwd.texas.gov/huntwild/hunt/public/public_hunt_drawing/hunt-area-details.phtml?OArea=CD","countySlugs":["marion","harrison"],"bookletPage":"74","bookletPdfPage":103,"bookletUrl":"https://tpwd.texas.gov/publications/pwdpubs/media/pwd_bk_w7000_0112a.pdf#page=103","lon":-94.13051,"lat":32.74095},"geometry":{"type":"MultiPolygon","coordinates":[[[[-94.10366,32.71147],[-94.09515,32.71092],[-94.09649,32.70566],[-94.09454,32.70082],[-94.09822,32.70582],[-94.10976,32.70345],[-94.11797,32.70856],[-94.11566,32.71339],[-94.11248,32.71496],[-94.10909,32.71305],[-94.1051,32.71406],[-94.10366,32.71147]]],[[[-94.08975,32.73178],[-94.08905,32.73275],[-94.08793,32.72861],[-94.09104,32.72425],[-94.08775,32.72145],[-94.09253,32.71871],[-94.0925,32.71612],[-94.09655,32.71594],[-94.09587,32.71232],[-94.10311,32.71192],[-94.10492,32.71472],[-94.10872,32.71356],[-94.11064,32.71585],[-94.11601,32.71387],[-94.12003,32.72146],[-94.11488,32.72361],[-94.11035,32.7229],[-94.1092,32.72541],[-94.10486,32.72792],[-94.107,32.72826],[-94.10562,32.72911],[-94.10981,32.73282],[-94.10759,32.73293],[-94.1065,32.73416],[-94.10622,32.73591],[-94.1021,32.73814],[-94.10035,32.73434],[-94.09819,32.73276],[-94.09644,32.73231],[-94.09437,32.73261],[-94.09428,32.73433],[-94.08975,32.73178]]],[[[-94.08167,32.71694],[-94.08502,32.71565],[-94.0866,32.71865],[-94.0855,32.72462],[-94.08762,32.72527],[-94.08526,32.7283],[-94.08607,32.73088],[-94.08388,32.73095],[-94.08518,32.73579],[-94.07831,32.7383],[-94.07635,32.74076],[-94.0763,32.73419],[-94.07282,32.73427],[-94.07288,32.72558],[-94.0808,32.7257],[-94.08167,32.71694]]],[[[-94.13215,32.72542],[-94.13576,32.7303],[-94.13537,32.73701],[-94.13091,32.73603],[-94.13171,32.73184],[-94.12815,32.72913],[-94.13215,32.72542]]],[[[-94.11428,32.73236],[-94.11671,32.73145],[-94.11509,32.73306],[-94.11678,32.7341],[-94.11653,32.73617],[-94.11835,32.73651],[-94.11372,32.73752],[-94.11065,32.73294],[-94.11306,32.72799],[-94.11428,32.73236]]],[[[-94.12251,32.73138],[-94.12693,32.73522],[-94.12885,32.73417],[-94.12991,32.73603],[-94.12843,32.73615],[-94.12985,32.73741],[-94.12764,32.73856],[-94.12136,32.73702],[-94.11674,32.73312],[-94.12251,32.73138]]],[[[-94.16764,32.74951],[-94.17617,32.74946],[-94.17541,32.75445],[-94.17281,32.75489],[-94.17114,32.75898],[-94.17019,32.75696],[-94.1673,32.75974],[-94.1666,32.7564],[-94.17035,32.75343],[-94.17067,32.75064],[-94.1667,32.75066],[-94.16523,32.74791],[-94.1633,32.74955],[-94.16383,32.75459],[-94.16055,32.75983],[-94.1451,32.77517],[-94.14763,32.77757],[-94.15118,32.77796],[-94.14465,32.77879],[-94.13712,32.77671],[-94.13588,32.77813],[-94.13207,32.77375],[-94.12467,32.76997],[-94.12306,32.76818],[-94.12453,32.76519],[-94.11537,32.75968],[-94.11019,32.75532],[-94.11017,32.75328],[-94.10102,32.75281],[-94.1036,32.75091],[-94.10765,32.75153],[-94.11114,32.74861],[-94.11752,32.74913],[-94.12095,32.74467],[-94.10471,32.74475],[-94.10301,32.74849],[-94.10013,32.74851],[-94.10006,32.74552],[-94.09702,32.74551],[-94.09544,32.74228],[-94.09319,32.74184],[-94.09408,32.74696],[-94.09129,32.74588],[-94.09026,32.74303],[-94.09242,32.73936],[-94.09231,32.73399],[-94.09478,32.73446],[-94.09458,32.7329],[-94.09672,32.73254],[-94.09989,32.73439],[-94.10194,32.73853],[-94.10646,32.73614],[-94.10716,32.73385],[-94.11271,32.73854],[-94.11773,32.73733],[-94.1254,32.74019],[-94.13232,32.73863],[-94.14167,32.74161],[-94.14492,32.74089],[-94.14654,32.73785],[-94.14488,32.73252],[-94.14984,32.73003],[-94.15113,32.72758],[-94.14957,32.72766],[-94.1501,32.72594],[-94.15443,32.72614],[-94.16091,32.7225],[-94.16434,32.71264],[-94.1701,32.71261],[-94.16909,32.71939],[-94.17013,32.72827],[-94.17125,32.72389],[-94.17681,32.7257],[-94.17654,32.74689],[-94.17244,32.7469],[-94.17245,32.74529],[-94.17099,32.74528],[-94.17213,32.74272],[-94.16879,32.74277],[-94.16939,32.74165],[-94.16565,32.7401],[-94.16867,32.74778],[-94.16764,32.74951]]]]}},{"type":"Feature","id":"1079","properties":{"id":"1079","unitIds":["1079"],"name":"Caprock Canyons State Park","counties":["Briscoe"],"region":"Panhandle","acres":null,"type":"state_park","pdfUrl":"","aerialPdfUrl":"","registration":"none","legalGameTags":["E-Postcard Deer","E-Postcard Mult-Species"],"legalGameText":"","species":["white_tailed_deer"],"methods":["any_legal"],"access":["e_postcard"],"complexes":[],"hasEpostcard":true,"hasRegularPermit":false,"epostcardUrl":"https://tpwd.texas.gov/huntwild/hunt/public/public_hunt_drawing/hunt-area-details.phtml?OArea=CC","countySlugs":["briscoe"],"bookletPage":"xxii","bookletPdfPage":25,"bookletUrl":"https://tpwd.texas.gov/publications/pwdpubs/media/pwd_bk_w7000_0112a.pdf#page=25","lon":-101.05,"lat":34.41},"geometry":{"type":"Point","coordinates":[-101.05,34.41]}},{"type":"Feature","id":"714","properties":{"id":"714","unitIds":["714"],"name":"Carricitos Unit - Las Palomas WMA","counties":["Cameron"],"region":"San Antonio/Corpus Christi","acres":118.0,"type":"wma","pdfUrl":"https://tpwd.texas.gov/huntwild/hunt/public/annual_public_hunting/resources/714.pdf","aerialPdfUrl":"https://tpwd.texas.gov/huntwild/hunt/public/annual_public_hunting/resources/LasPalomasCarricitos_714.pdf","registration":"osr","legalGameTags":["Dove","Quail","Chachalaca","Rabbit"],"legalGameText":"• 2026-2027 \n OSR Required Each Day Dove: Each day of South Zone Dove and Falconry Dove seasons. Chachalaca: Each day of the Chachalaca season Quail: Each day of the Quail season. Rabbits & Hares: Concurrent with hunt dates for dove and quail.","species":["chachalaca","dove","quail","rabbit"],"methods":["any_legal","shotgun"],"access":["aph_walk_in"],"complexes":[],"hasEpostcard":false,"hasRegularPermit":false,"epostcardUrl":"","countySlugs":["cameron"],"bookletPage":"136","bookletPdfPage":165,"bookletUrl":"https://tpwd.texas.gov/publications/pwdpubs/media/pwd_bk_w7000_0112a.pdf#page=165","lon":-97.57692,"lat":26.1754},"geometry":{"type":"Polygon","coordinates":[[[-97.57593,26.18058],[-97.58138,26.17325],[-97.57976,26.17055],[-97.57381,26.17354],[-97.57376,26.18032],[-97.57593,26.18058]]]}},{"type":"Feature","id":"2381","properties":{"id":"2381","unitIds":["2381"],"name":"Catclaw Creek","counties":["Brooks"],"region":"San Antonio/Corpus Christi","acres":150.0,"type":"dove_lease","pdfUrl":"https://tpwd.texas.gov/huntwild/hunt/public/annual_public_hunting/resources/2381.pdf","aerialPdfUrl":"https://tpwd.texas.gov/huntwild/hunt/public/annual_public_hunting/resources/CatclawCreek_2381.pdf","registration":"osr","legalGameTags":["Dove"],"legalGameText":"• 2026-2027 \n OSR Required Each Day Dove: Each day of the first split of the South Zone Dove season \n (Mourning and White-winged). \n Information/Registration Station \n Public Hunting Area \n Designated Public Hunting Road \n Gate / Designated Entrance \n DR DR \n DR \n Catclaw Creek \n Unit #2381 \n 150 acres \n Brooks","species":["dove"],"methods":["shotgun"],"access":["aph_walk_in"],"complexes":[],"hasEpostcard":false,"hasRegularPermit":false,"epostcardUrl":"","countySlugs":["brooks"],"bookletPage":"128","bookletPdfPage":157,"bookletUrl":"https://tpwd.texas.gov/publications/pwdpubs/media/pwd_bk_w7000_0112a.pdf#page=157","lon":-98.18086,"lat":27.20145},"geometry":{"type":"Polygon","coordinates":[[[-98.17642,27.20807],[-98.18442,27.20887],[-98.18442,27.19417],[-98.17832,27.19337],[-98.17642,27.20807]]]}},{"type":"Feature","id":"700","properties":{"id":"700","unitIds":["700"],"name":"Chaparral WMA","counties":["Dimmit","La Salle"],"region":"San Antonio/Corpus Christi","acres":15200.0,"type":"wma","pdfUrl":"https://tpwd.texas.gov/huntwild/hunt/public/annual_public_hunting/resources/700.pdf","aerialPdfUrl":"https://tpwd.texas.gov/huntwild/hunt/public/annual_public_hunting/resources/Chaparral_700.pdf","registration":"osr","legalGameTags":["Dove","Quail","Rabbit","Youth/Adult Quail","E-Postcard Multi-species"],"legalGameText":"animals is prohibited. The use of ATV/ORVs is prohibited. The use of horses is prohibited. Overnight access is limited to the designated campsites ONLY. Open period for general public use on the WMA is Apr. 1 - Aug. 31 and is limited to the area designated on the area map (Hogue & Rosindo Pastures Only). On-site Registration is required at the Area Headquarters or Camping Area Kiosk for all visitors year-round. No permit required for the Driving or Walking trails. Other visitation by appointment is available for educational groups, field days, or special interest. Visit the Chaparral WMA Facebook page for further information or call the Area office at 830/676-3413 or e-mail at cwma@tpwd.texas.gov. \n 1 0 2 \n APPROXIMATE SCALE IN MILES \n Information / Registration Station Designated Entry Point \n Designated Camping Area \n Public Hunting Area \n Stream/bed \n General Use Area (Apr. 1-Aug. 31) \n Area Headquarters \n Recommended Dove Hunting Area \n oad R","species":["dove","feral_hog","quail","rabbit","squirrel"],"methods":["any_legal","shotgun"],"access":["aph_walk_in","e_postcard","youth_adult"],"complexes":[],"hasEpostcard":true,"hasRegularPermit":false,"epostcardUrl":"https://tpwd.texas.gov/huntwild/hunt/public/public_hunt_drawing/hunt-area-details.phtml?OArea=CP","countySlugs":["dimmit","lasalle"],"bookletPage":"143","bookletPdfPage":172,"bookletUrl":"https://tpwd.texas.gov/publications/pwdpubs/media/pwd_bk_w7000_0112a.pdf#page=172","lon":-99.40518,"lat":28.32494},"geometry":{"type":"Polygon","coordinates":[[[-99.45649,28.34447],[-99.4562,28.32424],[-99.45424,28.32324],[-99.45427,28.32099],[-99.44849,28.31916],[-99.44947,28.30809],[-99.37072,28.28907],[-99.35665,28.28694],[-99.35679,28.30593],[-99.34015,28.30592],[-99.34015,28.32051],[-99.35616,28.32041],[-99.35636,28.3383],[-99.38928,28.34901],[-99.47337,28.36081],[-99.47313,28.34428],[-99.45649,28.34447]]]}},{"type":"Feature","id":"718","properties":{"id":"718","unitIds":["718"],"name":"Chapote Unit - Las Palomas WMA","counties":["Hidalgo"],"region":"San Antonio/Corpus Christi","acres":220.0,"type":"wma","pdfUrl":"https://tpwd.texas.gov/huntwild/hunt/public/annual_public_hunting/resources/710_715_718.pdf","aerialPdfUrl":"https://tpwd.texas.gov/huntwild/hunt/public/annual_public_hunting/resources/LasPalomasChapote_718.pdf","registration":"osr","legalGameTags":["Dove","Quail","Chachalaca","Rabbit"],"legalGameText":"• 2026-2027 \n OSR Required Each Day Dove: Each day of South Zone Dove and Falconry Dove Seasons. Quail: Each day of the Quail season. Chachalaca: Each day of the Chachalaca season. Rabbits & Hares: Concurrent with hunt dates for dove and quail.","species":["chachalaca","dove","quail","rabbit"],"methods":["any_legal","shotgun"],"access":["aph_walk_in"],"complexes":[],"hasEpostcard":false,"hasRegularPermit":false,"epostcardUrl":"","countySlugs":["hidalgo"],"bookletPage":"140","bookletPdfPage":169,"bookletUrl":"https://tpwd.texas.gov/publications/pwdpubs/media/pwd_bk_w7000_0112a.pdf#page=169","lon":-98.01168,"lat":26.11205},"geometry":{"type":"Polygon","coordinates":[[[-97.99792,26.11713],[-98.01652,26.11352],[-98.02171,26.11043],[-98.02168,26.10588],[-98.01662,26.10648],[-98.01623,26.11033],[-98.00989,26.11193],[-98.00994,26.11459],[-98.00832,26.11281],[-98.00591,26.11411],[-98.00585,26.11113],[-98.00485,26.11131],[-97.99789,26.11577],[-97.99792,26.11713]]]}},{"type":"Feature","id":"2521","properties":{"id":"2521","unitIds":["2521","2520","2519","2522"],"name":"Clay County Complex","counties":["Clay"],"region":"Dallas/Ft. Worth","acres":365.0,"type":"dove_lease","pdfUrl":"https://tpwd.texas.gov/huntwild/hunt/public/annual_public_hunting/resources/ClayCountyComplex.pdf","aerialPdfUrl":"https://tpwd.texas.gov/huntwild/hunt/public/annual_public_hunting/resources/HomePlace_2521.pdf","registration":"osr","legalGameTags":["Dove","Waterfowl","Rabbit"],"legalGameText":"• 2026-2027 \n OSR Required Each Day Dove: Each day of the of the North Zone Dove \n season (Mourning and White-winged). Waterfowl: Each day of the Early Teal and North \n Zone Duck seasons to include any Youth dates. Rabbits and Hares: Concurrent with dove and \n waterfowl hunting.","species":["dove","rabbit","waterfowl"],"methods":["any_legal","shotgun"],"access":["aph_walk_in"],"complexes":["Home Place","Rater Crump","Thompson Aerial","Three Bs"],"hasEpostcard":false,"hasRegularPermit":false,"epostcardUrl":"","countySlugs":["clay"],"bookletPage":"47","bookletPdfPage":76,"bookletUrl":"https://tpwd.texas.gov/publications/pwdpubs/media/pwd_bk_w7000_0112a.pdf#page=76","lon":-98.03993,"lat":33.57052},"geometry":{"type":"MultiPolygon","coordinates":[[[[-98.04121,33.56609],[-98.03508,33.56604],[-98.03503,33.57357],[-98.03509,33.56609],[-98.04117,33.56611],[-98.0411,33.57608],[-98.02897,33.57607],[-98.02901,33.57257],[-98.03196,33.57222],[-98.032,33.5661],[-98.02907,33.56608],[-98.0292,33.55754],[-98.03445,33.5559],[-98.03679,33.55695],[-98.03704,33.55968],[-98.04122,33.55968],[-98.04121,33.56609]]],[[[-98.05335,33.57131],[-98.04133,33.57132],[-98.04134,33.56612],[-98.05336,33.56612],[-98.05335,33.57131]]],[[[-98.02912,33.5762],[-98.03624,33.57625],[-98.03623,33.58161],[-98.02891,33.58159],[-98.02912,33.5762]]],[[[-98.05883,33.58164],[-98.05885,33.57969],[-98.06106,33.57973],[-98.06103,33.58672],[-98.05337,33.58673],[-98.05339,33.58162],[-98.05883,33.58164]]]]}},{"type":"Feature","id":"2514","properties":{"id":"2514","unitIds":["2514"],"name":"Cobb Farms","counties":["Swisher"],"region":"Panhandle","acres":250.0,"type":"dove_lease","pdfUrl":"https://tpwd.texas.gov/huntwild/hunt/public/annual_public_hunting/resources/2514.pdf","aerialPdfUrl":"https://tpwd.texas.gov/huntwild/hunt/public/annual_public_hunting/resources/CobbFarms_2514.pdf","registration":"osr","legalGameTags":["Dove","Teal","Waterfowl","Rabbit","Coyotes"],"legalGameText":"• 2026-2027 \n OSR Required Each Day Dove: Each day of the of the North Zone Dove season (Mourning and \n White-winged). Quail: Each day of the of the Quail Season Rabbits and Hares: May be taken while hunting dove and quail.","species":["coyote","dove","rabbit","teal","waterfowl"],"methods":["any_legal","shotgun"],"access":["aph_walk_in"],"complexes":[],"hasEpostcard":false,"hasRegularPermit":false,"epostcardUrl":"","countySlugs":["swisher"],"bookletPage":"20","bookletPdfPage":49,"bookletUrl":"https://tpwd.texas.gov/publications/pwdpubs/media/pwd_bk_w7000_0112a.pdf#page=49","lon":-101.58763,"lat":34.53291},"geometry":{"type":"Polygon","coordinates":[[[-101.58398,34.53988],[-101.58996,34.53828],[-101.59022,34.53514],[-101.59358,34.53508],[-101.59282,34.52795],[-101.58286,34.52778],[-101.58287,34.53252],[-101.58116,34.53375],[-101.58392,34.53515],[-101.58398,34.53988]]]}},{"type":"Feature","id":"2267","properties":{"id":"2267","unitIds":["2267","2266"],"name":"Collin County Complex","counties":["Collin"],"region":"Dallas/Ft. Worth","acres":188.0,"type":"dove_lease","pdfUrl":"https://tpwd.texas.gov/huntwild/hunt/public/annual_public_hunting/resources/CollinCountyComplex.pdf","aerialPdfUrl":"https://tpwd.texas.gov/huntwild/hunt/public/annual_public_hunting/resources/NorthRoyseCity_2267.pdf","registration":"osr","legalGameTags":["Dove"],"legalGameText":"• 2026-2027 \n OSR Required Each Day Dove: Each day of the first split of the North \n Zone Dove season with hunting to end on Oct. 31 (Mourning, White-winged, and Eurasian Collared). \n Unit #2266: Park along edge of roadway or in designated parking areas.","species":["dove"],"methods":["shotgun"],"access":["aph_walk_in"],"complexes":["North Royse City","West Farm Road 1777"],"hasEpostcard":false,"hasRegularPermit":false,"epostcardUrl":"","countySlugs":["collin"],"bookletPage":"48","bookletPdfPage":77,"bookletUrl":"https://tpwd.texas.gov/publications/pwdpubs/media/pwd_bk_w7000_0112a.pdf#page=77","lon":-96.32933,"lat":33.01639},"geometry":{"type":"MultiPolygon","coordinates":[[[[-96.32282,33.00868],[-96.32282,33.00688],[-96.32032,33.00678],[-96.32162,32.99658],[-96.32822,32.99668],[-96.32782,33.00578],[-96.32282,33.00868]]],[[[-96.32367,33.02738],[-96.32743,33.02751],[-96.32769,33.02208],[-96.32407,33.02198],[-96.32417,33.01918],[-96.33097,33.01838],[-96.33124,33.01252],[-96.32398,33.01224],[-96.32419,33.00933],[-96.32301,33.00934],[-96.32622,33.00734],[-96.32681,33.00872],[-96.32891,33.00679],[-96.33366,33.00696],[-96.33351,33.00959],[-96.33677,33.00998],[-96.33707,33.01318],[-96.33187,33.01458],[-96.34028,33.01518],[-96.33987,33.02188],[-96.33347,33.02168],[-96.33327,33.02768],[-96.32857,33.02748],[-96.32847,33.03158],[-96.33327,33.03178],[-96.33327,33.03588],[-96.32337,33.03558],[-96.32367,33.02738]]]]}},{"type":"Feature","id":"2298","properties":{"id":"2298","unitIds":["2298","2316"],"name":"Collin Rockwall County Complex","counties":["Collin","Rockwall"],"region":"Dallas/Ft. Worth","acres":98.0,"type":"dove_lease","pdfUrl":"https://tpwd.texas.gov/huntwild/hunt/public/annual_public_hunting/resources/Collin_RockwallCountyComplex.pdf","aerialPdfUrl":"","registration":"osr","legalGameTags":["Dove"],"legalGameText":"• 2026-2027 \n OSR Required Each Day Dove: Each day of the first split of the North \n Zone Dove season with hunting ending on Oct. 31 (Mourning, White-winged, and Eurasian Collared). \n Collin/Rockwall County Complex \n Farm Road 2755 (Unit #2316) 60 acres \n Farm Road 1138 (Unit #2298) 98 acres \n Collin \n Rock- wall","species":["dove"],"methods":["shotgun"],"access":["aph_walk_in"],"complexes":["Farm Road 1138","Farm Road 2755"],"hasEpostcard":false,"hasRegularPermit":false,"epostcardUrl":"","countySlugs":["collin","rockwall"],"bookletPage":"49","bookletPdfPage":78,"bookletUrl":"https://tpwd.texas.gov/publications/pwdpubs/media/pwd_bk_w7000_0112a.pdf#page=78","lon":-96.37228,"lat":32.98441},"geometry":{"type":"MultiPolygon","coordinates":[[[[-96.37339,32.98188],[-96.37056,32.98185],[-96.36934,32.97446],[-96.37337,32.97442],[-96.37339,32.98188]]],[[[-96.36952,32.98183],[-96.36614,32.98188],[-96.36619,32.97908],[-96.36902,32.97912],[-96.36952,32.98183]]],[[[-96.37192,32.98988],[-96.37722,32.99008],[-96.37702,32.99478],[-96.37182,32.99468],[-96.37192,32.98988]]]]}},{"type":"Feature","id":"731","properties":{"id":"731","unitIds":["731"],"name":"Cooper WMA","counties":["Delta","Hopkins"],"region":"Dallas/Ft. Worth","acres":14160.0,"type":"wma","pdfUrl":"https://tpwd.texas.gov/huntwild/hunt/public/annual_public_hunting/resources/731.pdf","aerialPdfUrl":"https://tpwd.texas.gov/huntwild/hunt/public/annual_public_hunting/resources/Cooper_731.pdf","registration":"osr","legalGameTags":["Deer - Archery","Feral Hog","Dove","Teal","Waterfowl","Other Migratory Birds","Squirrel","Rabbit","Fishing","Youth Squirrel"],"legalGameText":"• 2026-2027 \n OSR Required Each Day Archery Only White-tailed Deer Season: Oct. 3-Nov. 6, Nov. 9-27 and Dec. 1-Jan. 3 \n (either sex). Bag limit - 1 buck and 2 antlerless. Legal buck must have at least one unbranched antler or an inside spread of at least 13 inches. All deer taken on the WMA must be registered at the Hunter Check Station within 24 hours of the time of harvest. Feral Hogs: Archery Only: (no bag limit). Shotgun and Archery: Jan. 12-May 31 (no bag limit). Lawful archery equipment and shotguns \n with any size shot including buckshot or slugs are allowed. Dove: Each day of the first split North Zone Dove. Waterfowl: Shooting hours are one half hour before sunrise to noon except all day hunting is \n allowed for Early Teal. Hunting is allowed each day of the Early Teal, North Zone Duck and Eastern Zone Goose seasons except dates","species":["dove","feral_hog","other_migratory","rabbit","squirrel","teal","waterfowl","white_tailed_deer"],"methods":["any_legal","archery","shotgun"],"access":["aph_walk_in","youth"],"complexes":[],"hasEpostcard":false,"hasRegularPermit":false,"epostcardUrl":"","countySlugs":["delta","hopkins"],"bookletPage":"54","bookletPdfPage":83,"bookletUrl":"https://tpwd.texas.gov/publications/pwdpubs/media/pwd_bk_w7000_0112a.pdf#page=83","lon":-95.74459,"lat":33.30317},"geometry":{"type":"MultiPolygon","coordinates":[[[[-95.70359,33.3587],[-95.70331,33.35568],[-95.69691,33.3515],[-95.69473,33.34613],[-95.69135,33.34441],[-95.68969,33.34433],[-95.69302,33.34876],[-95.69253,33.35258],[-95.69122,33.3526],[-95.69086,33.35517],[-95.68617,33.35556],[-95.6862,33.35103],[-95.6906,33.34933],[-95.68714,33.34165],[-95.685,33.34023],[-95.68717,33.33982],[-95.69675,33.34268],[-95.69966,33.34949],[-95.70132,33.34968],[-95.70058,33.35086],[-95.70389,33.35372],[-95.70526,33.35295],[-95.70988,33.35592],[-95.71386,33.35489],[-95.70753,33.35327],[-95.70772,33.35063],[-95.70331,33.34049],[-95.69598,33.33436],[-95.69334,33.33391],[-95.69417,33.33221],[-95.68758,33.3306],[-95.68306,33.33218],[-95.67947,33.33033],[-95.69424,33.32767],[-95.69502,33.32459],[-95.69284,33.32178],[-95.71791,33.28388],[-95.71996,33.28512],[-95.72127,33.282],[-95.72459,33.28239],[-95.72606,33.27609],[-95.73038,33.27625],[-95.73695,33.27281],[-95.73487,33.26547],[-95.73661,33.26139],[-95.7463,33.26368],[-95.74599,33.26872],[-95.74927,33.27146],[-95.74795,33.27634],[-95.75363,33.27321],[-95.75839,33.27356],[-95.76075,33.27101],[-95.77525,33.26955],[-95.77319,33.25832],[-95.77684,33.25909],[-95.77756,33.25756],[-95.77383,33.2549],[-95.77938,33.24946],[-95.78834,33.24836],[-95.78992,33.24562],[-95.79459,33.2437],[-95.79633,33.24596],[-95.79466,33.24852],[-95.79949,33.24972],[-95.80119,33.2538],[-95.79571,33.25816],[-95.79908,33.25924],[-95.8007,33.26263],[-95.80244,33.26301],[-95.80164,33.2643],[-95.80531,33.26696],[-95.80476,33.27121],[-95.80078,33.27432],[-95.80255,33.27744],[-95.80107,33.27908],[-95.8205,33.27227],[-95.83207,33.27348],[-95.83065,33.2753],[-95.82822,33.27532],[-95.82807,33.28343],[-95.81859,33.28531],[-95.8173,33.28637],[-95.81965,33.28819],[-95.81788,33.28905],[-95.80998,33.29023],[-95.80663,33.29617],[-95.80347,33.29686],[-95.80345,33.29815],[-95.7959,33.29744],[-95.79588,33.30066],[-95.79023,33.29606],[-95.78179,33.30312],[-95.78166,33.30633],[-95.79306,33.30818],[-95.80299,33.31301],[-95.80896,33.32037],[-95.80704,33.32554],[-95.80169,33.32552],[-95.79989,33.32185],[-95.79496,33.32107],[-95.79454,33.3189],[-95.78951,33.31864],[-95.7881,33.31663],[-95.77989,33.3167],[-95.7799,33.31838],[-95.7783,33.31668],[-95.76899,33.31772],[-95.76549,33.31476],[-95.76263,33.31516],[-95.76111,33.31093],[-95.75819,33.31322],[-95.75508,33.31324],[-95.76025,33.31988],[-95.74688,33.31745],[-95.74807,33.31514],[-95.74555,33.31514],[-95.74554,33.31761],[-95.74062,33.31858],[-95.74317,33.31858],[-95.74434,33.32044],[-95.74316,33.32049],[-95.74365,33.32257],[-95.7403,33.32257],[-95.73908,33.33441],[-95.74116,33.33537],[-95.74042,33.33753],[-95.74412,33.33753],[-95.74411,33.34093],[-95.74652,33.34258],[-95.74902,33.34176],[-95.75806,33.34931],[-95.75807,33.35245],[-95.75499,33.35447],[-95.74342,33.35039],[-95.73865,33.34711],[-95.73519,33.34702],[-95.73078,33.34035],[-95.72883,33.33238],[-95.72519,33.33248],[-95.72289,33.32923],[-95.72008,33.32871],[-95.71736,33.3311],[-95.71357,33.33122],[-95.7135,33.33374],[-95.70414,33.33231],[-95.70148,33.33422],[-95.709,33.34278],[-95.709,33.344],[-95.70635,33.34397],[-95.70888,33.34691],[-95.70773,33.34823],[-95.7114,33.35042],[-95.71101,33.3515],[-95.7146,33.35098],[-95.716,33.35414],[-95.72168,33.3575],[-95.72366,33.36204],[-95.71969,33.36445],[-95.71611,33.3603],[-95.70359,33.3587]]],[[[-95.63232,33.34804],[-95.63366,33.34629],[-95.63254,33.34397],[-95.629,33.34166],[-95.62289,33.34089],[-95.61983,33.34218],[-95.61384,33.34978],[-95.61529,33.3522],[-95.61426,33.35466],[-95.60773,33.35433],[-95.60623,33.35211],[-95.60049,33.35299],[-95.5954,33.35636],[-95.59485,33.35534],[-95.59599,33.35357],[-95.60267,33.35209],[-95.60312,33.34904],[-95.60544,33.35093],[-95.61317,33.34802],[-95.6151,33.34511],[-95.61399,33.34392],[-95.61645,33.33723],[-95.61421,33.33037],[-95.6147,33.32575],[-95.61775,33.32582],[-95.63642,33.33917],[-95.65094,33.34505],[-95.66023,33.34647],[-95.6619,33.34975],[-95.65023,33.34831],[-95.6489,33.34912],[-95.64929,33.35703],[-95.63725,33.35537],[-95.63266,33.35049],[-95.62872,33.34994],[-95.62895,33.3486],[-95.63232,33.34804]]]]}},{"type":"Feature","id":"1097","properties":{"id":"1097","unitIds":["1097"],"name":"Copper Breaks State Park","counties":["Hardeman"],"region":"Panhandle","acres":null,"type":"state_park","pdfUrl":"","aerialPdfUrl":"https://tpwd.texas.gov/huntwild/hunt/public/annual_public_hunting/resources/CopperBreaks_1097.pdf","registration":"none","legalGameTags":["E-Postcard Waterfowl"],"legalGameText":"","species":["waterfowl"],"methods":["shotgun"],"access":["e_postcard"],"complexes":[],"hasEpostcard":true,"hasRegularPermit":false,"epostcardUrl":"https://tpwd.texas.gov/huntwild/hunt/public/public_hunt_drawing/hunt-area-details.phtml?OArea=CO","countySlugs":["hardeman"],"bookletPage":"xxii","bookletPdfPage":25,"bookletUrl":"https://tpwd.texas.gov/publications/pwdpubs/media/pwd_bk_w7000_0112a.pdf#page=25","lon":-99.75,"lat":34.11},"geometry":{"type":"Point","coordinates":[-99.75,34.11]}},{"type":"Feature","id":"2570","properties":{"id":"2570","unitIds":["2570"],"name":"Correll - Canadian River Complex 7","counties":["Ochiltree"],"region":"Panhandle","acres":384.0,"type":"dove_lease","pdfUrl":"https://tpwd.texas.gov/huntwild/hunt/public/annual_public_hunting/resources/CanadianRiverComplex7.pdf","aerialPdfUrl":"https://tpwd.texas.gov/huntwild/hunt/public/annual_public_hunting/resources/CanadianRiverComplex7_Correll_2570.pdf","registration":"osr","legalGameTags":["Dove","Teal","Waterfowl","Cranes","Pheasant","Rabbit","Coyotes","Youth Waterfowl","Veteran Waterfowl"],"legalGameText":"• 2026-2027 \n OSR Required Each Day Dove: Each day of the North Zone Dove season (Mourning, White-winged, and Eurasian \n Collared) except on dates the","species":["coyote","dove","pheasant","rabbit","sandhill_crane","teal","waterfowl"],"methods":["any_legal","shotgun"],"access":["aph_walk_in","youth"],"complexes":[],"hasEpostcard":false,"hasRegularPermit":false,"epostcardUrl":"","countySlugs":["ochiltree"],"bookletPage":"28","bookletPdfPage":57,"bookletUrl":"https://tpwd.texas.gov/publications/pwdpubs/media/pwd_bk_w7000_0112a.pdf#page=57","lon":-100.99785,"lat":36.1505},"geometry":{"type":"Polygon","coordinates":[[[-101.00217,36.14196],[-100.99322,36.14202],[-100.99363,36.15904],[-101.00235,36.15915],[-101.00217,36.14196]]]}},{"type":"Feature","id":"2488","properties":{"id":"2488","unitIds":["2488"],"name":"CR 229","counties":["Falls"],"region":"Austin/Waco","acres":154.0,"type":"dove_lease","pdfUrl":"https://tpwd.texas.gov/huntwild/hunt/public/annual_public_hunting/resources/2488.pdf","aerialPdfUrl":"https://tpwd.texas.gov/huntwild/hunt/public/annual_public_hunting/resources/CR229_2488.pdf","registration":"osr","legalGameTags":["Dove","Fishing","Veteran Waterfowl"],"legalGameText":"• 2026-2027 \n OSR Required Each Day Dove: Each day of Central Zone Dove Season (Mourning, White-winged, \n and Eurasian Collared Dove). Waterfowl: Hunting is allowed each day of the Early Teal Season, \n Youth and Veteran Special Waterfowl days, North Zone Duck, Eastern Zone Goose (Early Canada and Dark Goose). Rabbits, Coyotes & Feral Hogs: May be taken while hunting Dove or \n Waterfowl. Fishing: Rod and reel only.","species":["dove","waterfowl"],"methods":["any_legal","shotgun"],"access":["aph_walk_in"],"complexes":[],"hasEpostcard":false,"hasRegularPermit":false,"epostcardUrl":"","countySlugs":["falls"],"bookletPage":"89","bookletPdfPage":118,"bookletUrl":"https://tpwd.texas.gov/publications/pwdpubs/media/pwd_bk_w7000_0112a.pdf#page=118","lon":-96.76787,"lat":31.26449},"geometry":{"type":"Polygon","coordinates":[[[-96.77416,31.2655],[-96.77202,31.2605],[-96.76064,31.26414],[-96.76232,31.26807],[-96.76764,31.26532],[-96.76888,31.26821],[-96.77416,31.2655]]]}},{"type":"Feature","id":"2449","properties":{"id":"2449","unitIds":["2449"],"name":"Crossroad Farm","counties":["Fannin"],"region":"Dallas/Ft. Worth","acres":130.0,"type":"dove_lease","pdfUrl":"https://tpwd.texas.gov/huntwild/hunt/public/annual_public_hunting/resources/2449.pdf","aerialPdfUrl":"https://tpwd.texas.gov/huntwild/hunt/public/annual_public_hunting/resources/CrossroadsFarm_2449.pdf","registration":"osr","legalGameTags":["Dove"],"legalGameText":"• 2026-2027 \n OSR Required Each Day Dove: Each day of the first split of the North Zone \n Dove season with hunting to end on Oct. 31 (Mourning, White-winged, and Eurasian Collared). \n To Ladonia To FM 1550 \n To Bonham \n Dodd \n City \n Windom \n Honey \n Grove \n CR 3415 \n CR 3410 \n CR 3400 \n 34 \n 56 56 \n 2077 \n 1743 \n 34 \n 1743 1396 \n 82 \n CR 2998 \n CR 2971 \n CR 2975 \n CR \n 70 29 \n Information/Registration Station \n Public Hunting Area \n Designated Parking Area \n N \n E W \n S","species":["dove"],"methods":["shotgun"],"access":["aph_walk_in"],"complexes":[],"hasEpostcard":false,"hasRegularPermit":false,"epostcardUrl":"","countySlugs":["fannin"],"bookletPage":"59","bookletPdfPage":88,"bookletUrl":"https://tpwd.texas.gov/publications/pwdpubs/media/pwd_bk_w7000_0112a.pdf#page=88","lon":-96.02078,"lat":33.58347},"geometry":{"type":"Polygon","coordinates":[[[-96.01767,33.57971],[-96.01732,33.58718],[-96.02442,33.58678],[-96.02391,33.57989],[-96.01767,33.57971]]]}},{"type":"Feature","id":"2587","properties":{"id":"2587","unitIds":["2587"],"name":"Cuero Creek Complex - Immenhauser","counties":["DeWitt"],"region":"San Antonio/Corpus Christi","acres":293.0,"type":"dove_lease","pdfUrl":"https://tpwd.texas.gov/huntwild/hunt/public/annual_public_hunting/resources/CueroCreekComplex.pdf","aerialPdfUrl":"https://tpwd.texas.gov/huntwild/hunt/public/annual_public_hunting/resources/Immenhauser_2587.pdf","registration":"osr","legalGameTags":["Dove"],"legalGameText":"• 2026-2027 \n OSR Required Each Day Dove: Each day of the First and Second Split of the South Zone Dove \n season (Mourning, White-winged, Eurasian Collared, and Feral Pigeon). \n # 2393 and # 2585","species":["dove"],"methods":["shotgun"],"access":["aph_walk_in"],"complexes":[],"hasEpostcard":false,"hasRegularPermit":false,"epostcardUrl":"","countySlugs":["dewitt"],"bookletPage":"141","bookletPdfPage":170,"bookletUrl":"https://tpwd.texas.gov/publications/pwdpubs/media/pwd_bk_w7000_0112a.pdf#page=170","lon":-97.26206,"lat":29.25348},"geometry":{"type":"Polygon","coordinates":[[[-97.25623,29.24881],[-97.25547,29.25869],[-97.25781,29.25886],[-97.25795,29.25725],[-97.26821,29.25791],[-97.26889,29.24946],[-97.25623,29.24881]]]}},{"type":"Feature","id":"2575","properties":{"id":"2575","unitIds":["2575"],"name":"De Campo - Canadian River Complex 6","counties":["Moore"],"region":"Panhandle","acres":626.0,"type":"dove_lease","pdfUrl":"https://tpwd.texas.gov/huntwild/hunt/public/annual_public_hunting/resources/CanadianRiverComplex6.pdf","aerialPdfUrl":"https://tpwd.texas.gov/huntwild/hunt/public/annual_public_hunting/resources/CanadianRiverComplex6_DeCampo_2575.pdf","registration":"osr","legalGameTags":["Dove","Teal","Waterfowl","Cranes","Pheasant","Rabbit","Coyotes","Youth Waterfowl","Veteran Waterfowl"],"legalGameText":"• 2026-2027 \n OSR Required Each Day Dove: Each day of the North Zone Dove season (Mourning, White-winged, and Eurasian \n Collared) except on dates the","species":["coyote","dove","pheasant","rabbit","sandhill_crane","teal","waterfowl"],"methods":["any_legal","shotgun"],"access":["aph_walk_in","youth"],"complexes":[],"hasEpostcard":false,"hasRegularPermit":false,"epostcardUrl":"","countySlugs":["moore"],"bookletPage":"27","bookletPdfPage":56,"bookletUrl":"https://tpwd.texas.gov/publications/pwdpubs/media/pwd_bk_w7000_0112a.pdf#page=56","lon":-101.95407,"lat":35.916},"geometry":{"type":"Polygon","coordinates":[[[-101.96307,35.90946],[-101.94553,35.90885],[-101.94534,35.92323],[-101.96296,35.92244],[-101.96307,35.90946]]]}},{"type":"Feature","id":"2551","properties":{"id":"2551","unitIds":["2551"],"name":"Della Plains","counties":["Floyd"],"region":"Panhandle","acres":160.0,"type":"dove_lease","pdfUrl":"https://tpwd.texas.gov/huntwild/hunt/public/annual_public_hunting/resources/2551.pdf","aerialPdfUrl":"https://tpwd.texas.gov/huntwild/hunt/public/annual_public_hunting/resources/Della Plains_2551.pdf","registration":"osr","legalGameTags":["Dove","Teal","Waterfowl","Cranes","Pheasant","Rabbit"],"legalGameText":"• 2026-2027 \n OSR Required Each Day Dove: Each day of the North Zone Dove season (Mourning, White-winged, \n and Eurasian Collared). Ducks: Each day of the Early Teal season, Youth and Veteran Waterfowl \n days, and the High Plains Mallard seasons. Geese: Each day of the Western Zone seasons. Pheasant: Each day of Pheasant season for Floyd County. Sandhill Crane: Each day of Sandhill Crane season for Zone A. Rabbits and Hares: Concurrent with dove, pheasant, crane, and \n waterfowl seasons.","species":["dove","pheasant","rabbit","sandhill_crane","teal","waterfowl"],"methods":["any_legal","shotgun"],"access":["aph_walk_in"],"complexes":[],"hasEpostcard":false,"hasRegularPermit":false,"epostcardUrl":"","countySlugs":["floyd"],"bookletPage":"9","bookletPdfPage":38,"bookletUrl":"https://tpwd.texas.gov/publications/pwdpubs/media/pwd_bk_w7000_0112a.pdf#page=38","lon":-101.30978,"lat":34.07065},"geometry":{"type":"Polygon","coordinates":[[[-101.3054,34.06708],[-101.30536,34.07424],[-101.31422,34.07421],[-101.31413,34.06702],[-101.3054,34.06708]]]}},{"type":"Feature","id":"736","properties":{"id":"736","unitIds":["736"],"name":"Dimmitt Playa Unit - Playa Lakes WMA","counties":["Castro"],"region":"Panhandle","acres":null,"type":"wma","pdfUrl":"","aerialPdfUrl":"","registration":"none","legalGameTags":["E-Postcard Waterfowl/Pheasant","E-Postcard Waterfowl"],"legalGameText":"","species":["pheasant","waterfowl"],"methods":["any_legal","shotgun"],"access":["e_postcard"],"complexes":[],"hasEpostcard":true,"hasRegularPermit":false,"epostcardUrl":"https://tpwd.texas.gov/huntwild/hunt/public/public_hunt_drawing/hunt-area-details.phtml?OArea=DP","countySlugs":["castro"],"bookletPage":"xxiv","bookletPdfPage":27,"bookletUrl":"https://tpwd.texas.gov/publications/pwdpubs/media/pwd_bk_w7000_0112a.pdf#page=27","lon":-102.32,"lat":34.55},"geometry":{"type":"Point","coordinates":[-102.32,34.55]}},{"type":"Feature","id":"2268","properties":{"id":"2268","unitIds":["2268"],"name":"East FM 1570 - Hunt County Complex 2","counties":["Hunt"],"region":"Dallas/Ft. Worth","acres":230.0,"type":"dove_lease","pdfUrl":"https://tpwd.texas.gov/huntwild/hunt/public/annual_public_hunting/resources/HuntCountyComplex2.pdf","aerialPdfUrl":"https://tpwd.texas.gov/huntwild/hunt/public/annual_public_hunting/resources/EastFM1570_2268.pdf","registration":"osr","legalGameTags":["Dove"],"legalGameText":"• 2026-2027 \n OSR Required Each Day Dove: Each day of the first split of the North \n Zone Dove Season with hunting to end on Oct. 31 (Mourning, White-winged, and Eurasian Collared). \n Greenville \n Clinton \n Floyd \n Caddo Mills \n C 2 46 R 1 \n CR \n 4 21 4 \n 2 08 CR 1 \n To Dallas \n To Cumby \n 30 \n 30 \n 67 \n 69 \n 380 \n 903 \n 3211 \n 66 36 \n 1570 \n 66 \n C 2 18 R 1 \n Information/Registration Station \n Public Hunting Area \n Designated Parking Area \n Trees \n Stream/bed \n Transmission Line","species":["dove"],"methods":["shotgun"],"access":["aph_walk_in"],"complexes":[],"hasEpostcard":false,"hasRegularPermit":false,"epostcardUrl":"","countySlugs":["hunt"],"bookletPage":"62","bookletPdfPage":91,"bookletUrl":"https://tpwd.texas.gov/publications/pwdpubs/media/pwd_bk_w7000_0112a.pdf#page=91","lon":-96.15066,"lat":33.09494},"geometry":{"type":"MultiPolygon","coordinates":[[[[-96.15812,33.08928],[-96.15922,33.09318],[-96.15422,33.09408],[-96.15242,33.09278],[-96.15192,33.08938],[-96.15812,33.08928]]],[[[-96.15562,33.09758],[-96.15472,33.09428],[-96.15894,33.09463],[-96.15932,33.09728],[-96.15562,33.09758]]],[[[-96.14692,33.09968],[-96.14132,33.09958],[-96.14142,33.09408],[-96.15352,33.09428],[-96.15382,33.09768],[-96.14702,33.09768],[-96.14692,33.09968]]]]}},{"type":"Feature","id":"719","properties":{"id":"719","unitIds":["719"],"name":"Ebony Unit - Las Palomas WMA - UPDATED","counties":["Cameron"],"region":"San Antonio/Corpus Christi","acres":303.0,"type":"wma","pdfUrl":"https://tpwd.texas.gov/huntwild/hunt/public/annual_public_hunting/resources/719.pdf","aerialPdfUrl":"https://tpwd.texas.gov/huntwild/hunt/public/annual_public_hunting/resources/LasPalomasEbony_719.pdf","registration":"osr","legalGameTags":["Dove","Quail","Chachalaca","Rabbit"],"legalGameText":"• 2026-2027 \n OSR Required Each Day Dove: Each day of South Zone Dove and Falconry Dove seasons. Quail: Each day of the Quail season. Chachalaca: Each day of the Chachalaca season. Rabbits & Hares: Concurrent with hunt dates for dove and quail.","species":["chachalaca","dove","quail","rabbit"],"methods":["any_legal","shotgun"],"access":["aph_walk_in"],"complexes":[],"hasEpostcard":false,"hasRegularPermit":false,"epostcardUrl":"","countySlugs":["cameron"],"bookletPage":"137","bookletPdfPage":166,"bookletUrl":"https://tpwd.texas.gov/publications/pwdpubs/media/pwd_bk_w7000_0112a.pdf#page=166","lon":-97.74317,"lat":26.0825},"geometry":{"type":"MultiPolygon","coordinates":[[[[-97.75173,26.08007],[-97.75179,26.08175],[-97.74455,26.07836],[-97.74604,26.07612],[-97.75173,26.08007]]],[[[-97.73982,26.0863],[-97.73608,26.0792],[-97.73798,26.07738],[-97.74131,26.07893],[-97.74217,26.07743],[-97.74912,26.08058],[-97.74396,26.08986],[-97.73688,26.08773],[-97.73982,26.0863]]]]}},{"type":"Feature","id":"725","properties":{"id":"725","unitIds":["725"],"name":"Elephant Mountain WMA","counties":["Brewster"],"region":"Trans-Pecos","acres":23147.0,"type":"wma","pdfUrl":"https://tpwd.texas.gov/huntwild/hunt/public/annual_public_hunting/resources/725.pdf","aerialPdfUrl":"https://tpwd.texas.gov/huntwild/hunt/public/annual_public_hunting/resources/ElephantMountain_725.pdf","registration":"osr","legalGameTags":["Dove","Quail","Rabbit","Youth/Adult Quail"],"legalGameText":"• 2026-2027 \n OSR Required. Dove: Sept. 1-14, Sept. 19-Oct. 26, Dec. 14-Jan 4, and Jan. \n 9-12 provided these dates occur within the established Central Zone season. H \n Quail: Nov. 1-2, Nov. 7-25, Dec. 14-Jan. 4, and Jan. 9-Feb. \n 28. Hunters are required to deposit one wing from each quail harvested in registration station before exiting the area. Rabbits and Hares: (no bag limit) Concurrent with dove \n and quail hunts. Shotgun only. \n unters are required to deposit one wing from each dove harvested in registration station before exiting the area. \n Brewster County \n Elephant Mountain WMA \n Unit #725 23,147 acres \n GENERAL USE & VISITATION \n INFORMATION: All public access requires on-site registration. Hunting and general use is restricted to portions of the WMA which are identified as being open by information posted at the Information/Registration Station. See “Schedule of Recreational Use and Visitation” for more information on access permit requirements. Driving tour is open ONLY Mar. 1- Aug. 31. Camping is permitted within the designated primitive camping area only. All public use is restricted to the camping area from two hours after official sunset until two hours before official sunrise. User should check for local burn-bans before lighting campfires (432/364-2228). 118","species":["dove","quail","rabbit"],"methods":["any_legal","shotgun"],"access":["aph_walk_in","youth_adult"],"complexes":[],"hasEpostcard":false,"hasRegularPermit":false,"epostcardUrl":"","countySlugs":["brewster"],"bookletPage":"32","bookletPdfPage":61,"bookletUrl":"https://tpwd.texas.gov/publications/pwdpubs/media/pwd_bk_w7000_0112a.pdf#page=61","lon":-103.50751,"lat":30.01925},"geometry":{"type":"Polygon","coordinates":[[[-103.43542,29.99754],[-103.4425,30.01456],[-103.4496,30.04412],[-103.45677,30.04959],[-103.4636,30.04965],[-103.46399,30.05795],[-103.49883,30.05837],[-103.55709,30.04797],[-103.56786,30.04793],[-103.57228,30.05188],[-103.57803,30.05075],[-103.57158,30.04202],[-103.57397,30.03047],[-103.57208,30.02501],[-103.57242,30.01885],[-103.57617,30.01019],[-103.5762,30.00667],[-103.57181,29.99744],[-103.56138,29.99711],[-103.56018,29.99428],[-103.55246,29.98779],[-103.55091,29.98319],[-103.46186,29.98271],[-103.44891,29.99731],[-103.43542,29.99754]]]}},{"type":"Feature","id":"2532","properties":{"id":"2532","unitIds":["2532"],"name":"Finnell","counties":["Archer"],"region":"Panhandle","acres":426.0,"type":"dove_lease","pdfUrl":"https://tpwd.texas.gov/huntwild/hunt/public/annual_public_hunting/resources/2532.pdf","aerialPdfUrl":"https://tpwd.texas.gov/huntwild/hunt/public/annual_public_hunting/resources/Finnell_2532.pdf","registration":"osr","legalGameTags":["Dove"],"legalGameText":"• 2026-2027 \n OSR Required Each Day Dove: Each day of the first split of the North Zone Dove season \n (Mourning, White-winged, and Eurasian Collared).","species":["dove"],"methods":["shotgun"],"access":["aph_walk_in"],"complexes":[],"hasEpostcard":false,"hasRegularPermit":false,"epostcardUrl":"","countySlugs":["archer"],"bookletPage":"4","bookletPdfPage":33,"bookletUrl":"https://tpwd.texas.gov/publications/pwdpubs/media/pwd_bk_w7000_0112a.pdf#page=33","lon":-98.68984,"lat":33.83006},"geometry":{"type":"MultiPolygon","coordinates":[[[[-98.69414,33.82346],[-98.69416,33.82465],[-98.68032,33.83054],[-98.68104,33.82338],[-98.69414,33.82346]]],[[[-98.68739,33.83048],[-98.68372,33.83039],[-98.69424,33.82581],[-98.69406,33.82691],[-98.69799,33.82701],[-98.6963,33.83387],[-98.69717,33.83645],[-98.68869,33.83834],[-98.68727,33.84006],[-98.68739,33.83048]]]]}},{"type":"Feature","id":"2383","properties":{"id":"2383","unitIds":["2383","2362"],"name":"Floyd County Complex 1","counties":["Floyd"],"region":"Panhandle","acres":80.0,"type":"dove_lease","pdfUrl":"https://tpwd.texas.gov/huntwild/hunt/public/annual_public_hunting/resources/FloydCountyComplex1.pdf","aerialPdfUrl":"https://tpwd.texas.gov/huntwild/hunt/public/annual_public_hunting/resources/Bluestem_2383.pdf","registration":"osr","legalGameTags":["Dove","Teal","Waterfowl","Cranes","Quail","Pheasant","Rabbit","Coyotes","Youth Waterfowl","Veteran Waterfowl"],"legalGameText":"• 2026-2027 \n OSR Required Each Day Dove: Each day of the of the North Zone Dove season (Mourning and \n White-winged). Early Teal: Each day of the Early Teal Season. Quail: Each day of the Quail season through Jan. 31.. Pheasant: Each day of Pheasant season. Ducks: Each day of the High Plains Mallard season. Geese: Each day of the Western Zone season through Jan. 31. Sandhill Crane: Each day of Sandhill Crane season for Zone A. Rabbits, Hares, and Coyotes: Concurrent with other species \n ending Jan. 31.","species":["coyote","dove","pheasant","quail","rabbit","sandhill_crane","teal","waterfowl"],"methods":["any_legal","shotgun"],"access":["aph_walk_in","youth"],"complexes":["Bluestem","Circle Tree"],"hasEpostcard":false,"hasRegularPermit":false,"epostcardUrl":"","countySlugs":["floyd"],"bookletPage":"7","bookletPdfPage":36,"bookletUrl":"https://tpwd.texas.gov/publications/pwdpubs/media/pwd_bk_w7000_0112a.pdf#page=36","lon":-101.42706,"lat":34.23625},"geometry":{"type":"MultiPolygon","coordinates":[[[[-101.43322,34.21808],[-101.44192,34.21788],[-101.44202,34.22168],[-101.43332,34.22178],[-101.43322,34.21808]]],[[[-101.41612,34.24418],[-101.41602,34.23558],[-101.43332,34.23548],[-101.43352,34.24408],[-101.41612,34.24418]]]]}},{"type":"Feature","id":"2466","properties":{"id":"2466","unitIds":["2466"],"name":"FM 1530","counties":["Delta"],"region":"Dallas/Ft. Worth","acres":103.0,"type":"dove_lease","pdfUrl":"https://tpwd.texas.gov/huntwild/hunt/public/annual_public_hunting/resources/2466.pdf","aerialPdfUrl":"https://tpwd.texas.gov/huntwild/hunt/public/annual_public_hunting/resources/FM1530_2466.pdf","registration":"osr","legalGameTags":["Dove"],"legalGameText":"• 2026-2027 \n OSR Required Each Day Dove: Each day of the first split of the North \n Zone Dove season with hunting to end on Oct. 31 (Mourning, White-winged, and Eurasian Collared). \n Delta FM 1530 Unit #2466 \n 103 acres","species":["dove"],"methods":["shotgun"],"access":["aph_walk_in"],"complexes":[],"hasEpostcard":false,"hasRegularPermit":false,"epostcardUrl":"","countySlugs":["delta"],"bookletPage":"53","bookletPdfPage":82,"bookletUrl":"https://tpwd.texas.gov/publications/pwdpubs/media/pwd_bk_w7000_0112a.pdf#page=82","lon":-95.72333,"lat":33.38966},"geometry":{"type":"Polygon","coordinates":[[[-95.72976,33.38755],[-95.71895,33.38749],[-95.71842,33.39363],[-95.72062,33.39362],[-95.72233,33.39057],[-95.72964,33.3905],[-95.72976,33.38755]]]}},{"type":"Feature","id":"2490","properties":{"id":"2490","unitIds":["2490"],"name":"FM 1771","counties":["Falls"],"region":"Austin/Waco","acres":307.0,"type":"dove_lease","pdfUrl":"https://tpwd.texas.gov/huntwild/hunt/public/annual_public_hunting/resources/2490.pdf","aerialPdfUrl":"https://tpwd.texas.gov/huntwild/hunt/public/annual_public_hunting/resources/FM1771_2490.pdf","registration":"osr","legalGameTags":["Feral Hog","Dove","Teal","Squirrel","Rabbit","Coyotes","Fishing","Veteran Waterfowl"],"legalGameText":"• 2026-2027 \n OSR Required Each Day Dove: Each day of the of the Central Zone Dove season (Mourning, \n White-winged, and Eurasian Collared Dove). Waterfowl: Hunting is allowed each day of the Early Teal Season, Youth \n and Veteran Waterfowl Days, North Zone Duck, Eastern Zone Goose (Early Canada and Dark Goose). Squirrel, Rabbits, Coyotes & Feral Hogs: May be taken while \n hunting Dove or Waterfowl. Fishing: Rod and reel only.","species":["coyote","dove","feral_hog","rabbit","squirrel","teal","waterfowl"],"methods":["any_legal","shotgun"],"access":["aph_walk_in"],"complexes":[],"hasEpostcard":false,"hasRegularPermit":false,"epostcardUrl":"","countySlugs":["falls"],"bookletPage":"90","bookletPdfPage":119,"bookletUrl":"https://tpwd.texas.gov/publications/pwdpubs/media/pwd_bk_w7000_0112a.pdf#page=119","lon":-96.74787,"lat":31.26718},"geometry":{"type":"Polygon","coordinates":[[[-96.75052,31.25998],[-96.74335,31.26356],[-96.74503,31.26584],[-96.74035,31.26811],[-96.74422,31.27462],[-96.75568,31.26728],[-96.75052,31.25998]]]}},{"type":"Feature","id":"2489","properties":{"id":"2489","unitIds":["2489"],"name":"FM 413","counties":["Falls"],"region":"Austin/Waco","acres":310.0,"type":"dove_lease","pdfUrl":"https://tpwd.texas.gov/huntwild/hunt/public/annual_public_hunting/resources/2489.pdf","aerialPdfUrl":"https://tpwd.texas.gov/huntwild/hunt/public/annual_public_hunting/resources/FM413_2489.pdf","registration":"osr","legalGameTags":["Feral Hog","Dove","Teal","Waterfowl","Squirrel","Rabbit","Coyotes","Fishing","Veteran Waterfowl"],"legalGameText":"• 2026-2027 \n OSR Required Each Day Dove: Each day of the Central Zone Dove season (Mourning, White-winged, and Eurasian \n Collared Dove). Early Teal: Each day of the Early Teal season. Waterfowl: Hunting is allowed each day of the Early Teal Season, Youth and \n Veteran Waterfowl Days, North Zone Duck, Eastern Zone Goose (Early Canada and Dark Goose). Rabbits, Coyotes & Feral Hogs: May be taken while hunting Dove or Waterfowl. Fishing: Rod and reel only.","species":["coyote","dove","feral_hog","rabbit","squirrel","teal","waterfowl"],"methods":["any_legal","shotgun"],"access":["aph_walk_in"],"complexes":[],"hasEpostcard":false,"hasRegularPermit":false,"epostcardUrl":"","countySlugs":["falls"],"bookletPage":"90","bookletPdfPage":119,"bookletUrl":"https://tpwd.texas.gov/publications/pwdpubs/media/pwd_bk_w7000_0112a.pdf#page=119","lon":-96.7468,"lat":31.24706},"geometry":{"type":"Polygon","coordinates":[[[-96.74126,31.24649],[-96.74719,31.25493],[-96.75396,31.25165],[-96.74555,31.23813],[-96.74215,31.24066],[-96.74126,31.24649]]]}},{"type":"Feature","id":"2569","properties":{"id":"2569","unitIds":["2569"],"name":"FM 759 HQ - Canadian River Complex 7","counties":["Ochiltree"],"region":"Panhandle","acres":325.0,"type":"dove_lease","pdfUrl":"https://tpwd.texas.gov/huntwild/hunt/public/annual_public_hunting/resources/CanadianRiverComplex7.pdf","aerialPdfUrl":"https://tpwd.texas.gov/huntwild/hunt/public/annual_public_hunting/resources/CanadianRiverComplex7_FM759HQ_2569.pdf","registration":"osr","legalGameTags":["Dove","Teal","Waterfowl","Cranes","Pheasant","Rabbit","Coyotes","Youth Waterfowl","Veteran Waterfowl"],"legalGameText":"• 2026-2027 \n OSR Required Each Day Dove: Each day of the North Zone Dove season (Mourning, White-winged, and Eurasian \n Collared) except on dates the","species":["coyote","dove","pheasant","rabbit","sandhill_crane","teal","waterfowl"],"methods":["any_legal","shotgun"],"access":["aph_walk_in","youth"],"complexes":[],"hasEpostcard":false,"hasRegularPermit":false,"epostcardUrl":"","countySlugs":["ochiltree"],"bookletPage":"28","bookletPdfPage":57,"bookletUrl":"https://tpwd.texas.gov/publications/pwdpubs/media/pwd_bk_w7000_0112a.pdf#page=57","lon":-100.9953,"lat":36.19573},"geometry":{"type":"Polygon","coordinates":[[[-100.9999,36.19101],[-100.99744,36.18838],[-100.99104,36.1882],[-100.99089,36.20283],[-100.99977,36.20282],[-100.9999,36.19101]]]}},{"type":"Feature","id":"2527","properties":{"id":"2527","unitIds":["2527"],"name":"FM 902 Farm","counties":["Grayson"],"region":"Dallas/Ft. Worth","acres":480.0,"type":"dove_lease","pdfUrl":"https://tpwd.texas.gov/huntwild/hunt/public/annual_public_hunting/resources/2527.pdf","aerialPdfUrl":"https://tpwd.texas.gov/huntwild/hunt/public/annual_public_hunting/resources/FM902Farm_2527.pdf","registration":"osr","legalGameTags":["Dove"],"legalGameText":"• 2026-2027 \n OSR Required Each Day Dove: Each day of the first split of the North Zone Dove \n season with hunting to end on Oct. 31 (Mourning, White-winged, and Eurasian Collared.). \n FM 902 Farm \n Unit #2527 \n 480 acres \n Grayson","species":["dove"],"methods":["shotgun"],"access":["aph_walk_in"],"complexes":[],"hasEpostcard":false,"hasRegularPermit":false,"epostcardUrl":"","countySlugs":["grayson"],"bookletPage":"59","bookletPdfPage":88,"bookletUrl":"https://tpwd.texas.gov/publications/pwdpubs/media/pwd_bk_w7000_0112a.pdf#page=88","lon":-96.74461,"lat":33.51315},"geometry":{"type":"Polygon","coordinates":[[[-96.75341,33.51917],[-96.75394,33.50766],[-96.73907,33.51006],[-96.73856,33.50746],[-96.7341,33.50717],[-96.734,33.51572],[-96.74144,33.51622],[-96.74348,33.51883],[-96.75341,33.51917]]]}},{"type":"Feature","id":"2553","properties":{"id":"2553","unitIds":["2553"],"name":"Francis-Dunlap","counties":["Floyd"],"region":"Panhandle","acres":160.0,"type":"dove_lease","pdfUrl":"https://tpwd.texas.gov/huntwild/hunt/public/annual_public_hunting/resources/2553.pdf","aerialPdfUrl":"https://tpwd.texas.gov/huntwild/hunt/public/annual_public_hunting/resources/Francis-Dunlap_2553.pdf","registration":"osr","legalGameTags":["Dove","Teal","Waterfowl","Cranes","Quail","Pheasant","Rabbit","Youth Waterfowl","Veteran Waterfowl"],"legalGameText":"• 2026-2027 \n OSR Required Each Day Dove: Each day of the North Zone Dove season (Mourning, White- \n winged, and Eurasian Collared). Ducks: Each day of the Early Teal season, Youth and Veteran \n Waterfowl days, and the High Plains Mallard seasons. Geese: Each day of the Western Zone seasons. Pheasant: Each day of Pheasant season for Floyd County. Quail: Each day of Quail season for Floyd County. Sandhill Crane: Each day of Sandhill Crane season for Zone A. Rabbits and Hares: Concurrent with dove, pheasant, crane, and \n waterfowl seasons.","species":["dove","pheasant","quail","rabbit","sandhill_crane","teal","waterfowl"],"methods":["any_legal","shotgun"],"access":["aph_walk_in","youth"],"complexes":[],"hasEpostcard":false,"hasRegularPermit":false,"epostcardUrl":"","countySlugs":["floyd"],"bookletPage":"10","bookletPdfPage":39,"bookletUrl":"https://tpwd.texas.gov/publications/pwdpubs/media/pwd_bk_w7000_0112a.pdf#page=39","lon":-101.28774,"lat":34.14657},"geometry":{"type":"Polygon","coordinates":[[[-101.28333,34.14303],[-101.2834,34.15016],[-101.29214,34.15013],[-101.29207,34.14294],[-101.28333,34.14303]]]}},{"type":"Feature","id":"755","properties":{"id":"755","unitIds":["755"],"name":"Gene Howe WMA","counties":["Hemphill"],"region":"Panhandle","acres":5394.0,"type":"wma","pdfUrl":"https://tpwd.texas.gov/huntwild/hunt/public/annual_public_hunting/resources/755.pdf","aerialPdfUrl":"https://tpwd.texas.gov/huntwild/hunt/public/annual_public_hunting/resources/GeneHowe_755.pdf","registration":"osr","legalGameTags":["Feral Hog","Dove","Teal","Waterfowl","Quail","Rabbit","Fishing"],"legalGameText":"• 2026-2027 \n On-site registration is required. There are NO DEER HUNTS by APH Permit on this area. Dove: Each day of North Zone Dove Season, except dates ENTIRE AREA \n CLOSED. Quail: Nov. 1-Jan. 31, except dates","species":["dove","feral_hog","quail","rabbit","teal","waterfowl"],"methods":["any_legal","shotgun"],"access":["aph_walk_in"],"complexes":[],"hasEpostcard":false,"hasRegularPermit":false,"epostcardUrl":"","countySlugs":["hemphill"],"bookletPage":"14","bookletPdfPage":43,"bookletUrl":"https://tpwd.texas.gov/publications/pwdpubs/media/pwd_bk_w7000_0112a.pdf#page=43","lon":-100.2819,"lat":35.92046},"geometry":{"type":"Polygon","coordinates":[[[-100.34443,35.92445],[-100.32669,35.90995],[-100.31642,35.90978],[-100.30884,35.90599],[-100.29086,35.90606],[-100.29083,35.90244],[-100.28264,35.9024],[-100.27286,35.89911],[-100.27281,35.89515],[-100.2636,35.89519],[-100.25495,35.89099],[-100.25501,35.90264],[-100.27289,35.90253],[-100.273,35.9217],[-100.2413,35.92232],[-100.24141,35.92448],[-100.22369,35.92479],[-100.22392,35.93639],[-100.29126,35.93627],[-100.2914,35.92453],[-100.31275,35.92428],[-100.31514,35.9223],[-100.31365,35.92167],[-100.31353,35.9101],[-100.31787,35.9107],[-100.3177,35.93605],[-100.32577,35.93598],[-100.32675,35.92437],[-100.34443,35.92445]]]}},{"type":"Feature","id":"2511","properties":{"id":"2511","unitIds":["2511"],"name":"Germany","counties":["Houston"],"region":"Pineywoods","acres":64.0,"type":"dove_lease","pdfUrl":"https://tpwd.texas.gov/huntwild/hunt/public/annual_public_hunting/resources/2511.pdf","aerialPdfUrl":"https://tpwd.texas.gov/huntwild/hunt/public/annual_public_hunting/resources/Germany_2511.pdf","registration":"osr","legalGameTags":["Feral Hog","Squirrel","Rabbit"],"legalGameText":"• 2026-2027 \n Feral Hog, Each day beginning with the open of Fall Squirrel and closing with the last day of Spring Squirrel season as established for Houston County.","species":["feral_hog","rabbit","squirrel"],"methods":["any_legal"],"access":["aph_walk_in"],"complexes":[],"hasEpostcard":false,"hasRegularPermit":false,"epostcardUrl":"","countySlugs":["houston"],"bookletPage":"76","bookletPdfPage":105,"bookletUrl":"https://tpwd.texas.gov/publications/pwdpubs/media/pwd_bk_w7000_0112a.pdf#page=105","lon":-95.33559,"lat":31.44256},"geometry":{"type":"Polygon","coordinates":[[[-95.33928,31.44624],[-95.33591,31.44266],[-95.3379,31.4413],[-95.33636,31.43943],[-95.3315,31.44105],[-95.33848,31.44704],[-95.33928,31.44624]]]}},{"type":"Feature","id":"2568","properties":{"id":"2568","unitIds":["2568"],"name":"Goat Barn - Canadian River Complex 3","counties":["Ochiltree"],"region":"Panhandle","acres":321.0,"type":"dove_lease","pdfUrl":"https://tpwd.texas.gov/huntwild/hunt/public/annual_public_hunting/resources/CanadianRiverComplex3.pdf","aerialPdfUrl":"https://tpwd.texas.gov/huntwild/hunt/public/annual_public_hunting/resources/CanadianRiverComplex3_GoatBarn_2568.pdf","registration":"osr","legalGameTags":["Dove","Teal","Waterfowl","Cranes","Pheasant","Rabbit","Coyotes","Youth Waterfowl","Veteran Waterfowl"],"legalGameText":"• 2026-2027 \n OSR Required Each Day Dove: Each day of the North Zone Dove season \n (Mourning, White-winged, and Eurasian Collared)except on dates the","species":["coyote","dove","pheasant","rabbit","sandhill_crane","teal","waterfowl"],"methods":["any_legal","shotgun"],"access":["aph_walk_in","youth"],"complexes":[],"hasEpostcard":false,"hasRegularPermit":false,"epostcardUrl":"","countySlugs":["ochiltree"],"bookletPage":"24","bookletPdfPage":53,"bookletUrl":"https://tpwd.texas.gov/publications/pwdpubs/media/pwd_bk_w7000_0112a.pdf#page=53","lon":-101.07091,"lat":36.25021},"geometry":{"type":"Polygon","coordinates":[[[-101.07531,36.24294],[-101.06629,36.24302],[-101.06653,36.25752],[-101.07551,36.25737],[-101.07531,36.24294]]]}},{"type":"Feature","id":"709","properties":{"id":"709","unitIds":["709"],"name":"Granger PHL","counties":["Williamson"],"region":"Austin/Waco","acres":10888.0,"type":"phl","pdfUrl":"https://tpwd.texas.gov/huntwild/hunt/public/annual_public_hunting/resources/709.pdf","aerialPdfUrl":"https://tpwd.texas.gov/huntwild/hunt/public/annual_public_hunting/resources/Granger_709.pdf","registration":"osr","legalGameTags":["E-Postcard Archery Deer","Feral Hog","Dove","Teal","Waterfowl","Other Migratory Birds","Quail","Squirrel","Rabbit","Coyotes","Furbearers","Youth Waterfowl","Veteran Waterfowl"],"legalGameText":"• 2026-2027 \n OSR Required Each Day Feral Hogs: Archery only: Sept. 1-30 and Jan. 1-Aug. 31 (no bag limit). Hunting \n is restricted to one half hour before sunrise to one half hour after sunset. Baiting is allowed for feral hogs. Squirrel: Archery and Shotgun only: No closed season. Bag limit - 10 per day. Rabbits & Hares: Archery and shotgun only: No closed season. No bag limit. Furbearers/Coyotes: Archery and Shotgun only: No closed season. Hunting \n during daylight hours only. Dove: Each day of Central Zone Dove season. Waterfowl: Hunting is allowed each day of the Early Teal, North Zone Duck, \n and Eastern Zone Goose seasons. Snipe, Rail, and Woodcock: Hunting is allowed each day of their open seasons. \n Migratory bird hunters should take extra care as to not hunt over areas baited for hog/deer hunting.","species":["coyote","dove","feral_hog","furbearers","other_migratory","quail","rabbit","squirrel","teal","waterfowl","white_tailed_deer"],"methods":["any_legal","archery","shotgun"],"access":["aph_walk_in","e_postcard","youth"],"complexes":[],"hasEpostcard":true,"hasRegularPermit":false,"epostcardUrl":"https://tpwd.texas.gov/huntwild/hunt/public/public_hunt_drawing/hunt-area-details.phtml?OArea=GR","countySlugs":["williamson"],"bookletPage":"104","bookletPdfPage":133,"bookletUrl":"https://tpwd.texas.gov/publications/pwdpubs/media/pwd_bk_w7000_0112a.pdf#page=133","lon":-97.36959,"lat":30.69543},"geometry":{"type":"Polygon","coordinates":[[[-97.39553,30.68685],[-97.40205,30.68492],[-97.40383,30.68293],[-97.40283,30.68041],[-97.40012,30.68016],[-97.40143,30.67119],[-97.40552,30.66657],[-97.41245,30.66534],[-97.4108,30.66114],[-97.41503,30.65687],[-97.4137,30.65371],[-97.42221,30.64936],[-97.42525,30.64909],[-97.42622,30.65116],[-97.42982,30.65167],[-97.43408,30.64891],[-97.43251,30.64577],[-97.43913,30.64464],[-97.43853,30.64355],[-97.43205,30.64451],[-97.42801,30.64782],[-97.42746,30.64644],[-97.42419,30.64676],[-97.42287,30.6436],[-97.42494,30.64322],[-97.4241,30.6403],[-97.41487,30.64801],[-97.40861,30.6484],[-97.39375,30.65611],[-97.39411,30.65842],[-97.3927,30.65791],[-97.39132,30.66084],[-97.38932,30.66116],[-97.38863,30.6597],[-97.38463,30.66128],[-97.37631,30.66039],[-97.37486,30.66294],[-97.36597,30.66655],[-97.36501,30.66386],[-97.36504,30.66697],[-97.35889,30.67129],[-97.35816,30.67983],[-97.34877,30.6822],[-97.34858,30.67955],[-97.3431,30.6802],[-97.34227,30.67611],[-97.33345,30.67825],[-97.33389,30.68014],[-97.33057,30.68194],[-97.32861,30.68593],[-97.31175,30.6904],[-97.31096,30.70309],[-97.31738,30.70269],[-97.32071,30.70467],[-97.31969,30.71605],[-97.32091,30.71612],[-97.31972,30.7186],[-97.33488,30.72326],[-97.33502,30.72583],[-97.34004,30.72857],[-97.33947,30.73012],[-97.34065,30.72857],[-97.3412,30.72519],[-97.3437,30.72727],[-97.34412,30.72601],[-97.35121,30.72812],[-97.35191,30.72979],[-97.35338,30.72868],[-97.36169,30.73124],[-97.36257,30.7288],[-97.36426,30.72939],[-97.36932,30.726],[-97.37085,30.72082],[-97.37238,30.72042],[-97.37334,30.73487],[-97.37943,30.73655],[-97.38106,30.73287],[-97.38338,30.73226],[-97.38332,30.72116],[-97.38965,30.72292],[-97.38916,30.72051],[-97.3905,30.71949],[-97.39461,30.72059],[-97.39771,30.7253],[-97.4038,30.7266],[-97.39812,30.71323],[-97.40321,30.71467],[-97.41631,30.71055],[-97.41466,30.70712],[-97.41711,30.70648],[-97.41878,30.70856],[-97.42007,30.70733],[-97.419,30.70421],[-97.42445,30.70223],[-97.42242,30.69748],[-97.41411,30.69723],[-97.41145,30.69919],[-97.40795,30.69728],[-97.40638,30.69356],[-97.39948,30.69567],[-97.39553,30.68685]]]}},{"type":"Feature","id":"723","properties":{"id":"723","unitIds":["723"],"name":"Guadalupe River Unit - Guadalupe Delta WMA","counties":["Refugio"],"region":"San Antonio/Corpus Christi","acres":2146.0,"type":"wma","pdfUrl":"https://tpwd.texas.gov/huntwild/hunt/public/annual_public_hunting/resources/723_724.pdf","aerialPdfUrl":"https://tpwd.texas.gov/huntwild/hunt/public/annual_public_hunting/resources/GuadalupeDeltaHynesBayAndRiver_723_724.pdf","registration":"osr","legalGameTags":["Dove","Teal","Waterfowl","Other Migratory Birds","Fishing","Youth Waterfowl","Veteran Waterfowl"],"legalGameText":"• 2026-2027 \n OSR Required Each Day Dove: Each day of South Zone Dove season. Hunting is permitted inside dove \n hunting areas only. Shotguns with non-toxic shot only. Waterfowl: All waterfowl hunters must exit by noon. Hunting is allowed each \n day of the Early Teal, South Zone Duck, and Eastern Zone Goose seasons. Rails, Gallinule, and Snipe: Non-toxic shot only. May be taken only on \n waterfowl hunt dates that occur during the open seasons for these species. Feral Hog: (Hynes Bay Unit #724 only) Feb. 1-May 31. Shooting hours are 30 \n minutes before sunrise to 30 minutes after sunset. No baiting for hogs allowed. Shotguns with buckshot and archery equipment are the only legal means that may be used for feral hog hunts. Hunter orange must be worn while feral hog hunting. Fishing and General Use: Bank fishing is permitted during daylight hours at \n sites on bayous and rivers accessible by boat.","species":["dove","other_migratory","teal","waterfowl"],"methods":["any_legal","shotgun"],"access":["aph_walk_in","youth"],"complexes":[],"hasEpostcard":false,"hasRegularPermit":false,"epostcardUrl":"","countySlugs":["refugio"],"bookletPage":"131","bookletPdfPage":160,"bookletUrl":"https://tpwd.texas.gov/publications/pwdpubs/media/pwd_bk_w7000_0112a.pdf#page=160","lon":-96.846,"lat":28.44212},"geometry":{"type":"Polygon","coordinates":[[[-96.82757,28.44674],[-96.83943,28.45762],[-96.84063,28.46548],[-96.84356,28.47042],[-96.85112,28.44281],[-96.86367,28.44549],[-96.86732,28.43156],[-96.85867,28.42971],[-96.85886,28.42662],[-96.8514,28.42483],[-96.84784,28.42903],[-96.83891,28.43311],[-96.83228,28.43],[-96.82757,28.44674]]]}},{"type":"Feature","id":"2493","properties":{"id":"2493","unitIds":["2493"],"name":"Gum Slough","counties":["Liberty"],"region":"Houston/Beaumont","acres":254.0,"type":"dove_lease","pdfUrl":"https://tpwd.texas.gov/huntwild/hunt/public/annual_public_hunting/resources/2493.pdf","aerialPdfUrl":"https://tpwd.texas.gov/huntwild/hunt/public/annual_public_hunting/resources/GumSlough_2493.pdf","registration":"osr","legalGameTags":["Feral Hog","Squirrel","Rabbit"],"legalGameText":"• 2026-2027 \n OSR Required Each Day Archery Only Feral Hogs: Oct. 1 - May 31. No bag limit. Squirrel: Each day of the Youth Only and Regular Squirrel season as established \n for Liberty County. Bag Limit 10 Squirrels. Rabbit & Hares: Oct. 1-Feb. 21. No bag limit.","species":["feral_hog","rabbit","squirrel"],"methods":["any_legal"],"access":["aph_walk_in"],"complexes":[],"hasEpostcard":false,"hasRegularPermit":false,"epostcardUrl":"","countySlugs":["liberty"],"bookletPage":"116","bookletPdfPage":145,"bookletUrl":"https://tpwd.texas.gov/publications/pwdpubs/media/pwd_bk_w7000_0112a.pdf#page=145","lon":-94.79276,"lat":30.03261},"geometry":{"type":"Polygon","coordinates":[[[-94.80064,30.03459],[-94.8007,30.02942],[-94.78675,30.02938],[-94.78667,30.03453],[-94.78475,30.03455],[-94.7847,30.03662],[-94.79203,30.03667],[-94.79206,30.03452],[-94.80064,30.03459]]]}},{"type":"Feature","id":"754","properties":{"id":"754","unitIds":["754"],"name":"Gus Engeling WMA","counties":["Anderson"],"region":"Pineywoods","acres":9957.0,"type":"wma","pdfUrl":"https://tpwd.texas.gov/huntwild/hunt/public/annual_public_hunting/resources/754.pdf","aerialPdfUrl":"https://tpwd.texas.gov/huntwild/hunt/public/annual_public_hunting/resources/GusEngeling_754.pdf","registration":"osr","legalGameTags":["Waterfowl","Other Migratory Birds","Squirrel","Rabbit","Fishing","Youth/Adult Squirrel","Youth Squirrel","E-Postcard Furbearers/Predators","E-Postcard Multi-Species","E-Postcard Squirrel","E-Postcard Waterfowl"],"legalGameText":"• 2026-2027 \n On-site registration is required Dove: Sept. 1-30 (Mourning, White-winged, and Eurasian \n Collared). Squirrel, Rabbits & Hares: May 1-31. Rimfire, air guns and \n shotgun only. Fishing: Open year round during daylight hours only; except dates","species":["dove","feral_hog","furbearers","other_migratory","quail","rabbit","squirrel","waterfowl"],"methods":["any_legal","shotgun"],"access":["aph_walk_in","e_postcard","youth","youth_adult"],"complexes":[],"hasEpostcard":true,"hasRegularPermit":false,"epostcardUrl":"https://tpwd.texas.gov/huntwild/hunt/public/public_hunt_drawing/hunt-area-details.phtml?OArea=EN","countySlugs":["anderson"],"bookletPage":"70","bookletPdfPage":99,"bookletUrl":"https://tpwd.texas.gov/publications/pwdpubs/media/pwd_bk_w7000_0112a.pdf#page=99","lon":-95.89035,"lat":31.94354},"geometry":{"type":"MultiPolygon","coordinates":[[[[-95.91183,31.91172],[-95.90883,31.90998],[-95.91012,31.90831],[-95.90841,31.90772],[-95.9074,31.90927],[-95.90594,31.90732],[-95.90289,31.90691],[-95.8922,31.89863],[-95.89386,31.89617],[-95.89292,31.89111],[-95.90493,31.89101],[-95.90481,31.89624],[-95.90816,31.89613],[-95.90803,31.89828],[-95.91321,31.89839],[-95.91469,31.89587],[-95.91739,31.89588],[-95.91911,31.9006],[-95.91839,31.91361],[-95.91309,31.91007],[-95.91183,31.91172]]],[[[-95.86206,31.98682],[-95.86335,31.98556],[-95.86346,31.97083],[-95.85679,31.97081],[-95.85546,31.95929],[-95.8651,31.9594],[-95.86572,31.94946],[-95.87422,31.94953],[-95.87255,31.94372],[-95.87407,31.94029],[-95.87043,31.93735],[-95.87123,31.91597],[-95.86969,31.91455],[-95.87211,31.91245],[-95.87138,31.90982],[-95.86834,31.90755],[-95.87008,31.90386],[-95.87274,31.90278],[-95.87228,31.90008],[-95.87448,31.89935],[-95.87401,31.89512],[-95.88508,31.8946],[-95.88485,31.90895],[-95.88773,31.90892],[-95.88773,31.90383],[-95.89051,31.89813],[-95.90249,31.90697],[-95.90883,31.9103],[-95.90774,31.91192],[-95.90958,31.91288],[-95.9107,31.9113],[-95.91921,31.91795],[-95.91294,31.91703],[-95.91116,31.92232],[-95.90983,31.9223],[-95.90971,31.92659],[-95.92192,31.92697],[-95.91658,31.92705],[-95.91517,31.93162],[-95.90661,31.93185],[-95.90659,31.93488],[-95.92184,31.93511],[-95.91267,31.93542],[-95.91259,31.94434],[-95.91404,31.94457],[-95.91299,31.95696],[-95.91923,31.95703],[-95.91918,31.96152],[-95.91292,31.96162],[-95.91304,31.9711],[-95.92277,31.97115],[-95.92272,31.97482],[-95.8841,31.9897],[-95.8676,31.99122],[-95.86206,31.98682]]]]}},{"type":"Feature","id":"513","properties":{"id":"513","unitIds":["513"],"name":"Hagerman NWR - Nocona Unit","counties":["Montague"],"region":"Dallas/Ft. Worth","acres":822.0,"type":"other","pdfUrl":"https://tpwd.texas.gov/huntwild/hunt/public/annual_public_hunting/resources/513.pdf","aerialPdfUrl":"https://tpwd.texas.gov/huntwild/hunt/public/annual_public_hunting/resources/HagermanNocona_513.pdf","registration":"osr","legalGameTags":["Deer - Archery","Deer - General","Feral Hog","Turkey","Dove","Squirrel","Rabbit"],"legalGameText":"• 2026-2027 \n OSR Required Each Day Dove: The month of September and each day of the \n second split of North Zone Dove Season (Mourning, White-winged, Eurasian Collared, and Feral Pigeon). Non-toxic shot no larger than #4 required. Archery Only White-tailed Deer Season: Each \n day of the Archery, Early Youth-Only, and General Season for Montague County. Bag limit 1 deer (Buck or Antlerless) all seasons combined. Feral Hog, Squirrel, Rabbit and Hares: The \n month of September and from the day after the close of General Deer Season for Montague County until the last day of February. All legal means may be used. Non-toxic shot, slugs, pellets and bullets are required while hunting with firearms. Shotgun and Archery Only Spring Turkey: Each \n day of Spring Turkey and Spring Youth-Only Seasons for Montague County. Bag limit 1 Turkey (gobbler or bearded hens) all seasons combined. Non-toxic shot no larger than #4 required.","species":["dove","feral_hog","rabbit","squirrel","turkey","white_tailed_deer"],"methods":["any_legal","archery","firearm","shotgun"],"access":["aph_walk_in"],"complexes":[],"hasEpostcard":false,"hasRegularPermit":false,"epostcardUrl":"","countySlugs":["montague"],"bookletPage":"65","bookletPdfPage":94,"bookletUrl":"https://tpwd.texas.gov/publications/pwdpubs/media/pwd_bk_w7000_0112a.pdf#page=94","lon":-97.85966,"lat":33.74901},"geometry":{"type":"Polygon","coordinates":[[[-97.85959,33.73654],[-97.85194,33.73645],[-97.85152,33.75821],[-97.87178,33.75847],[-97.87193,33.75123],[-97.86462,33.75113],[-97.86484,33.74036],[-97.86301,33.74035],[-97.85959,33.73654]]]}},{"type":"Feature","id":"2533","properties":{"id":"2533","unitIds":["2533","2534"],"name":"Haskell County Complex","counties":["Haskell"],"region":"Panhandle","acres":null,"type":"dove_lease","pdfUrl":"https://tpwd.texas.gov/huntwild/hunt/public/annual_public_hunting/resources/HaskellCountyComplex.pdf","aerialPdfUrl":"","registration":"osr","legalGameTags":["Dove","Quail"],"legalGameText":"• 2025-2026 \n OSR Required Each Day Dove: Each day of the of the North Zone Dove season (Mourning \n and White-winged). Quail: Each day of Quail season ending Jan. 31 Striped Skunk and Racoon: Each day from Sept. 1 ending \n Jan. 31.","species":["dove","quail"],"methods":["any_legal","shotgun"],"access":["aph_walk_in"],"complexes":["Brushy Creek East","Brushy Creek West"],"hasEpostcard":false,"hasRegularPermit":false,"epostcardUrl":"","countySlugs":["haskell"],"bookletPage":null,"bookletPdfPage":null,"bookletUrl":"https://tpwd.texas.gov/publications/pwdpubs/media/pwd_bk_w7000_0112a.pdf","lon":-99.73,"lat":33.16},"geometry":{"type":"Point","coordinates":[-99.73,33.16]}},{"type":"Feature","id":"2526","properties":{"id":"2526","unitIds":["2526","2525"],"name":"Hemphill County Complex","counties":["Hemphill"],"region":"Panhandle","acres":821.0,"type":"dove_lease","pdfUrl":"https://tpwd.texas.gov/huntwild/hunt/public/annual_public_hunting/resources/HemphillCountyComplex.pdf","aerialPdfUrl":"https://tpwd.texas.gov/huntwild/hunt/public/annual_public_hunting/resources/BigTimber_2526.pdf","registration":"osr","legalGameTags":["Dove","Quail","Rabbit"],"legalGameText":"• 2026-2027 \n OSR Required Each Day Dove: Sept. 1-Oct. 31 (Mourning and White-winged). Quail: Season opens the day after the end of mule deer season \n as established for Hemphill County ends on Feb. 25. Rabbits and Hares: Concurrent while hunting dove or quail.","species":["dove","quail","rabbit"],"methods":["any_legal","shotgun"],"access":["aph_walk_in"],"complexes":["Big Timber","Horse Creek"],"hasEpostcard":false,"hasRegularPermit":false,"epostcardUrl":"","countySlugs":["hemphill"],"bookletPage":"13","bookletPdfPage":42,"bookletUrl":"https://tpwd.texas.gov/publications/pwdpubs/media/pwd_bk_w7000_0112a.pdf#page=42","lon":-100.43812,"lat":35.96312},"geometry":{"type":"MultiPolygon","coordinates":[[[[-100.43346,35.96066],[-100.44123,35.96067],[-100.44515,35.96813],[-100.41544,35.96793],[-100.41542,35.95339],[-100.43316,35.95343],[-100.43346,35.96066]]],[[[-100.45692,35.97264],[-100.45083,35.96088],[-100.469,35.96097],[-100.46818,35.96819],[-100.46272,35.96817],[-100.46332,35.97195],[-100.46156,35.97683],[-100.45692,35.97264]]]]}},{"type":"Feature","id":"2537","properties":{"id":"2537","unitIds":["2537"],"name":"Holland Cemetery","counties":["Hardin"],"region":"Houston/Beaumont","acres":160.0,"type":"dove_lease","pdfUrl":"https://tpwd.texas.gov/huntwild/hunt/public/annual_public_hunting/resources/2537.pdf","aerialPdfUrl":"https://tpwd.texas.gov/huntwild/hunt/public/annual_public_hunting/resources/HollandCemetery_2537.pdf","registration":"osr","legalGameTags":["Feral Hog","Squirrel","Rabbit"],"legalGameText":"• 2026-2027 \n OSR Required Each Day Squirrel: Each day of regular Squirrel season as established for \n Hardin County. Feral Hogs and Rabbits: Oct. 1-May 31.","species":["feral_hog","rabbit","squirrel"],"methods":["any_legal"],"access":["aph_walk_in"],"complexes":[],"hasEpostcard":false,"hasRegularPermit":false,"epostcardUrl":"","countySlugs":["hardin"],"bookletPage":"110","bookletPdfPage":139,"bookletUrl":"https://tpwd.texas.gov/publications/pwdpubs/media/pwd_bk_w7000_0112a.pdf#page=139","lon":-94.43012,"lat":30.47755},"geometry":{"type":"Polygon","coordinates":[[[-94.43251,30.47092],[-94.42718,30.47314],[-94.42732,30.48222],[-94.43283,30.48388],[-94.43251,30.47092]]]}},{"type":"Feature","id":"2433","properties":{"id":"2433","unitIds":["2433"],"name":"Holland Road","counties":["Bell"],"region":"Austin/Waco","acres":128.0,"type":"dove_lease","pdfUrl":"https://tpwd.texas.gov/huntwild/hunt/public/annual_public_hunting/resources/2433.pdf","aerialPdfUrl":"https://tpwd.texas.gov/huntwild/hunt/public/annual_public_hunting/resources/HollandRoad_2433.pdf","registration":"osr","legalGameTags":["Dove","Rabbit"],"legalGameText":"• 2026-2027 \n OSR Required Each Day Dove: Each day of the of the Central Zone Dove \n season (Mourning, White-winged, Eurasian Collared, and Feral Pigeon). Rabbits: May be taken while hunting dove. \n Holland Road \n Unit #2433 \n 128 acres \n Bell \n Information/Registration Station \n Public Hunting Area \n Designated Parking Area","species":["dove","rabbit"],"methods":["any_legal","shotgun"],"access":["aph_walk_in"],"complexes":[],"hasEpostcard":false,"hasRegularPermit":false,"epostcardUrl":"","countySlugs":["bell"],"bookletPage":"88","bookletPdfPage":117,"bookletUrl":"https://tpwd.texas.gov/publications/pwdpubs/media/pwd_bk_w7000_0112a.pdf#page=117","lon":-97.47108,"lat":30.90686},"geometry":{"type":"Polygon","coordinates":[[[-97.47232,30.91158],[-97.47552,30.90358],[-97.46992,30.90208],[-97.46662,30.91018],[-97.47232,30.91158]]]}},{"type":"Feature","id":"2082","properties":{"id":"2082","unitIds":["2082"],"name":"Hornsby East and West","counties":["Jim Wells"],"region":"San Antonio/Corpus Christi","acres":287.0,"type":"dove_lease","pdfUrl":"https://tpwd.texas.gov/huntwild/hunt/public/annual_public_hunting/resources/2082.pdf","aerialPdfUrl":"https://tpwd.texas.gov/huntwild/hunt/public/annual_public_hunting/resources/HornsbyEastandWest_2082.pdf","registration":"osr","legalGameTags":["Dove"],"legalGameText":"• 2026-2027 \n OSR Required Each Day Dove: Each day of the first split of the South Zone Dove \n season (Mourning, White-winged, White-tipped, Eurasian Collared, and Feral Pigeon).","species":["dove"],"methods":["shotgun"],"access":["aph_walk_in"],"complexes":[],"hasEpostcard":false,"hasRegularPermit":false,"epostcardUrl":"","countySlugs":["jim-wells"],"bookletPage":"145","bookletPdfPage":174,"bookletUrl":"https://tpwd.texas.gov/publications/pwdpubs/media/pwd_bk_w7000_0112a.pdf#page=174","lon":-98.1564,"lat":27.27782},"geometry":{"type":"Polygon","coordinates":[[[-98.14731,27.28097],[-98.16551,27.28117],[-98.16531,27.27447],[-98.14711,27.27467],[-98.14731,27.28097]]]}},{"type":"Feature","id":"2504","properties":{"id":"2504","unitIds":["2504"],"name":"Huddleston","counties":["Dawson"],"region":"Central Texas","acres":859.0,"type":"dove_lease","pdfUrl":"https://tpwd.texas.gov/huntwild/hunt/public/annual_public_hunting/resources/2504.pdf","aerialPdfUrl":"https://tpwd.texas.gov/huntwild/hunt/public/annual_public_hunting/resources/Huddleston_2504.pdf","registration":"osr","legalGameTags":["Dove","Quail"],"legalGameText":"• 2026-2027 \n OSR Required Each Day Dove: Each day of the of the North Zone Dove season (Mourning, White- \n winged, Eurasian Collared, and Feral Pigeon). Quail: Each day of the Quail season.","species":["dove","quail"],"methods":["any_legal","shotgun"],"access":["aph_walk_in"],"complexes":[],"hasEpostcard":false,"hasRegularPermit":false,"epostcardUrl":"","countySlugs":["dawson"],"bookletPage":"36","bookletPdfPage":65,"bookletUrl":"https://tpwd.texas.gov/publications/pwdpubs/media/pwd_bk_w7000_0112a.pdf#page=65","lon":-101.916,"lat":32.94728},"geometry":{"type":"Polygon","coordinates":[[[-101.9364,32.94931],[-101.93325,32.9389],[-101.8943,32.94749],[-101.89434,32.95206],[-101.90782,32.953],[-101.9076,32.95737],[-101.91048,32.95745],[-101.9124,32.95727],[-101.91238,32.9493],[-101.9364,32.94931]]]}},{"type":"Feature","id":"1044","properties":{"id":"1044","unitIds":["1044"],"name":"Huntsville State Park","counties":["Walker"],"region":"Houston/Beaumont","acres":2087.0,"type":"state_park","pdfUrl":"https://tpwd.texas.gov/huntwild/hunt/public/annual_public_hunting/resources/1044.pdf","aerialPdfUrl":"https://tpwd.texas.gov/huntwild/hunt/public/annual_public_hunting/resources/Huntsville_1044.pdf","registration":"none","legalGameTags":["Squirrel","Regular Permit Squirrel"],"legalGameText":"• 2026-2027 \n Squirrels: Regular (daily) Permit: Only Dec. 7 and 8 (bag limit 10 \n squirrels). Shooting hours are one half hour before sunrise until noon. Use of dogs prohibited.","species":["squirrel"],"methods":["any_legal"],"access":["aph_walk_in","regular_permit"],"complexes":[],"hasEpostcard":false,"hasRegularPermit":true,"epostcardUrl":"","countySlugs":["walker"],"bookletPage":"121","bookletPdfPage":150,"bookletUrl":"https://tpwd.texas.gov/publications/pwdpubs/media/pwd_bk_w7000_0112a.pdf#page=150","lon":-95.53044,"lat":30.62116},"geometry":{"type":"Polygon","coordinates":[[[-95.51532,30.63899],[-95.52955,30.62619],[-95.53584,30.63156],[-95.52949,30.63704],[-95.53239,30.6395],[-95.54618,30.62792],[-95.5465,30.61126],[-95.5426,30.60791],[-95.53502,30.60642],[-95.53096,30.60293],[-95.51713,30.6152],[-95.51796,30.61691],[-95.51333,30.621],[-95.51829,30.62485],[-95.50904,30.63362],[-95.51532,30.63899]]]}},{"type":"Feature","id":"724","properties":{"id":"724","unitIds":["724"],"name":"Hynes Bay Unit - Guadalupe Delta WMA","counties":["Refugio"],"region":"San Antonio/Corpus Christi","acres":null,"type":"wma","pdfUrl":"https://tpwd.texas.gov/huntwild/hunt/public/annual_public_hunting/resources/723_724.pdf","aerialPdfUrl":"https://tpwd.texas.gov/huntwild/hunt/public/annual_public_hunting/resources/GuadalupeDeltaHynesBayAndRiver_723_724.pdf","registration":"osr","legalGameTags":["Feral Hog","Dove","Teal","Waterfowl","Other Migratory Birds","Fishing","Youth Waterfowl","Veteran Waterfowl"],"legalGameText":"• 2026-2027 \n OSR Required Each Day Dove: Each day of South Zone Dove season. Hunting is permitted inside dove \n hunting areas only. Shotguns with non-toxic shot only. Waterfowl: All waterfowl hunters must exit by noon. Hunting is allowed each \n day of the Early Teal, South Zone Duck, and Eastern Zone Goose seasons. Rails, Gallinule, and Snipe: Non-toxic shot only. May be taken only on \n waterfowl hunt dates that occur during the open seasons for these species. Feral Hog: (Hynes Bay Unit #724 only) Feb. 1-May 31. Shooting hours are 30 \n minutes before sunrise to 30 minutes after sunset. No baiting for hogs allowed. Shotguns with buckshot and archery equipment are the only legal means that may be used for feral hog hunts. Hunter orange must be worn while feral hog hunting. Fishing and General Use: Bank fishing is permitted during daylight hours at \n sites on bayous and rivers accessible by boat.","species":["dove","feral_hog","other_migratory","teal","waterfowl"],"methods":["any_legal","shotgun"],"access":["aph_walk_in","youth"],"complexes":[],"hasEpostcard":false,"hasRegularPermit":false,"epostcardUrl":"","countySlugs":["refugio"],"bookletPage":"131","bookletPdfPage":160,"bookletUrl":"https://tpwd.texas.gov/publications/pwdpubs/media/pwd_bk_w7000_0112a.pdf#page=160","lon":-96.85785,"lat":28.43581},"geometry":{"type":"Polygon","coordinates":[[[-96.85257,28.44312],[-96.84867,28.4323],[-96.8543,28.42552],[-96.85886,28.42662],[-96.85867,28.42971],[-96.86732,28.43156],[-96.86367,28.44549],[-96.85257,28.44312]]]}},{"type":"Feature","id":"2498","properties":{"id":"2498","unitIds":["2498"],"name":"Idalou","counties":["Lubbock"],"region":"Panhandle","acres":320.0,"type":"dove_lease","pdfUrl":"https://tpwd.texas.gov/huntwild/hunt/public/annual_public_hunting/resources/2498.pdf","aerialPdfUrl":"https://tpwd.texas.gov/huntwild/hunt/public/annual_public_hunting/resources/Idalou_2498.pdf","registration":"osr","legalGameTags":["Dove"],"legalGameText":"• 2026-2027 \n OSR Required Each Day Dove: Each day of the of the North Zone Dove season (Mourning, White- \n winged, and Eurasian Collared). Rabbits and Coyotes: May be taken while hunting Dove.","species":["dove"],"methods":["shotgun"],"access":["aph_walk_in"],"complexes":[],"hasEpostcard":false,"hasRegularPermit":false,"epostcardUrl":"","countySlugs":["lubbock"],"bookletPage":"16","bookletPdfPage":45,"bookletUrl":"https://tpwd.texas.gov/publications/pwdpubs/media/pwd_bk_w7000_0112a.pdf#page=45","lon":-101.60496,"lat":33.77276},"geometry":{"type":"Polygon","coordinates":[[[-101.61361,33.77637],[-101.61357,33.76915],[-101.5963,33.76916],[-101.59633,33.77637],[-101.61361,33.77637]]]}},{"type":"Feature","id":"2495","properties":{"id":"2495","unitIds":["2495"],"name":"Ivy","counties":["Anderson"],"region":"Pineywoods","acres":465.0,"type":"dove_lease","pdfUrl":"https://tpwd.texas.gov/huntwild/hunt/public/annual_public_hunting/resources/2495.pdf","aerialPdfUrl":"https://tpwd.texas.gov/huntwild/hunt/public/annual_public_hunting/resources/Ivy_2495.pdf","registration":"osr","legalGameTags":["Deer - Archery","Feral Hog","Squirrel","Rabbit"],"legalGameText":"• 2026-2027 \n OSR Required Each Day Archery Only White-tailed Deer: Each day of White-tailed Deer Archery \n season as established for Anderson County. Bag limit - 1 Deer (either sex). LEGAL BUCK must have at least one unbranched antler or an inside main beam spread of at least 13 inches. Archery Only Feral Hogs: Dec. 1-May 31. No bag limit. Squirrel: Dec. 1-Feb. 7, and May 1-31. Rabbits and Hares: Dec. 1-Feb. 7. No bag limit.","species":["feral_hog","rabbit","squirrel","white_tailed_deer"],"methods":["any_legal","archery"],"access":["aph_walk_in"],"complexes":[],"hasEpostcard":false,"hasRegularPermit":false,"epostcardUrl":"","countySlugs":["anderson"],"bookletPage":"71","bookletPdfPage":100,"bookletUrl":"https://tpwd.texas.gov/publications/pwdpubs/media/pwd_bk_w7000_0112a.pdf#page=100","lon":-95.60514,"lat":31.63576},"geometry":{"type":"MultiPolygon","coordinates":[[[[-95.59456,31.62905],[-95.59816,31.62729],[-95.59982,31.62956],[-95.60366,31.62823],[-95.60532,31.63211],[-95.61421,31.6298],[-95.61212,31.63518],[-95.60977,31.63436],[-95.60805,31.63852],[-95.59327,31.63455],[-95.5953,31.63028],[-95.59456,31.62905]]],[[[-95.61524,31.64033],[-95.61277,31.64715],[-95.61539,31.64935],[-95.61445,31.65062],[-95.61068,31.64882],[-95.60928,31.64509],[-95.61187,31.63965],[-95.61524,31.64033]]]]}},{"type":"Feature","id":"713","properties":{"id":"713","unitIds":["713"],"name":"James E. Daughtrey WMA","counties":["Live Oak","McMullen"],"region":"San Antonio/Corpus Christi","acres":26153.0,"type":"wma","pdfUrl":"https://tpwd.texas.gov/huntwild/hunt/public/annual_public_hunting/resources/713.pdf","aerialPdfUrl":"https://tpwd.texas.gov/huntwild/hunt/public/annual_public_hunting/resources/JamesDaughtrey_713.pdf","registration":"eosr","legalGameTags":["Dove","Teal","Waterfowl","Cranes","Other Migratory Birds","Quail","Rabbit","Fishing"],"legalGameText":"• 2026-2027 All public users must perform on-site registration (eOSR) in the Texas Hunt & Fish app. Parking at designated access points or boat ramps only. No Motor \n Vehicle Access. Dove: Each day of the South Zone Dove and Falconry Dove seasons. Quail: Nov 16-29; Dec 11-20; and Jan 9-17. Waterfowl: Each day of the Early Teal, South Zone Duck Youth, Veteran/Active-Duty Military Season, South Zone General Season, Early \n Canada Goose, East Zone Dark Goose and Falconry South Zone Duck seasons (See area closed dates for access information). When the land areas are closed, all waterfowl hunters may access the lake through public boats ramps but must remain within the first 50 feet of the bank from the existing waters edge \n Sandhill Cranes: Zone C - May be taken during the dates for waterfowl provided the season is open for Sandhill Cranes. Rails, Gallinules, Snipe, Moorhen and Woodcock: May be taken during the dates for waterfowl provided the season is open for these species. Rabbits & Hares: Concurrent with dove and quail hunts. Fishing: No APH or LPU permit is required to fish or access the lake through public boat ramps. Fishing from the banks by access through the WMA is prohibited. \n on both the north and south shores of the lake. North Shore State Park Shoreline is open for waterfowl hunting only \n Highway 99 Unit - West \n Compartment 7 \n 782 Acres \n NOTICE No general seasons for big game. All alligator, deer, javelina, turkey, and feral hog hunts are by drawn special permit only. See the Public Hunt Draw System on the TPWD website for more information. \n Bracken Boat Ramp Closed seasonally during \n low water conditions. \n Frio River Boat Ramp Closed seasonally during \n low water conditions and during special draw hunts.. \n Mason Point \n Boat Ramp \n Highway 99 \n Boat Ramp \n Highway 99 Unit - East \n Compartment 8 \n 695 Acres \n Mason Point Unit Compartments 11-13 \n 1,053 Acres \n South Shore Unit Compartments 14-15 \n 1,300 Acres \n North Shore Unit East & West Compartments \n 2,323 Acres \n Waterfowl Hunting Area - 20,000 acres: Waterfowl Hunting is restricted to the surface of Choke Canyon Reservoir and within the first 50 feet of the bank from the existing water’s edge on both the north and south shores of the lake. No Hunting within 200 yards of the Calliham and South Shore State Park units or dam complex. \n James Daughtrey WMA \n Unit #713 26,153 acres \n Property owned by U.S. Bureau of Reclamation and City of Corpus Christi \n McMullen \n County Live Oak \n County","species":["dove","other_migratory","quail","rabbit","sandhill_crane","teal","waterfowl"],"methods":["any_legal","shotgun"],"access":["aph_walk_in"],"complexes":[],"hasEpostcard":false,"hasRegularPermit":false,"epostcardUrl":"","countySlugs":["live-oak","mcmullen"],"bookletPage":"146","bookletPdfPage":175,"bookletUrl":"https://tpwd.texas.gov/publications/pwdpubs/media/pwd_bk_w7000_0112a.pdf#page=175","lon":-98.34411,"lat":28.49456},"geometry":{"type":"Polygon","coordinates":[[[-98.38467,28.46427],[-98.39502,28.46717],[-98.3913,28.4718],[-98.39231,28.47243],[-98.3948,28.46933],[-98.3969,28.47201],[-98.3995,28.47042],[-98.40211,28.47375],[-98.41467,28.47111],[-98.41462,28.47425],[-98.40618,28.47909],[-98.40461,28.4853],[-98.40284,28.48574],[-98.40752,28.48949],[-98.41119,28.48861],[-98.41169,28.48581],[-98.41554,28.48488],[-98.41412,28.49279],[-98.41789,28.49533],[-98.41747,28.49764],[-98.41299,28.49902],[-98.41235,28.50269],[-98.40788,28.50287],[-98.4081,28.51256],[-98.40021,28.51201],[-98.39477,28.51892],[-98.39487,28.52134],[-98.39928,28.51844],[-98.39926,28.52145],[-98.40479,28.52148],[-98.40803,28.51792],[-98.40771,28.51325],[-98.40837,28.51661],[-98.41104,28.51663],[-98.41355,28.5096],[-98.41565,28.51075],[-98.4178,28.50616],[-98.42524,28.50447],[-98.43196,28.49781],[-98.43826,28.49783],[-98.43585,28.50106],[-98.4477,28.50742],[-98.45466,28.50577],[-98.45845,28.50738],[-98.46193,28.50624],[-98.46412,28.50419],[-98.45854,28.49845],[-98.45854,28.49336],[-98.46032,28.49337],[-98.46304,28.49948],[-98.46737,28.49967],[-98.47113,28.4889],[-98.48322,28.47451],[-98.49594,28.47529],[-98.50091,28.47177],[-98.50416,28.47453],[-98.50582,28.47289],[-98.50554,28.4605],[-98.50613,28.47905],[-98.49976,28.47718],[-98.49604,28.48081],[-98.4944,28.47887],[-98.4865,28.47854],[-98.48223,28.48143],[-98.48205,28.48431],[-98.47435,28.49122],[-98.47433,28.49449],[-98.47976,28.49415],[-98.48072,28.49675],[-98.47831,28.49918],[-98.47631,28.49861],[-98.47086,28.50448],[-98.47386,28.51182],[-98.47002,28.51059],[-98.46337,28.52064],[-98.46021,28.52097],[-98.45841,28.52739],[-98.45396,28.53309],[-98.45269,28.53341],[-98.45455,28.53117],[-98.44755,28.52552],[-98.44567,28.52551],[-98.44569,28.52267],[-98.43843,28.52263],[-98.43611,28.51672],[-98.43346,28.51671],[-98.43031,28.52407],[-98.42686,28.52241],[-98.42532,28.52487],[-98.42301,28.52486],[-98.41621,28.53354],[-98.4249,28.54557],[-98.42116,28.5455],[-98.41971,28.54809],[-98.41676,28.54541],[-98.40956,28.54719],[-98.39398,28.53939],[-98.38961,28.53599],[-98.39049,28.53224],[-98.38773,28.5314],[-98.38894,28.52451],[-98.38469,28.52703],[-98.38327,28.52522],[-98.38376,28.52098],[-98.37587,28.51484],[-98.36734,28.51998],[-98.36829,28.52121],[-98.3644,28.52358],[-98.36078,28.53209],[-98.36171,28.53644],[-98.36762,28.54274],[-98.36938,28.54214],[-98.36898,28.54767],[-98.37236,28.55184],[-98.37698,28.55275],[-98.37532,28.55459],[-98.37174,28.55429],[-98.36743,28.54966],[-98.36503,28.55011],[-98.36564,28.54797],[-98.36198,28.54451],[-98.36054,28.54494],[-98.3611,28.54368],[-98.35702,28.53982],[-98.35339,28.54311],[-98.35055,28.53957],[-98.35489,28.53744],[-98.35088,28.53245],[-98.35257,28.53129],[-98.34965,28.52619],[-98.35107,28.52182],[-98.34936,28.52136],[-98.3429,28.52746],[-98.34439,28.53219],[-98.33797,28.53184],[-98.33623,28.53032],[-98.33192,28.53551],[-98.3326,28.53822],[-98.32986,28.53921],[-98.32922,28.54218],[-98.32535,28.54216],[-98.32703,28.53549],[-98.32465,28.52993],[-98.3284,28.52773],[-98.32755,28.52556],[-98.32428,28.52712],[-98.32355,28.5243],[-98.32817,28.51843],[-98.32288,28.51741],[-98.31833,28.52503],[-98.31414,28.52468],[-98.31655,28.52172],[-98.31649,28.51819],[-98.31271,28.51695],[-98.31237,28.51499],[-98.3089,28.51806],[-98.30756,28.5177],[-98.30749,28.51533],[-98.30477,28.51599],[-98.30408,28.51778],[-98.29545,28.51395],[-98.29345,28.52478],[-98.28899,28.52677],[-98.27961,28.52268],[-98.27345,28.52521],[-98.27242,28.52873],[-98.26199,28.52626],[-98.26372,28.52651],[-98.26201,28.52615],[-98.26436,28.51827],[-98.25996,28.51724],[-98.26233,28.50926],[-98.25738,28.51084],[-98.25621,28.50926],[-98.2574,28.50411],[-98.25138,28.49906],[-98.24351,28.4956],[-98.23978,28.48777],[-98.23746,28.48719],[-98.24218,28.48033],[-98.2426,28.46756],[-98.29623,28.44791],[-98.33523,28.44832],[-98.33618,28.45014],[-98.33946,28.45094],[-98.33846,28.45636],[-98.35128,28.46048],[-98.35061,28.46239],[-98.35853,28.46476],[-98.3602,28.4603],[-98.36245,28.46024],[-98.36466,28.46459],[-98.36772,28.46548],[-98.36971,28.46028],[-98.37657,28.45274],[-98.37869,28.45335],[-98.37543,28.46212],[-98.38236,28.45928],[-98.38371,28.46162],[-98.38134,28.46528],[-98.384,28.46605],[-98.38467,28.46427]],[[-98.30748,28.51526],[-98.30745,28.51527],[-98.30749,28.51533],[-98.30748,28.51526]]]}},{"type":"Feature","id":"721","properties":{"id":"721","unitIds":["721"],"name":"Justin Hurst WMA","counties":["Brazoria"],"region":"Houston/Beaumont","acres":14880.0,"type":"wma","pdfUrl":"https://tpwd.texas.gov/huntwild/hunt/public/annual_public_hunting/resources/721.pdf","aerialPdfUrl":"https://tpwd.texas.gov/huntwild/hunt/public/annual_public_hunting/resources/JustinHurst_721.pdf","registration":"none","legalGameTags":["Dove","Teal","Waterfowl","Sandhill Cranes","Other Migratory Birds","Fishing","Youth/Adult Waterfowl","Youth Waterfowl","Veteran Waterfowl"],"legalGameText":"• 2026-2027 \n Waterfowl: Shooting hours begin ½ hour before sunrise. Check out by noon. Early Teal: Only on Tues., Thur., Sat. within the Early Teal season. South Zone Duck: Only on Tues., Thur., Sat., and the last Sun. of each split. There will be no hunts on Thanksgiving Day, Christmas Eve, Christmas Day, or New Year's Day. Dove, Geese, Snipe, Rail, Gallinules & Sandhill Cranes: May be taken during all waterfowl hunts, including the","species":["dove","other_migratory","sandhill_crane","teal","waterfowl"],"methods":["any_legal","shotgun"],"access":["aph_walk_in","youth","youth_adult"],"complexes":[],"hasEpostcard":false,"hasRegularPermit":false,"epostcardUrl":"","countySlugs":["brazoria"],"bookletPage":"108","bookletPdfPage":137,"bookletUrl":"https://tpwd.texas.gov/publications/pwdpubs/media/pwd_bk_w7000_0112a.pdf#page=137","lon":-95.43884,"lat":28.92926},"geometry":{"type":"Polygon","coordinates":[[[-95.39191,28.93587],[-95.39623,28.91742],[-95.40052,28.91829],[-95.39864,28.90438],[-95.40455,28.90253],[-95.40182,28.89831],[-95.44057,28.87442],[-95.44486,28.87746],[-95.44631,28.87563],[-95.4517,28.88078],[-95.45179,28.88376],[-95.4584,28.88226],[-95.46334,28.88485],[-95.4622,28.88707],[-95.45411,28.89045],[-95.45447,28.89381],[-95.4637,28.89262],[-95.46564,28.89453],[-95.46519,28.8973],[-95.4572,28.9025],[-95.45706,28.90618],[-95.45936,28.90773],[-95.4574,28.90766],[-95.45805,28.9168],[-95.45647,28.9211],[-95.45764,28.92947],[-95.4874,28.95038],[-95.50957,28.94986],[-95.51047,28.96888],[-95.51671,28.97435],[-95.50448,28.97417],[-95.5051,28.98498],[-95.5048,28.9825],[-95.50061,28.98258],[-95.49978,28.9627],[-95.46862,28.9632],[-95.46488,28.9594],[-95.45621,28.95972],[-95.45149,28.9487],[-95.43767,28.95329],[-95.43575,28.95268],[-95.43115,28.94204],[-95.41814,28.94551],[-95.41325,28.94883],[-95.41351,28.95593],[-95.42261,28.95035],[-95.42545,28.95146],[-95.4263,28.95356],[-95.43767,28.95329],[-95.44308,28.96593],[-95.44462,28.96542],[-95.44554,28.96751],[-95.44429,28.96927],[-95.42322,28.96914],[-95.42366,28.96726],[-95.41989,28.96261],[-95.41374,28.95929],[-95.4136,28.95764],[-95.41131,28.95769],[-95.41112,28.96235],[-95.41614,28.96227],[-95.41818,28.96445],[-95.41832,28.96837],[-95.40978,28.96637],[-95.40489,28.96373],[-95.39212,28.95185],[-95.39191,28.93587]]]}},{"type":"Feature","id":"721D","properties":{"id":"721D","unitIds":["721D"],"name":"Justin Hurst WMA - North Stringfellow Pasture","counties":["Brazoria"],"region":"Houston/Beaumont","acres":null,"type":"wma","pdfUrl":"https://tpwd.texas.gov/huntwild/hunt/public/annual_public_hunting/resources/721D.pdf","aerialPdfUrl":"https://tpwd.texas.gov/huntwild/hunt/public/annual_public_hunting/resources/JustinHurstNStringfellowPasture_721D.pdf","registration":"eosr","legalGameTags":["Dove"],"legalGameText":"• 2026-2027 \n OSR Required Each Day. \n Dove: Each day of the First Split of South Zone Dove season.","species":["dove"],"methods":["shotgun"],"access":["aph_walk_in"],"complexes":[],"hasEpostcard":false,"hasRegularPermit":false,"epostcardUrl":"","countySlugs":["brazoria"],"bookletPage":"109","bookletPdfPage":138,"bookletUrl":"https://tpwd.texas.gov/publications/pwdpubs/media/pwd_bk_w7000_0112a.pdf#page=138","lon":-95.4114235289134,"lat":28.948981773499902},"geometry":{"type":"Point","coordinates":[-95.41142,28.94898]}},{"type":"Feature","id":"726","properties":{"id":"726","unitIds":["726"],"name":"Keechi Creek WMA","counties":["Leon"],"region":"Austin/Waco","acres":null,"type":"wma","pdfUrl":"","aerialPdfUrl":"","registration":"none","legalGameTags":["E-Postcard Deer Archery","E-Postcard Deer General","E-Postcard Feral Hog","E-Postcard Multi-species","E-Postcard Squirrel","E-Postcard Waterfowl"],"legalGameText":"","species":["dove","feral_hog","quail","rabbit","squirrel","waterfowl","white_tailed_deer"],"methods":["any_legal","archery","firearm","shotgun"],"access":["e_postcard"],"complexes":[],"hasEpostcard":true,"hasRegularPermit":false,"epostcardUrl":"https://tpwd.texas.gov/huntwild/hunt/public/public_hunt_drawing/hunt-area-details.phtml?OArea=KC","countySlugs":["leon"],"bookletPage":"xxiii","bookletPdfPage":26,"bookletUrl":"https://tpwd.texas.gov/publications/pwdpubs/media/pwd_bk_w7000_0112a.pdf#page=26","lon":-95.98,"lat":31.3},"geometry":{"type":"Point","coordinates":[-95.98,31.3]}},{"type":"Feature","id":"2583","properties":{"id":"2583","unitIds":["2583"],"name":"La Lanza - Canadian River Complex 4","counties":["Hansford"],"region":"Panhandle","acres":640.0,"type":"dove_lease","pdfUrl":"https://tpwd.texas.gov/huntwild/hunt/public/annual_public_hunting/resources/CanadianRiverComplex4.pdf","aerialPdfUrl":"https://tpwd.texas.gov/huntwild/hunt/public/annual_public_hunting/resources/CanadianRiverComplex4_LaLanza_2583.pdf","registration":"osr","legalGameTags":["Dove","Teal","Waterfowl","Cranes","Pheasant","Rabbit","Coyotes","Youth Waterfowl","Veteran Waterfowl"],"legalGameText":"• 2026-2027 \n OSR Required Each Day Dove: Each day of the North Zone Dove season (Mourning, White-winged, and Eurasian \n Collared) except on dates the","species":["coyote","dove","pheasant","rabbit","sandhill_crane","teal","waterfowl"],"methods":["any_legal","shotgun"],"access":["aph_walk_in","youth"],"complexes":[],"hasEpostcard":false,"hasRegularPermit":false,"epostcardUrl":"","countySlugs":["hansford"],"bookletPage":"25","bookletPdfPage":54,"bookletUrl":"https://tpwd.texas.gov/publications/pwdpubs/media/pwd_bk_w7000_0112a.pdf#page=54","lon":-101.11948,"lat":36.19158},"geometry":{"type":"Polygon","coordinates":[[[-101.12847,36.19874],[-101.12828,36.18437],[-101.11052,36.18454],[-101.11064,36.19889],[-101.11955,36.19875],[-101.12009,36.19694],[-101.12127,36.19875],[-101.12847,36.19874]]]}},{"type":"Feature","id":"2573","properties":{"id":"2573","unitIds":["2573"],"name":"La Playa - Canadian River Complex 8","counties":["Sherman"],"region":"Panhandle","acres":1280.0,"type":"dove_lease","pdfUrl":"https://tpwd.texas.gov/huntwild/hunt/public/annual_public_hunting/resources/CanadianRiverComplex8.pdf","aerialPdfUrl":"https://tpwd.texas.gov/huntwild/hunt/public/annual_public_hunting/resources/CanadianRiverComplex8_LaPlaya_2573.pdf","registration":"osr","legalGameTags":["Dove","Teal","Waterfowl","Cranes","Pheasant","Rabbit","Coyotes","Youth Waterfowl","Veteran Waterfowl"],"legalGameText":"• 2026-2027 \n OSR Required Each Day Dove: Each day of the North Zone Dove season \n (Mourning, White-winged, and Eurasian Collared) except on dates the","species":["coyote","dove","pheasant","rabbit","sandhill_crane","teal","waterfowl"],"methods":["any_legal","shotgun"],"access":["aph_walk_in","youth"],"complexes":[],"hasEpostcard":false,"hasRegularPermit":false,"epostcardUrl":"","countySlugs":["sherman"],"bookletPage":"29","bookletPdfPage":58,"bookletUrl":"https://tpwd.texas.gov/publications/pwdpubs/media/pwd_bk_w7000_0112a.pdf#page=58","lon":-101.97244,"lat":36.18334},"geometry":{"type":"Polygon","coordinates":[[[-101.97238,36.18346],[-101.9903,36.18331],[-101.9902,36.16889],[-101.97227,36.16897],[-101.97238,36.18328],[-101.95458,36.18357],[-101.95455,36.19782],[-101.97233,36.19781],[-101.97238,36.18346]]]}},{"type":"Feature","id":"901S","properties":{"id":"901S","unitIds":["901S"],"name":"Ladonia Unit - Caddo National Grasslands WMA","counties":["Fannin"],"region":"Dallas/Ft. Worth","acres":null,"type":"wma","pdfUrl":"https://tpwd.texas.gov/huntwild/hunt/public/annual_public_hunting/resources/901S.pdf","aerialPdfUrl":"https://tpwd.texas.gov/huntwild/hunt/public/annual_public_hunting/resources/CaddoLadonia_901.pdf","registration":"none","legalGameTags":["Deer - Archery","Deer- General","Feral Hog","Dove","Teal","Waterfowl","Other Migratory Birds","Quail","Squirrel","Rabbit","Coyotes","Furbearers","Fishing","Youth Deer","Youth Feral Hog","Youth Waterfowl","Youth Squirrel","Veteran Waterfowl"],"legalGameText":"Legend for legal buck requirements. No USFS Antlerless Deer Permit required. Youth and Veteran/Active-Duty Military Only Waterfowl: Shooting hours are one half hour before sunrise to noon. See TPWD Outdoor Annual for","species":["coyote","dove","feral_hog","furbearers","other_migratory","quail","rabbit","squirrel","teal","waterfowl","white_tailed_deer"],"methods":["any_legal","archery","firearm","shotgun"],"access":["aph_walk_in","youth"],"complexes":[],"hasEpostcard":false,"hasRegularPermit":false,"epostcardUrl":"","countySlugs":["fannin"],"bookletPage":"57","bookletPdfPage":86,"bookletUrl":"https://tpwd.texas.gov/publications/pwdpubs/media/pwd_bk_w7000_0112a.pdf#page=86","lon":-96.01333148341914,"lat":33.42774454165402},"geometry":{"type":"Point","coordinates":[-96.01333,33.42774]}},{"type":"Feature","id":"1096","properties":{"id":"1096","unitIds":["1096"],"name":"Lake Colorado City State Park","counties":["Mitchell"],"region":"Central Texas","acres":140.0,"type":"state_park","pdfUrl":"https://tpwd.texas.gov/huntwild/hunt/public/annual_public_hunting/resources/1096.pdf","aerialPdfUrl":"https://tpwd.texas.gov/huntwild/hunt/public/annual_public_hunting/resources/LakeColoradoCity_1096.pdf","registration":"osr","legalGameTags":["Dove"],"legalGameText":"• 2026-2027 \n On-site registration is required. Dove: Each day of the Central Zone.","species":["dove"],"methods":["shotgun"],"access":["aph_walk_in"],"complexes":[],"hasEpostcard":false,"hasRegularPermit":false,"epostcardUrl":"","countySlugs":["mitchell"],"bookletPage":"39","bookletPdfPage":68,"bookletUrl":"https://tpwd.texas.gov/publications/pwdpubs/media/pwd_bk_w7000_0112a.pdf#page=68","lon":-100.93311,"lat":32.32503},"geometry":{"type":"Polygon","coordinates":[[[-100.94422,32.32187],[-100.93655,32.32321],[-100.93833,32.33034],[-100.93016,32.33539],[-100.93083,32.33942],[-100.92145,32.3396],[-100.92252,32.33789],[-100.92748,32.33775],[-100.92762,32.33435],[-100.93415,32.33154],[-100.92791,32.33267],[-100.92597,32.33121],[-100.92878,32.329],[-100.9302,32.32513],[-100.92862,32.32303],[-100.93082,32.31931],[-100.92664,32.31756],[-100.92673,32.32037],[-100.92495,32.32144],[-100.92572,32.31414],[-100.93199,32.31666],[-100.94148,32.31579],[-100.94422,32.32187]]]}},{"type":"Feature","id":"601","properties":{"id":"601","unitIds":["601"],"name":"Lake Striker PHL","counties":["Cherokee","Rusk"],"region":"Pineywoods","acres":1476.0,"type":"phl","pdfUrl":"https://tpwd.texas.gov/huntwild/hunt/public/annual_public_hunting/resources/601.pdf","aerialPdfUrl":"https://tpwd.texas.gov/huntwild/hunt/public/annual_public_hunting/resources/LakeStriker_601.pdf","registration":"osr","legalGameTags":["Feral Hog","Exotic Mammals","Dove","Teal","Waterfowl","Other Migratory Birds","Squirrel","Rabbit","Youth Waterfowl","Youth Squirrel","Veteran Waterfowl"],"legalGameText":"• 2026-2027 \n OSR Required Each Day \n Feral Hog and Exotic Mammals (Archery and Shotgun \n (buckshot allowed)): No Closed Season Waterfowl: Each day of the Early Teal, North Zone Duck, \n Falconry, and Eastern Zone Goose seasons. Rail, Gallinule, and Moorhen: As established for Cherokee \n and Rusk Counties including Falconry season. Snipe: As established for Cherokee and Rusk Counties. Woodcock: As established for Cherokee and Rusk Counties \n including Falconry season. Dove: Each day of the Central Zone Dove and Falconry Seasons \n (Mourning, White-winged, Eurasian Collared, and Feral Pigeon). Squirrel (Shotgun Only): As established for Cherokee and \n Rusk Counties. Rabbit (Shotgun Only): Concurrent while hunting Squirrel.","species":["dove","exotic_mammals","feral_hog","other_migratory","rabbit","squirrel","teal","waterfowl"],"methods":["any_legal","shotgun"],"access":["aph_walk_in","youth"],"complexes":[],"hasEpostcard":false,"hasRegularPermit":false,"epostcardUrl":"","countySlugs":["cherokee","rusk"],"bookletPage":"73","bookletPdfPage":102,"bookletUrl":"https://tpwd.texas.gov/publications/pwdpubs/media/pwd_bk_w7000_0112a.pdf#page=102","lon":-94.98939,"lat":31.96754},"geometry":{"type":"Polygon","coordinates":[[[-94.98383,31.98327],[-94.98865,31.98007],[-94.97405,31.98017],[-94.97377,31.97713],[-94.97933,31.97684],[-94.97986,31.97229],[-94.9793,31.96904],[-94.97637,31.96977],[-94.97551,31.96676],[-94.97365,31.96676],[-94.97349,31.95853],[-94.97556,31.95847],[-94.97602,31.95536],[-94.97399,31.9553],[-94.97411,31.95368],[-94.97769,31.95331],[-94.97741,31.94615],[-94.97303,31.94288],[-94.97283,31.92834],[-94.97484,31.92831],[-94.97365,31.92566],[-94.96934,31.92664],[-94.96696,31.92396],[-94.9831,31.92412],[-94.98373,31.92232],[-94.98548,31.92251],[-94.98618,31.93848],[-94.98957,31.94398],[-94.9917,31.94364],[-94.99301,31.94549],[-94.99326,31.95596],[-94.99588,31.9584],[-94.99602,31.96149],[-95.00533,31.96134],[-95.00606,31.95834],[-95.01033,31.96092],[-95.01405,31.96029],[-95.01378,31.96665],[-95.00527,31.96656],[-95.00443,31.98585],[-95.00128,31.98588],[-95.00122,31.98876],[-95.00536,31.98868],[-95.00604,31.99198],[-95.00959,31.99635],[-95.01271,31.99509],[-95.01457,31.99923],[-95.01145,32.0002],[-95.00536,31.99645],[-95.0061,32.0013],[-95.00366,32.00177],[-95.00326,31.99886],[-94.99835,31.999],[-94.99844,32.00031],[-94.99303,32.00277],[-94.9846,32.0025],[-94.98296,31.99886],[-94.98417,31.99711],[-94.98092,31.99695],[-94.97981,31.98696],[-94.98108,31.98547],[-94.9795,31.98655],[-94.97849,31.98437],[-94.98383,31.98327]]]}},{"type":"Feature","id":"1019","properties":{"id":"1019","unitIds":["1019"],"name":"Lake Whitney State Park","counties":["Hill"],"region":"Austin/Waco","acres":null,"type":"state_park","pdfUrl":"","aerialPdfUrl":"","registration":"none","legalGameTags":["E-Postcard Youth Archery Deer"],"legalGameText":"","species":["white_tailed_deer"],"methods":["archery"],"access":["e_postcard"],"complexes":[],"hasEpostcard":true,"hasRegularPermit":false,"epostcardUrl":"https://tpwd.texas.gov/huntwild/hunt/public/public_hunt_drawing/hunt-area-details.phtml?OArea=LW","countySlugs":["hill"],"bookletPage":"xxiii","bookletPdfPage":26,"bookletUrl":"https://tpwd.texas.gov/publications/pwdpubs/media/pwd_bk_w7000_0112a.pdf#page=26","lon":-97.36,"lat":31.93},"geometry":{"type":"Point","coordinates":[-97.36,31.93]}},{"type":"Feature","id":"2586","properties":{"id":"2586","unitIds":["2586"],"name":"Lakeside","counties":["DeWitt"],"region":"San Antonio/Corpus Christi","acres":714.0,"type":"dove_lease","pdfUrl":"https://tpwd.texas.gov/huntwild/hunt/public/annual_public_hunting/resources/2586.pdf","aerialPdfUrl":"https://tpwd.texas.gov/huntwild/hunt/public/annual_public_hunting/resources/Lakeside_2586.pdf","registration":"osr","legalGameTags":["Dove"],"legalGameText":"• 2026-2027 \n OSR Required Each Day Dove: Each day of the First and Second Split of the South Zone \n Dove season (Mourning, White-winged, Eurasian Collared, and Feral Pigeon). \n Yoakum \n To Shiner \n 183 \n 95 \n Cuero \n 111 \n 951 \n To Gonzales \n 77A \n 111 \n Lakeside Unit #2586 \n 714 acres \n DeWitt \n DR Designated Public Hunting Road \n Pipeline \n Pond/Lake/Impoundment \n Gate/Designated Entrance \n Public Hunting Area \n Information/Registration Station \n Designated Parking Area","species":["dove"],"methods":["shotgun"],"access":["aph_walk_in"],"complexes":[],"hasEpostcard":false,"hasRegularPermit":false,"epostcardUrl":"","countySlugs":["dewitt"],"bookletPage":"142","bookletPdfPage":171,"bookletUrl":"https://tpwd.texas.gov/publications/pwdpubs/media/pwd_bk_w7000_0112a.pdf#page=171","lon":-97.25919,"lat":29.13911},"geometry":{"type":"Polygon","coordinates":[[[-97.27626,29.1402],[-97.27533,29.13204],[-97.24889,29.13634],[-97.24959,29.13945],[-97.23992,29.13995],[-97.24099,29.1461],[-97.27626,29.1402]]]}},{"type":"Feature","id":"2070","properties":{"id":"2070","unitIds":["2070"],"name":"Latta Road","counties":["Jefferson"],"region":"Houston/Beaumont","acres":1641.0,"type":"dove_lease","pdfUrl":"https://tpwd.texas.gov/huntwild/hunt/public/annual_public_hunting/resources/2070.pdf","aerialPdfUrl":"https://tpwd.texas.gov/huntwild/hunt/public/annual_public_hunting/resources/LattaRoad_2070.pdf","registration":"none","legalGameTags":["Dove","Rabbit"],"legalGameText":"","species":["dove","rabbit"],"methods":["any_legal","shotgun"],"access":["aph_walk_in"],"complexes":[],"hasEpostcard":false,"hasRegularPermit":false,"epostcardUrl":"","countySlugs":["jefferson"],"bookletPage":"115","bookletPdfPage":144,"bookletUrl":"https://tpwd.texas.gov/publications/pwdpubs/media/pwd_bk_w7000_0112a.pdf#page=144","lon":-94.1168,"lat":29.95921},"geometry":{"type":"MultiPolygon","coordinates":[[[[-94.10871,29.94628],[-94.11441,29.94378],[-94.1143,29.93513],[-94.11805,29.93512],[-94.12135,29.93797],[-94.12061,29.94268],[-94.12561,29.94248],[-94.12242,29.94954],[-94.12948,29.95366],[-94.12501,29.96091],[-94.12223,29.97349],[-94.12007,29.97338],[-94.12025,29.98081],[-94.109,29.98097],[-94.10871,29.94628]]],[[[-94.109,29.98097],[-94.109,29.98097],[-94.109,29.98098],[-94.109,29.98097]]]]}},{"type":"Feature","id":"2351","properties":{"id":"2351","unitIds":["2351"],"name":"Limestone County Complex 2","counties":["Limestone"],"region":"Austin/Waco","acres":113.0,"type":"dove_lease","pdfUrl":"https://tpwd.texas.gov/huntwild/hunt/public/annual_public_hunting/resources/LimestoneCountyComplex2.pdf","aerialPdfUrl":"","registration":"osr","legalGameTags":["Dove","Teal","Rabbit","Coyotes"],"legalGameText":"• 2026-2027 \n OSR Required Each Day Dove: Each day of the first split of the Central \n Zone Dove season (Mourning and White- winged). Early Teal: Each day of the Early Teal season. Rabbits, Hares, and Coyotes: May be taken \n while hunting for dove and teal.","species":["coyote","dove","rabbit","teal"],"methods":["any_legal","shotgun"],"access":["aph_walk_in"],"complexes":["Beevill Branch"],"hasEpostcard":false,"hasRegularPermit":false,"epostcardUrl":"","countySlugs":["limestone"],"bookletPage":"95","bookletPdfPage":124,"bookletUrl":"https://tpwd.texas.gov/publications/pwdpubs/media/pwd_bk_w7000_0112a.pdf#page=124","lon":-96.67688,"lat":31.54032},"geometry":{"type":"Polygon","coordinates":[[[-96.67548,31.53707],[-96.67104,31.54483],[-96.67126,31.54509],[-96.68438,31.53857],[-96.67548,31.53707]]]}},{"type":"Feature","id":"741","properties":{"id":"741","unitIds":["741"],"name":"Longoria Unit - Las Palomas WMA - UPDATED","counties":["Cameron"],"region":"San Antonio/Corpus Christi","acres":373.0,"type":"wma","pdfUrl":"https://tpwd.texas.gov/huntwild/hunt/public/annual_public_hunting/resources/741.pdf","aerialPdfUrl":"https://tpwd.texas.gov/huntwild/hunt/public/annual_public_hunting/resources/LasPalomasLongoria_741.pdf","registration":"osr","legalGameTags":["Dove","Quail","Chachalaca","Rabbit"],"legalGameText":"• 2026-2027 \n OSR Required Each Day Dove: Each day of South Zone Dove and Falconry Dove seasons, \n except dates","species":["chachalaca","dove","quail","rabbit"],"methods":["any_legal","shotgun"],"access":["aph_walk_in"],"complexes":[],"hasEpostcard":false,"hasRegularPermit":false,"epostcardUrl":"","countySlugs":["cameron"],"bookletPage":"138","bookletPdfPage":167,"bookletUrl":"https://tpwd.texas.gov/publications/pwdpubs/media/pwd_bk_w7000_0112a.pdf#page=167","lon":-97.8251,"lat":26.32056},"geometry":{"type":"Polygon","coordinates":[[[-97.81906,26.3249],[-97.83506,26.325],[-97.83498,26.32129],[-97.83297,26.32132],[-97.83289,26.31769],[-97.81697,26.31492],[-97.81576,26.32173],[-97.81952,26.32231],[-97.81906,26.3249]]]}},{"type":"Feature","id":"2494","properties":{"id":"2494","unitIds":["2494"],"name":"Los Rincones","counties":["Kerr"],"region":"Central Texas","acres":138.0,"type":"dove_lease","pdfUrl":"https://tpwd.texas.gov/huntwild/hunt/public/annual_public_hunting/resources/2494.pdf","aerialPdfUrl":"https://tpwd.texas.gov/huntwild/hunt/public/annual_public_hunting/resources/LosRincones_2494.pdf","registration":"osr","legalGameTags":["Deer - Archery","Feral hog","Exotics Mammals","Rabbit"],"legalGameText":"• 2026-2027 \n OSR Required Each Day Archery Only White-tailed Deer: Each day of the Special Late Deer season established for Kerr County. Bag limit - 1 white-tailed deer (antlerless and spike bucks only). Archery Only Feral Hogs and Exotic Mammals: Each day the Special Late Deer season established for Kerr County continuing through Mar. 31. No bag limit. Archery Only Squirrel, Rabbit & Hares: Concurrent with hunts for feral hogs. \n Los Rincones \n Unit #2494 \n 138 acres \n Kerr County \n Notice: Preseason scouting is prohibited on this unit.","species":["exotic_mammals","feral_hog","rabbit","white_tailed_deer"],"methods":["any_legal","archery"],"access":["aph_walk_in"],"complexes":[],"hasEpostcard":false,"hasRegularPermit":false,"epostcardUrl":"","countySlugs":["kerr"],"bookletPage":"37","bookletPdfPage":66,"bookletUrl":"https://tpwd.texas.gov/publications/pwdpubs/media/pwd_bk_w7000_0112a.pdf#page=66","lon":-99.18086,"lat":30.04371},"geometry":{"type":"Polygon","coordinates":[[[-99.1763,30.0413],[-99.17583,30.04343],[-99.17899,30.0461],[-99.18366,30.04687],[-99.18582,30.04405],[-99.18335,30.04113],[-99.1763,30.0413]]]}},{"type":"Feature","id":"506","properties":{"id":"506","unitIds":["506"],"name":"Lower Rio Grande Valley NWR - La Casita East","counties":["Starr"],"region":"San Antonio/Corpus Christi","acres":1400.0,"type":"other","pdfUrl":"https://tpwd.texas.gov/huntwild/hunt/public/annual_public_hunting/resources/506.pdf","aerialPdfUrl":"https://tpwd.texas.gov/huntwild/hunt/public/annual_public_hunting/resources/LRGVLaCasitaEast_506.pdf","registration":"osr","legalGameTags":["Dove"],"legalGameText":"• 2026-2027 \n OSR Required Each Day Dove: Each day of the first split of South Zone Dove \n Season (Mourning, White-winged, and White-tipped).","species":["dove"],"methods":["shotgun"],"access":["aph_walk_in"],"complexes":[],"hasEpostcard":false,"hasRegularPermit":false,"epostcardUrl":"","countySlugs":["starr"],"bookletPage":"147","bookletPdfPage":176,"bookletUrl":"https://tpwd.texas.gov/publications/pwdpubs/media/pwd_bk_w7000_0112a.pdf#page=176","lon":-98.71636,"lat":26.30622},"geometry":{"type":"Polygon","coordinates":[[[-98.71745,26.31973],[-98.72423,26.32144],[-98.72397,26.31817],[-98.72633,26.31758],[-98.72652,26.29934],[-98.72107,26.29508],[-98.71861,26.28963],[-98.70989,26.28943],[-98.70825,26.29822],[-98.7118,26.29894],[-98.71091,26.3023],[-98.70764,26.30168],[-98.70526,26.32044],[-98.71118,26.32058],[-98.71425,26.31631],[-98.71581,26.31693],[-98.7157,26.31495],[-98.71799,26.31573],[-98.71745,26.31973]]]}},{"type":"Feature","id":"607","properties":{"id":"607","unitIds":["607"],"name":"Luminant Texas","counties":["Robertson"],"region":"Austin/Waco","acres":1071.0,"type":"other","pdfUrl":"https://tpwd.texas.gov/huntwild/hunt/public/annual_public_hunting/resources/607.pdf","aerialPdfUrl":"https://tpwd.texas.gov/huntwild/hunt/public/annual_public_hunting/resources/Luminant_607.pdf","registration":"none","legalGameTags":["Deer- Archery","Deer - General","Deer-Muzzleloader","Feral Hog","Dove","Teal","Waterfowl","Other Migratory Birds","Quail","Squirrel","Rabbit","Coyotes","Furbearers","Fishing","Youth/Adult Squirrel","Youth Deer","Youth Waterfowl","Veteran Waterfowl"],"legalGameText":"Box for White-tailed Deer bag limit and legal buck requirements. Youth and Veteran/Active-Duty Military Only Waterfowl: See TPWD Outdoor Annual for","species":["coyote","dove","feral_hog","furbearers","other_migratory","quail","rabbit","squirrel","teal","waterfowl","white_tailed_deer"],"methods":["any_legal","archery","firearm","muzzleloader","shotgun"],"access":["aph_walk_in","youth","youth_adult"],"complexes":[],"hasEpostcard":false,"hasRegularPermit":false,"epostcardUrl":"","countySlugs":["robertson"],"bookletPage":"101","bookletPdfPage":130,"bookletUrl":"https://tpwd.texas.gov/publications/pwdpubs/media/pwd_bk_w7000_0112a.pdf#page=130","lon":-96.3873,"lat":31.27814},"geometry":{"type":"Polygon","coordinates":[[[-96.35946,31.28164],[-96.36068,31.28616],[-96.36326,31.28491],[-96.36634,31.28602],[-96.3712,31.28275],[-96.37313,31.28484],[-96.3821,31.27961],[-96.38927,31.2893],[-96.39852,31.28361],[-96.39709,31.28163],[-96.40287,31.27845],[-96.40424,31.28017],[-96.4092,31.27715],[-96.40667,31.27367],[-96.39996,31.27163],[-96.39567,31.2662],[-96.38576,31.27522],[-96.38682,31.2765],[-96.38335,31.27659],[-96.37631,31.26682],[-96.37304,31.26858],[-96.37881,31.2755],[-96.36995,31.28081],[-96.36858,31.27929],[-96.36381,31.28215],[-96.36245,31.28041],[-96.35946,31.28164]]]}},{"type":"Feature","id":"729","properties":{"id":"729","unitIds":["729"],"name":"Mad Island WMA","counties":["Matagorda"],"region":"Houston/Beaumont","acres":7719.0,"type":"wma","pdfUrl":"https://tpwd.texas.gov/huntwild/hunt/public/annual_public_hunting/resources/729.pdf","aerialPdfUrl":"https://tpwd.texas.gov/huntwild/hunt/public/annual_public_hunting/resources/MadIsland_729.pdf","registration":"osr","legalGameTags":["Dove","Teal","Waterfowl","Sandhill Cranes","Other Migratory Birds","Youth Waterfowl","Veteran Waterfowl","E-Postcard Youth Deer"],"legalGameText":"• 2026-2027 \n OSR Required Each Day Waterfowl: Shooting hours are 30 minutes before official sunrise and hunters must be checked out \n and exit the area by noon. Early Teal: Only on Saturdays and Sundays of the Early Teal season. South Zone Duck: Only on Saturdays and Sundays; also, on Tuesday the week of \n Thanksgiving. Sandhill Cranes, Coots, Dove, Geese, Rail, Gallinule, and Snipe: may be taken during \n the seasons provided for these species only on dates listed for Early Teal and South Zone Duck hunts.","species":["dove","other_migratory","sandhill_crane","teal","waterfowl","white_tailed_deer"],"methods":["any_legal","shotgun"],"access":["aph_walk_in","e_postcard","youth"],"complexes":[],"hasEpostcard":true,"hasRegularPermit":false,"epostcardUrl":"https://tpwd.texas.gov/huntwild/hunt/public/public_hunt_drawing/hunt-area-details.phtml?OArea=MD","countySlugs":["matagorda"],"bookletPage":"117","bookletPdfPage":146,"bookletUrl":"https://tpwd.texas.gov/publications/pwdpubs/media/pwd_bk_w7000_0112a.pdf#page=146","lon":-96.0462,"lat":28.67604},"geometry":{"type":"Polygon","coordinates":[[[-96.01502,28.69964],[-96.04016,28.69919],[-96.04015,28.69638],[-96.0762,28.69629],[-96.07605,28.63745],[-96.06557,28.64756],[-96.04539,28.65889],[-96.02112,28.66187],[-96.01195,28.66577],[-96.01263,28.67154],[-96.00625,28.68661],[-96.00845,28.68952],[-96.01479,28.68941],[-96.01502,28.69964]]]}},{"type":"Feature","id":"2554","properties":{"id":"2554","unitIds":["2554"],"name":"Margolies","counties":["Floyd"],"region":"Panhandle","acres":160.0,"type":"dove_lease","pdfUrl":"https://tpwd.texas.gov/huntwild/hunt/public/annual_public_hunting/resources/2554.pdf","aerialPdfUrl":"https://tpwd.texas.gov/huntwild/hunt/public/annual_public_hunting/resources/Margolies_2554.pdf","registration":"osr","legalGameTags":["Dove","Teal","Waterfowl","Cranes","Quail","Pheasant","Rabbit","Youth Waterfowl","Veteran Waterfowl"],"legalGameText":"• 2026-2027 \n OSR Required Each Day Dove: Each day of the North Zone Dove season (Mourning, White-winged, and Eurasian \n Collared). Duck: Each day of the Early Teal, Youth and Veteran Waterfowl days, and the High \n Plains Mallard seasons. Geese: Each day of the Western Zone seasons. Pheasant: Each day of Pheasant season for Floyd County. Quail: Each day of Quail season for Floyd County. Sandhill Crane: Each day of Sandhill Crane season for Zone A. Rabbits and Hares: Concurrent with dove, pheasant, crane, and waterfowl seasons.","species":["dove","pheasant","quail","rabbit","sandhill_crane","teal","waterfowl"],"methods":["any_legal","shotgun"],"access":["aph_walk_in","youth"],"complexes":[],"hasEpostcard":false,"hasRegularPermit":false,"epostcardUrl":"","countySlugs":["floyd"],"bookletPage":"10","bookletPdfPage":39,"bookletUrl":"https://tpwd.texas.gov/publications/pwdpubs/media/pwd_bk_w7000_0112a.pdf#page=39","lon":-101.20901,"lat":34.12522},"geometry":{"type":"Polygon","coordinates":[[[-101.2133,34.1216],[-101.20462,34.12169],[-101.20469,34.1288],[-101.21338,34.12878],[-101.2133,34.1216]]]}},{"type":"Feature","id":"2574","properties":{"id":"2574","unitIds":["2574"],"name":"Margoso - Canadian River Complex 6","counties":["Moore"],"region":"Panhandle","acres":1568.0,"type":"dove_lease","pdfUrl":"https://tpwd.texas.gov/huntwild/hunt/public/annual_public_hunting/resources/CanadianRiverComplex6.pdf","aerialPdfUrl":"https://tpwd.texas.gov/huntwild/hunt/public/annual_public_hunting/resources/CanadianRiverComplex6_Margoso_2574.pdf","registration":"osr","legalGameTags":["Dove","Teal","Waterfowl","Cranes","Pheasant","Rabbit","Coyotes","Youth Waterfowl","Veteran Waterfowl"],"legalGameText":"• 2026-2027 \n OSR Required Each Day Dove: Each day of the North Zone Dove season (Mourning, White-winged, and Eurasian \n Collared) except on dates the","species":["coyote","dove","pheasant","rabbit","sandhill_crane","teal","waterfowl"],"methods":["any_legal","shotgun"],"access":["aph_walk_in","youth"],"complexes":[],"hasEpostcard":false,"hasRegularPermit":false,"epostcardUrl":"","countySlugs":["moore"],"bookletPage":"27","bookletPdfPage":56,"bookletUrl":"https://tpwd.texas.gov/publications/pwdpubs/media/pwd_bk_w7000_0112a.pdf#page=56","lon":-102.13941,"lat":35.88575},"geometry":{"type":"Polygon","coordinates":[[[-102.15935,35.88095],[-102.13551,35.88071],[-102.1356,35.87077],[-102.12395,35.87061],[-102.12385,35.89518],[-102.1594,35.89534],[-102.15935,35.88095]]]}},{"type":"Feature","id":"2547","properties":{"id":"2547","unitIds":["2547"],"name":"Marlin Lake Park","counties":["Falls"],"region":"Austin/Waco","acres":903.0,"type":"dove_lease","pdfUrl":"https://tpwd.texas.gov/huntwild/hunt/public/annual_public_hunting/resources/2547.pdf","aerialPdfUrl":"https://tpwd.texas.gov/huntwild/hunt/public/annual_public_hunting/resources/MarlinLakePark_2547.pdf","registration":"osr","legalGameTags":["Deer- Archery","Feral Hog","Dove","Teal","Waterfowl","Squirrel","Rabbit","Coyotes","Furbearers","Fishing","Youth Deer","Youth Waterfowl","Veteran Waterfowl"],"legalGameText":"• 2026- \n 2027 OSR Required Each Day White-tailed Deer: Archery Only; each \n day of the Archery and General seasons as established for Falls County in the TPWD Outdoor Annual. Feral Hog: Archery Only; (no bag limit) \n open year around; no closed season. Squirrel, Rabbits, Hares Furbearers \n and Predators: Archery, Air-Rifle, and Shotgun only; (no bag limit) open year around except during the archery and general deer seasons as established for Falls County. Hunting during daylight hours only. Dove: Each day of Central Zone Dove \n season. Waterfowl: Old Lake only, each day of the \n Early Teal and North Zone Duck seasons as established for Falls county. Gallinules, Snipe, Rail, and \n Woodcock: Old Lake only, each day of the open seasons as established for Falls County for these species.","species":["coyote","dove","feral_hog","furbearers","rabbit","squirrel","teal","waterfowl","white_tailed_deer"],"methods":["any_legal","archery","shotgun"],"access":["aph_walk_in","youth"],"complexes":[],"hasEpostcard":false,"hasRegularPermit":false,"epostcardUrl":"","countySlugs":["falls"],"bookletPage":"91","bookletPdfPage":120,"bookletUrl":"https://tpwd.texas.gov/publications/pwdpubs/media/pwd_bk_w7000_0112a.pdf#page=120","lon":-96.86565,"lat":31.35009},"geometry":{"type":"MultiPolygon","coordinates":[[[[-96.86031,31.35296],[-96.85538,31.34547],[-96.85281,31.33683],[-96.86337,31.3326],[-96.86469,31.33563],[-96.86268,31.33755],[-96.86577,31.34056],[-96.86402,31.34158],[-96.86559,31.34424],[-96.87054,31.34523],[-96.87167,31.34692],[-96.86993,31.34783],[-96.87172,31.35071],[-96.86319,31.35355],[-96.86264,31.35198],[-96.86031,31.35296]]],[[[-96.86743,31.36576],[-96.86828,31.36245],[-96.86323,31.35362],[-96.87177,31.35076],[-96.87447,31.35469],[-96.87306,31.35534],[-96.87425,31.36041],[-96.88114,31.36256],[-96.87746,31.36349],[-96.88015,31.36604],[-96.87882,31.37172],[-96.87586,31.36613],[-96.87025,31.36413],[-96.86743,31.36576]]]]}},{"type":"Feature","id":"749","properties":{"id":"749","unitIds":["749"],"name":"Mason Mountain WMA","counties":["Mason"],"region":"Central Texas","acres":733.0,"type":"wma","pdfUrl":"https://tpwd.texas.gov/huntwild/hunt/public/annual_public_hunting/resources/749.pdf","aerialPdfUrl":"https://tpwd.texas.gov/huntwild/hunt/public/annual_public_hunting/resources/MasonMountain_749.pdf","registration":"osr","legalGameTags":["Dove"],"legalGameText":"• 2026-2027 \n OSR Required Each Day Dove: Each day of the Central Dove Zone. Shooting \n hours are one half hour before sunrise to sunset.","species":["dove"],"methods":["shotgun"],"access":["aph_walk_in"],"complexes":[],"hasEpostcard":false,"hasRegularPermit":false,"epostcardUrl":"","countySlugs":["mason"],"bookletPage":"38","bookletPdfPage":67,"bookletUrl":"https://tpwd.texas.gov/publications/pwdpubs/media/pwd_bk_w7000_0112a.pdf#page=67","lon":-99.20742,"lat":30.846},"geometry":{"type":"MultiPolygon","coordinates":[[[[-99.23117,30.80776],[-99.23109,30.81514],[-99.21921,30.81506],[-99.21919,30.80941],[-99.23117,30.80776]]],[[[-99.19877,30.85445],[-99.20238,30.85041],[-99.20469,30.85008],[-99.20452,30.862],[-99.20157,30.86195],[-99.20145,30.86702],[-99.18929,30.86689],[-99.19159,30.8609],[-99.18922,30.85422],[-99.19877,30.85445]]],[[[-99.23407,30.86329],[-99.23352,30.86065],[-99.24019,30.86169],[-99.23975,30.86337],[-99.23407,30.86329]]]]}},{"type":"Feature","id":"702","properties":{"id":"702","unitIds":["702"],"name":"Matador WMA","counties":["Cottle"],"region":"Panhandle","acres":28183.0,"type":"wma","pdfUrl":"https://tpwd.texas.gov/huntwild/hunt/public/annual_public_hunting/resources/702.pdf","aerialPdfUrl":"https://tpwd.texas.gov/huntwild/hunt/public/annual_public_hunting/resources/Matador_702.pdf","registration":"osr","legalGameTags":["Feral Hog","Dove","Teal","Quail","Rabbit","Fishing","Youth/Adult Dove","Youth/Adult Quail","E-Postcard Predator"],"legalGameText":"• 2026-2027 \n On-site registration is required. There are NO DEER HUNTS by APH Permit on this area. Dove: Each day of North Zone Dove Season, except dates","species":["dove","feral_hog","furbearers","quail","rabbit","teal"],"methods":["any_legal","shotgun"],"access":["aph_walk_in","e_postcard","youth_adult"],"complexes":[],"hasEpostcard":true,"hasRegularPermit":false,"epostcardUrl":"https://tpwd.texas.gov/huntwild/hunt/public/public_hunt_drawing/hunt-area-details.phtml?OArea=MA","countySlugs":["cottle"],"bookletPage":"5","bookletPdfPage":34,"bookletUrl":"https://tpwd.texas.gov/publications/pwdpubs/media/pwd_bk_w7000_0112a.pdf#page=34","lon":-100.42557,"lat":34.13429},"geometry":{"type":"Polygon","coordinates":[[[-100.5163,34.17636],[-100.51379,34.10303],[-100.50496,34.10305],[-100.50157,34.10611],[-100.49741,34.10561],[-100.49636,34.1031],[-100.47845,34.10316],[-100.47595,34.10446],[-100.4688,34.10197],[-100.45825,34.10341],[-100.38889,34.10247],[-100.3348,34.10353],[-100.33464,34.11542],[-100.33764,34.11827],[-100.33352,34.11831],[-100.3338,34.16348],[-100.50625,34.16578],[-100.50443,34.17392],[-100.51411,34.17409],[-100.51413,34.17634],[-100.5163,34.17636]]]}},{"type":"Feature","id":"722","properties":{"id":"722","unitIds":["722"],"name":"Matagorda Island WMA","counties":["Calhoun"],"region":"San Antonio/Corpus Christi","acres":null,"type":"wma","pdfUrl":"https://tpwd.texas.gov/huntwild/hunt/public/annual_public_hunting/resources/722.pdf","aerialPdfUrl":"https://tpwd.texas.gov/huntwild/hunt/public/annual_public_hunting/resources/Matagorda_722.pdf","registration":"none","legalGameTags":["Waterfowl"],"legalGameText":"2026-2027 \n Upland Unit: Only on Dec. 12-13, Jan. 9-10, Jan. 16-17, Jan. 23-24, and Jan. 30-31 \n provided that these dates occur within the South Zone Duck season dates. Shooting hours end at noon. Hunting of geese is prohibited. There are 17 available hunting sites on the island. Hunter check-in begins at 5:00 am and ends at 5:30 am. All hunters are transported to and from hunt sites by TPWD personnel. Hunters overnight camping on the island will be checked in the night prior to the hunt (e.g. Campers will be checked in Friday night for the Saturday morning hunt period). All other hunters will be checked in beginning at 5:00 am the morning of the hunt period. Bayside Marsh Unit: No APH Permit is required to hunt waterfowl. No check in \n or registration required. Waterfowl may be taken during the entire South Zone Duck season. Shooting hours are one-half hour before sunrise to sunset. Airboats are permitted within the Bayside Marsh Unit only. Fishing: No APH or LPU is required to fish.","species":["waterfowl"],"methods":["shotgun"],"access":["aph_walk_in"],"complexes":[],"hasEpostcard":false,"hasRegularPermit":false,"epostcardUrl":"","countySlugs":["calhoun"],"bookletPage":"129","bookletPdfPage":158,"bookletUrl":"https://tpwd.texas.gov/publications/pwdpubs/media/pwd_bk_w7000_0112a.pdf#page=158","lon":-96.64029,"lat":28.23172},"geometry":{"type":"Polygon","coordinates":[[[-96.44925,28.31447],[-96.5529,28.26854],[-96.62154,28.22992],[-96.66948,28.19941],[-96.72166,28.16366],[-96.77657,28.12347],[-96.84811,28.06566],[-96.85146,28.06573],[-96.84534,28.0713],[-96.84383,28.08326],[-96.82977,28.11085],[-96.82527,28.1125],[-96.8237,28.11594],[-96.81082,28.12451],[-96.80995,28.12704],[-96.81145,28.13318],[-96.80354,28.13584],[-96.80232,28.14116],[-96.8046,28.14478],[-96.81597,28.14157],[-96.81802,28.14402],[-96.82008,28.14219],[-96.81783,28.15154],[-96.81664,28.14904],[-96.81535,28.1534],[-96.81693,28.15181],[-96.81618,28.15351],[-96.8176,28.15218],[-96.81786,28.15326],[-96.8167,28.15505],[-96.81119,28.15608],[-96.81163,28.15706],[-96.81623,28.1553],[-96.81688,28.15995],[-96.82317,28.16758],[-96.81954,28.16788],[-96.81626,28.17537],[-96.81258,28.17491],[-96.80682,28.17778],[-96.79909,28.18516],[-96.79303,28.18845],[-96.77077,28.18932],[-96.77149,28.18792],[-96.76828,28.18526],[-96.76986,28.18911],[-96.76083,28.18925],[-96.75607,28.18576],[-96.75602,28.18849],[-96.75155,28.18784],[-96.74892,28.1782],[-96.75058,28.17146],[-96.74858,28.17204],[-96.74835,28.17793],[-96.7506,28.18704],[-96.74857,28.18971],[-96.74639,28.18945],[-96.74714,28.18556],[-96.74518,28.18416],[-96.74396,28.18519],[-96.7431,28.18313],[-96.74055,28.18238],[-96.74362,28.18693],[-96.74647,28.18703],[-96.74497,28.18955],[-96.73587,28.19127],[-96.73364,28.19019],[-96.70163,28.19833],[-96.70297,28.19927],[-96.69759,28.20253],[-96.69808,28.20642],[-96.69604,28.20436],[-96.69384,28.20518],[-96.69612,28.20667],[-96.69032,28.2069],[-96.69094,28.20869],[-96.69324,28.20885],[-96.69125,28.21563],[-96.69164,28.21174],[-96.68874,28.21077],[-96.68753,28.21183],[-96.69032,28.21609],[-96.69278,28.21579],[-96.69402,28.21426],[-96.69682,28.2157],[-96.69795,28.21217],[-96.70103,28.21307],[-96.69953,28.21002],[-96.70057,28.208],[-96.70295,28.21669],[-96.68928,28.21763],[-96.6733,28.22505],[-96.66919,28.22438],[-96.66799,28.22656],[-96.65426,28.22816],[-96.66293,28.23263],[-96.66357,28.23137],[-96.66531,28.23153],[-96.65819,28.2423],[-96.64962,28.24372],[-96.65044,28.24708],[-96.65386,28.24681],[-96.65689,28.24418],[-96.65169,28.25156],[-96.63492,28.26097],[-96.62409,28.26312],[-96.61535,28.26271],[-96.61579,28.26487],[-96.61929,28.26732],[-96.62588,28.26649],[-96.6264,28.26944],[-96.63126,28.26917],[-96.62332,28.26965],[-96.62223,28.26759],[-96.61921,28.27059],[-96.61491,28.27199],[-96.61105,28.27197],[-96.61079,28.27014],[-96.60339,28.27239],[-96.60187,28.2739],[-96.60329,28.2761],[-96.61053,28.27238],[-96.61367,28.27408],[-96.60689,28.27591],[-96.60686,28.27818],[-96.60422,28.27864],[-96.60236,28.27699],[-96.5924,28.27908],[-96.59222,28.28062],[-96.59354,28.28052],[-96.59064,28.28325],[-96.59677,28.28476],[-96.60735,28.28224],[-96.61037,28.28007],[-96.61285,28.27536],[-96.62421,28.27125],[-96.61715,28.27748],[-96.61216,28.2791],[-96.61318,28.28105],[-96.61163,28.2826],[-96.60513,28.28648],[-96.60187,28.28618],[-96.60493,28.28801],[-96.60021,28.28662],[-96.59294,28.28724],[-96.59206,28.28914],[-96.58616,28.29054],[-96.57288,28.30158],[-96.57715,28.30138],[-96.5818,28.29744],[-96.58435,28.29944],[-96.58601,28.29842],[-96.58582,28.29478],[-96.5893,28.29359],[-96.61353,28.29048],[-96.61234,28.29224],[-96.6087,28.29366],[-96.59897,28.29359],[-96.58573,28.30053],[-96.57935,28.30205],[-96.55128,28.30241],[-96.54776,28.30626],[-96.54501,28.30586],[-96.5418,28.30677],[-96.53712,28.3095],[-96.5398,28.3065],[-96.53813,28.30661],[-96.53871,28.30458],[-96.53553,28.3023],[-96.54072,28.29902],[-96.54971,28.29983],[-96.55643,28.29766],[-96.5541,28.30051],[-96.5583,28.29874],[-96.56275,28.29981],[-96.57162,28.29608],[-96.57503,28.29285],[-96.55766,28.29267],[-96.55308,28.29411],[-96.55302,28.29196],[-96.54917,28.29258],[-96.55041,28.29484],[-96.55341,28.29482],[-96.55311,28.29691],[-96.55075,28.29592],[-96.54767,28.29872],[-96.53651,28.2981],[-96.53522,28.303],[-96.53758,28.30526],[-96.53156,28.30316],[-96.52766,28.30556],[-96.52703,28.30804],[-96.52323,28.30705],[-96.52051,28.30338],[-96.51577,28.30416],[-96.50845,28.30929],[-96.50645,28.3133],[-96.50236,28.31234],[-96.49599,28.31793],[-96.4914,28.31734],[-96.4901,28.31965],[-96.48501,28.32084],[-96.48206,28.32536],[-96.47913,28.3269],[-96.48012,28.32763],[-96.48038,28.3263],[-96.48175,28.32841],[-96.48289,28.32744],[-96.48309,28.32891],[-96.49723,28.32531],[-96.50162,28.32622],[-96.50774,28.32253],[-96.51307,28.32473],[-96.52156,28.32309],[-96.5342,28.31782],[-96.54202,28.31095],[-96.545,28.3061],[-96.54707,28.30623],[-96.54318,28.31519],[-96.5327,28.32153],[-96.51719,28.32549],[-96.48985,28.32811],[-96.48118,28.33038],[-96.4791,28.33056],[-96.47892,28.32934],[-96.47695,28.33104],[-96.47162,28.33175],[-96.4756,28.33054],[-96.47574,28.32703],[-96.47192,28.33099],[-96.46561,28.33104],[-96.46459,28.33347],[-96.46336,28.33258],[-96.4639,28.33397],[-96.46152,28.33373],[-96.46378,28.33478],[-96.46346,28.33638],[-96.46035,28.33441],[-96.43934,28.34366],[-96.42995,28.35138],[-96.43121,28.35253],[-96.42973,28.35309],[-96.43108,28.35321],[-96.44057,28.34987],[-96.44122,28.35196],[-96.43632,28.3605],[-96.43277,28.36128],[-96.43241,28.3645],[-96.42917,28.36378],[-96.4301,28.36533],[-96.42776,28.36675],[-96.42877,28.36837],[-96.42742,28.37092],[-96.42876,28.37213],[-96.4367,28.37044],[-96.43761,28.37136],[-96.43861,28.36981],[-96.43964,28.37241],[-96.44521,28.37072],[-96.44549,28.37238],[-96.44109,28.37307],[-96.43462,28.37733],[-96.42996,28.38274],[-96.42963,28.38849],[-96.42733,28.3882],[-96.42165,28.38259],[-96.42712,28.38921],[-96.4217,28.39287],[-96.42752,28.39395],[-96.41859,28.39934],[-96.41209,28.3999],[-96.41237,28.38686],[-96.41867,28.38509],[-96.41247,28.38617],[-96.41174,28.38238],[-96.4118,28.3862],[-96.41026,28.38653],[-96.41196,28.38687],[-96.41162,28.39371],[-96.40584,28.3932],[-96.41161,28.39434],[-96.41151,28.39973],[-96.40659,28.39929],[-96.4052,28.39016],[-96.40305,28.38682],[-96.40523,28.38106],[-96.40458,28.37554],[-96.40768,28.37093],[-96.41484,28.37129],[-96.41817,28.36973],[-96.41122,28.37006],[-96.40488,28.36829],[-96.40415,28.37182],[-96.4005,28.35576],[-96.42408,28.33248],[-96.44925,28.31447]]]}},{"type":"Feature","id":"2318","properties":{"id":"2318","unitIds":["2318"],"name":"Mertens","counties":["Navarro"],"region":"Austin/Waco","acres":378.0,"type":"dove_lease","pdfUrl":"https://tpwd.texas.gov/huntwild/hunt/public/annual_public_hunting/resources/2318.pdf","aerialPdfUrl":"https://tpwd.texas.gov/huntwild/hunt/public/annual_public_hunting/resources/Mertens_2318.pdf","registration":"osr","legalGameTags":["Dove","Teal","Waterfowl","Rabbit","Coyotes","Youth Waterfowl","Veteran Waterfowl"],"legalGameText":"• 2026-2027 \n OSR Required Each Day Dove: Each day of the of the Central Zone Dove \n season (Mourning and White-winged). Teal: Each day of the Early Teal season. Waterfowl: All waterfowl species that have open \n seasons may be taken each day during the Youth and Veteran Duck, North Zone Duck and Eastern Zone Dark Goose seasons. Rabbits and Coyotes: Concurrent with hunts for \n dove and waterfowl. \n 308 \n o t Navarro C un y \n u Hill Co nty \n 1946 \n 308 \n R 36 C 34 \n R C 3437 CR 4300 CR 4300 \n C 4270 R \n CR 00 43 \n 1946 \n 1946","species":["coyote","dove","rabbit","teal","waterfowl"],"methods":["any_legal","shotgun"],"access":["aph_walk_in","youth"],"complexes":[],"hasEpostcard":false,"hasRegularPermit":false,"epostcardUrl":"","countySlugs":["navarro"],"bookletPage":"100","bookletPdfPage":129,"bookletUrl":"https://tpwd.texas.gov/publications/pwdpubs/media/pwd_bk_w7000_0112a.pdf#page=129","lon":-96.8455,"lat":32.02202},"geometry":{"type":"Polygon","coordinates":[[[-96.84892,32.01218],[-96.83682,32.01838],[-96.84542,32.03088],[-96.85482,32.02598],[-96.85242,32.02288],[-96.85042,32.02398],[-96.84832,32.02098],[-96.84652,32.02178],[-96.84422,32.01858],[-96.85082,32.01528],[-96.84892,32.01218]]]}},{"type":"Feature","id":"2156","properties":{"id":"2156","unitIds":["2156","2325"],"name":"Milam County Complex 1","counties":["Milam"],"region":"Austin/Waco","acres":523.0,"type":"dove_lease","pdfUrl":"https://tpwd.texas.gov/huntwild/hunt/public/annual_public_hunting/resources/MilamCountyComplex1.pdf","aerialPdfUrl":"","registration":"osr","legalGameTags":["Dove"],"legalGameText":"• 2026-2027 \n OSR Required Each Day Dove: Each day of the first split of the Central Zone \n Dove season (Mourning and White-winged). \n Caution: Hunters may encounter “Polka Dot” a pet feral hog and her offspring on unit 2156 around the corals and close to the houses. They may come up to your vehicle, follow you around or beg for food and attention. Do not harm them or attempt to remove them from the property. \n Milam \n Milam County Complex 1 \n Farm Road 1445 North \n (Unit # 2156) 523 acres \n Little Pond Creek (Unit #2325) 238 acres \n Information/Registration Station \n Public Hunting Area \n Designated Parking Area \n Designated Public Hunting Road \n Fence \n DR \n Stream/bed","species":["dove"],"methods":["shotgun"],"access":["aph_walk_in"],"complexes":["Farm Road 1445 North","Little Pond Creek"],"hasEpostcard":false,"hasRegularPermit":false,"epostcardUrl":"","countySlugs":["milam"],"bookletPage":"97","bookletPdfPage":126,"bookletUrl":"https://tpwd.texas.gov/publications/pwdpubs/media/pwd_bk_w7000_0112a.pdf#page=126","lon":-96.91582,"lat":30.97562},"geometry":{"type":"MultiPolygon","coordinates":[[[[-96.90772,30.96978],[-96.91242,30.97688],[-96.90332,30.98158],[-96.89802,30.97408],[-96.90152,30.97218],[-96.89532,30.96368],[-96.90072,30.96088],[-96.91262,30.96428],[-96.90772,30.96978]]],[[[-96.93443,30.98658],[-96.94275,30.98271],[-96.95214,30.98836],[-96.94998,30.99001],[-96.94872,30.98852],[-96.94598,30.98928],[-96.93886,30.99297],[-96.93443,30.98658]]]]}},{"type":"Feature","id":"2484","properties":{"id":"2484","unitIds":["2484","2486"],"name":"Milam County Complex 2","counties":["Milam"],"region":"Austin/Waco","acres":227.0,"type":"dove_lease","pdfUrl":"https://tpwd.texas.gov/huntwild/hunt/public/annual_public_hunting/resources/MilamCountyComplex2.pdf","aerialPdfUrl":"","registration":"osr","legalGameTags":["Dove","Teal"],"legalGameText":"• 2026-2027 \n OSR Required Each Day Dove: Each day of the of the Central Zone \n Dove season (Mourning, White-winged, and Eurasian Collared Dove). Waterfowl: Hunting is allowed each day of the \n Early Teal Season, Youth and Veteran Waterfowl Days, North Zone Duck, Eastern Zone Goose (Early Canada and Dark Goose).. Rabbits, Coyotes & Feral Hogs: May be \n taken while hunting Dove or Waterfowl. Fishing: Rod and reel only.","species":["dove","teal"],"methods":["shotgun"],"access":["aph_walk_in"],"complexes":["Ben Arnold","FM 485"],"hasEpostcard":false,"hasRegularPermit":false,"epostcardUrl":"","countySlugs":["milam"],"bookletPage":"98","bookletPdfPage":127,"bookletUrl":"https://tpwd.texas.gov/publications/pwdpubs/media/pwd_bk_w7000_0112a.pdf#page=127","lon":-96.98198,"lat":30.96157},"geometry":{"type":"MultiPolygon","coordinates":[[[[-97.00387,30.91747],[-97.01262,30.91994],[-97.01357,30.92147],[-97.01127,30.92273],[-97.00388,30.92061],[-97.00387,30.91747]]],[[[-96.97475,30.96962],[-96.97635,30.9701],[-96.97847,30.97814],[-96.97682,30.98065],[-96.96577,30.97767],[-96.96604,30.97563],[-96.96874,30.97481],[-96.97036,30.97221],[-96.97251,30.97279],[-96.97623,30.96316],[-96.97475,30.96962]]]]}},{"type":"Feature","id":"2502","properties":{"id":"2502","unitIds":["2502"],"name":"Miller Farm","counties":["Lynn"],"region":"Panhandle","acres":320.0,"type":"dove_lease","pdfUrl":"https://tpwd.texas.gov/huntwild/hunt/public/annual_public_hunting/resources/2502.pdf","aerialPdfUrl":"https://tpwd.texas.gov/huntwild/hunt/public/annual_public_hunting/resources/MillerFarm_2502.pdf","registration":"osr","legalGameTags":["Teal","Waterfowl","Cranes"],"legalGameText":"• 2026-2027 \n OSR Required Each Day \n Waterfowl: Each day of the Early Teal, High Plains \n Mallard and Western Zone Goose season. Sandhill Crane: Each day of Sandhill Crane season for \n Zone A.","species":["sandhill_crane","teal","waterfowl"],"methods":["shotgun"],"access":["aph_walk_in"],"complexes":[],"hasEpostcard":false,"hasRegularPermit":false,"epostcardUrl":"","countySlugs":["lynn"],"bookletPage":"17","bookletPdfPage":46,"bookletUrl":"https://tpwd.texas.gov/publications/pwdpubs/media/pwd_bk_w7000_0112a.pdf#page=46","lon":-101.77903,"lat":33.11857},"geometry":{"type":"Polygon","coordinates":[[[-101.78682,33.12226],[-101.78579,33.11481],[-101.7717,33.11485],[-101.77174,33.12219],[-101.78682,33.12226]]]}},{"type":"Feature","id":"2559","properties":{"id":"2559","unitIds":["2559"],"name":"Millhollon Trust","counties":["Scurry"],"region":"Central Texas","acres":264.0,"type":"dove_lease","pdfUrl":"https://tpwd.texas.gov/huntwild/hunt/public/annual_public_hunting/resources/2559.pdf","aerialPdfUrl":"https://tpwd.texas.gov/huntwild/hunt/public/annual_public_hunting/resources/MillhollonTrust_2559.pdf","registration":"osr","legalGameTags":["Dove","Quail"],"legalGameText":"• 2026-2027 \n OSR Required Each Day Dove: Each day of the of the North Zone Dove season (Mourning, \n White-winged, Eurasian Collared, and Feral Pigeon). Quail: Each day of Quail season for Scurry County.","species":["dove","quail"],"methods":["any_legal","shotgun"],"access":["aph_walk_in"],"complexes":[],"hasEpostcard":false,"hasRegularPermit":false,"epostcardUrl":"","countySlugs":["scurry"],"bookletPage":"40","bookletPdfPage":69,"bookletUrl":"https://tpwd.texas.gov/publications/pwdpubs/media/pwd_bk_w7000_0112a.pdf#page=69","lon":-100.99534,"lat":32.66751},"geometry":{"type":"Polygon","coordinates":[[[-100.99972,32.66041],[-100.99102,32.66227],[-100.99083,32.67365],[-100.99934,32.67383],[-100.99972,32.66041]]]}},{"type":"Feature","id":"720","properties":{"id":"720","unitIds":["720"],"name":"Mission Lake Unit - Guadalupe Delta WMA","counties":["Calhoun"],"region":"San Antonio/Corpus Christi","acres":4448.0,"type":"wma","pdfUrl":"https://tpwd.texas.gov/huntwild/hunt/public/annual_public_hunting/resources/720.pdf","aerialPdfUrl":"https://tpwd.texas.gov/huntwild/hunt/public/annual_public_hunting/resources/GuadalupeDeltaMissionLake_720.pdf","registration":"osr","legalGameTags":["Dove","Teal","Waterfowl","Other Migratory Birds","Fishing","Youth Waterfowl","Veteran Waterfowl"],"legalGameText":"• 2026-2027 \n OSR Required Each Day Waterfowl: All hunters must check-in and check-out, complete OSR requirements, and be \n off the area by NOON. Manned Check Station is open on Saturday and Sunday. Entire Area (including Buffalo Lake Compartment): Saturdays and Sundays of the Early Teal \n season and Saturdays and the last Sunday of each split of the South Zone Duck season. Buffalo Lake Compartment Only: Additional hunting is allowed by on-site registration on \n Tuesdays and Thursdays of the Early Teal and South Zone Duck seasons. Hunters MUST first check-in before you can pick a hunt site, access begins at 4:00 am. Hunters should park along the roadway in the designated numbered parking area for the numbered hunt site used. Dove, Geese, Coots, Snipe, Rail, and Gallinule: May be taken during the waterfowl hunts \n provided the seasons are open for these species. Fishing: Bank fishing is permitted during daylight hours at sites on bayous and rivers accessible \n by boat. Fishing is not allowed within interior lakes or ponds. Bank fisherman, 17 years of age and older, are required to possess a valid APH or LPU Permit.","species":["dove","other_migratory","teal","waterfowl"],"methods":["any_legal","shotgun"],"access":["aph_walk_in","youth"],"complexes":[],"hasEpostcard":false,"hasRegularPermit":false,"epostcardUrl":"","countySlugs":["calhoun"],"bookletPage":"130","bookletPdfPage":159,"bookletUrl":"https://tpwd.texas.gov/publications/pwdpubs/media/pwd_bk_w7000_0112a.pdf#page=159","lon":-96.81912,"lat":28.49093},"geometry":{"type":"Polygon","coordinates":[[[-96.78989,28.48457],[-96.80477,28.51895],[-96.84106,28.49771],[-96.83235,28.4937],[-96.83024,28.49537],[-96.83109,28.49246],[-96.83605,28.49147],[-96.84285,28.49607],[-96.8513,28.48764],[-96.84963,28.48743],[-96.84449,28.48064],[-96.84103,28.48128],[-96.83496,28.471],[-96.83594,28.46663],[-96.83481,28.46397],[-96.82761,28.46089],[-96.82788,28.46776],[-96.82289,28.47116],[-96.80909,28.47892],[-96.78989,28.48457]]]}},{"type":"Feature","id":"902","properties":{"id":"902","unitIds":["902"],"name":"Moore Plantation WMA","counties":["Sabine"],"region":"Pineywoods","acres":23264.0,"type":"wma","pdfUrl":"https://tpwd.texas.gov/huntwild/hunt/public/annual_public_hunting/resources/902.pdf","aerialPdfUrl":"https://tpwd.texas.gov/huntwild/hunt/public/annual_public_hunting/resources/MoorePlantation_902.pdf","registration":"none","legalGameTags":["Deer - Archery","Deer - General","Deer-Muzzleloader","Feral Hog","Exotic Mammals","Dove","Teal","Waterfowl","Other Migratory Birds","Squirrel","Rabbit","Coyotes","Furbearers/Predators","Fishing","Youth/Adult Squirrel","Youth Deer","Youth Waterfowl","Veteran Waterfowl","E-Postcard Turkey"],"legalGameText":"Box for White- tailed Deer bag limit and legal buck requirements. No USFS Antlerless Deer Permit required. See TPWD Outdoor Annual for Special Youth Season information and regulations Youth and Veteran/Active-Duty Military Only Waterfowl: See TPWD Outdoor Annual for","species":["coyote","dove","exotic_mammals","feral_hog","furbearers","other_migratory","rabbit","squirrel","teal","turkey","waterfowl","white_tailed_deer"],"methods":["any_legal","archery","firearm","muzzleloader","shotgun"],"access":["aph_walk_in","e_postcard","youth","youth_adult"],"complexes":[],"hasEpostcard":true,"hasRegularPermit":false,"epostcardUrl":"https://tpwd.texas.gov/huntwild/hunt/public/public_hunt_drawing/hunt-area-details.phtml?OArea=MP","countySlugs":["sabine"],"bookletPage":"81","bookletPdfPage":110,"bookletUrl":"https://tpwd.texas.gov/publications/pwdpubs/media/pwd_bk_w7000_0112a.pdf#page=110","lon":-93.90605,"lat":31.23664},"geometry":{"type":"MultiPolygon","coordinates":[[[[-93.91353,31.1855],[-93.90196,31.18728],[-93.90774,31.18129],[-93.91353,31.1855]]],[[[-93.9659,31.1966],[-93.96362,31.1964],[-93.96455,31.19339],[-93.96116,31.19247],[-93.96618,31.18911],[-93.95976,31.18517],[-93.95973,31.17487],[-93.96354,31.16576],[-93.96563,31.16638],[-93.96841,31.16358],[-93.96731,31.1627],[-93.96963,31.16238],[-93.96858,31.16121],[-93.97116,31.16096],[-93.97179,31.17726],[-93.97504,31.18828],[-93.97267,31.18982],[-93.97474,31.18933],[-93.97148,31.19446],[-93.97715,31.19599],[-93.96705,31.20604],[-93.96724,31.20874],[-93.96234,31.19572],[-93.96593,31.19868],[-93.9659,31.1966]]],[[[-93.83008,31.26631],[-93.83475,31.25814],[-93.83102,31.25617],[-93.8285,31.2595],[-93.82561,31.25862],[-93.82764,31.25317],[-93.83118,31.25462],[-93.83052,31.24967],[-93.82749,31.24971],[-93.82916,31.24702],[-93.82726,31.24583],[-93.82798,31.24197],[-93.83585,31.23399],[-93.84501,31.23048],[-93.84375,31.22854],[-93.84456,31.22692],[-93.85444,31.22864],[-93.85592,31.23258],[-93.84852,31.24296],[-93.86808,31.25289],[-93.86485,31.25701],[-93.86598,31.25857],[-93.87148,31.26119],[-93.87685,31.25475],[-93.89106,31.26347],[-93.89608,31.25752],[-93.88153,31.24904],[-93.87812,31.25326],[-93.86376,31.2449],[-93.87117,31.23612],[-93.8918,31.24057],[-93.92435,31.22981],[-93.9203,31.22011],[-93.88793,31.23039],[-93.88193,31.21606],[-93.92828,31.20179],[-93.92628,31.20038],[-93.92482,31.2019],[-93.91855,31.19712],[-93.92436,31.19156],[-93.92233,31.19594],[-93.92498,31.1972],[-93.92862,31.19157],[-93.9275,31.19068],[-93.93817,31.18001],[-93.93929,31.18096],[-93.93638,31.18388],[-93.93624,31.18818],[-93.95021,31.18803],[-93.95197,31.18127],[-93.94851,31.1789],[-93.93781,31.17913],[-93.93715,31.18038],[-93.93535,31.17908],[-93.91818,31.18373],[-93.89932,31.1695],[-93.90947,31.15973],[-93.91609,31.16104],[-93.9187,31.15718],[-93.91464,31.15431],[-93.91689,31.15176],[-93.92332,31.15673],[-93.91941,31.16379],[-93.92571,31.16824],[-93.92684,31.16532],[-93.93145,31.16608],[-93.9333,31.168],[-93.93511,31.16598],[-93.9397,31.16957],[-93.94149,31.16832],[-93.94503,31.16943],[-93.95011,31.16438],[-93.95698,31.16706],[-93.96026,31.164],[-93.96082,31.1656],[-93.96293,31.16558],[-93.95904,31.17612],[-93.95926,31.18444],[-93.9569,31.18258],[-93.95007,31.18865],[-93.95515,31.19247],[-93.95911,31.19067],[-93.95902,31.19304],[-93.96139,31.19495],[-93.96683,31.20837],[-93.96307,31.21722],[-93.95926,31.21436],[-93.9517,31.22161],[-93.96077,31.2189],[-93.95874,31.22338],[-93.95648,31.22272],[-93.95068,31.24394],[-93.94875,31.24582],[-93.94316,31.2425],[-93.94423,31.24106],[-93.94242,31.24006],[-93.94137,31.24144],[-93.93441,31.23731],[-93.92488,31.24929],[-93.93998,31.25866],[-93.93937,31.25967],[-93.94659,31.26279],[-93.94519,31.26444],[-93.94671,31.26533],[-93.92151,31.29513],[-93.89881,31.28125],[-93.89251,31.29008],[-93.88902,31.28835],[-93.89067,31.28619],[-93.884,31.28261],[-93.874,31.29668],[-93.86917,31.29419],[-93.86684,31.29758],[-93.86426,31.29653],[-93.86065,31.3017],[-93.85334,31.29787],[-93.85551,31.29413],[-93.84262,31.28778],[-93.84184,31.27963],[-93.83008,31.26631]]]]}},{"type":"Feature","id":"2576","properties":{"id":"2576","unitIds":["2576"],"name":"Morris - Canadian River Complex 2","counties":["Carson"],"region":"Panhandle","acres":1280.0,"type":"dove_lease","pdfUrl":"https://tpwd.texas.gov/huntwild/hunt/public/annual_public_hunting/resources/CanadianRiverComplex2.pdf","aerialPdfUrl":"https://tpwd.texas.gov/huntwild/hunt/public/annual_public_hunting/resources/CanadianRiverComplex2_Morris_2576.pdf","registration":"osr","legalGameTags":["Dove","Teal","Waterfowl","Cranes","Pheasant","Rabbit","Coyotes","Youth Waterfowl","Veteran Waterfowl"],"legalGameText":"• 2026-2027 \n OSR Required Each Day Dove: Each day of the North Zone Dove season (Mourning, White-winged, and Eurasian \n Collared) except on dates the","species":["coyote","dove","pheasant","rabbit","sandhill_crane","teal","waterfowl"],"methods":["any_legal","shotgun"],"access":["aph_walk_in","youth"],"complexes":[],"hasEpostcard":false,"hasRegularPermit":false,"epostcardUrl":"","countySlugs":["carson"],"bookletPage":"23","bookletPdfPage":52,"bookletUrl":"https://tpwd.texas.gov/publications/pwdpubs/media/pwd_bk_w7000_0112a.pdf#page=52","lon":-101.4705,"lat":35.34693},"geometry":{"type":"Polygon","coordinates":[[[-101.48819,35.35395],[-101.48812,35.33958],[-101.45278,35.33994],[-101.45287,35.35426],[-101.48819,35.35395]]]}},{"type":"Feature","id":"2364","properties":{"id":"2364","unitIds":["2364"],"name":"Mount Moriah","counties":["Navarro"],"region":"Austin/Waco","acres":550.0,"type":"dove_lease","pdfUrl":"https://tpwd.texas.gov/huntwild/hunt/public/annual_public_hunting/resources/2364.pdf","aerialPdfUrl":"https://tpwd.texas.gov/huntwild/hunt/public/annual_public_hunting/resources/MountMoriah_2364.pdf","registration":"osr","legalGameTags":["Youth/Adult Dove"],"legalGameText":"• 2026-2027 \n OSR Required Each Day Dove: Each day of the first split of the Central Zone Dove \n season (Mourning and White-winged). \n #2364 Special Restrictions: Each hunting party must contain at least one youth hunter to participate. \n Information/Registration Station \n Public Hunting Area \n Designated Parking Area \n Designated Public Hunting Road \n Pond \n DR Corsicana \n Rice \n Emhouse \n Barry \n 45 \n 287 \n 1126 \n 1126 \n 1126 \n 3383 \n 22 \n 1126 \n R 060 C 2 \n C 07 2 0 R \n R 60 C 13 \n Navarro Mount Moriah \n Unit #2364 \n 550 acres","species":["dove"],"methods":["shotgun"],"access":["youth_adult"],"complexes":[],"hasEpostcard":false,"hasRegularPermit":false,"epostcardUrl":"","countySlugs":["navarro"],"bookletPage":"99","bookletPdfPage":128,"bookletUrl":"https://tpwd.texas.gov/publications/pwdpubs/media/pwd_bk_w7000_0112a.pdf#page=128","lon":-96.6016,"lat":32.08742},"geometry":{"type":"Polygon","coordinates":[[[-96.59902,32.09768],[-96.60572,32.09898],[-96.60542,32.09478],[-96.60952,32.09268],[-96.60552,32.08648],[-96.60942,32.08468],[-96.60812,32.08268],[-96.60652,32.08348],[-96.60332,32.07898],[-96.60502,32.07808],[-96.60162,32.07318],[-96.59562,32.07628],[-96.60182,32.08408],[-96.59262,32.08838],[-96.59902,32.09768]]]}},{"type":"Feature","id":"750","properties":{"id":"750","unitIds":["750"],"name":"Muse WMA","counties":["Brown"],"region":"Central Texas","acres":82.0,"type":"wma","pdfUrl":"https://tpwd.texas.gov/huntwild/hunt/public/annual_public_hunting/resources/750.pdf","aerialPdfUrl":"https://tpwd.texas.gov/huntwild/hunt/public/annual_public_hunting/resources/Muse_750.pdf","registration":"osr","legalGameTags":["Dove"],"legalGameText":"• 2026-2027 \n OSR Required Each Day Dove: Sept. 1-Oct. 11, Dec. 19-22, and Jan. 2-7 (Mourning, \n White-winged, Eurasian Collared, and Feral Pigeon). \n N \n E W \n S \n Muse WMA \n Unit #750 \n 82 acres \n Brown","species":["dove"],"methods":["shotgun"],"access":["aph_walk_in"],"complexes":[],"hasEpostcard":false,"hasRegularPermit":false,"epostcardUrl":"","countySlugs":["brown"],"bookletPage":"35","bookletPdfPage":64,"bookletUrl":"https://tpwd.texas.gov/publications/pwdpubs/media/pwd_bk_w7000_0112a.pdf#page=64","lon":-98.85588,"lat":31.8923},"geometry":{"type":"Polygon","coordinates":[[[-98.83131,31.89568],[-98.85327,31.89573],[-98.85337,31.90621],[-98.86472,31.90631],[-98.86475,31.90386],[-98.87251,31.90385],[-98.87571,31.89961],[-98.87593,31.88441],[-98.85117,31.88433],[-98.8496,31.87889],[-98.84185,31.87768],[-98.84196,31.885],[-98.83121,31.88512],[-98.83131,31.89568]]]}},{"type":"Feature","id":"1121","properties":{"id":"1121","unitIds":["1121"],"name":"Nails Creek - Lake Somerville SP","counties":["Lee","Burleson"],"region":"Austin/Waco","acres":null,"type":"state_park","pdfUrl":"","aerialPdfUrl":"","registration":"none","legalGameTags":["E-Postcard Archery Deer"],"legalGameText":"","species":["white_tailed_deer"],"methods":["archery"],"access":["e_postcard"],"complexes":[],"hasEpostcard":true,"hasRegularPermit":false,"epostcardUrl":"https://tpwd.texas.gov/huntwild/hunt/public/public_hunt_drawing/hunt-area-details.phtml?OArea=SS","countySlugs":["lee","burleson"],"bookletPage":"94","bookletPdfPage":123,"bookletUrl":"https://tpwd.texas.gov/publications/pwdpubs/media/pwd_bk_w7000_0112a.pdf#page=123","lon":-96.69622,"lat":30.30504},"geometry":{"type":"Polygon","coordinates":[[[-96.69005,30.30069],[-96.69055,30.30516],[-96.69613,30.31227],[-96.69846,30.31172],[-96.697,30.31392],[-96.70162,30.31122],[-96.69987,30.29919],[-96.69463,30.298],[-96.69005,30.30069]]]}},{"type":"Feature","id":"716","properties":{"id":"716","unitIds":["716"],"name":"Nannie Stringfellow WMA","counties":["Brazoria"],"region":"Houston/Beaumont","acres":3666.0,"type":"wma","pdfUrl":"https://tpwd.texas.gov/huntwild/hunt/public/annual_public_hunting/resources/716.pdf","aerialPdfUrl":"https://tpwd.texas.gov/huntwild/hunt/public/annual_public_hunting/resources/NannieMStringfellow_716.pdf","registration":"osr","legalGameTags":["Squirrel","Rabbit","E-Postcard Feral Hog","E-Postcard Waterfowl","E-Postcard Youth/Adult Feral Hog"],"legalGameText":"• 2026-2027 \n OSR Required Each Day. Squirrel, Rabbits, and Hares: Oct.21, Nov. 18, and Jan. \n 9 (bag limit 10 squirrels and 3 rabbits per day). Shooting hours end at noon. ATVs are recommended. No dogs allowed.","species":["feral_hog","rabbit","squirrel","waterfowl"],"methods":["any_legal","shotgun"],"access":["aph_walk_in","e_postcard"],"complexes":[],"hasEpostcard":true,"hasRegularPermit":false,"epostcardUrl":"https://tpwd.texas.gov/huntwild/hunt/public/public_hunt_drawing/hunt-area-details.phtml?OArea=SF","countySlugs":["brazoria"],"bookletPage":"107","bookletPdfPage":136,"bookletUrl":"https://tpwd.texas.gov/publications/pwdpubs/media/pwd_bk_w7000_0112a.pdf#page=136","lon":-95.62055,"lat":28.95901},"geometry":{"type":"MultiPolygon","coordinates":[[[[-95.63239,28.96212],[-95.62996,28.96005],[-95.62913,28.9608],[-95.62788,28.95769],[-95.62347,28.96179],[-95.61719,28.94669],[-95.62413,28.95142],[-95.65144,28.92624],[-95.64567,28.93887],[-95.6567,28.95215],[-95.65296,28.95562],[-95.64996,28.95312],[-95.63863,28.96363],[-95.63449,28.96014],[-95.63239,28.96212]]],[[[-95.58749,28.96871],[-95.58481,28.96643],[-95.59197,28.95996],[-95.59464,28.96225],[-95.61246,28.94614],[-95.61419,28.94757],[-95.61645,28.94551],[-95.62454,28.96502],[-95.61902,28.97013],[-95.62149,28.97221],[-95.61422,28.97891],[-95.61584,28.98026],[-95.60959,28.98587],[-95.58835,28.96794],[-95.58749,28.96871]]]]}},{"type":"Feature","id":"neches-river-nwr-dead-water-unit","properties":{"id":"neches-river-nwr-dead-water-unit","unitIds":["neches-river-nwr-dead-water-unit"],"name":"Neches River NWR - Dead Water Unit","counties":["Cherokee"],"region":"Pineywoods","acres":null,"type":"other","pdfUrl":"","aerialPdfUrl":"","registration":"none","legalGameTags":["E-Postcard Waterfowl"],"legalGameText":"","species":["waterfowl"],"methods":["shotgun"],"access":["e_postcard"],"complexes":[],"hasEpostcard":true,"hasRegularPermit":false,"epostcardUrl":"https://tpwd.texas.gov/huntwild/hunt/public/public_hunt_drawing/hunt-area-details.phtml?OArea=UO","countySlugs":["cherokee"],"bookletPage":"xxiv","bookletPdfPage":27,"bookletUrl":"https://tpwd.texas.gov/publications/pwdpubs/media/pwd_bk_w7000_0112a.pdf#page=27","lon":-95.17,"lat":31.82},"geometry":{"type":"Point","coordinates":[-95.17,31.82]}},{"type":"Feature","id":"neches-river-nwr-rocky-point-unit","properties":{"id":"neches-river-nwr-rocky-point-unit","unitIds":["neches-river-nwr-rocky-point-unit"],"name":"Neches River NWR - Rocky Point Unit","counties":["Cherokee"],"region":"Pineywoods","acres":null,"type":"other","pdfUrl":"","aerialPdfUrl":"","registration":"none","legalGameTags":["E-Postcard Squirrel"],"legalGameText":"","species":["squirrel"],"methods":["any_legal"],"access":["e_postcard"],"complexes":[],"hasEpostcard":true,"hasRegularPermit":false,"epostcardUrl":"https://tpwd.texas.gov/huntwild/hunt/public/public_hunt_drawing/hunt-area-details.phtml?OArea=US","countySlugs":["cherokee"],"bookletPage":"xxiii","bookletPdfPage":26,"bookletUrl":"https://tpwd.texas.gov/publications/pwdpubs/media/pwd_bk_w7000_0112a.pdf#page=26","lon":-95.14,"lat":31.79},"geometry":{"type":"Point","coordinates":[-95.14,31.79]}},{"type":"Feature","id":"neches-river-nwr-sandy-bluff-unit","properties":{"id":"neches-river-nwr-sandy-bluff-unit","unitIds":["neches-river-nwr-sandy-bluff-unit"],"name":"Neches River NWR - Sandy Bluff Unit","counties":["Cherokee"],"region":"Pineywoods","acres":null,"type":"other","pdfUrl":"","aerialPdfUrl":"","registration":"none","legalGameTags":["E-Postcard Squirrel"],"legalGameText":"","species":["squirrel"],"methods":["any_legal"],"access":["e_postcard"],"complexes":[],"hasEpostcard":true,"hasRegularPermit":false,"epostcardUrl":"https://tpwd.texas.gov/huntwild/hunt/public/public_hunt_drawing/hunt-area-details.phtml?OArea=UT","countySlugs":["cherokee"],"bookletPage":"xxiii","bookletPdfPage":26,"bookletUrl":"https://tpwd.texas.gov/publications/pwdpubs/media/pwd_bk_w7000_0112a.pdf#page=26","lon":-95.2,"lat":31.77},"geometry":{"type":"Point","coordinates":[-95.2,31.77]}},{"type":"Feature","id":"neches-river-nwr-walnut-branch-unit","properties":{"id":"neches-river-nwr-walnut-branch-unit","unitIds":["neches-river-nwr-walnut-branch-unit"],"name":"Neches River NWR - Walnut Branch Unit","counties":["Cherokee"],"region":"Pineywoods","acres":null,"type":"other","pdfUrl":"","aerialPdfUrl":"","registration":"none","legalGameTags":["E-Postcard Squirrel"],"legalGameText":"","species":["squirrel"],"methods":["any_legal"],"access":["e_postcard"],"complexes":[],"hasEpostcard":true,"hasRegularPermit":false,"epostcardUrl":"https://tpwd.texas.gov/huntwild/hunt/public/public_hunt_drawing/hunt-area-details.phtml?OArea=UU","countySlugs":["cherokee"],"bookletPage":"xxiii","bookletPdfPage":26,"bookletUrl":"https://tpwd.texas.gov/publications/pwdpubs/media/pwd_bk_w7000_0112a.pdf#page=26","lon":-95.11,"lat":31.84},"geometry":{"type":"Point","coordinates":[-95.11,31.84]}},{"type":"Feature","id":"738","properties":{"id":"738","unitIds":["738"],"name":"Nelda Stark - Lower Neches WMA","counties":["Orange"],"region":"Houston/Beaumont","acres":868.0,"type":"wma","pdfUrl":"https://tpwd.texas.gov/huntwild/hunt/public/annual_public_hunting/resources/738.pdf","aerialPdfUrl":"https://tpwd.texas.gov/huntwild/hunt/public/annual_public_hunting/resources/LowerNechesNeldaStark_738.pdf","registration":"osr","legalGameTags":["Teal","Waterfowl","Other Migratory Birds","Rabbit","Fishing","Youth Waterfowl","Veteran Waterfowl"],"legalGameText":"• 2026-2027 \n Waterfowl: Hunts begin at 4:30 AM and end at sunset the same day. Early Teal: Each day of the Early Teal Season. South Zone Duck: Only on Wednesday, Friday, and Sunday. Geese, Woodcock, Rail, Gallinules, and Snipe: during the established seasons for these \n species on hunt dates and times designated for waterfowl. Rabbits & Hares: Feb. 1-28 (no bag limit). Hunting is restricted to 30 minutes before sunrise to \n 30 minutes after sunset. Feral Hogs: Feb. 1-April 30 (no bag limit). Fishing: Within the designated hunt area, fishing is allowed Sept. 1-Oct. 31 and Feb. 1-Aug. 31. \n Closed Nov. 1-Jan. 31. The rest of the WMA is open year-round. Fishing is restricted to 30 minutes before sunrise to 30 minutes after sunset. No commercial crabbing or bait fishing allowed on the area. Bank fisherman must possess an APH or LPU Permit.","species":["other_migratory","rabbit","teal","waterfowl"],"methods":["any_legal","shotgun"],"access":["aph_walk_in","youth"],"complexes":[],"hasEpostcard":false,"hasRegularPermit":false,"epostcardUrl":"","countySlugs":["orange"],"bookletPage":"118","bookletPdfPage":147,"bookletUrl":"https://tpwd.texas.gov/publications/pwdpubs/media/pwd_bk_w7000_0112a.pdf#page=147","lon":-93.92895,"lat":30.03301},"geometry":{"type":"Polygon","coordinates":[[[-93.93429,30.04675],[-93.95789,30.04638],[-93.95744,30.02528],[-93.9326,30.02568],[-93.93242,30.01717],[-93.9259,30.01728],[-93.92582,30.01324],[-93.9108,30.01348],[-93.91118,30.03157],[-93.8989,30.03176],[-93.89848,30.04383],[-93.90893,30.04513],[-93.91753,30.04297],[-93.92061,30.04451],[-93.93424,30.04429],[-93.93429,30.04675]]]}},{"type":"Feature","id":"2545","properties":{"id":"2545","unitIds":["2545"],"name":"Noble Playa - Lynn County Complex","counties":["Lynn"],"region":"Panhandle","acres":308.0,"type":"dove_lease","pdfUrl":"https://tpwd.texas.gov/huntwild/hunt/public/annual_public_hunting/resources/LynnCountyComplex.pdf","aerialPdfUrl":"https://tpwd.texas.gov/huntwild/hunt/public/annual_public_hunting/resources/NoblePlaya_2545.pdf","registration":"osr","legalGameTags":["Dove","Teal","Waterfowl","Cranes","Rabbit"],"legalGameText":"• 2026-2027 \n OSR Required Each Day Dove: Each day of the of the North Zone Dove season \n (Mourning, White-winged, Eurasian Collared, and Feral Pigeon). Quail: Each day of Quail season for Lynn County. Rabbits: Concurrent with dove and quail seasons. #2563 #2563 \n #2545 #2545 \n Lynn County Complex \n Askew CRP (Unit #2563) 320 acres \n Noble Playa (Unit #2545) 308 acres \n Lynn","species":["dove","rabbit","sandhill_crane","teal","waterfowl"],"methods":["any_legal","shotgun"],"access":["aph_walk_in"],"complexes":[],"hasEpostcard":false,"hasRegularPermit":false,"epostcardUrl":"","countySlugs":["lynn"],"bookletPage":"19","bookletPdfPage":48,"bookletUrl":"https://tpwd.texas.gov/publications/pwdpubs/media/pwd_bk_w7000_0112a.pdf#page=48","lon":-102.05836,"lat":33.1703},"geometry":{"type":"Polygon","coordinates":[[[-102.04982,33.17383],[-102.06694,33.1738],[-102.06693,33.16679],[-102.04979,33.1668],[-102.04982,33.17383]]]}},{"type":"Feature","id":"615","properties":{"id":"615","unitIds":["615"],"name":"North Toledo Bend WMA","counties":["Shelby"],"region":"Pineywoods","acres":2675.0,"type":"wma","pdfUrl":"https://tpwd.texas.gov/huntwild/hunt/public/annual_public_hunting/resources/615.pdf","aerialPdfUrl":"https://tpwd.texas.gov/huntwild/hunt/public/annual_public_hunting/resources/NorthToledoBend_615.pdf","registration":"osr","legalGameTags":["Deer - Archery","Feral Hog","Exotic Mammals","Dove","Teal","Waterfowl","Other Migratory Birds","Squirrel","Rabbit","Coyotes","Furbearers/Predators","Fishing","Youth/Adult Squirrel","Youth Waterfowl","Veteran Waterfowl"],"legalGameText":"• 2026-2027 \n OSR Required Each Day. White-tailed Deer: Bag limit - 1 buck and 2 antlerless. LEGAL BUCK must have at least one \n unbranched antler or an inside spread of at least 13 inches. Archery Only Season: Oct. 3-Nov. 29 (either sex), Nov. 30-Jan. 3 (Buck ONLY). Feral Hog and Exotic Mammals: (no bag limit.) No closed season. Shotguns with \n buckshot, and Archery Equipment are the only legal means allowed. Waterfowl: Shooting hours - one half hour before sunrise to noon. Hunting allowed only on \n Wed., Sat., and Sun. Of Early Teal, North Zone Duck, Falconry and Eastern Zone Goose seasons. Snipe: one half hour before sunrise to noon. Hunting allowed only on Wed., Sat., and Sun. of \n the Statewide Season. Rail, and Gallinule: One half hour before sunrise to noon. Hunting allowed only on Wed., \n Sat., and Sun. of the Statewide and Falconry Seasons. Woodcock: Each day of Statewide and Falconry Seasons. Dove: Each day of the Central Zone and Falconry Season. Fishing Bullfrogs: daily limit of 25. Crayfish Furbearers and Predators: Year-round. Shotgun, muzzleloader and archery only Squirrel: Each day of East Texas Squirrel season. Shotgun, air guns, and rimfire only. Rabbits & Hares: Year-round. Shotgun, air guns, and rimfire only. Trapping: Sept. 1-Aug. 31, furbearers and predators only.","species":["coyote","dove","exotic_mammals","feral_hog","furbearers","other_migratory","rabbit","squirrel","teal","waterfowl","white_tailed_deer"],"methods":["any_legal","archery","shotgun"],"access":["aph_walk_in","youth","youth_adult"],"complexes":[],"hasEpostcard":false,"hasRegularPermit":false,"epostcardUrl":"","countySlugs":["shelby"],"bookletPage":"83","bookletPdfPage":112,"bookletUrl":"https://tpwd.texas.gov/publications/pwdpubs/media/pwd_bk_w7000_0112a.pdf#page=112","lon":-93.95144,"lat":31.90358},"geometry":{"type":"Polygon","coordinates":[[[-93.9367,31.88833],[-93.92782,31.89759],[-93.92535,31.9024],[-93.92177,31.90391],[-93.92823,31.91212],[-93.93581,31.90919],[-93.95352,31.91056],[-93.95585,31.91311],[-93.95573,31.91603],[-93.95903,31.92249],[-93.9622,31.92422],[-93.96897,31.91999],[-93.96935,31.91775],[-93.9651,31.91608],[-93.96909,31.91054],[-93.97445,31.9097],[-93.97892,31.9064],[-93.97018,31.89525],[-93.96162,31.89378],[-93.95521,31.89039],[-93.94159,31.89179],[-93.9367,31.88833]]]}},{"type":"Feature","id":"728","properties":{"id":"728","unitIds":["728"],"name":"Old River - Lower Neches WMA","counties":["Orange"],"region":"Houston/Beaumont","acres":4386.0,"type":"wma","pdfUrl":"https://tpwd.texas.gov/huntwild/hunt/public/annual_public_hunting/resources/728.pdf","aerialPdfUrl":"https://tpwd.texas.gov/huntwild/hunt/public/annual_public_hunting/resources/LowerNechesOldRiver_728.pdf","registration":"osr","legalGameTags":["Teal","Waterfowl","Other Migratory Birds","Rabbit","Fishing","Youth Waterfowl","Veteran Waterfowl"],"legalGameText":"• 2026-2027 \n OSR Required Each Day Waterfowl: Hunts begin at 4:30 AM and end at noon the same day. \n Early Teal: Each day of the Early Teal Season. South Zone Duck: Each day of the South Zone Duck Season as established for Orange \n County. East of Hwy. 87/73.: Only on Wed., Fri., and Sun. \n West of Hwy. 87/73: Only on Tues., Thurs., and Sat. Motorized access restricted to \n perimeter waters of Wetland Restoration Area and the Leveed impoundment west of Hwy 87. Geese, Woodcock, Rails, Gallinules, and Snipe: During the established seasons for \n these species only on hunt dates and times designated for waterfowl. Rabbits and Hares: Feb. 1-28 (no bag limit). Hunting from 30 minutes before sunrise to 30 \n minutes after sunset. Fishing: Within the designated hunt area, fishing is allowed Sept. 1-Oct. 31 and Feb.1- Aug. \n 31. Closed Nov. 1-Jan. 31. Fishing is restricted to 30 minutes before sunrise until 30 minutes after sunset. No commercial crabbing or bait fishing allowed on the Area. Bank anglers must possess a valid APH or LPU Permit.","species":["other_migratory","rabbit","teal","waterfowl"],"methods":["any_legal","shotgun"],"access":["aph_walk_in","youth"],"complexes":[],"hasEpostcard":false,"hasRegularPermit":false,"epostcardUrl":"","countySlugs":["orange"],"bookletPage":"119","bookletPdfPage":148,"bookletUrl":"https://tpwd.texas.gov/publications/pwdpubs/media/pwd_bk_w7000_0112a.pdf#page=148","lon":-93.85809,"lat":30.00354},"geometry":{"type":"MultiPolygon","coordinates":[[[[-93.85735,29.99048],[-93.86561,29.9903],[-93.86606,29.99162],[-93.86632,29.99029],[-93.86802,29.99055],[-93.86613,29.99823],[-93.85735,29.99048]]],[[[-93.86855,29.99812],[-93.86932,29.99502],[-93.88866,29.99735],[-93.89011,29.98564],[-93.89822,29.98636],[-93.89968,29.9886],[-93.90004,30.00503],[-93.88522,30.01589],[-93.87617,30.01595],[-93.87566,30.00365],[-93.86855,29.99812]]],[[[-93.85069,29.98982],[-93.85528,29.99008],[-93.86576,29.99929],[-93.86505,30.00115],[-93.86705,30.00043],[-93.87227,30.00588],[-93.8392,30.00598],[-93.82763,30.00796],[-93.83921,30.00716],[-93.8356,30.00867],[-93.83522,30.01073],[-93.83246,30.01072],[-93.82769,30.0158],[-93.82767,30.01386],[-93.82534,30.01461],[-93.82209,30.02107],[-93.82651,30.02417],[-93.81996,30.02249],[-93.82134,30.01875],[-93.81191,30.0147],[-93.80814,30.02064],[-93.80479,30.02117],[-93.83683,29.98651],[-93.83621,29.98279],[-93.85069,29.98982]],[[-93.84104,29.98698],[-93.84571,29.98799],[-93.84616,29.98934],[-93.84872,29.98927],[-93.84749,29.99097],[-93.84898,29.99083],[-93.84769,29.99866],[-93.84935,29.98955],[-93.84877,29.98916],[-93.84782,29.98907],[-93.84597,29.98794],[-93.84359,29.98704],[-93.84117,29.98689],[-93.83987,29.98496],[-93.84104,29.98698]]],[[[-93.85512,30.02151],[-93.85735,30.0215],[-93.85709,30.00638],[-93.8662,30.00633],[-93.86635,30.02868],[-93.85797,30.02944],[-93.8574,30.02466],[-93.85523,30.02406],[-93.85512,30.02151]]]]}},{"type":"Feature","id":"732","properties":{"id":"732","unitIds":["732"],"name":"Old Sabine Bottom WMA","counties":["Smith"],"region":"Pineywoods","acres":5849.0,"type":"wma","pdfUrl":"https://tpwd.texas.gov/huntwild/hunt/public/annual_public_hunting/resources/732.pdf","aerialPdfUrl":"https://tpwd.texas.gov/huntwild/hunt/public/annual_public_hunting/resources/OldSabineBottom_732.pdf","registration":"osr","legalGameTags":["Deer - Archery","Feral Hog","Teal","Waterfowl","Other Migratory Birds","Squirrel","Rabbit","Coyotes","Furbearers/Predators","Fishing","Youth Waterfowl","Youth Squirrel","Veteran Waterfowl"],"legalGameText":"• 2026-2027 \n OSR Required Each Day Archery Only White-tailed Deer Season: Oct. 3-Jan. 3 EXCEPT when","species":["coyote","feral_hog","furbearers","other_migratory","rabbit","squirrel","teal","waterfowl","white_tailed_deer"],"methods":["any_legal","archery","shotgun"],"access":["aph_walk_in","youth"],"complexes":[],"hasEpostcard":false,"hasRegularPermit":false,"epostcardUrl":"","countySlugs":["smith"],"bookletPage":"84","bookletPdfPage":113,"bookletUrl":"https://tpwd.texas.gov/publications/pwdpubs/media/pwd_bk_w7000_0112a.pdf#page=113","lon":-95.33912,"lat":32.59004},"geometry":{"type":"MultiPolygon","coordinates":[[[[-95.34395,32.6053],[-95.34433,32.60386],[-95.34123,32.60401],[-95.34124,32.6058],[-95.3397,32.60583],[-95.33886,32.60304],[-95.33695,32.6039],[-95.33776,32.60556],[-95.33516,32.60382],[-95.3312,32.6057],[-95.32687,32.59992],[-95.32527,32.6015],[-95.3188,32.5955],[-95.31466,32.59617],[-95.3133,32.59347],[-95.31029,32.59337],[-95.31036,32.5953],[-95.30719,32.59684],[-95.30534,32.59496],[-95.30604,32.59222],[-95.30326,32.59246],[-95.30222,32.59039],[-95.29807,32.59174],[-95.29715,32.59043],[-95.29969,32.58956],[-95.2964,32.58936],[-95.29701,32.58702],[-95.29407,32.58657],[-95.29504,32.58495],[-95.28974,32.5853],[-95.29046,32.58093],[-95.28144,32.58022],[-95.27798,32.57157],[-95.27723,32.57324],[-95.27447,32.57272],[-95.274,32.57395],[-95.26574,32.57255],[-95.26393,32.5753],[-95.25838,32.57588],[-95.25835,32.56072],[-95.26135,32.56073],[-95.26143,32.5654],[-95.26624,32.56541],[-95.26615,32.57007],[-95.2952,32.56996],[-95.29522,32.56776],[-95.30175,32.56772],[-95.30165,32.5801],[-95.3165,32.58018],[-95.31641,32.57567],[-95.32038,32.57569],[-95.32043,32.58323],[-95.35353,32.58317],[-95.35374,32.5755],[-95.35394,32.58201],[-95.3605,32.58584],[-95.36975,32.58649],[-95.36975,32.58873],[-95.38003,32.58882],[-95.38006,32.58719],[-95.38274,32.58702],[-95.38928,32.58857],[-95.39162,32.58666],[-95.39421,32.58929],[-95.39157,32.60129],[-95.38944,32.59886],[-95.38409,32.60222],[-95.38191,32.60188],[-95.38189,32.59852],[-95.37826,32.5993],[-95.37542,32.59741],[-95.37476,32.60304],[-95.3721,32.60293],[-95.37008,32.60495],[-95.36383,32.6034],[-95.36179,32.60679],[-95.35827,32.60805],[-95.35166,32.60509],[-95.35067,32.60763],[-95.34717,32.60523],[-95.34775,32.60748],[-95.34592,32.60928],[-95.34512,32.60519],[-95.34395,32.6053]]],[[[-95.40426,32.60669],[-95.40556,32.60366],[-95.40165,32.60335],[-95.40218,32.60626],[-95.39948,32.60639],[-95.39591,32.60446],[-95.39678,32.60178],[-95.39216,32.60133],[-95.39466,32.58947],[-95.39635,32.59069],[-95.39976,32.58969],[-95.39789,32.59163],[-95.41562,32.60136],[-95.41497,32.60643],[-95.41312,32.60709],[-95.41057,32.60445],[-95.40426,32.60669]]]]}},{"type":"Feature","id":"705","properties":{"id":"705","unitIds":["705"],"name":"Pat Mayse WMA","counties":["Lamar"],"region":"Dallas/Ft. Worth","acres":9005.0,"type":"wma","pdfUrl":"https://tpwd.texas.gov/huntwild/hunt/public/annual_public_hunting/resources/705.pdf","aerialPdfUrl":"https://tpwd.texas.gov/huntwild/hunt/public/annual_public_hunting/resources/PatMayse_705.pdf","registration":"osr","legalGameTags":["Deer - Archery","Feral Hog","Dove","Teal","Waterfowl","Other Migratory Birds","Quail","Squirrel","Rabbit","Furbearers","Fishing","Youth Feral Hog","Youth Squirrel","E-Postcard Turkey"],"legalGameText":"• 2026-2027 \n OSR Required Each Day Archery Only White-tailed Deer Season: Oct. 3-Jan. 3, except dates","species":["dove","feral_hog","furbearers","other_migratory","quail","rabbit","squirrel","teal","turkey","waterfowl","white_tailed_deer"],"methods":["any_legal","archery","shotgun"],"access":["aph_walk_in","e_postcard","youth"],"complexes":[],"hasEpostcard":true,"hasRegularPermit":false,"epostcardUrl":"https://tpwd.texas.gov/huntwild/hunt/public/public_hunt_drawing/hunt-area-details.phtml?OArea=PM","countySlugs":["lamar"],"bookletPage":"64","bookletPdfPage":93,"bookletUrl":"https://tpwd.texas.gov/publications/pwdpubs/media/pwd_bk_w7000_0112a.pdf#page=93","lon":-95.67036,"lat":33.81103},"geometry":{"type":"Polygon","coordinates":[[[-95.6384,33.84335],[-95.64112,33.84511],[-95.64232,33.84447],[-95.6411,33.84326],[-95.6465,33.84324],[-95.6472,33.84196],[-95.65049,33.84173],[-95.64994,33.84323],[-95.66615,33.84322],[-95.66612,33.83979],[-95.68039,33.83973],[-95.68033,33.83759],[-95.68856,33.83747],[-95.68848,33.83197],[-95.69596,33.83199],[-95.69435,33.82162],[-95.6987,33.8215],[-95.6986,33.81608],[-95.70808,33.81606],[-95.70809,33.81295],[-95.71397,33.81286],[-95.71391,33.80911],[-95.71132,33.8086],[-95.71042,33.80171],[-95.70571,33.80167],[-95.70573,33.79369],[-95.7026,33.78448],[-95.7044,33.77946],[-95.69703,33.7794],[-95.69711,33.77296],[-95.69583,33.77294],[-95.6957,33.77717],[-95.69033,33.77705],[-95.69017,33.77292],[-95.68559,33.77298],[-95.68567,33.77932],[-95.69574,33.78079],[-95.69561,33.78653],[-95.68114,33.78651],[-95.68107,33.78435],[-95.66513,33.78537],[-95.66527,33.78864],[-95.66697,33.7887],[-95.66402,33.79044],[-95.65509,33.78889],[-95.65612,33.79558],[-95.65167,33.79239],[-95.65155,33.78798],[-95.64113,33.78843],[-95.64189,33.78453],[-95.63924,33.78453],[-95.63921,33.78676],[-95.62746,33.78548],[-95.6275,33.79063],[-95.64418,33.7908],[-95.64412,33.79361],[-95.62757,33.79288],[-95.62749,33.79896],[-95.63467,33.79903],[-95.6347,33.80536],[-95.64481,33.80539],[-95.64575,33.8116],[-95.64234,33.81162],[-95.6422,33.81659],[-95.63906,33.81663],[-95.6384,33.84335]]]}},{"type":"Feature","id":"706","properties":{"id":"706","unitIds":["706"],"name":"Pat Murphy Unit - Gene Howe WMA","counties":["Lipscomb"],"region":"Panhandle","acres":889.0,"type":"wma","pdfUrl":"https://tpwd.texas.gov/huntwild/hunt/public/annual_public_hunting/resources/706.pdf","aerialPdfUrl":"https://tpwd.texas.gov/huntwild/hunt/public/annual_public_hunting/resources/GeneHowePatMurphy_706.pdf","registration":"osr","legalGameTags":["Dove","Quail","Rabbit","Fishing"],"legalGameText":"• 2026-2027 \n OSR Required Each Day Dove: Each day of North Zone Dove Season except on dates when","species":["dove","quail","rabbit"],"methods":["any_legal","shotgun"],"access":["aph_walk_in"],"complexes":[],"hasEpostcard":false,"hasRegularPermit":false,"epostcardUrl":"","countySlugs":["lipscomb"],"bookletPage":"15","bookletPdfPage":44,"bookletUrl":"https://tpwd.texas.gov/publications/pwdpubs/media/pwd_bk_w7000_0112a.pdf#page=44","lon":-100.26092,"lat":36.18139},"geometry":{"type":"Polygon","coordinates":[[[-100.27602,36.17279],[-100.26263,36.17254],[-100.26256,36.17962],[-100.24004,36.17957],[-100.24001,36.18685],[-100.2758,36.18696],[-100.27602,36.17279]]]}},{"type":"Feature","id":"2579","properties":{"id":"2579","unitIds":["2579"],"name":"Pat's Place - Canadian River Complex 1","counties":["Carson"],"region":"Panhandle","acres":350.0,"type":"dove_lease","pdfUrl":"https://tpwd.texas.gov/huntwild/hunt/public/annual_public_hunting/resources/CanadianRiverComplex1.pdf","aerialPdfUrl":"https://tpwd.texas.gov/huntwild/hunt/public/annual_public_hunting/resources/CanadianRiverComplex1_PatsPlace_2579.pdf","registration":"osr","legalGameTags":["Dove","Teal","Waterfowl","Cranes","Pheasant","Rabbit","Coyotes","Youth Waterfowl","Veteran Waterfowl"],"legalGameText":"• 2026-2027 \n OSR Required Each Day Dove: Each day of the North Zone Dove season (Mourning, White-winged, and \n Eurasian Collared) except on dates the","species":["coyote","dove","pheasant","rabbit","sandhill_crane","teal","waterfowl"],"methods":["any_legal","shotgun"],"access":["aph_walk_in","youth"],"complexes":[],"hasEpostcard":false,"hasRegularPermit":false,"epostcardUrl":"","countySlugs":["carson"],"bookletPage":"22","bookletPdfPage":51,"bookletUrl":"https://tpwd.texas.gov/publications/pwdpubs/media/pwd_bk_w7000_0112a.pdf#page=51","lon":-101.19565,"lat":35.25073},"geometry":{"type":"Polygon","coordinates":[[[-101.18676,35.24894],[-101.18671,35.25474],[-101.20424,35.25459],[-101.20434,35.24662],[-101.18894,35.24674],[-101.18676,35.24894]]]}},{"type":"Feature","id":"2584","properties":{"id":"2584","unitIds":["2584"],"name":"Porter - Canadian River Complex 4","counties":["Hansford","Ochiltree"],"region":"Panhandle","acres":965.0,"type":"dove_lease","pdfUrl":"https://tpwd.texas.gov/huntwild/hunt/public/annual_public_hunting/resources/CanadianRiverComplex4.pdf","aerialPdfUrl":"https://tpwd.texas.gov/huntwild/hunt/public/annual_public_hunting/resources/CanadianRiverComplex4_Porter_2584.pdf","registration":"osr","legalGameTags":["Dove","Teal","Waterfowl","Cranes","Pheasant","Rabbit","Coyotes","Youth Waterfowl","Veteran Waterfowl"],"legalGameText":"• 2026-2027 \n OSR Required Each Day Dove: Each day of the North Zone Dove season (Mourning, White-winged, and Eurasian \n Collared) except on dates the","species":["coyote","dove","pheasant","rabbit","sandhill_crane","teal","waterfowl"],"methods":["any_legal","shotgun"],"access":["aph_walk_in","youth"],"complexes":[],"hasEpostcard":false,"hasRegularPermit":false,"epostcardUrl":"","countySlugs":["hansford","ochiltree"],"bookletPage":"25","bookletPdfPage":54,"bookletUrl":"https://tpwd.texas.gov/publications/pwdpubs/media/pwd_bk_w7000_0112a.pdf#page=54","lon":-101.08765,"lat":36.16289},"geometry":{"type":"Polygon","coordinates":[[[-101.10103,36.15559],[-101.07412,36.15575],[-101.07433,36.17026],[-101.10122,36.16996],[-101.10103,36.15559]]]}},{"type":"Feature","id":"2473","properties":{"id":"2473","unitIds":["2473"],"name":"Pride Cemetery","counties":["Terry","Lynn"],"region":"Panhandle","acres":320.0,"type":"dove_lease","pdfUrl":"https://tpwd.texas.gov/huntwild/hunt/public/annual_public_hunting/resources/2473.pdf","aerialPdfUrl":"https://tpwd.texas.gov/huntwild/hunt/public/annual_public_hunting/resources/PrideCemetery_2473.pdf","registration":"osr","legalGameTags":["Dove","Quail"],"legalGameText":"• 2026-2027 \n OSR Required Each Day Dove: Each day of the North Zone Dove season \n (Mourning, White-winged, Eurasian Collared, and Feral Pigeon). Quail: Each day of Quail season. \n .","species":["dove","quail"],"methods":["any_legal","shotgun"],"access":["aph_walk_in"],"complexes":[],"hasEpostcard":false,"hasRegularPermit":false,"epostcardUrl":"","countySlugs":["terry","lynn"],"bookletPage":"20","bookletPdfPage":49,"bookletUrl":"https://tpwd.texas.gov/publications/pwdpubs/media/pwd_bk_w7000_0112a.pdf#page=49","lon":-102.07168,"lat":32.97139},"geometry":{"type":"Polygon","coordinates":[[[-102.07596,32.96418],[-102.06743,32.96417],[-102.0674,32.97858],[-102.07593,32.97864],[-102.07596,32.96418]]]}},{"type":"Feature","id":"2566","properties":{"id":"2566","unitIds":["2566"],"name":"Ramsey Place","counties":["Lubbock"],"region":"Panhandle","acres":320.0,"type":"dove_lease","pdfUrl":"https://tpwd.texas.gov/huntwild/hunt/public/annual_public_hunting/resources/2566.pdf","aerialPdfUrl":"https://tpwd.texas.gov/huntwild/hunt/public/annual_public_hunting/resources/RamseyPlace_2566.pdf","registration":"osr","legalGameTags":["Dove","Quail","Pheasant","Rabbit"],"legalGameText":"• 2026-2027 \n OSR Required Each Day Dove: Each day of the of the North Zone Dove season (Mourning, \n White-winged, Eurasian Collared, and Feral Pigeon). Quail: Each day of Quail season for Lubbock County. Pheasant: Each day of Pheasant season for Lubbock County. Rabbits: Concurrent with quail season. \n N \n E W \n S \n Public Hunting Area \n County \n Ramsey Place \n Unit #2566 \n 320 acres \n Lubbock \n CR 1 93 0 \n 9 2 CR 32 \n 9 3 CR 32 \n 179 \n To IH 27 \n To Abernathy \n Shallowwater \n Roundup \n 597 \n 1294 \n 2528 \n 1729 \n 2378 1264 \n 1264 \n 2130 \n 2528 \n 179 \n 388 \n 84 \n Lamb County \n Hockley County \n Countyline \n Caldwell \n Hale County \n Lubbock County","species":["dove","pheasant","quail","rabbit"],"methods":["any_legal","shotgun"],"access":["aph_walk_in"],"complexes":[],"hasEpostcard":false,"hasRegularPermit":false,"epostcardUrl":"","countySlugs":["lubbock"],"bookletPage":"16","bookletPdfPage":45,"bookletUrl":"https://tpwd.texas.gov/publications/pwdpubs/media/pwd_bk_w7000_0112a.pdf#page=45","lon":-102.01386,"lat":33.78806},"geometry":{"type":"Polygon","coordinates":[[[-102.01827,33.78083],[-102.00955,33.78087],[-102.00951,33.7953],[-102.0181,33.79533],[-102.01827,33.78083]]]}},{"type":"Feature","id":"2363","properties":{"id":"2363","unitIds":["2363"],"name":"Rattan Community","counties":["Delta"],"region":"Dallas/Ft. Worth","acres":1753.0,"type":"dove_lease","pdfUrl":"https://tpwd.texas.gov/huntwild/hunt/public/annual_public_hunting/resources/2363.pdf","aerialPdfUrl":"https://tpwd.texas.gov/huntwild/hunt/public/annual_public_hunting/resources/RattanCommunity_2363.pdf","registration":"osr","legalGameTags":["Dove"],"legalGameText":"• 2026-2027 \n OSR Required Each Day Dove: Each day of the first split of the North Zone Dove \n season with hunting to end on Oct. 31 (Mourning, White- winged, and Eurasian Collared).","species":["dove"],"methods":["shotgun"],"access":["aph_walk_in"],"complexes":[],"hasEpostcard":false,"hasRegularPermit":false,"epostcardUrl":"","countySlugs":["delta"],"bookletPage":"52","bookletPdfPage":81,"bookletUrl":"https://tpwd.texas.gov/publications/pwdpubs/media/pwd_bk_w7000_0112a.pdf#page=81","lon":-95.79703,"lat":33.42905},"geometry":{"type":"Polygon","coordinates":[[[-95.81554,33.40983],[-95.80126,33.4097],[-95.80125,33.41178],[-95.79928,33.41179],[-95.79926,33.41583],[-95.78226,33.41565],[-95.78215,33.4228],[-95.79404,33.42277],[-95.79411,33.43123],[-95.78177,33.43127],[-95.78145,33.43827],[-95.7855,33.43888],[-95.78559,33.44603],[-95.78357,33.4461],[-95.7848,33.45413],[-95.78893,33.45421],[-95.78906,33.44866],[-95.79582,33.44887],[-95.79595,33.44428],[-95.80506,33.44438],[-95.80513,33.44079],[-95.79392,33.4406],[-95.79389,33.43685],[-95.80155,33.43675],[-95.80221,33.43012],[-95.81603,33.43137],[-95.81539,33.42408],[-95.81033,33.42403],[-95.81034,33.41648],[-95.80831,33.41649],[-95.80837,33.41173],[-95.8155,33.41182],[-95.81554,33.40983]]]}},{"type":"Feature","id":"501","properties":{"id":"501","unitIds":["501"],"name":"Ray Roberts PHL","counties":["Cooke","Denton","Grayson"],"region":"Dallas/Ft. Worth","acres":null,"type":"phl","pdfUrl":"https://tpwd.texas.gov/huntwild/hunt/public/annual_public_hunting/resources/501EandW.pdf","aerialPdfUrl":"https://tpwd.texas.gov/huntwild/hunt/public/annual_public_hunting/resources/RayRoberts_501.pdf","registration":"osr","legalGameTags":["Feral Hog","Dove","Teal","Waterfowl","Other Migratory Birds","Quail","Squirrel","Rabbit","Fishing","Youth Waterfowl","Veteran Waterfowl"],"legalGameText":"• 2026-2027 \n OSR Voluntary On This Unit Dove: Each day of North Zone Dove Season. Quail: Each day of the Quail season. Archery Only Feral Hogs: Jan. 18-Aug. 31. Waterfowl: Shooting hours end at noon. \n Hunting is allowed each day of the Early Teal, North Zone Duck, and \n Eastern Zone Goose seasons for Cooke, Denton, and Grayson Counties (including any special conservation season). Squirrels, Rabbits, Hares, and Frogs: No closed season. Woodcock: Corresponds to statewide seasons for these species. Snipe and Gallinules: Corresponds to statewide seasons for these species. Fishing: No APH or LPU permit is required to fish.","species":["dove","feral_hog","other_migratory","quail","rabbit","squirrel","teal","waterfowl"],"methods":["any_legal","shotgun"],"access":["aph_walk_in","youth"],"complexes":[],"hasEpostcard":false,"hasRegularPermit":false,"epostcardUrl":"","countySlugs":["cooke","denton","grayson"],"bookletPage":"50–51","bookletPdfPage":79,"bookletUrl":"https://tpwd.texas.gov/publications/pwdpubs/media/pwd_bk_w7000_0112a.pdf#page=79","lon":-97.02408,"lat":33.42919},"geometry":{"type":"Polygon","coordinates":[[[-97.09953,33.3533],[-97.0995,33.34991],[-97.09572,33.34601],[-97.09573,33.34319],[-97.09254,33.34574],[-97.09577,33.34889],[-97.0958,33.35291],[-97.08146,33.34782],[-97.0514,33.35024],[-97.05139,33.34748],[-97.04852,33.34761],[-97.04849,33.34881],[-97.04482,33.34668],[-97.03331,33.34814],[-97.03195,33.34498],[-97.0308,33.34538],[-97.03229,33.3503],[-97.03019,33.3503],[-97.02993,33.3569],[-97.02472,33.36113],[-97.00853,33.36077],[-97.00863,33.36976],[-97.00617,33.3697],[-97.00588,33.38239],[-97.00124,33.38204],[-97.00155,33.384],[-96.99939,33.38387],[-96.99919,33.38116],[-96.99562,33.37986],[-96.99386,33.37725],[-96.98882,33.37724],[-96.98806,33.3818],[-96.99021,33.3813],[-96.992,33.38335],[-96.98332,33.38513],[-96.98307,33.39323],[-96.99227,33.39626],[-96.9943,33.40341],[-96.99937,33.40525],[-96.99931,33.40656],[-96.99361,33.4078],[-96.98696,33.40682],[-96.983,33.40835],[-96.98288,33.41146],[-96.9737,33.42232],[-96.97852,33.42896],[-96.97764,33.43095],[-96.97343,33.4291],[-96.97156,33.42526],[-96.96675,33.42318],[-96.96791,33.41987],[-96.9658,33.41841],[-96.96949,33.41453],[-96.96802,33.41454],[-96.96848,33.41203],[-96.9671,33.41093],[-96.96483,33.41405],[-96.96254,33.40949],[-96.95647,33.42097],[-96.9589,33.42188],[-96.95613,33.42341],[-96.95762,33.42491],[-96.96175,33.42396],[-96.96259,33.42628],[-96.96141,33.42796],[-96.95586,33.42897],[-96.95598,33.42669],[-96.95462,33.42697],[-96.94731,33.43221],[-96.94777,33.434],[-96.94305,33.43379],[-96.94207,33.43555],[-96.94101,33.43417],[-96.93852,33.43484],[-96.93809,33.42862],[-96.93587,33.42951],[-96.93594,33.43379],[-96.93123,33.43233],[-96.93098,33.43537],[-96.93261,33.43539],[-96.93443,33.43952],[-96.94037,33.44215],[-96.93808,33.44186],[-96.93815,33.44368],[-96.93469,33.44449],[-96.93487,33.44713],[-96.93113,33.44722],[-96.9295,33.44341],[-96.92402,33.44321],[-96.92337,33.44097],[-96.91391,33.44412],[-96.91429,33.44148],[-96.91109,33.44162],[-96.91252,33.43729],[-96.91101,33.43603],[-96.91012,33.43842],[-96.90845,33.43663],[-96.90623,33.43906],[-96.90799,33.44389],[-96.90492,33.44193],[-96.90512,33.44673],[-96.90365,33.44523],[-96.90222,33.44658],[-96.903,33.44388],[-96.90129,33.43961],[-96.89741,33.43695],[-96.8959,33.43774],[-96.89867,33.44329],[-96.89217,33.43748],[-96.89043,33.44109],[-96.88851,33.43923],[-96.88181,33.43825],[-96.88352,33.44192],[-96.88083,33.44056],[-96.87682,33.44147],[-96.87265,33.43736],[-96.87168,33.44095],[-96.86672,33.44107],[-96.85555,33.44591],[-96.85409,33.4497],[-96.85675,33.45129],[-96.86192,33.45023],[-96.86393,33.44753],[-96.8727,33.44593],[-96.87237,33.44756],[-96.878,33.44638],[-96.87941,33.44678],[-96.87856,33.44795],[-96.8869,33.44822],[-96.8941,33.45065],[-96.89544,33.45311],[-96.88569,33.45999],[-96.88762,33.46076],[-96.88472,33.46375],[-96.88098,33.46377],[-96.88471,33.46578],[-96.88623,33.46449],[-96.88823,33.46532],[-96.88762,33.46408],[-96.89105,33.46247],[-96.89008,33.46118],[-96.89384,33.45797],[-96.89956,33.45617],[-96.90201,33.4592],[-96.90149,33.46222],[-96.90311,33.46434],[-96.90269,33.45327],[-96.90375,33.45508],[-96.90564,33.45519],[-96.90623,33.45373],[-96.90712,33.45516],[-96.91076,33.45537],[-96.91153,33.45268],[-96.91426,33.45178],[-96.91434,33.45554],[-96.91701,33.45559],[-96.91699,33.45452],[-96.91976,33.45561],[-96.92094,33.45384],[-96.92434,33.45487],[-96.92081,33.45705],[-96.91987,33.46018],[-96.92222,33.46145],[-96.92395,33.45995],[-96.92372,33.46496],[-96.92687,33.46509],[-96.92788,33.46091],[-96.9302,33.46054],[-96.9353,33.46184],[-96.93713,33.46639],[-96.93921,33.46514],[-96.93964,33.4684],[-96.93403,33.47065],[-96.93318,33.4786],[-96.93585,33.47859],[-96.93632,33.4764],[-96.93625,33.47855],[-96.94022,33.48262],[-96.93796,33.48243],[-96.93835,33.48461],[-96.93487,33.48541],[-96.92982,33.48471],[-96.92983,33.48273],[-96.92871,33.48297],[-96.92486,33.48933],[-96.92322,33.48951],[-96.92235,33.48633],[-96.9187,33.49126],[-96.92063,33.49186],[-96.91942,33.49261],[-96.92085,33.49425],[-96.92298,33.49215],[-96.9228,33.49357],[-96.92436,33.49308],[-96.92419,33.49854],[-96.92221,33.49661],[-96.91923,33.49763],[-96.91686,33.50198],[-96.91453,33.49939],[-96.91519,33.49609],[-96.91373,33.49477],[-96.91145,33.49926],[-96.90116,33.50285],[-96.89607,33.49584],[-96.89351,33.49664],[-96.89688,33.50326],[-96.8935,33.50555],[-96.89066,33.50203],[-96.88871,33.50386],[-96.88691,33.50014],[-96.88088,33.49954],[-96.88132,33.49324],[-96.87593,33.49293],[-96.87564,33.49796],[-96.87233,33.49789],[-96.87219,33.50089],[-96.86938,33.49984],[-96.86392,33.50176],[-96.85268,33.50007],[-96.85087,33.50105],[-96.85049,33.50632],[-96.85166,33.50513],[-96.85502,33.50571],[-96.85358,33.50758],[-96.8545,33.50814],[-96.8613,33.50816],[-96.86959,33.51069],[-96.87656,33.50973],[-96.87618,33.51611],[-96.87418,33.51606],[-96.87259,33.5187],[-96.87419,33.52076],[-96.87799,33.51626],[-96.88475,33.5156],[-96.88497,33.51242],[-96.88782,33.51302],[-96.8886,33.51027],[-96.892,33.51245],[-96.89835,33.51053],[-96.90033,33.51163],[-96.90643,33.50766],[-96.90629,33.51173],[-96.89799,33.51708],[-96.90556,33.51657],[-96.90728,33.51557],[-96.90745,33.51315],[-96.91048,33.51312],[-96.91173,33.51073],[-96.91393,33.51311],[-96.91477,33.51154],[-96.91599,33.51253],[-96.91608,33.51861],[-96.91791,33.51838],[-96.91918,33.52034],[-96.91867,33.52442],[-96.91734,33.52323],[-96.91625,33.52494],[-96.92073,33.52936],[-96.92367,33.52869],[-96.9236,33.52996],[-96.9256,33.53007],[-96.92825,33.53438],[-96.92682,33.53663],[-96.92774,33.54214],[-96.93129,33.54516],[-96.93042,33.54655],[-96.93261,33.54658],[-96.93218,33.54128],[-96.93862,33.54133],[-96.93767,33.53591],[-96.94123,33.53607],[-96.94129,33.53489],[-96.93975,33.53156],[-96.9343,33.53042],[-96.93207,33.53164],[-96.92941,33.52802],[-96.93014,33.52636],[-96.92312,33.52418],[-96.92526,33.51661],[-96.92347,33.51709],[-96.92175,33.51306],[-96.92292,33.51073],[-96.92714,33.51132],[-96.92706,33.50875],[-96.9297,33.508],[-96.92735,33.50636],[-96.93316,33.50715],[-96.9325,33.50509],[-96.92983,33.50432],[-96.93208,33.50316],[-96.93484,33.49696],[-96.93841,33.4963],[-96.93968,33.49947],[-96.94146,33.49873],[-96.94213,33.50646],[-96.9443,33.50654],[-96.94714,33.50073],[-96.94551,33.4974],[-96.95342,33.4963],[-96.9532,33.4919],[-96.95489,33.49106],[-96.9516,33.48815],[-96.9557,33.48375],[-96.95447,33.48147],[-96.95638,33.48191],[-96.95584,33.48034],[-96.95752,33.47935],[-96.95505,33.47818],[-96.95494,33.4745],[-96.9568,33.47159],[-96.95437,33.47212],[-96.95407,33.47048],[-96.95946,33.4677],[-96.95676,33.46637],[-96.96006,33.46447],[-96.9581,33.45684],[-96.95987,33.45351],[-96.96236,33.45544],[-96.96216,33.45349],[-96.96431,33.45153],[-96.96698,33.45211],[-96.96799,33.45399],[-96.96679,33.4567],[-96.96802,33.46023],[-96.97398,33.45987],[-96.97256,33.46323],[-96.97616,33.46389],[-96.97505,33.4646],[-96.97667,33.46658],[-96.97604,33.46853],[-96.97236,33.46807],[-96.9678,33.47041],[-96.96823,33.47232],[-96.97251,33.47071],[-96.97508,33.47871],[-96.9726,33.4788],[-96.97097,33.47705],[-96.97096,33.47971],[-96.96813,33.4789],[-96.96786,33.48074],[-96.97008,33.48299],[-96.97666,33.4829],[-96.97568,33.48873],[-96.98155,33.48414],[-96.98255,33.48627],[-96.98087,33.49367],[-96.98387,33.49369],[-96.98047,33.49592],[-96.98193,33.49802],[-96.98134,33.50424],[-96.98452,33.50596],[-96.9836,33.50012],[-96.98472,33.49749],[-96.98988,33.49604],[-96.98881,33.50119],[-96.99158,33.50148],[-96.99158,33.50858],[-96.99676,33.50857],[-96.99774,33.51083],[-97.00277,33.5115],[-97.0029,33.51388],[-97.00649,33.51542],[-97.0085,33.51903],[-97.01397,33.51888],[-97.01393,33.5167],[-97.01205,33.51809],[-97.01064,33.51733],[-97.01023,33.5134],[-97.00642,33.51209],[-97.0047,33.50792],[-96.99742,33.50591],[-96.9964,33.50368],[-96.99584,33.49871],[-96.99825,33.49975],[-96.99721,33.49797],[-96.99891,33.49645],[-96.99441,33.49298],[-96.99496,33.48851],[-96.99168,33.48994],[-96.98971,33.488],[-96.99631,33.48769],[-96.99568,33.48481],[-96.99054,33.48551],[-96.9905,33.48176],[-96.98669,33.48045],[-96.98618,33.47607],[-96.99052,33.47529],[-96.98923,33.4732],[-96.98455,33.47166],[-96.98464,33.46802],[-96.98727,33.46619],[-96.98557,33.46347],[-96.98323,33.46179],[-96.98098,33.46235],[-96.98239,33.45988],[-96.98591,33.45967],[-96.98658,33.4551],[-96.98386,33.45249],[-96.988,33.45003],[-96.99063,33.45112],[-96.99187,33.44891],[-96.99218,33.45064],[-96.99491,33.45146],[-96.99629,33.44828],[-96.9987,33.44715],[-96.99865,33.4491],[-96.99484,33.45171],[-96.99469,33.4541],[-96.99961,33.45522],[-97.00094,33.45811],[-96.999,33.45928],[-97.00057,33.46226],[-96.99743,33.46376],[-96.99941,33.46371],[-96.99934,33.46606],[-97.00365,33.46604],[-97.0066,33.47256],[-97.00477,33.47345],[-97.00905,33.47457],[-97.00826,33.48488],[-97.01577,33.48496],[-97.01206,33.48407],[-97.01362,33.48243],[-97.01612,33.48401],[-97.01483,33.48153],[-97.01699,33.47953],[-97.01646,33.47438],[-97.01216,33.47143],[-97.01537,33.46997],[-97.01091,33.46895],[-97.00783,33.46512],[-97.01052,33.46151],[-97.01345,33.46073],[-97.01207,33.45378],[-97.00812,33.44873],[-97.01043,33.44525],[-97.00966,33.44409],[-97.01158,33.44294],[-97.01815,33.44876],[-97.02113,33.44271],[-97.01971,33.43911],[-97.02197,33.43841],[-97.02179,33.44179],[-97.0241,33.44447],[-97.02141,33.44709],[-97.02541,33.45415],[-97.02537,33.45916],[-97.02835,33.45922],[-97.0281,33.45657],[-97.03252,33.4541],[-97.032,33.45186],[-97.03361,33.45112],[-97.03189,33.45076],[-97.03254,33.4458],[-97.03621,33.44506],[-97.03824,33.44053],[-97.03987,33.4397],[-97.04836,33.44736],[-97.04848,33.44438],[-97.04587,33.44025],[-97.03227,33.42937],[-97.03854,33.43172],[-97.03873,33.42999],[-97.04151,33.43097],[-97.04406,33.42927],[-97.0437,33.42533],[-97.04492,33.42455],[-97.05517,33.42468],[-97.0549,33.43365],[-97.05884,33.43403],[-97.05889,33.43195],[-97.06289,33.43198],[-97.06458,33.4249],[-97.06518,33.40336],[-97.06024,33.40313],[-97.05827,33.39933],[-97.06046,33.39922],[-97.06068,33.39483],[-97.06582,33.39458],[-97.0657,33.39646],[-97.07174,33.39663],[-97.07193,33.399],[-97.07591,33.39939],[-97.07635,33.39714],[-97.07808,33.39713],[-97.07625,33.40066],[-97.07765,33.40335],[-97.082,33.40553],[-97.082,33.40896],[-97.08554,33.40977],[-97.08361,33.41074],[-97.08438,33.41203],[-97.08315,33.4125],[-97.08519,33.41394],[-97.0828,33.4151],[-97.08205,33.4205],[-97.08654,33.42082],[-97.08809,33.41824],[-97.09413,33.41987],[-97.09152,33.41566],[-97.09262,33.4148],[-97.09409,33.41652],[-97.09559,33.41568],[-97.09713,33.41912],[-97.10074,33.41946],[-97.09942,33.42099],[-97.10213,33.42262],[-97.10293,33.4253],[-97.09874,33.42728],[-97.10221,33.43556],[-97.10118,33.4369],[-97.09565,33.43656],[-97.0953,33.44216],[-97.09801,33.44226],[-97.09864,33.4465],[-97.09478,33.44613],[-97.09515,33.44873],[-97.09322,33.44779],[-97.09289,33.44887],[-97.09414,33.45061],[-97.09857,33.45104],[-97.09977,33.44982],[-97.09983,33.45456],[-97.09911,33.45628],[-97.09362,33.45465],[-97.0919,33.4574],[-97.09503,33.45766],[-97.09862,33.46216],[-97.09665,33.46398],[-97.0924,33.46273],[-97.09356,33.46385],[-97.0922,33.46442],[-97.09608,33.46755],[-97.09695,33.4806],[-97.09,33.48225],[-97.09227,33.49445],[-97.09509,33.49798],[-97.09441,33.5006],[-97.10061,33.50061],[-97.10045,33.50282],[-97.0974,33.50513],[-97.10042,33.50761],[-97.09958,33.50954],[-97.0945,33.5096],[-97.09453,33.51657],[-97.10089,33.51678],[-97.0998,33.52104],[-97.09605,33.52191],[-97.10001,33.527],[-97.09731,33.53014],[-97.09786,33.53587],[-97.09933,33.53824],[-97.1025,33.53806],[-97.10111,33.54181],[-97.10269,33.54377],[-97.106,33.54375],[-97.10611,33.54132],[-97.10439,33.53974],[-97.10521,33.53752],[-97.10112,33.53475],[-97.10027,33.53017],[-97.10362,33.52426],[-97.10657,33.52426],[-97.10433,33.5221],[-97.10433,33.51659],[-97.11178,33.51665],[-97.11187,33.51115],[-97.11427,33.50935],[-97.10851,33.50819],[-97.1078,33.5024],[-97.10267,33.49558],[-97.10388,33.4914],[-97.10277,33.48975],[-97.10835,33.48678],[-97.11261,33.48893],[-97.11272,33.4906],[-97.11572,33.49119],[-97.11564,33.48814],[-97.11217,33.48416],[-97.11374,33.48061],[-97.11543,33.4803],[-97.11355,33.47603],[-97.11363,33.47396],[-97.11518,33.47395],[-97.11451,33.47139],[-97.11564,33.47222],[-97.11458,33.46559],[-97.11504,33.46421],[-97.1176,33.46435],[-97.11817,33.46252],[-97.11681,33.46185],[-97.11892,33.45997],[-97.11902,33.45695],[-97.12937,33.46769],[-97.12741,33.45962],[-97.12604,33.45945],[-97.12518,33.45512],[-97.12154,33.45297],[-97.12103,33.44835],[-97.12528,33.44916],[-97.12363,33.44429],[-97.12686,33.446],[-97.13124,33.4505],[-97.13353,33.45782],[-97.13501,33.45709],[-97.13798,33.45986],[-97.14177,33.45831],[-97.15324,33.46094],[-97.15579,33.4643],[-97.15912,33.46351],[-97.15911,33.45942],[-97.15604,33.4555],[-97.15385,33.45603],[-97.14422,33.45152],[-97.13992,33.45151],[-97.13663,33.44398],[-97.13319,33.44264],[-97.13415,33.44096],[-97.13232,33.44089],[-97.13235,33.43949],[-97.13525,33.43875],[-97.13089,33.4301],[-97.12806,33.43034],[-97.12634,33.42874],[-97.12754,33.42292],[-97.12563,33.42158],[-97.13326,33.42562],[-97.13827,33.42569],[-97.13842,33.42288],[-97.13572,33.42068],[-97.13772,33.42035],[-97.13766,33.41888],[-97.13414,33.41734],[-97.1319,33.41366],[-97.12063,33.40853],[-97.12227,33.40727],[-97.12225,33.40903],[-97.12415,33.40986],[-97.14238,33.41078],[-97.13839,33.40887],[-97.13835,33.40605],[-97.13163,33.40325],[-97.13169,33.40131],[-97.12608,33.39836],[-97.12615,33.39704],[-97.13389,33.39869],[-97.13453,33.39664],[-97.14019,33.39693],[-97.14099,33.39269],[-97.13712,33.39262],[-97.1383,33.38995],[-97.13698,33.38888],[-97.13163,33.38981],[-97.1296,33.39215],[-97.12933,33.38838],[-97.12604,33.38767],[-97.12281,33.39191],[-97.11801,33.39438],[-97.11914,33.39059],[-97.11706,33.38944],[-97.12122,33.38757],[-97.11928,33.38372],[-97.11269,33.38641],[-97.11143,33.38641],[-97.11281,33.38419],[-97.10867,33.38393],[-97.10864,33.38601],[-97.10615,33.38674],[-97.1067,33.38016],[-97.11116,33.37897],[-97.10971,33.37664],[-97.11383,33.37703],[-97.11564,33.37376],[-97.11437,33.3724],[-97.1121,33.37381],[-97.10984,33.36936],[-97.11243,33.36659],[-97.11104,33.36455],[-97.10787,33.3646],[-97.10466,33.36877],[-97.09813,33.36393],[-97.09694,33.3579],[-97.09953,33.3533]]]}},{"type":"Feature","id":"2262","properties":{"id":"2262","unitIds":["2262"],"name":"Red Bluff Reservoir","counties":["Loving"],"region":"Trans-Pecos","acres":null,"type":"dove_lease","pdfUrl":"https://tpwd.texas.gov/huntwild/hunt/public/annual_public_hunting/resources/2262.pdf","aerialPdfUrl":"https://tpwd.texas.gov/huntwild/hunt/public/annual_public_hunting/resources/RedBluffReservoir_2262.pdf","registration":"osr","legalGameTags":["Teal","Waterfowl","Cranes","Youth Waterfowl","Veteran Waterfowl"],"legalGameText":"• 2026-2027 \n OSR Required Each Day \n Early Teal: Each day of the Early Teal season. Waterfowl: Hunting is allowed each day of the \n High Plains Mallard Management Unit and Western Zone Goose seasons. Sandhill Cranes: Each day of the Zone A \n Sandhill Crane season. \n Designated Boat Ramp \n Public Hunting Area \n Information/Registration Station \n N \n E W \n S \n 302 \n 20 \n 285 \n 10 \n Culberson \n County \n Ward County Reeves County \n Loving County \n Jeff Davis \n County \n Loving \n Reeves Red Bluff Reservoir \n Unit #2262 2,000 acres \n NOTE: Hunting area is accessed by boat only. Hunters may retrieve crippled or dead birds should they fall on the closed portion.","species":["sandhill_crane","teal","waterfowl"],"methods":["shotgun"],"access":["aph_walk_in","youth"],"complexes":[],"hasEpostcard":false,"hasRegularPermit":false,"epostcardUrl":"","countySlugs":["loving"],"bookletPage":"33","bookletPdfPage":62,"bookletUrl":"https://tpwd.texas.gov/publications/pwdpubs/media/pwd_bk_w7000_0112a.pdf#page=62","lon":-103.92592,"lat":31.93382},"geometry":{"type":"Polygon","coordinates":[[[-103.98359,31.99159],[-103.97968,32.00001],[-103.98401,31.99127],[-103.9801,31.98472],[-103.9732,31.97917],[-103.96497,31.98096],[-103.95411,31.98712],[-103.94885,31.98501],[-103.94795,31.97175],[-103.94351,31.95079],[-103.94018,31.94776],[-103.93089,31.9468],[-103.92723,31.94494],[-103.91926,31.9227],[-103.91904,31.92119],[-103.92439,31.92228],[-103.93451,31.91972],[-103.93144,31.90539],[-103.91392,31.89709],[-103.9099,31.90659],[-103.91171,31.90959],[-103.91119,31.91343],[-103.90945,31.914],[-103.91094,31.91395],[-103.91022,31.91815],[-103.90671,31.91914],[-103.90444,31.92319],[-103.90519,31.93141],[-103.90753,31.93397],[-103.90439,31.93706],[-103.90934,31.93619],[-103.91332,31.93747],[-103.91606,31.93622],[-103.91833,31.93911],[-103.91612,31.94169],[-103.91852,31.94119],[-103.9202,31.94337],[-103.91941,31.94466],[-103.92113,31.94501],[-103.9199,31.95218],[-103.92247,31.95128],[-103.92667,31.95477],[-103.93086,31.95261],[-103.93461,31.95686],[-103.93506,31.95576],[-103.93934,31.95892],[-103.93829,31.96152],[-103.94176,31.96762],[-103.94005,31.97228],[-103.94238,31.97058],[-103.94326,31.97223],[-103.94082,31.97449],[-103.9448,31.97247],[-103.9445,31.97003],[-103.94659,31.97511],[-103.94678,31.97865],[-103.94443,31.97965],[-103.94629,31.98019],[-103.94514,31.98311],[-103.9478,31.9872],[-103.94397,31.98917],[-103.94675,31.9892],[-103.94814,31.98697],[-103.95054,31.9891],[-103.95392,31.98934],[-103.95632,31.99203],[-103.95698,31.98997],[-103.9547,31.98878],[-103.96504,31.98186],[-103.97115,31.97992],[-103.97397,31.98044],[-103.97945,31.98498],[-103.98359,31.99159]]]}},{"type":"Feature","id":"1743","properties":{"id":"1743","unitIds":["1743"],"name":"Resaca de la Palma State Park","counties":["Cameron"],"region":"San Antonio/Corpus Christi","acres":252.0,"type":"state_park","pdfUrl":"https://tpwd.texas.gov/huntwild/hunt/public/annual_public_hunting/resources/1743.pdf","aerialPdfUrl":"https://tpwd.texas.gov/huntwild/hunt/public/annual_public_hunting/resources/ResacaDeLaPalma_1743.pdf","registration":"none","legalGameTags":["Dove","Regular Permit Dove"],"legalGameText":": Shotguns with non-toxic shot are the only firearms that may be used or possessed during these hunts.","species":["dove"],"methods":["shotgun"],"access":["aph_walk_in","regular_permit"],"complexes":[],"hasEpostcard":false,"hasRegularPermit":true,"epostcardUrl":"","countySlugs":["cameron"],"bookletPage":"132","bookletPdfPage":161,"bookletUrl":"https://tpwd.texas.gov/publications/pwdpubs/media/pwd_bk_w7000_0112a.pdf#page=161","lon":-97.56465,"lat":25.98727},"geometry":{"type":"Polygon","coordinates":[[[-97.57099,26.0023],[-97.57525,25.97334],[-97.55778,25.97152],[-97.55698,25.9776],[-97.56024,25.97552],[-97.56865,25.97488],[-97.5748,25.97593],[-97.55829,25.97684],[-97.55369,26.00023],[-97.57099,26.0023]]]}},{"type":"Feature","id":"703N","properties":{"id":"703N","unitIds":["703N"],"name":"Richland Creek WMA - Carl Frentress Unit","counties":["Freestone","Navarro"],"region":"Austin/Waco","acres":null,"type":"wma","pdfUrl":"https://tpwd.texas.gov/huntwild/hunt/public/annual_public_hunting/resources/703N.pdf","aerialPdfUrl":"https://tpwd.texas.gov/huntwild/hunt/public/annual_public_hunting/resources/RichlandCreekNorth_703N.pdf","registration":"osr","legalGameTags":["Teal","Waterfowl","Other Migratory Birds","Fishing","Youth/Adult Waterfowl","Youth Waterfowl","Veteran Waterfowl","E-Postcard Feral Hog","E-Postcard Teal","E-Postcard Waterfowl","E-Postcard Youth/Adult Waterfowl"],"legalGameText":"• 2026-2027 \n OSR Required Each Day Waterfowl (Youth Only): Nov. 25, Nov. 28, Dec. 23, and \n Dec. 26. Snipe season: Feb. 1-21, provided these dates fall during \n the statewide open season for this species. Squirrels, Rabbits, and Hares: May 1-31 (Air guns, \n rimfire and shotguns only).","species":["feral_hog","other_migratory","teal","waterfowl"],"methods":["any_legal","shotgun"],"access":["aph_walk_in","e_postcard","youth","youth_adult"],"complexes":[],"hasEpostcard":true,"hasRegularPermit":false,"epostcardUrl":"https://tpwd.texas.gov/huntwild/hunt/public/public_hunt_drawing/hunt-area-details.phtml?OArea=RN","countySlugs":["freestone","navarro"],"bookletPage":"92","bookletPdfPage":121,"bookletUrl":"https://tpwd.texas.gov/publications/pwdpubs/media/pwd_bk_w7000_0112a.pdf#page=121","lon":-96.07660757235743,"lat":31.992634140078284},"geometry":{"type":"Point","coordinates":[-96.07661,31.99263]}},{"type":"Feature","id":"703S","properties":{"id":"703S","unitIds":["703S"],"name":"Richland Creek WMA - South Unit","counties":["Freestone","Navarro"],"region":"Austin/Waco","acres":null,"type":"wma","pdfUrl":"https://tpwd.texas.gov/huntwild/hunt/public/annual_public_hunting/resources/703S.pdf","aerialPdfUrl":"https://tpwd.texas.gov/huntwild/hunt/public/annual_public_hunting/resources/RichlandCreekSouth_703S.pdf","registration":"osr","legalGameTags":["Squirrel","Rabbit","Fishing","E-Postcard Furbearers/Predators","E-Postcard Waterfowl","E-Postcard Youth/Adult Waterfowl"],"legalGameText":"• 2026-2027 \n OSR Required Each Day \n Squirrel, Rabbits & Hares: May 1-31. Air guns, \n rimfire, and shotgun only. Shooting hours and bag limits correspond to those for Freestone County. Fishing: Open year-round during daylight hours \n only; except dates","species":["furbearers","rabbit","squirrel","waterfowl"],"methods":["any_legal","shotgun"],"access":["aph_walk_in","e_postcard"],"complexes":[],"hasEpostcard":true,"hasRegularPermit":false,"epostcardUrl":"https://tpwd.texas.gov/huntwild/hunt/public/public_hunt_drawing/hunt-area-details.phtml?OArea=RS","countySlugs":["freestone","navarro"],"bookletPage":"93","bookletPdfPage":122,"bookletUrl":"https://tpwd.texas.gov/publications/pwdpubs/media/pwd_bk_w7000_0112a.pdf#page=122","lon":-96.05139479353497,"lat":31.930216108379422},"geometry":{"type":"Point","coordinates":[-96.05139,31.93022]}},{"type":"Feature","id":"2578","properties":{"id":"2578","unitIds":["2578"],"name":"Rio Farms - Canadian River Complex 1","counties":["Carson"],"region":"Panhandle","acres":2552.0,"type":"dove_lease","pdfUrl":"https://tpwd.texas.gov/huntwild/hunt/public/annual_public_hunting/resources/CanadianRiverComplex1.pdf","aerialPdfUrl":"https://tpwd.texas.gov/huntwild/hunt/public/annual_public_hunting/resources/CanadianRiverComplex1_RioFarms_2578.pdf","registration":"osr","legalGameTags":["Dove","Teal","Waterfowl","Cranes","Pheasant","Rabbit","Coyotes","Youth Waterfowl","Veteran Waterfowl"],"legalGameText":"• 2026-2027 \n OSR Required Each Day Dove: Each day of the North Zone Dove season (Mourning, White-winged, and \n Eurasian Collared) except on dates the","species":["coyote","dove","pheasant","rabbit","sandhill_crane","teal","waterfowl"],"methods":["any_legal","shotgun"],"access":["aph_walk_in","youth"],"complexes":[],"hasEpostcard":false,"hasRegularPermit":false,"epostcardUrl":"","countySlugs":["carson"],"bookletPage":"22","bookletPdfPage":51,"bookletUrl":"https://tpwd.texas.gov/publications/pwdpubs/media/pwd_bk_w7000_0112a.pdf#page=51","lon":-101.21756,"lat":35.22286},"geometry":{"type":"Polygon","coordinates":[[[-101.19057,35.23867],[-101.20534,35.23865],[-101.20529,35.22303],[-101.22299,35.2228],[-101.22323,35.23888],[-101.23479,35.23897],[-101.23971,35.22459],[-101.23741,35.22456],[-101.23732,35.22273],[-101.24044,35.22258],[-101.24031,35.20811],[-101.20523,35.20796],[-101.20524,35.22294],[-101.18792,35.22319],[-101.18797,35.23663],[-101.19057,35.23867]]]}},{"type":"Feature","id":"2464","properties":{"id":"2464","unitIds":["2464"],"name":"Rocky Creek","counties":["Limestone"],"region":"Austin/Waco","acres":282.0,"type":"dove_lease","pdfUrl":"https://tpwd.texas.gov/huntwild/hunt/public/annual_public_hunting/resources/2464.pdf","aerialPdfUrl":"https://tpwd.texas.gov/huntwild/hunt/public/annual_public_hunting/resources/RockyCreek_2464.pdf","registration":"osr","legalGameTags":["Feral Hog","Dove","Teal","Squirrel","Rabbit","Coyotes"],"legalGameText":"• 2026-2027 \n OSR Required Each Day Dove: Each day of the of the Central Zone Dove season \n (Mourning and White-winged). Early Teal: Each day of the Early Teal season. Rabbits, Hares, Squirrels, Coyotes, and Feral \n Hogs: May be taken while hunting for dove and teal.","species":["coyote","dove","feral_hog","rabbit","squirrel","teal"],"methods":["any_legal","shotgun"],"access":["aph_walk_in"],"complexes":[],"hasEpostcard":false,"hasRegularPermit":false,"epostcardUrl":"","countySlugs":["limestone"],"bookletPage":"96","bookletPdfPage":125,"bookletUrl":"https://tpwd.texas.gov/publications/pwdpubs/media/pwd_bk_w7000_0112a.pdf#page=125","lon":-96.58155,"lat":31.46857},"geometry":{"type":"Polygon","coordinates":[[[-96.57291,31.47375],[-96.57893,31.47391],[-96.59004,31.46897],[-96.58792,31.46367],[-96.58368,31.46532],[-96.58025,31.46282],[-96.5772,31.46382],[-96.57665,31.46858],[-96.57291,31.47375]]]}},{"type":"Feature","id":"781","properties":{"id":"781","unitIds":["781"],"name":"Roger R. Fawcett WMA","counties":["Palo Pinto"],"region":"Dallas/Ft. Worth","acres":118.0,"type":"wma","pdfUrl":"https://tpwd.texas.gov/huntwild/hunt/public/annual_public_hunting/resources/781.pdf","aerialPdfUrl":"https://tpwd.texas.gov/huntwild/hunt/public/annual_public_hunting/resources/RogerRFawcett_781.pdf.pdf","registration":"osr","legalGameTags":["Dove","E-Postcard Feral Hop/Predators","E-Postcard Waterfowl"],"legalGameText":"• 2026-2027 \n OSR Required Each Day Dove: Sept. 1-Oct. 11, Dec. 19-22, and Jan. 2-7 \n (Mourning, White-winged, Eurasian Collared, and Feral Pigeon).","species":["dove","feral_hog","waterfowl"],"methods":["any_legal","shotgun"],"access":["aph_walk_in","e_postcard"],"complexes":[],"hasEpostcard":true,"hasRegularPermit":false,"epostcardUrl":"https://tpwd.texas.gov/huntwild/hunt/public/public_hunt_drawing/hunt-area-details.phtml?OArea=RF","countySlugs":["palo-pinto"],"bookletPage":"66","bookletPdfPage":95,"bookletUrl":"https://tpwd.texas.gov/publications/pwdpubs/media/pwd_bk_w7000_0112a.pdf#page=95","lon":-98.27055,"lat":32.56539},"geometry":{"type":"MultiPolygon","coordinates":[[[[-98.26441,32.56144],[-98.26777,32.5598],[-98.26803,32.56435],[-98.26418,32.56502],[-98.26441,32.56144]]],[[[-98.26874,32.56431],[-98.27563,32.56481],[-98.27756,32.56782],[-98.26972,32.56941],[-98.26874,32.56431]]]]}},{"type":"Feature","id":"1155","properties":{"id":"1155","unitIds":["1155"],"name":"S. Sulphur Unit - Cooper Lake State Park","counties":["Hopkins"],"region":"Dallas/Ft. Worth","acres":1020.0,"type":"state_park","pdfUrl":"https://tpwd.texas.gov/huntwild/hunt/public/annual_public_hunting/resources/1155.pdf","aerialPdfUrl":"https://tpwd.texas.gov/huntwild/hunt/public/annual_public_hunting/resources/CooperLakeSouthSulphur_1155.pdf","registration":"osr","legalGameTags":["Deer - Archery","Feral Hog"],"legalGameText":"• 2026-2027 \n OSR Required Possession of the on-site registration form is required while \n on the area. Archery Only White-tailed Deer Season: Dec.5-20. \n Bag limit 2 deer (either sex). No more than 1 buck. Legal buck must have at least one unbranched antler or an inside spread of at least 13 inches. All deer taken on the unit must be taken to the Cooper WMA Deer Check Station within 24 hours of harvest. Archery Only Feral Hog: Dec. 5-20 (no bag limit).","species":["feral_hog","white_tailed_deer"],"methods":["any_legal","archery"],"access":["aph_walk_in"],"complexes":[],"hasEpostcard":false,"hasRegularPermit":false,"epostcardUrl":"","countySlugs":["hopkins"],"bookletPage":"60","bookletPdfPage":89,"bookletUrl":"https://tpwd.texas.gov/publications/pwdpubs/media/pwd_bk_w7000_0112a.pdf#page=89","lon":-95.65335,"lat":33.29113},"geometry":{"type":"Polygon","coordinates":[[[-95.60816,33.30879],[-95.61072,33.31188],[-95.60183,33.3119],[-95.6031,33.30302],[-95.61029,33.30155],[-95.61034,33.30292],[-95.61552,33.30298],[-95.61657,33.29693],[-95.62271,33.29856],[-95.62279,33.29038],[-95.62722,33.29035],[-95.62723,33.28927],[-95.63154,33.28926],[-95.63145,33.28764],[-95.63669,33.28692],[-95.63656,33.28196],[-95.64875,33.28164],[-95.64867,33.28299],[-95.65188,33.2829],[-95.65191,33.28582],[-95.65772,33.2862],[-95.65768,33.28336],[-95.68023,33.28172],[-95.68024,33.27924],[-95.70411,33.27936],[-95.70397,33.28718],[-95.69967,33.28866],[-95.69179,33.28996],[-95.68768,33.28699],[-95.68391,33.29021],[-95.67731,33.29253],[-95.67539,33.28866],[-95.67408,33.29024],[-95.66936,33.29065],[-95.66848,33.2886],[-95.66542,33.28979],[-95.66731,33.29222],[-95.66604,33.29299],[-95.66801,33.29292],[-95.66779,33.29403],[-95.66135,33.29683],[-95.6585,33.29616],[-95.65818,33.29462],[-95.65272,33.29586],[-95.65185,33.29056],[-95.65056,33.29034],[-95.64599,33.2953],[-95.64201,33.29227],[-95.64222,33.29613],[-95.64033,33.29646],[-95.64186,33.29737],[-95.64126,33.29999],[-95.63147,33.29553],[-95.63221,33.30087],[-95.63043,33.30369],[-95.62485,33.30188],[-95.62311,33.30443],[-95.61873,33.30154],[-95.62031,33.30615],[-95.6178,33.30631],[-95.616,33.30843],[-95.61691,33.31184],[-95.61513,33.30798],[-95.61276,33.3087],[-95.61339,33.31019],[-95.60975,33.30699],[-95.60816,33.30879]]]}},{"type":"Feature","id":"630","properties":{"id":"630","unitIds":["630"],"name":"Sabine River Authority Unit 630","counties":["Panola"],"region":"Pineywoods","acres":7484.0,"type":"other","pdfUrl":"https://tpwd.texas.gov/huntwild/hunt/public/annual_public_hunting/resources/630.pdf","aerialPdfUrl":"https://tpwd.texas.gov/huntwild/hunt/public/annual_public_hunting/resources/SabineRiverAuthority_630.pdf","registration":"none","legalGameTags":["Deer - Archery","Deer - General","Deer-Muzzleloader","Feral Hog","Exotic Mammals","Dove","Teal","Waterfowl","Other Migratory Birds","Quail","Squirrel","Rabbit","Coyotes","Furbearers/Predators","Fishing","Youth/Adult Squirrel","Youth Deer","Youth Waterfowl","Veteran Waterfowl"],"legalGameText":"Box for White-tailed Deer bag limit and legal buck requirements. See TPWD Outdoor Annual for Special Youth Season information and regulations Youth and Veteran/Active-Duty Military Only Waterfowl: : See TPWD Outdoor Annual for","species":["coyote","dove","exotic_mammals","feral_hog","furbearers","other_migratory","quail","rabbit","squirrel","teal","waterfowl","white_tailed_deer"],"methods":["any_legal","archery","firearm","muzzleloader","shotgun"],"access":["aph_walk_in","youth","youth_adult"],"complexes":[],"hasEpostcard":false,"hasRegularPermit":false,"epostcardUrl":"","countySlugs":["panola"],"bookletPage":"80","bookletPdfPage":109,"bookletUrl":"https://tpwd.texas.gov/publications/pwdpubs/media/pwd_bk_w7000_0112a.pdf#page=109","lon":-94.08954,"lat":32.01019},"geometry":{"type":"Polygon","coordinates":[[[-94.09096,32.01307],[-94.10443,32.01933],[-94.10682,32.02464],[-94.10297,32.02947],[-94.10333,32.03195],[-94.11304,32.039],[-94.11957,32.03711],[-94.1192,32.02579],[-94.12308,32.02226],[-94.13207,32.02525],[-94.13302,32.02423],[-94.13458,32.02719],[-94.13765,32.02557],[-94.13887,32.02684],[-94.13317,32.03185],[-94.13311,32.03519],[-94.13625,32.03752],[-94.13588,32.03924],[-94.15338,32.03895],[-94.15247,32.02702],[-94.14852,32.02479],[-94.14595,32.0253],[-94.14607,32.02307],[-94.14332,32.02226],[-94.1457,32.02149],[-94.14108,32.02159],[-94.13715,32.01951],[-94.1384,32.01697],[-94.13469,32.01027],[-94.13618,32.00811],[-94.13233,32.00552],[-94.13184,31.9985],[-94.11647,31.99822],[-94.11499,32.00008],[-94.11351,31.99917],[-94.10874,32.00097],[-94.10703,31.99595],[-94.10514,31.9959],[-94.10084,31.99683],[-94.09771,32.00164],[-94.09523,32.00187],[-94.08659,31.9975],[-94.07464,31.99678],[-94.0721,32.00168],[-94.06278,32.007],[-94.05909,32.00334],[-94.0709,31.99659],[-94.06645,31.98857],[-94.0621,31.98747],[-94.05839,31.99001],[-94.05125,31.98992],[-94.04671,31.98554],[-94.04386,31.98625],[-94.04275,31.98993],[-94.03834,31.99005],[-94.03345,31.98791],[-94.03,31.97756],[-94.02787,31.97746],[-94.02203,31.9815],[-94.01691,31.98069],[-94.01751,31.98657],[-94.01931,31.98915],[-94.01837,31.99218],[-94.02331,31.98997],[-94.0288,31.99582],[-94.03892,31.99186],[-94.04252,31.99326],[-94.04131,31.99644],[-94.04271,31.99894],[-94.04275,32.01851],[-94.04418,32.01808],[-94.04522,32.0201],[-94.04738,32.02044],[-94.0507,32.01715],[-94.05258,32.01717],[-94.06257,32.02349],[-94.0745,32.02414],[-94.0733,32.01868],[-94.07632,32.01905],[-94.07456,32.01779],[-94.07893,32.01605],[-94.08003,32.01459],[-94.0786,32.01406],[-94.08007,32.01297],[-94.09018,32.01307],[-94.09244,32.00812],[-94.09106,32.00309],[-94.0947,32.00411],[-94.09096,32.01307]]]}},{"type":"Feature","id":"783S","properties":{"id":"783S","unitIds":["783S"],"name":"Salt Bayou Unit - J.D. Murphree WMA","counties":["Jefferson"],"region":"Houston/Beaumont","acres":null,"type":"wma","pdfUrl":"https://tpwd.texas.gov/huntwild/hunt/public/annual_public_hunting/resources/783S.pdf","aerialPdfUrl":"https://tpwd.texas.gov/huntwild/hunt/public/annual_public_hunting/resources/JDMurphreeSaltBayou_783S.pdf","registration":"eosr","legalGameTags":["Feral Hog","Teal","Waterfowl","Other Migratory Birds","Fishing","Youth/Adult Waterfowl","Youth Waterfowl","Veteran Waterfowl"],"legalGameText":"• 2026-2027 \n Waterfowl: Annual Public Hunt Permit ONLY. ALL Hunters must check in and out through the \n WMA check station and exit the WMA before noon. Check station opens at 4:00 AM. Early Teal: Each day of the Early Teal season. Hunters must register at the WMA headquarters \n check station located on State Hwy. 73. South Zone Duck: Only on Saturday, Tuesday, Thursday, Nov. 27 and Jan. 31, no hunts will \n be held on Thanksgiving Day or Christmas Eve. Hunters must register at the WMA headquarters check station located on State Hwy. 73. Geese, Rails, Gallinule, and Snipe: May be taken during the seasons provided for these \n species during concurrent waterfowl hunts. Feral Hog: Archery or Shotgun (slug or buckshot) only. Feb. 1-Apr. 30 (no bag limit). Shooting \n hours are one half hour before sunrise to one half hour after sunset. Use of dogs allowed. No registration required. No Baiting. Fishing: Inside Compartments: Open Feb. 1-Aug. 31 Closed Sept. 1-Jan 31. Fishing is restricted \n to one half hour before sunrise to one half hour after sunset. An APH or Limited Public Use (LPU) permit is required to fish within the WMA unless all activity is confined to a boat within Keith Lake, Johnson Lake, Shell Lake and Salt Lake. No commercial fishing/crabbing is allowed. No unattended lines.","species":["feral_hog","other_migratory","teal","waterfowl"],"methods":["any_legal","shotgun"],"access":["aph_walk_in","youth","youth_adult"],"complexes":[],"hasEpostcard":false,"hasRegularPermit":false,"epostcardUrl":"","countySlugs":["jefferson"],"bookletPage":"113","bookletPdfPage":142,"bookletUrl":"https://tpwd.texas.gov/publications/pwdpubs/media/pwd_bk_w7000_0112a.pdf#page=142","lon":-94.00122088621961,"lat":29.760089660186097},"geometry":{"type":"Point","coordinates":[-94.00122,29.76009]}},{"type":"Feature","id":"905","properties":{"id":"905","unitIds":["905"],"name":"Sam Houston National Forest WMA","counties":["Walker","San Jacinto","Montgomery"],"region":"Houston/Beaumont","acres":null,"type":"wma","pdfUrl":"https://tpwd.texas.gov/huntwild/hunt/public/annual_public_hunting/resources/905.pdf","aerialPdfUrl":"https://tpwd.texas.gov/huntwild/hunt/public/annual_public_hunting/resources/SamHouston_905.pdf","registration":"none","legalGameTags":["Deer - Archery","Deer - General","Deer-Muzzleloader","Feral Hog","Exotic Mammals","Dove","Teal","Waterfowl","Other Migratory Birds","Squirrel","Rabbit","Coyotes","Furbearers","Fishing","Youth/Adult Squirrel","Youth Deer","Youth Waterfowl","Veteran Waterfowl"],"legalGameText":"Box for White- tailed Deer bag limit and legal buck requirements. No USFS Antlerless Deer Permit required. See TPWD Outdoor Annual for Special Youth Season information and regulations. Youth and Veteran/Active-Duty Military Only Waterfowl: See TPWD Outdoor Annual for","species":["coyote","dove","exotic_mammals","feral_hog","furbearers","other_migratory","rabbit","squirrel","teal","waterfowl","white_tailed_deer"],"methods":["any_legal","archery","firearm","muzzleloader","shotgun"],"access":["aph_walk_in","youth","youth_adult"],"complexes":[],"hasEpostcard":false,"hasRegularPermit":false,"epostcardUrl":"","countySlugs":["walker","san-jacinto","montgomery"],"bookletPage":"122–123","bookletPdfPage":151,"bookletUrl":"https://tpwd.texas.gov/publications/pwdpubs/media/pwd_bk_w7000_0112a.pdf#page=151","lon":-95.44674,"lat":30.54177},"geometry":{"type":"MultiPolygon","coordinates":[[[[-95.57228,30.58977],[-95.5665,30.58493],[-95.56698,30.58334],[-95.56506,30.58169],[-95.56395,30.58272],[-95.54966,30.57091],[-95.54475,30.57506],[-95.54274,30.57343],[-95.54763,30.569],[-95.54153,30.56379],[-95.53543,30.56887],[-95.53444,30.56807],[-95.53787,30.56501],[-95.52783,30.55798],[-95.52973,30.55629],[-95.52355,30.55075],[-95.52642,30.54837],[-95.52454,30.54667],[-95.53136,30.54044],[-95.5423,30.50499],[-95.54716,30.4958],[-95.55504,30.49683],[-95.55431,30.50018],[-95.55627,30.50019],[-95.5569,30.49774],[-95.56045,30.49829],[-95.56332,30.48931],[-95.57226,30.49127],[-95.57265,30.48037],[-95.58142,30.47992],[-95.58047,30.47738],[-95.58263,30.47362],[-95.58121,30.47158],[-95.58382,30.47083],[-95.58301,30.46457],[-95.59394,30.46446],[-95.59398,30.47001],[-95.59653,30.46758],[-95.59843,30.47162],[-95.60078,30.47163],[-95.59828,30.46665],[-95.59967,30.46454],[-95.60898,30.46855],[-95.61136,30.46815],[-95.60244,30.46217],[-95.60223,30.45709],[-95.60586,30.45611],[-95.60937,30.45956],[-95.61016,30.45608],[-95.61337,30.45654],[-95.61407,30.45846],[-95.61458,30.45621],[-95.61756,30.456],[-95.62012,30.46139],[-95.6201,30.44903],[-95.64269,30.44867],[-95.64306,30.46118],[-95.64658,30.46115],[-95.64666,30.46747],[-95.66558,30.46743],[-95.66547,30.46123],[-95.66888,30.46119],[-95.66883,30.45666],[-95.67073,30.45669],[-95.67055,30.44226],[-95.68331,30.44227],[-95.68325,30.45531],[-95.69341,30.45512],[-95.69327,30.44867],[-95.695,30.44867],[-95.69508,30.45536],[-95.70734,30.45519],[-95.7072,30.45191],[-95.72355,30.45171],[-95.72372,30.46254],[-95.73618,30.46243],[-95.73636,30.47128],[-95.74914,30.47109],[-95.74908,30.47381],[-95.7581,30.47388],[-95.75803,30.47001],[-95.76419,30.47006],[-95.76422,30.49462],[-95.76784,30.49554],[-95.76794,30.50138],[-95.77116,30.50132],[-95.77133,30.49537],[-95.7736,30.49529],[-95.77331,30.48661],[-95.78655,30.4867],[-95.7867,30.49145],[-95.80228,30.49132],[-95.80257,30.52594],[-95.78875,30.52587],[-95.78899,30.54547],[-95.80475,30.54561],[-95.80472,30.55127],[-95.81134,30.55128],[-95.81138,30.55473],[-95.78904,30.55508],[-95.78899,30.55724],[-95.77693,30.55706],[-95.77692,30.55436],[-95.77297,30.55435],[-95.77306,30.55112],[-95.76575,30.55125],[-95.76577,30.5542],[-95.76903,30.55415],[-95.76921,30.55929],[-95.76559,30.55926],[-95.76567,30.55667],[-95.75982,30.55662],[-95.75994,30.56343],[-95.76981,30.56449],[-95.76992,30.57031],[-95.78336,30.5702],[-95.78345,30.59285],[-95.75876,30.59346],[-95.75869,30.60369],[-95.74901,30.60364],[-95.74876,30.59349],[-95.74987,30.59347],[-95.75172,30.58493],[-95.74711,30.58514],[-95.74653,30.58841],[-95.73948,30.58909],[-95.73995,30.59349],[-95.72502,30.59501],[-95.72491,30.58769],[-95.71803,30.58781],[-95.71805,30.591],[-95.71668,30.59104],[-95.71662,30.5884],[-95.69503,30.58761],[-95.69105,30.58758],[-95.69106,30.58953],[-95.68478,30.58965],[-95.68481,30.58761],[-95.68124,30.58759],[-95.68128,30.58973],[-95.67754,30.58987],[-95.67782,30.5841],[-95.67131,30.58403],[-95.66846,30.58545],[-95.66807,30.58914],[-95.66629,30.59055],[-95.65817,30.58933],[-95.65707,30.5841],[-95.65169,30.58413],[-95.65423,30.59182],[-95.64397,30.59803],[-95.64371,30.59455],[-95.64172,30.59318],[-95.64883,30.58876],[-95.64515,30.58431],[-95.63927,30.58798],[-95.63245,30.58012],[-95.63315,30.57906],[-95.63155,30.57926],[-95.6328,30.57699],[-95.63132,30.57399],[-95.62746,30.57354],[-95.62732,30.5703],[-95.62493,30.56966],[-95.62484,30.57089],[-95.61974,30.57149],[-95.62292,30.57302],[-95.6209,30.57778],[-95.61717,30.5782],[-95.62296,30.58566],[-95.61943,30.58768],[-95.61468,30.58151],[-95.60579,30.58709],[-95.6069,30.58832],[-95.60554,30.58921],[-95.6096,30.59348],[-95.60066,30.59899],[-95.60472,30.604],[-95.60014,30.61044],[-95.60334,30.61118],[-95.60023,30.61521],[-95.59744,30.61408],[-95.59452,30.61818],[-95.58604,30.60801],[-95.58168,30.61008],[-95.5792,30.60353],[-95.59161,30.59352],[-95.58005,30.58328],[-95.57228,30.58977]]],[[[-95.46566,30.57894],[-95.47862,30.58186],[-95.47697,30.59195],[-95.48115,30.60322],[-95.44624,30.59591],[-95.46566,30.57894]]],[[[-95.42094,30.60587],[-95.41703,30.60842],[-95.40497,30.60888],[-95.40414,30.60766],[-95.39756,30.60731],[-95.39224,30.60116],[-95.38901,30.60128],[-95.38592,30.5968],[-95.42094,30.60587]]],[[[-95.38763,30.60968],[-95.38333,30.61127],[-95.3818,30.6086],[-95.37623,30.61088],[-95.37352,30.60786],[-95.38331,30.60405],[-95.38763,30.60968]]],[[[-95.43516,30.63197],[-95.43271,30.6299],[-95.43859,30.62504],[-95.44099,30.62693],[-95.44681,30.62235],[-95.45293,30.62822],[-95.44073,30.63978],[-95.43521,30.63472],[-95.43516,30.63197]]],[[[-95.48633,30.64032],[-95.48394,30.63821],[-95.48531,30.63719],[-95.48772,30.63924],[-95.48633,30.64032]]],[[[-95.5415,30.64722],[-95.5319,30.6457],[-95.53024,30.65374],[-95.52701,30.65376],[-95.52699,30.65704],[-95.52221,30.65693],[-95.52219,30.66522],[-95.51105,30.65363],[-95.50917,30.63379],[-95.51537,30.63898],[-95.52361,30.63208],[-95.5415,30.64722]]],[[[-95.57091,30.63513],[-95.58278,30.63516],[-95.57787,30.64621],[-95.5754,30.64526],[-95.57548,30.64936],[-95.57097,30.64936],[-95.57098,30.65103],[-95.55968,30.65107],[-95.55968,30.65604],[-95.55463,30.65384],[-95.54752,30.66752],[-95.53684,30.66747],[-95.53683,30.657],[-95.54112,30.65759],[-95.54331,30.64737],[-95.571,30.63864],[-95.57091,30.63513]]],[[[-95.47356,30.64402],[-95.47519,30.64273],[-95.47767,30.64491],[-95.48236,30.64106],[-95.4835,30.64253],[-95.47912,30.64623],[-95.48122,30.64816],[-95.46508,30.66172],[-95.45895,30.65604],[-95.45975,30.65178],[-95.464,30.65561],[-95.46658,30.65351],[-95.46702,30.64664],[-95.47189,30.64257],[-95.47356,30.64402]]],[[[-95.50407,30.66322],[-95.49308,30.66295],[-95.4937,30.66412],[-95.48777,30.66666],[-95.48495,30.66406],[-95.48296,30.66559],[-95.47515,30.65841],[-95.48431,30.65081],[-95.49135,30.65746],[-95.49715,30.65276],[-95.50407,30.66322]]],[[[-95.47361,30.67362],[-95.46738,30.6786],[-95.46509,30.67405],[-95.46347,30.67462],[-95.46598,30.67969],[-95.46107,30.68353],[-95.45557,30.6786],[-95.44884,30.68171],[-95.44777,30.6808],[-95.46727,30.66512],[-95.47082,30.66773],[-95.46849,30.66956],[-95.47361,30.67362]]],[[[-95.3237,30.71375],[-95.32568,30.71224],[-95.32369,30.71046],[-95.33961,30.69844],[-95.32944,30.68857],[-95.34404,30.67788],[-95.3419,30.67571],[-95.36221,30.65612],[-95.35158,30.64597],[-95.36025,30.64086],[-95.36938,30.64365],[-95.37151,30.64076],[-95.36731,30.63721],[-95.37024,30.63384],[-95.36912,30.62887],[-95.37194,30.62765],[-95.36512,30.61933],[-95.37817,30.61406],[-95.38064,30.61636],[-95.37347,30.62024],[-95.37749,30.62487],[-95.39689,30.61734],[-95.40498,30.62468],[-95.4123,30.6188],[-95.41828,30.62442],[-95.41004,30.63072],[-95.41341,30.63396],[-95.40906,30.63764],[-95.41946,30.64693],[-95.42288,30.64412],[-95.42973,30.65103],[-95.42581,30.65425],[-95.43101,30.65898],[-95.42462,30.66413],[-95.43608,30.67445],[-95.42738,30.68172],[-95.43568,30.68921],[-95.43228,30.69177],[-95.42743,30.68973],[-95.4173,30.68092],[-95.40961,30.68679],[-95.40765,30.68484],[-95.39518,30.69394],[-95.39973,30.69871],[-95.40365,30.69608],[-95.40765,30.70003],[-95.41,30.69833],[-95.41328,30.7018],[-95.41662,30.69941],[-95.42075,30.70397],[-95.41746,30.70623],[-95.42004,30.70906],[-95.41646,30.71172],[-95.41637,30.71683],[-95.40576,30.71697],[-95.4065,30.70588],[-95.40102,30.70007],[-95.39984,30.70082],[-95.3979,30.69895],[-95.39455,30.7013],[-95.39027,30.69705],[-95.38444,30.70128],[-95.38277,30.69961],[-95.37958,30.70196],[-95.37762,30.7001],[-95.38081,30.69759],[-95.37955,30.6963],[-95.3882,30.69019],[-95.38431,30.68613],[-95.38007,30.68925],[-95.37724,30.68644],[-95.36712,30.69444],[-95.36446,30.69169],[-95.36132,30.69464],[-95.35929,30.69967],[-95.35506,30.69941],[-95.35806,30.70244],[-95.35404,30.7047],[-95.35473,30.70616],[-95.35153,30.70805],[-95.35001,30.70575],[-95.34545,30.70493],[-95.343,30.70748],[-95.3464,30.71087],[-95.34251,30.71387],[-95.3474,30.71852],[-95.35239,30.71491],[-95.35272,30.73845],[-95.34345,30.73852],[-95.34323,30.72161],[-95.33675,30.72622],[-95.3269,30.71694],[-95.32351,30.71926],[-95.3184,30.71441],[-95.32169,30.71196],[-95.3237,30.71375]]],[[[-95.41241,30.73575],[-95.41237,30.72268],[-95.41509,30.72058],[-95.42184,30.72047],[-95.42183,30.71707],[-95.44038,30.71687],[-95.4401,30.70964],[-95.46601,30.70945],[-95.4659,30.70707],[-95.47568,30.70709],[-95.47573,30.7045],[-95.48766,30.7045],[-95.48775,30.70122],[-95.48453,30.70252],[-95.48145,30.69746],[-95.49251,30.69282],[-95.49542,30.69789],[-95.49902,30.69653],[-95.49911,30.68732],[-95.50661,30.69311],[-95.50584,30.69886],[-95.51045,30.69884],[-95.51048,30.70564],[-95.48762,30.70501],[-95.48757,30.71091],[-95.50242,30.71095],[-95.50261,30.73185],[-95.5068,30.73184],[-95.50671,30.73573],[-95.52109,30.73575],[-95.52101,30.73879],[-95.50296,30.74269],[-95.5014,30.74261],[-95.50127,30.73843],[-95.4956,30.73899],[-95.49557,30.73629],[-95.47268,30.73628],[-95.47269,30.73849],[-95.46949,30.73861],[-95.46979,30.75048],[-95.45209,30.75043],[-95.45198,30.74802],[-95.44752,30.74725],[-95.44706,30.72203],[-95.4313,30.72229],[-95.43149,30.73573],[-95.41241,30.73575]]],[[[-95.50416,30.74603],[-95.50549,30.74734],[-95.51562,30.74727],[-95.51565,30.75044],[-95.50429,30.75048],[-95.50416,30.74603]]],[[[-95.18439,30.32779],[-95.21198,30.32798],[-95.21239,30.33632],[-95.18442,30.33669],[-95.18439,30.32779]]],[[[-95.06267,30.4242],[-95.06218,30.41377],[-95.08543,30.41363],[-95.08566,30.4241],[-95.06267,30.4242]]],[[[-95.29005,30.44629],[-95.27841,30.4567],[-95.2663,30.4468],[-95.27789,30.43621],[-95.29005,30.44629]]],[[[-95.14807,30.55976],[-95.14909,30.56045],[-95.15129,30.55841],[-95.1548,30.56107],[-95.1477,30.56797],[-95.144,30.56666],[-95.13888,30.57155],[-95.13297,30.56692],[-95.12522,30.57451],[-95.11654,30.56614],[-95.11125,30.57147],[-95.10737,30.56906],[-95.10713,30.55359],[-95.08264,30.55376],[-95.07987,30.55195],[-95.07815,30.54968],[-95.07846,30.54031],[-95.08926,30.54017],[-95.08913,30.52538],[-95.06994,30.52542],[-95.06964,30.50834],[-95.07941,30.50826],[-95.07936,30.50397],[-95.0864,30.50389],[-95.08636,30.49707],[-95.09817,30.49695],[-95.09801,30.49061],[-95.10464,30.49035],[-95.10459,30.48475],[-95.08689,30.48498],[-95.08683,30.47986],[-95.07951,30.47998],[-95.07939,30.485],[-95.06964,30.48501],[-95.06943,30.48012],[-95.065,30.48024],[-95.06506,30.48599],[-95.06129,30.48604],[-95.06051,30.4901],[-95.04062,30.49032],[-95.05313,30.48531],[-95.0378,30.45016],[-95.10736,30.45068],[-95.10743,30.42325],[-95.10235,30.42325],[-95.10216,30.40988],[-95.09602,30.40976],[-95.09551,30.39572],[-95.10639,30.3958],[-95.10622,30.39882],[-95.10397,30.39897],[-95.10396,30.40282],[-95.10776,30.40422],[-95.11345,30.40415],[-95.11346,30.40055],[-95.11735,30.3995],[-95.12745,30.39909],[-95.12762,30.40927],[-95.1302,30.40921],[-95.13106,30.41807],[-95.12389,30.4197],[-95.1251,30.4213],[-95.12413,30.4241],[-95.1288,30.4281],[-95.13263,30.42792],[-95.1321,30.41981],[-95.13656,30.41962],[-95.1357,30.40495],[-95.13028,30.40508],[-95.12997,30.39607],[-95.13287,30.39609],[-95.12577,30.38904],[-95.16006,30.36446],[-95.19187,30.39593],[-95.18851,30.39763],[-95.19065,30.40077],[-95.19434,30.39902],[-95.19231,30.39571],[-95.19926,30.39232],[-95.21423,30.39188],[-95.21312,30.39276],[-95.22456,30.40224],[-95.21891,30.4074],[-95.21964,30.40811],[-95.20024,30.42418],[-95.19681,30.41655],[-95.20009,30.41483],[-95.19717,30.41034],[-95.18606,30.41562],[-95.18388,30.41244],[-95.19028,30.40913],[-95.18339,30.40016],[-95.17602,30.40372],[-95.16751,30.39409],[-95.15239,30.40161],[-95.15433,30.40332],[-95.16037,30.40329],[-95.16453,30.40699],[-95.1693,30.40715],[-95.17295,30.40979],[-95.17706,30.40874],[-95.1826,30.41725],[-95.17644,30.42047],[-95.18664,30.43526],[-95.17816,30.43957],[-95.1819,30.44493],[-95.1801,30.44592],[-95.18548,30.45369],[-95.18705,30.45296],[-95.18573,30.45113],[-95.18713,30.45048],[-95.19462,30.45618],[-95.18895,30.45879],[-95.19229,30.46364],[-95.19936,30.45999],[-95.20379,30.46628],[-95.1966,30.46985],[-95.20037,30.47543],[-95.19352,30.47542],[-95.19239,30.47298],[-95.18891,30.47235],[-95.18607,30.47242],[-95.18745,30.4754],[-95.18587,30.47542],[-95.18496,30.47303],[-95.18097,30.47305],[-95.17265,30.46086],[-95.16643,30.46078],[-95.16637,30.45811],[-95.14702,30.45807],[-95.14734,30.46282],[-95.12932,30.46288],[-95.13314,30.47443],[-95.1291,30.4744],[-95.12849,30.48644],[-95.13734,30.48643],[-95.13743,30.47458],[-95.1502,30.47484],[-95.15031,30.47956],[-95.16311,30.47945],[-95.1646,30.48713],[-95.16346,30.48903],[-95.15297,30.48972],[-95.15296,30.49698],[-95.15721,30.49694],[-95.1572,30.4944],[-95.15943,30.49568],[-95.15939,30.49943],[-95.15786,30.49934],[-95.15784,30.50105],[-95.12846,30.5004],[-95.12835,30.50623],[-95.17745,30.50632],[-95.18127,30.5028],[-95.18439,30.50533],[-95.18441,30.50801],[-95.18832,30.50812],[-95.19453,30.51281],[-95.19475,30.52092],[-95.20518,30.5208],[-95.19637,30.51417],[-95.20243,30.51088],[-95.20586,30.51089],[-95.21063,30.51446],[-95.20843,30.51696],[-95.21643,30.51751],[-95.216,30.52073],[-95.22217,30.51952],[-95.22272,30.52278],[-95.21815,30.52537],[-95.22013,30.5278],[-95.21709,30.53029],[-95.20875,30.53203],[-95.20893,30.53716],[-95.19801,30.5372],[-95.1979,30.52966],[-95.19598,30.52957],[-95.18982,30.53157],[-95.18983,30.53326],[-95.19453,30.53334],[-95.19464,30.53723],[-95.18322,30.53719],[-95.18427,30.53409],[-95.17096,30.53421],[-95.17336,30.53703],[-95.16577,30.53712],[-95.1654,30.544],[-95.15855,30.54371],[-95.15971,30.5445],[-95.15862,30.54554],[-95.16412,30.54954],[-95.15929,30.55445],[-95.16684,30.56025],[-95.17074,30.55653],[-95.17627,30.56087],[-95.1608,30.57624],[-95.15018,30.57093],[-95.15586,30.56516],[-95.15771,30.5666],[-95.16035,30.56392],[-95.15072,30.55708],[-95.14807,30.55976]]],[[[-95.25677,30.45616],[-95.28208,30.47793],[-95.2856,30.4754],[-95.28303,30.48728],[-95.26505,30.50566],[-95.26132,30.50275],[-95.2634,30.50075],[-95.26092,30.49858],[-95.25022,30.50649],[-95.23318,30.49953],[-95.2283,30.48868],[-95.23117,30.48444],[-95.22847,30.48297],[-95.2312,30.47889],[-95.25677,30.45616]]],[[[-95.3621,30.51347],[-95.36354,30.51261],[-95.36581,30.51689],[-95.36433,30.51802],[-95.36168,30.51772],[-95.3621,30.51347]]],[[[-95.35511,30.52707],[-95.36037,30.52553],[-95.36073,30.52557],[-95.35832,30.52811],[-95.35511,30.52707]]],[[[-95.09987,30.57891],[-95.10233,30.57645],[-95.10714,30.57966],[-95.10453,30.58203],[-95.09987,30.57891]]],[[[-95.23845,30.59161],[-95.23843,30.59729],[-95.22769,30.59709],[-95.22764,30.59155],[-95.23845,30.59161]]],[[[-95.15458,30.60142],[-95.14436,30.59384],[-95.15286,30.59397],[-95.15458,30.60142]]],[[[-95.25056,30.57758],[-95.26022,30.57744],[-95.26029,30.58318],[-95.27257,30.58305],[-95.27241,30.57053],[-95.28504,30.57986],[-95.2935,30.57133],[-95.29082,30.56923],[-95.29336,30.56644],[-95.28969,30.56364],[-95.29304,30.56019],[-95.30133,30.56523],[-95.30993,30.55744],[-95.31245,30.55893],[-95.3133,30.55803],[-95.31531,30.56135],[-95.31652,30.56037],[-95.31803,30.56219],[-95.31119,30.56873],[-95.30454,30.5651],[-95.29878,30.57092],[-95.30405,30.57478],[-95.30165,30.57761],[-95.31187,30.58545],[-95.31146,30.58648],[-95.31337,30.58658],[-95.31318,30.58901],[-95.30239,30.59315],[-95.29925,30.59105],[-95.2883,30.59098],[-95.28846,30.60595],[-95.30608,30.60597],[-95.30617,30.61151],[-95.32915,30.61169],[-95.3296,30.59987],[-95.34139,30.59974],[-95.33565,30.59002],[-95.3446,30.58635],[-95.35107,30.59813],[-95.34865,30.59912],[-95.34896,30.60821],[-95.34132,30.60818],[-95.34145,30.61686],[-95.34384,30.61688],[-95.34282,30.62257],[-95.34129,30.62416],[-95.32546,30.62391],[-95.32549,30.63427],[-95.31683,30.6335],[-95.31139,30.63729],[-95.3179,30.64382],[-95.31064,30.64898],[-95.30588,30.64435],[-95.30117,30.64758],[-95.28252,30.62767],[-95.28012,30.62775],[-95.27994,30.60946],[-95.24595,30.60968],[-95.24656,30.6252],[-95.23051,30.62607],[-95.23048,30.61208],[-95.22777,30.61203],[-95.22776,30.6071],[-95.23454,30.60706],[-95.23444,30.60128],[-95.23837,30.60131],[-95.23843,30.59729],[-95.24854,30.59737],[-95.24756,30.59595],[-95.25343,30.59547],[-95.2532,30.59108],[-95.25081,30.59095],[-95.25056,30.57758]]],[[[-95.33474,30.6618],[-95.33887,30.66586],[-95.33493,30.66895],[-95.33092,30.66506],[-95.33474,30.6618]]],[[[-95.34351,30.67042],[-95.33887,30.66586],[-95.34428,30.66163],[-95.34894,30.66623],[-95.34351,30.67042]]]]}},{"type":"Feature","id":"1166","properties":{"id":"1166","unitIds":["1166"],"name":"San Angelo State Park","counties":["Tom Green"],"region":"Central Texas","acres":2500.0,"type":"state_park","pdfUrl":"https://tpwd.texas.gov/huntwild/hunt/public/annual_public_hunting/resources/1166.pdf","aerialPdfUrl":"https://tpwd.texas.gov/huntwild/hunt/public/annual_public_hunting/resources/SanAngelo_1166.pdf","registration":"osr","legalGameTags":["Deer - Archery","Feral hogs","Turkey","Dove","Teal","Waterfowl","Quail","Squirrel","Rabbit"],"legalGameText":"• 2026-2027 \n OSR Required Each Day Archery Only White-tailed Deer: Oct. 3-Jan. 3. Bag limit - 2 deer \n (either sex). Baiting is allowed (hand broadcast only). Feral Hogs: (no bag limit) \n Archery Only: Concurrent with dates for Deer. Baiting is allowed \n (hand broadcast only). Shotgun Only: Concurrent with Dove, Quail, Waterfowl, and Goose \n dates. Archery Only Javelina/Exotic: Concurrent with dates for Deer. Bag \n limit - 1 Javelina and 4 exotic mammal. Baiting is allowed (hand broadcast only). Archery Only Turkey: Concurrent with dates for Deer. Bag limit - 1 Rio \n Grande turkey (either sex). Baiting is allowed (hand broadcast only). Dove: Sept. 1-Oct. 2. Quail: Jan. 4-11, and Jan. 15-Feb. 28. Waterfowl: Each day of the Early Teal, High Plains Mallard Management \n Unit, and Western Zone Goose seasons. Shooting hours begin one half hour before sunrise to sunset. Rail, Gallinule, and Moorhens: As established for Tom Green County. Woodcock: As established for Tom Green County. Snipe: As established for Tom Green County. Sandhill Crane: Each day of the Sandhill Crane season for Zone A. Squirrel, Rabbits & Hares: Concurrent with Dove and Quail.","species":["dove","feral_hog","quail","rabbit","squirrel","teal","turkey","waterfowl","white_tailed_deer"],"methods":["any_legal","archery","shotgun"],"access":["aph_walk_in"],"complexes":[],"hasEpostcard":false,"hasRegularPermit":false,"epostcardUrl":"","countySlugs":["tom-green"],"bookletPage":"42","bookletPdfPage":71,"bookletUrl":"https://tpwd.texas.gov/publications/pwdpubs/media/pwd_bk_w7000_0112a.pdf#page=71","lon":-100.53553,"lat":31.49999},"geometry":{"type":"Polygon","coordinates":[[[-100.56636,31.56431],[-100.58064,31.56821],[-100.58028,31.56465],[-100.58363,31.56323],[-100.58349,31.56549],[-100.58671,31.56563],[-100.5867,31.56098],[-100.57577,31.56057],[-100.57301,31.55732],[-100.57804,31.55268],[-100.57894,31.54806],[-100.57658,31.54869],[-100.57419,31.54618],[-100.57556,31.54296],[-100.57228,31.53727],[-100.56163,31.53934],[-100.5714,31.53425],[-100.57218,31.53004],[-100.56556,31.53156],[-100.56236,31.52538],[-100.55631,31.52305],[-100.55261,31.52415],[-100.55162,31.5219],[-100.55618,31.52226],[-100.5586,31.51085],[-100.55659,31.50791],[-100.54773,31.50399],[-100.54508,31.49944],[-100.55105,31.49689],[-100.54903,31.49122],[-100.55647,31.49138],[-100.56241,31.4826],[-100.547,31.48255],[-100.54621,31.47984],[-100.55179,31.47598],[-100.54051,31.47385],[-100.5485,31.46322],[-100.55619,31.46014],[-100.54308,31.46113],[-100.53998,31.46318],[-100.53902,31.45784],[-100.54052,31.4551],[-100.53384,31.4559],[-100.5316,31.46314],[-100.53227,31.4794],[-100.52867,31.47958],[-100.52869,31.4757],[-100.51745,31.47557],[-100.52276,31.46868],[-100.51425,31.46296],[-100.51798,31.44878],[-100.50289,31.44844],[-100.50162,31.45332],[-100.49433,31.45335],[-100.49345,31.45578],[-100.49161,31.45582],[-100.48221,31.47974],[-100.49103,31.47444],[-100.49885,31.4793],[-100.50148,31.47817],[-100.50164,31.48075],[-100.50477,31.48457],[-100.50076,31.48368],[-100.51199,31.489],[-100.51364,31.49119],[-100.52194,31.49146],[-100.52241,31.49345],[-100.52089,31.49146],[-100.5143,31.49251],[-100.51778,31.49627],[-100.51249,31.49408],[-100.51322,31.49549],[-100.5077,31.49597],[-100.51371,31.49815],[-100.51424,31.50189],[-100.51894,31.5032],[-100.52592,31.50151],[-100.53618,31.50698],[-100.53517,31.51097],[-100.54313,31.51652],[-100.54762,31.51702],[-100.54847,31.51441],[-100.54998,31.51443],[-100.55084,31.51824],[-100.54825,31.52042],[-100.54912,31.5225],[-100.54689,31.52582],[-100.54291,31.52914],[-100.5373,31.5304],[-100.53759,31.53341],[-100.53558,31.53421],[-100.55359,31.552],[-100.55522,31.55107],[-100.55619,31.55203],[-100.55449,31.55285],[-100.56636,31.56431]]]}},{"type":"Feature","id":"760","properties":{"id":"760","unitIds":["760"],"name":"San Antonio River Unit - Guadalupe Delta WMA","counties":["Refugio","Victoria"],"region":"San Antonio/Corpus Christi","acres":null,"type":"wma","pdfUrl":"","aerialPdfUrl":"","registration":"none","legalGameTags":["E-Postcard - Mulit-species"],"legalGameText":"","species":[],"methods":[],"access":["e_postcard"],"complexes":[],"hasEpostcard":true,"hasRegularPermit":false,"epostcardUrl":"https://tpwd.texas.gov/huntwild/hunt/public/public_hunt_drawing/hunt-area-details.phtml?OArea=GU","countySlugs":["refugio","victoria"],"bookletPage":"xxiii","bookletPdfPage":26,"bookletUrl":"https://tpwd.texas.gov/publications/pwdpubs/media/pwd_bk_w7000_0112a.pdf#page=26","lon":-96.98,"lat":28.47},"geometry":{"type":"Point","coordinates":[-96.98,28.47]}},{"type":"Feature","id":"2523","properties":{"id":"2523","unitIds":["2523"],"name":"Sandy Half","counties":["Martin"],"region":"Central Texas","acres":320.0,"type":"dove_lease","pdfUrl":"https://tpwd.texas.gov/huntwild/hunt/public/annual_public_hunting/resources/2523.pdf","aerialPdfUrl":"https://tpwd.texas.gov/huntwild/hunt/public/annual_public_hunting/resources/SandyHalf_2523.pdf","registration":"osr","legalGameTags":["Dove","Quail"],"legalGameText":"• 2026-2027 \n OSR Required Each Day Dove: Each day of the of the North Zone Dove season (Mourning, \n White-winged, Eurasian Collared, and Feral Pigeon). Quail: Each day of the Quail season.","species":["dove","quail"],"methods":["any_legal","shotgun"],"access":["aph_walk_in"],"complexes":[],"hasEpostcard":false,"hasRegularPermit":false,"epostcardUrl":"","countySlugs":["martin"],"bookletPage":"37","bookletPdfPage":66,"bookletUrl":"https://tpwd.texas.gov/publications/pwdpubs/media/pwd_bk_w7000_0112a.pdf#page=66","lon":-101.91186,"lat":32.4551},"geometry":{"type":"Polygon","coordinates":[[[-101.90553,32.44904],[-101.90996,32.463],[-101.9182,32.46121],[-101.91376,32.44718],[-101.90553,32.44904]]]}},{"type":"Feature","id":"1055","properties":{"id":"1055","unitIds":["1055"],"name":"Sea Rim State Park","counties":["Jefferson"],"region":"Houston/Beaumont","acres":300.0,"type":"state_park","pdfUrl":"https://tpwd.texas.gov/huntwild/hunt/public/annual_public_hunting/resources/1055.pdf","aerialPdfUrl":"https://tpwd.texas.gov/huntwild/hunt/public/annual_public_hunting/resources/SeaRim_1055.pdf","registration":"osr","legalGameTags":["Teal","Waterfowl","Other Migratory Birds","Youth Waterfowl","Veteran Waterfowl"],"legalGameText":"• 2026-2027 \n OSR Required Each Day Waterfowl: All Hunters must check out before noon. \n Early Teal: Each day of Early Teal, season except dates ENTIRE \n AREA Closed. South Zone Duck: During the dates established for Jefferson County, \n only on Tuesday, Thursday, and Saturday except on dates","species":["other_migratory","teal","waterfowl"],"methods":["shotgun"],"access":["aph_walk_in","youth"],"complexes":[],"hasEpostcard":false,"hasRegularPermit":false,"epostcardUrl":"","countySlugs":["jefferson"],"bookletPage":"114","bookletPdfPage":143,"bookletUrl":"https://tpwd.texas.gov/publications/pwdpubs/media/pwd_bk_w7000_0112a.pdf#page=143","lon":-94.03356,"lat":29.69467},"geometry":{"type":"Polygon","coordinates":[[[-94.03421,29.72626],[-94.03212,29.73064],[-94.0285,29.72552],[-94.03016,29.72459],[-94.02818,29.72374],[-94.02981,29.72177],[-94.02604,29.71377],[-94.02081,29.71061],[-94.02048,29.68277],[-93.98104,29.68796],[-93.98102,29.68209],[-94.01756,29.6788],[-94.04884,29.67353],[-94.06975,29.6681],[-94.06983,29.67242],[-94.05329,29.67675],[-94.05367,29.6998],[-94.04958,29.69851],[-94.0478,29.70094],[-94.05322,29.70575],[-94.05273,29.70961],[-94.04828,29.71044],[-94.0529,29.71304],[-94.04337,29.71934],[-94.04202,29.71496],[-94.04022,29.71481],[-94.04094,29.72181],[-94.03686,29.72317],[-94.04,29.72578],[-94.03444,29.72417],[-94.03938,29.72915],[-94.03421,29.72626]]]}},{"type":"Feature","id":"2485","properties":{"id":"2485","unitIds":["2485"],"name":"Shotgun - Milam County Complex 2","counties":["Milam"],"region":"Austin/Waco","acres":71.0,"type":"dove_lease","pdfUrl":"https://tpwd.texas.gov/huntwild/hunt/public/annual_public_hunting/resources/MilamCountyComplex2.pdf","aerialPdfUrl":"https://tpwd.texas.gov/huntwild/hunt/public/annual_public_hunting/resources/Shotgun_2485.pdf","registration":"osr","legalGameTags":["Dove"],"legalGameText":"• 2026-2027 \n OSR Required Each Day Dove: Each day of the of the Central Zone \n Dove season (Mourning, White-winged, and Eurasian Collared Dove). Waterfowl: Hunting is allowed each day of the \n Early Teal Season, Youth and Veteran Waterfowl Days, North Zone Duck, Eastern Zone Goose (Early Canada and Dark Goose).. Rabbits, Coyotes & Feral Hogs: May be \n taken while hunting Dove or Waterfowl. Fishing: Rod and reel only.","species":["dove"],"methods":["shotgun"],"access":["aph_walk_in"],"complexes":[],"hasEpostcard":false,"hasRegularPermit":false,"epostcardUrl":"","countySlugs":["milam"],"bookletPage":"98","bookletPdfPage":127,"bookletUrl":"https://tpwd.texas.gov/publications/pwdpubs/media/pwd_bk_w7000_0112a.pdf#page=127","lon":-96.97757,"lat":30.91142},"geometry":{"type":"Polygon","coordinates":[[[-96.97965,30.90535],[-96.9784,30.90586],[-96.97453,30.91681],[-96.97638,30.91735],[-96.98017,30.90807],[-96.97965,30.90535]]]}},{"type":"Feature","id":"2503","properties":{"id":"2503","unitIds":["2503"],"name":"Slover","counties":["Lynn"],"region":"Panhandle","acres":320.0,"type":"dove_lease","pdfUrl":"https://tpwd.texas.gov/huntwild/hunt/public/annual_public_hunting/resources/2503.pdf","aerialPdfUrl":"https://tpwd.texas.gov/huntwild/hunt/public/annual_public_hunting/resources/Slover_2503.pdf","registration":"osr","legalGameTags":["Teal","Waterfowl","Cranes"],"legalGameText":"• 2026-2027 \n OSR Required Each Day \n Dove:Each day of the North Zone Dove season (Mourning, White- \n winged, and Eurasian Collared). Waterfowl: Each day of the Early Teal, High Plains Mallard and \n Western Zone Goose season. Sandhill Crane: Each day of Sandhill Crane season for Zone A. \n NOTE: The playa lake is a seasonal wetland and will sometimes be dry. \n Playa \n Lake","species":["sandhill_crane","teal","waterfowl"],"methods":["shotgun"],"access":["aph_walk_in"],"complexes":[],"hasEpostcard":false,"hasRegularPermit":false,"epostcardUrl":"","countySlugs":["lynn"],"bookletPage":"17","bookletPdfPage":46,"bookletUrl":"https://tpwd.texas.gov/publications/pwdpubs/media/pwd_bk_w7000_0112a.pdf#page=46","lon":-101.76306,"lat":33.12593},"geometry":{"type":"Polygon","coordinates":[[[-101.77168,33.12229],[-101.75436,33.12233],[-101.75435,33.12948],[-101.77173,33.12962],[-101.77168,33.12229]]]}},{"type":"Feature","id":"711","properties":{"id":"711","unitIds":["711"],"name":"Somerville PHL","counties":["Lee","Burleson"],"region":"Austin/Waco","acres":350.0,"type":"phl","pdfUrl":"https://tpwd.texas.gov/huntwild/hunt/public/annual_public_hunting/resources/711_1121.pdf","aerialPdfUrl":"https://tpwd.texas.gov/huntwild/hunt/public/annual_public_hunting/resources/SomervilleAndNailsCreek_1121.pdf","registration":"osr","legalGameTags":["Deer- Archery","Feral Hog","Dove","Teal","Waterfowl","Squirrel","Rabbit","Furbearers","Fishing","Youth Waterfowl","Veteran Waterfowl"],"legalGameText":"• 2026-2027 \n OSR Required Each Day Waterfowl: FLAG POND ONLY. Shooting hours end at \n noon. Hunting is allowed each day of the Early Teal, North Zone Duck, and Extended Falconry seasons.","species":["dove","feral_hog","furbearers","rabbit","squirrel","teal","waterfowl","white_tailed_deer"],"methods":["any_legal","archery","shotgun"],"access":["aph_walk_in","youth"],"complexes":[],"hasEpostcard":false,"hasRegularPermit":false,"epostcardUrl":"","countySlugs":["lee","burleson"],"bookletPage":"94","bookletPdfPage":123,"bookletUrl":"https://tpwd.texas.gov/publications/pwdpubs/media/pwd_bk_w7000_0112a.pdf#page=123","lon":-96.7381,"lat":30.30961},"geometry":{"type":"MultiPolygon","coordinates":[[[[-96.69083,30.28385],[-96.69184,30.28235],[-96.69997,30.281],[-96.70649,30.27445],[-96.71247,30.27274],[-96.71673,30.26783],[-96.71895,30.26889],[-96.72021,30.26714],[-96.72106,30.26785],[-96.72181,30.26366],[-96.73989,30.26116],[-96.73963,30.25601],[-96.74195,30.25794],[-96.74013,30.26117],[-96.742,30.26279],[-96.73976,30.26428],[-96.73836,30.26841],[-96.73694,30.26922],[-96.73128,30.26576],[-96.73103,30.26747],[-96.7358,30.27148],[-96.73495,30.27224],[-96.73312,30.27035],[-96.7294,30.27176],[-96.72621,30.27733],[-96.72274,30.27786],[-96.72022,30.2758],[-96.71882,30.27738],[-96.71362,30.27794],[-96.70795,30.28292],[-96.70412,30.28382],[-96.70709,30.28626],[-96.70346,30.29131],[-96.70473,30.29207],[-96.70161,30.29201],[-96.69083,30.28385]]],[[[-96.68143,30.29556],[-96.675,30.29455],[-96.67113,30.29694],[-96.67486,30.29428],[-96.68146,30.29539],[-96.6901,30.3006],[-96.69428,30.29814],[-96.69985,30.29895],[-96.70212,30.31107],[-96.69596,30.31211],[-96.68981,30.30509],[-96.69001,30.30093],[-96.68143,30.29556]]],[[[-96.74754,30.32835],[-96.74986,30.3262],[-96.74618,30.32322],[-96.74331,30.3262],[-96.74135,30.32295],[-96.74352,30.32098],[-96.74114,30.31995],[-96.75081,30.31175],[-96.75962,30.314],[-96.76033,30.31648],[-96.76187,30.31428],[-96.76509,30.3163],[-96.76657,30.31514],[-96.7629,30.31895],[-96.76626,30.32177],[-96.76968,30.31876],[-96.77645,30.32138],[-96.77231,30.3269],[-96.77731,30.33108],[-96.77337,30.33454],[-96.77014,30.33256],[-96.76822,30.33412],[-96.76396,30.33056],[-96.75452,30.33899],[-96.75517,30.34032],[-96.76046,30.33978],[-96.76169,30.3412],[-96.7611,30.34429],[-96.76511,30.34567],[-96.76916,30.35013],[-96.76566,30.3535],[-96.76075,30.35238],[-96.75975,30.35065],[-96.75335,30.35011],[-96.74582,30.34466],[-96.74509,30.33845],[-96.74853,30.33076],[-96.74754,30.32835]]]]}},{"type":"Feature","id":"2081","properties":{"id":"2081","unitIds":["2081"],"name":"South Alice","counties":["Jim Wells"],"region":"San Antonio/Corpus Christi","acres":173.0,"type":"dove_lease","pdfUrl":"https://tpwd.texas.gov/huntwild/hunt/public/annual_public_hunting/resources/2081.pdf","aerialPdfUrl":"https://tpwd.texas.gov/huntwild/hunt/public/annual_public_hunting/resources/SouthAlice_2081.pdf","registration":"osr","legalGameTags":["Dove"],"legalGameText":"• 2026-2027 \n OSR Required Each Day Dove: Each day of the first split of the South Zone Dove season \n (Mourning, White-winged, White-tipped, Eurasian Collared, and Feral Pigeon).","species":["dove"],"methods":["shotgun"],"access":["aph_walk_in"],"complexes":[],"hasEpostcard":false,"hasRegularPermit":false,"epostcardUrl":"","countySlugs":["jim-wells"],"bookletPage":"144","bookletPdfPage":173,"bookletUrl":"https://tpwd.texas.gov/publications/pwdpubs/media/pwd_bk_w7000_0112a.pdf#page=173","lon":-98.07341,"lat":27.6911},"geometry":{"type":"Polygon","coordinates":[[[-98.07792,27.69437],[-98.07882,27.68787],[-98.06842,27.68797],[-98.06842,27.69437],[-98.07792,27.69437]]]}},{"type":"Feature","id":"2228","properties":{"id":"2228","unitIds":["2228"],"name":"South China Road","counties":["Jefferson"],"region":"Houston/Beaumont","acres":1036.0,"type":"dove_lease","pdfUrl":"https://tpwd.texas.gov/huntwild/hunt/public/annual_public_hunting/resources/2228.pdf","aerialPdfUrl":"https://tpwd.texas.gov/huntwild/hunt/public/annual_public_hunting/resources/SouthChinaRoad_2228.pdf","registration":"osr","legalGameTags":["Dove","Teal","Waterfowl","Other Migratory Birds","Rabbit","Youth Waterfowl","Veteran Waterfowl"],"legalGameText":"• 2026-2027 \n OSR Required Each Day Dove: Each day of the of the Central Zone Dove season \n (Mourning and White-winged). Early Teal: Each day of the Early Teal season. Waterfowl: Each day of the North Zone Duck and \n Eastern Zone Goose seasons. Snipe: Each day of Wilson's Snipe season. Rabbits: May be taken while hunting dove and waterfowl.","species":["dove","other_migratory","rabbit","teal","waterfowl"],"methods":["any_legal","shotgun"],"access":["aph_walk_in","youth"],"complexes":[],"hasEpostcard":false,"hasRegularPermit":false,"epostcardUrl":"","countySlugs":["jefferson"],"bookletPage":"115","bookletPdfPage":144,"bookletUrl":"https://tpwd.texas.gov/publications/pwdpubs/media/pwd_bk_w7000_0112a.pdf#page=144","lon":-94.3517,"lat":29.96769},"geometry":{"type":"Polygon","coordinates":[[[-94.36421,29.97268],[-94.36401,29.95858],[-94.35791,29.95828],[-94.3457,29.95844],[-94.33752,29.97245],[-94.34421,29.97818],[-94.35301,29.97938],[-94.35281,29.97288],[-94.36421,29.97268]]]}},{"type":"Feature","id":"2178","properties":{"id":"2178","unitIds":["2178"],"name":"South Muddig","counties":["Hunt"],"region":"Dallas/Ft. Worth","acres":292.71,"type":"dove_lease","pdfUrl":"https://tpwd.texas.gov/huntwild/hunt/public/annual_public_hunting/resources/2178.pdf","aerialPdfUrl":"https://tpwd.texas.gov/huntwild/hunt/public/annual_public_hunting/resources/SouthMuddig_2178.pdf","registration":"osr","legalGameTags":["Dove"],"legalGameText":"• 2026-2027 \n OSR Required Each Day Dove: Each day of the first split of the North Zone \n Dove season with hunting to end on Oct. 31 (Mourning, White-winged, and Eurasian Collared). \n Information/Registration Station \n Public Hunting Area \n Designated Parking Area \n Stream/bed Trees \n DR Designated Public Hunting Road \n N \n E W \n S","species":["dove"],"methods":["shotgun"],"access":["aph_walk_in"],"complexes":[],"hasEpostcard":false,"hasRegularPermit":false,"epostcardUrl":"","countySlugs":["hunt"],"bookletPage":"61","bookletPdfPage":90,"bookletUrl":"https://tpwd.texas.gov/publications/pwdpubs/media/pwd_bk_w7000_0112a.pdf#page=90","lon":-95.90234,"lat":33.3749},"geometry":{"type":"Polygon","coordinates":[[[-95.90806,33.38091],[-95.90884,33.37066],[-95.89505,33.37049],[-95.89484,33.37751],[-95.90267,33.37758],[-95.90259,33.3809],[-95.90806,33.38091]]]}},{"type":"Feature","id":"2580","properties":{"id":"2580","unitIds":["2580"],"name":"South Place - Canadian River Complex 1","counties":["Armstrong"],"region":"Panhandle","acres":640.0,"type":"dove_lease","pdfUrl":"https://tpwd.texas.gov/huntwild/hunt/public/annual_public_hunting/resources/CanadianRiverComplex1.pdf","aerialPdfUrl":"https://tpwd.texas.gov/huntwild/hunt/public/annual_public_hunting/resources/CanadianRiverComplex1_SouthPlace_2580.pdf","registration":"osr","legalGameTags":["Dove","Teal","Waterfowl","Cranes","Pheasant","Rabbit","Coyotes","Youth Waterfowl","Veteran Waterfowl"],"legalGameText":"• 2026-2027 \n OSR Required Each Day Dove: Each day of the North Zone Dove season (Mourning, White-winged, and \n Eurasian Collared) except on dates the","species":["coyote","dove","pheasant","rabbit","sandhill_crane","teal","waterfowl"],"methods":["any_legal","shotgun"],"access":["aph_walk_in","youth"],"complexes":[],"hasEpostcard":false,"hasRegularPermit":false,"epostcardUrl":"","countySlugs":["armstrong"],"bookletPage":"22","bookletPdfPage":51,"bookletUrl":"https://tpwd.texas.gov/publications/pwdpubs/media/pwd_bk_w7000_0112a.pdf#page=51","lon":-101.10816,"lat":35.17249},"geometry":{"type":"Polygon","coordinates":[[[-101.11676,35.16524],[-101.09927,35.16522],[-101.09963,35.17987],[-101.11709,35.17963],[-101.11676,35.16524]]]}},{"type":"Feature","id":"2524","properties":{"id":"2524","unitIds":["2524"],"name":"Stafford CRP","counties":["Dawson"],"region":"Central Texas","acres":327.0,"type":"dove_lease","pdfUrl":"https://tpwd.texas.gov/huntwild/hunt/public/annual_public_hunting/resources/2524.pdf","aerialPdfUrl":"https://tpwd.texas.gov/huntwild/hunt/public/annual_public_hunting/resources/StaffordCRP_2524.pdf","registration":"osr","legalGameTags":["Dove","Quail"],"legalGameText":"• 2026-2027 \n OSR Required Each Day Dove: Each day of the of the North Zone Dove season (Mourning, \n White-winged, Eurasian Collared, and Feral Pigeon). Quail: Each day of the Quail season ending Jan. 31.","species":["dove","quail"],"methods":["any_legal","shotgun"],"access":["aph_walk_in"],"complexes":[],"hasEpostcard":false,"hasRegularPermit":false,"epostcardUrl":"","countySlugs":["dawson"],"bookletPage":"36","bookletPdfPage":65,"bookletUrl":"https://tpwd.texas.gov/publications/pwdpubs/media/pwd_bk_w7000_0112a.pdf#page=65","lon":-101.94958,"lat":32.66906},"geometry":{"type":"Polygon","coordinates":[[[-101.94213,32.67428],[-101.95919,32.67072],[-101.95712,32.66382],[-101.93986,32.66744],[-101.94213,32.67428]]]}},{"type":"Feature","id":"2251","properties":{"id":"2251","unitIds":["2251"],"name":"State Highway 85","counties":["Frio"],"region":"San Antonio/Corpus Christi","acres":174.0,"type":"dove_lease","pdfUrl":"https://tpwd.texas.gov/huntwild/hunt/public/annual_public_hunting/resources/2251.pdf","aerialPdfUrl":"https://tpwd.texas.gov/huntwild/hunt/public/annual_public_hunting/resources/StateHighway85_2251.pdf","registration":"osr","legalGameTags":["Dove"],"legalGameText":"• 2026-2027 \n OSR Required Each Day Dove: Each day of the First Split of the South Zone Dove season \n (Mourning, White-winged, White-tipped, Eurasian Collared, and Feral Pigeon). \n 85 85 \n C 71 P ch Garci d.) R 4 5 ( a o a R \n Information/Registration Station \n Public Hunting Area \n Designated Parking Area \n Fence \n Road \n Stream/bed","species":["dove"],"methods":["shotgun"],"access":["aph_walk_in"],"complexes":[],"hasEpostcard":false,"hasRegularPermit":false,"epostcardUrl":"","countySlugs":["frio"],"bookletPage":"144","bookletPdfPage":173,"bookletUrl":"https://tpwd.texas.gov/publications/pwdpubs/media/pwd_bk_w7000_0112a.pdf#page=173","lon":-99.27949,"lat":28.66801},"geometry":{"type":"Polygon","coordinates":[[[-99.2831,28.66523],[-99.28108,28.66092],[-99.27869,28.66077],[-99.27607,28.67479],[-99.27935,28.67542],[-99.2831,28.66523]]]}},{"type":"Feature","id":"2577","properties":{"id":"2577","unitIds":["2577"],"name":"Stovall - Canadian River Complex 2","counties":["Carson"],"region":"Panhandle","acres":630.0,"type":"dove_lease","pdfUrl":"https://tpwd.texas.gov/huntwild/hunt/public/annual_public_hunting/resources/CanadianRiverComplex2.pdf","aerialPdfUrl":"https://tpwd.texas.gov/huntwild/hunt/public/annual_public_hunting/resources/CanadianRiverComplex2_Stovall_2577.pdf","registration":"osr","legalGameTags":["Dove","Teal","Waterfowl","Cranes","Pheasant","Rabbit","Coyotes","Youth Waterfowl","Veteran Waterfowl"],"legalGameText":"• 2026-2027 \n OSR Required Each Day Dove: Each day of the North Zone Dove season (Mourning, White-winged, and Eurasian \n Collared) except on dates the","species":["coyote","dove","pheasant","rabbit","sandhill_crane","teal","waterfowl"],"methods":["any_legal","shotgun"],"access":["aph_walk_in","youth"],"complexes":[],"hasEpostcard":false,"hasRegularPermit":false,"epostcardUrl":"","countySlugs":["carson"],"bookletPage":"23","bookletPdfPage":52,"bookletUrl":"https://tpwd.texas.gov/publications/pwdpubs/media/pwd_bk_w7000_0112a.pdf#page=52","lon":-101.35521,"lat":35.36171},"geometry":{"type":"Polygon","coordinates":[[[-101.34649,35.36887],[-101.36404,35.36873],[-101.36402,35.35553],[-101.36184,35.35663],[-101.36229,35.35426],[-101.34996,35.35431],[-101.3464,35.35601],[-101.34649,35.36887]]]}},{"type":"Feature","id":"715","properties":{"id":"715","unitIds":["715"],"name":"Taormina Unit - Las Palomas WMA","counties":["Hidalgo"],"region":"San Antonio/Corpus Christi","acres":600.0,"type":"wma","pdfUrl":"https://tpwd.texas.gov/huntwild/hunt/public/annual_public_hunting/resources/710_715_718.pdf","aerialPdfUrl":"https://tpwd.texas.gov/huntwild/hunt/public/annual_public_hunting/resources/LasPalomasTaormina_715.pdf","registration":"osr","legalGameTags":["Dove","Quail","Chachalaca","Rabbit"],"legalGameText":"• 2026-2027 \n OSR Required Each Day Dove: Each day of South Zone Dove and Falconry Dove Seasons. Quail: Each day of the Quail season. Chachalaca: Each day of the Chachalaca season. Rabbits & Hares: Concurrent with hunt dates for dove and quail.","species":["chachalaca","dove","quail","rabbit"],"methods":["any_legal","shotgun"],"access":["aph_walk_in"],"complexes":[],"hasEpostcard":false,"hasRegularPermit":false,"epostcardUrl":"","countySlugs":["hidalgo"],"bookletPage":"140","bookletPdfPage":169,"bookletUrl":"https://tpwd.texas.gov/publications/pwdpubs/media/pwd_bk_w7000_0112a.pdf#page=169","lon":-98.03148,"lat":26.11205},"geometry":{"type":"Polygon","coordinates":[[[-98.0218,26.12267],[-98.02737,26.12345],[-98.0286,26.11627],[-98.03655,26.11738],[-98.0378,26.11019],[-98.04171,26.11075],[-98.04233,26.10716],[-98.04424,26.10743],[-98.04419,26.10375],[-98.03504,26.10246],[-98.03376,26.1096],[-98.0269,26.10868],[-98.02496,26.10549],[-98.02169,26.10922],[-98.02172,26.11164],[-98.02525,26.11212],[-98.02462,26.11571],[-98.02174,26.11531],[-98.0218,26.12267]]]}},{"type":"Feature","id":"708","properties":{"id":"708","unitIds":["708"],"name":"Tawakoni WMA","counties":["Hunt","Rains","Van Zandt"],"region":"Dallas/Ft. Worth","acres":null,"type":"wma","pdfUrl":"https://tpwd.texas.gov/huntwild/hunt/public/annual_public_hunting/resources/708.pdf","aerialPdfUrl":"https://tpwd.texas.gov/huntwild/hunt/public/annual_public_hunting/resources/Tawakoni_708.pdf","registration":"osr","legalGameTags":["Deer - Archery","Feral Hog","Dove","Teal","Waterfowl","Other Migratory Birds","Squirrel","Rabbit","Furbearers","Fishing","Youth/Adult Squirrel","Youth Waterfowl","Veteran Waterfowl"],"legalGameText":"• 2026-2027 \n Archery Only White-tailed Deer Season: Oct. 3-Jan. 3. \n Bag limit - 3 deer (either sex, no more than 1 buck). Legal buck must have at least one unbranched antler or an inside spread of at least 13 inches. Feral Hogs: (no bag limit) \n Archery Only Season: No closed season. See “Special \n Regulations”. General Season: Jan. 4-May 31. Shotguns (with slugs or \n buckshot) and archery. Dove: First Split Central Zone ONLY. Waterfowl: Shooting hours are one half hour before sunrise to \n noon except all day hunting is allowed for Early Teal. Hunting is allowed each day of the Early Teal, North Zone Duck and Eastern Zone Goose seasons. Snipe and Woodcock: May be taken during the open \n seasons for these species. Squirrel, Rabbits & Hares, & Racoons: Oct. 1-Feb. 28 \n and May 1-31. Fishing: No permit required. Bullfrogs: (No firearms) Daily limit of 25.","species":["dove","feral_hog","furbearers","other_migratory","rabbit","squirrel","teal","waterfowl","white_tailed_deer"],"methods":["any_legal","archery","shotgun"],"access":["aph_walk_in","youth","youth_adult"],"complexes":[],"hasEpostcard":false,"hasRegularPermit":false,"epostcardUrl":"","countySlugs":["hunt","rains","van-zandt"],"bookletPage":"63","bookletPdfPage":92,"bookletUrl":"https://tpwd.texas.gov/publications/pwdpubs/media/pwd_bk_w7000_0112a.pdf#page=92","lon":-96.02652,"lat":32.95458},"geometry":{"type":"MultiPolygon","coordinates":[[[[-96.06855,32.82719],[-96.06995,32.82374],[-96.07427,32.82368],[-96.07425,32.83808],[-96.07131,32.83809],[-96.06977,32.84336],[-96.06177,32.83757],[-96.06167,32.82734],[-96.06855,32.82719]]],[[[-96.11606,32.93671],[-96.11491,32.93804],[-96.11871,32.93302],[-96.12792,32.933],[-96.12795,32.94557],[-96.12486,32.94577],[-96.11606,32.93671]]],[[[-95.97623,33.00208],[-95.98113,33.00216],[-95.98133,32.99373],[-95.98869,32.9935],[-95.98905,32.98695],[-95.99629,32.98701],[-95.99645,32.99242],[-96.00361,32.9935],[-96.01074,32.99242],[-96.00869,32.99345],[-96.00871,32.99725],[-96.00407,33.0024],[-96.00533,33.00521],[-96.00204,33.00818],[-96.00343,33.00892],[-95.98393,33.00877],[-95.98296,33.00647],[-95.97613,33.00628],[-95.97623,33.00208]]],[[[-95.97049,33.01075],[-95.97151,33.00633],[-95.97866,33.00648],[-95.97924,33.01381],[-95.97301,33.01373],[-95.97274,33.01081],[-95.97049,33.01075]]]]}},{"type":"Feature","id":"751","properties":{"id":"751","unitIds":["751"],"name":"Taylor Lakes Unit - Playa Lakes WMA","counties":["Donley"],"region":"Panhandle","acres":525.0,"type":"wma","pdfUrl":"https://tpwd.texas.gov/huntwild/hunt/public/annual_public_hunting/resources/751.pdf","aerialPdfUrl":"https://tpwd.texas.gov/huntwild/hunt/public/annual_public_hunting/resources/PlayaLakesTaylor_751.pdf","registration":"osr","legalGameTags":["Feral Hog","Dove","Teal","Rabbit","E-Postcard Waterfowl","E-Postcard Youth/Adult Waterfowl"],"legalGameText":"• 2026-2027 \n OSR Required. Dove: Each day of the first split of North Zone Dove season. Teal: Each day of the Early Teal Season. Archery Only Feral Hog: Feb. 1-Apr. 2 and Apr.5-Aug. 31. \n (no bag limit). Baiting allowed during hunt period only. Rabbits and Hares: (Shotgun only) Concurrent with dove \n hunts.","species":["dove","feral_hog","rabbit","teal","waterfowl"],"methods":["any_legal","shotgun"],"access":["aph_walk_in","e_postcard"],"complexes":[],"hasEpostcard":true,"hasRegularPermit":false,"epostcardUrl":"https://tpwd.texas.gov/huntwild/hunt/public/public_hunt_drawing/hunt-area-details.phtml?OArea=TL","countySlugs":["donley"],"bookletPage":"6","bookletPdfPage":35,"bookletUrl":"https://tpwd.texas.gov/publications/pwdpubs/media/pwd_bk_w7000_0112a.pdf#page=35","lon":-100.786,"lat":34.89902},"geometry":{"type":"Polygon","coordinates":[[[-100.78746,34.89109],[-100.78757,34.89422],[-100.77639,34.89434],[-100.77659,34.90341],[-100.78167,34.90548],[-100.79422,34.90533],[-100.7939,34.89096],[-100.78746,34.89109]]]}},{"type":"Feature","id":"785","properties":{"id":"785","unitIds":["785"],"name":"Teacup Mountain WMA","counties":["Foard","Hardeman"],"region":"Panhandle","acres":11091.0,"type":"wma","pdfUrl":"https://tpwd.texas.gov/huntwild/hunt/public/annual_public_hunting/resources/785.pdf","aerialPdfUrl":"https://tpwd.texas.gov/huntwild/hunt/public/annual_public_hunting/resources/TeacupMountain_785.pdf","registration":"osr","legalGameTags":["Feral Hog","Dove","Teal","Quail","Coyotes","Youth Waterfowl","Veteran Waterfowl"],"legalGameText":"• 2026-2027 \n OSR Required Each Day There are NO DEER HUNTS by APH Permit on this area. Dove: Each day of North Zone Dove Season. Quail: Each day of the Statewide Quail Season except on dates","species":["coyote","dove","feral_hog","quail","teal","waterfowl"],"methods":["any_legal","shotgun"],"access":["aph_walk_in","youth"],"complexes":[],"hasEpostcard":false,"hasRegularPermit":false,"epostcardUrl":"","countySlugs":["foard","hardeman"],"bookletPage":"11","bookletPdfPage":40,"bookletUrl":"https://tpwd.texas.gov/publications/pwdpubs/media/pwd_bk_w7000_0112a.pdf#page=40","lon":-99.83224,"lat":34.09173},"geometry":{"type":"Polygon","coordinates":[[[-99.78281,34.10171],[-99.79131,34.10829],[-99.79535,34.11455],[-99.8009,34.11463],[-99.80102,34.12078],[-99.81843,34.121],[-99.81851,34.11488],[-99.836,34.115],[-99.83606,34.10057],[-99.85356,34.1007],[-99.85339,34.11526],[-99.8885,34.11555],[-99.88893,34.10096],[-99.90621,34.10126],[-99.90582,34.08657],[-99.87098,34.08676],[-99.87101,34.09529],[-99.85363,34.09525],[-99.85359,34.08681],[-99.84925,34.08684],[-99.84777,34.05594],[-99.83013,34.05554],[-99.83017,34.07],[-99.81272,34.06998],[-99.81263,34.06712],[-99.80833,34.06713],[-99.80922,34.06103],[-99.80733,34.05803],[-99.80756,34.05231],[-99.80192,34.05229],[-99.80181,34.07116],[-99.78435,34.07119],[-99.78408,34.08557],[-99.77553,34.08563],[-99.77552,34.09192],[-99.78281,34.10171]]]}},{"type":"Feature","id":"2581","properties":{"id":"2581","unitIds":["2581"],"name":"Temprano - Canadian River Complex 5","counties":["Hutchinson"],"region":"Panhandle","acres":640.0,"type":"dove_lease","pdfUrl":"https://tpwd.texas.gov/huntwild/hunt/public/annual_public_hunting/resources/CanadianRiverComplex5.pdf","aerialPdfUrl":"https://tpwd.texas.gov/huntwild/hunt/public/annual_public_hunting/resources/CanadianRiverComplex5_Temprano_2581.pdf","registration":"osr","legalGameTags":["Dove","Teal","Waterfowl","Cranes","Pheasant","Rabbit","Coyotes","Youth Waterfowl","Veteran Waterfowl"],"legalGameText":"• 2026-2027 \n OSR Required Each Day Dove: Each day of the North Zone Dove season (Mourning, \n White-winged, and Eurasian Collared) except on dates the","species":["coyote","dove","pheasant","rabbit","sandhill_crane","teal","waterfowl"],"methods":["any_legal","shotgun"],"access":["aph_walk_in","youth"],"complexes":[],"hasEpostcard":false,"hasRegularPermit":false,"epostcardUrl":"","countySlugs":["hutchinson"],"bookletPage":"26","bookletPdfPage":55,"bookletUrl":"https://tpwd.texas.gov/publications/pwdpubs/media/pwd_bk_w7000_0112a.pdf#page=55","lon":-101.55387,"lat":35.94998},"geometry":{"type":"Polygon","coordinates":[[[-101.56467,35.94417],[-101.54308,35.94414],[-101.54302,35.95581],[-101.56473,35.9558],[-101.56467,35.94417]]]}},{"type":"Feature","id":"2571","properties":{"id":"2571","unitIds":["2571"],"name":"Texas Roberts - Canadian River Complex 7","counties":["Ochiltree"],"region":"Panhandle","acres":1625.0,"type":"dove_lease","pdfUrl":"https://tpwd.texas.gov/huntwild/hunt/public/annual_public_hunting/resources/CanadianRiverComplex7.pdf","aerialPdfUrl":"https://tpwd.texas.gov/huntwild/hunt/public/annual_public_hunting/resources/CanadianRiverComplex7_TexasRoberts_2571.pdf","registration":"osr","legalGameTags":["Dove","Teal","Waterfowl","Cranes","Pheasant","Rabbit","Coyotes","Youth Waterfowl","Veteran Waterfowl"],"legalGameText":"• 2026-2027 \n OSR Required Each Day Dove: Each day of the North Zone Dove season (Mourning, White-winged, and Eurasian \n Collared) except on dates the","species":["coyote","dove","pheasant","rabbit","sandhill_crane","teal","waterfowl"],"methods":["any_legal","shotgun"],"access":["aph_walk_in","youth"],"complexes":[],"hasEpostcard":false,"hasRegularPermit":false,"epostcardUrl":"","countySlugs":["ochiltree"],"bookletPage":"28","bookletPdfPage":57,"bookletUrl":"https://tpwd.texas.gov/publications/pwdpubs/media/pwd_bk_w7000_0112a.pdf#page=57","lon":-100.97173,"lat":36.1384},"geometry":{"type":"Polygon","coordinates":[[[-100.98683,36.12824],[-100.94641,36.12828],[-100.94639,36.13606],[-100.9664,36.13626],[-100.96658,36.15257],[-100.98669,36.15259],[-100.98683,36.12824]]]}},{"type":"Feature","id":"712","properties":{"id":"712","unitIds":["712"],"name":"Tony Houseman / Blue Elbow Swamp  WMA","counties":["Orange"],"region":"Houston/Beaumont","acres":4328.0,"type":"wma","pdfUrl":"https://tpwd.texas.gov/huntwild/hunt/public/annual_public_hunting/resources/712.pdf","aerialPdfUrl":"https://tpwd.texas.gov/huntwild/hunt/public/annual_public_hunting/resources/TonyHouseman_712.pdf","registration":"osr","legalGameTags":["Feral Hog","Exotic Mammals","Dove","Teal","Waterfowl","Other Migratory Birds","Squirrel","Rabbit","Coyotes","Furbearers","Fishing","Youth/Adult Squirrel","Youth Waterfowl","Veteran Waterfowl"],"legalGameText":"2026-2027 \n OSR Required Each Day Feral Hogs and Exotic Mammals: (no bag limit) No closed season. Only legal firearms (except \n shotguns with buckshot), air guns, arrow guns, archery equipment, and crossbows may be used. No baiting allowed. Waterfowl: Shooting hours end at noon. Hunting is allowed each day of the Early Teal Season \n and on Tuesday, Thursday and Saturday of the North Zone Duck, Falconry, and Eastern Zone Goose seasons Woodcock, Rail and Gallinule: Each day of the regular Statewide and Falconry seasons for \n these species. Snipe: Each day of Statewide Season. Dove: : Each day of Central Zone Dove and Falconry Season. Squirrel: Each day of East Texas Squirrel Season. Furbearers and Predators: (Limit 1 per day) No closed season. Concurrent shooting hours for \n feral hog. Rabbits & Hares Crayfish Fishing","species":["coyote","dove","exotic_mammals","feral_hog","furbearers","other_migratory","rabbit","squirrel","teal","waterfowl"],"methods":["any_legal","shotgun"],"access":["aph_walk_in","youth","youth_adult"],"complexes":[],"hasEpostcard":false,"hasRegularPermit":false,"epostcardUrl":"","countySlugs":["orange"],"bookletPage":"120","bookletPdfPage":149,"bookletUrl":"https://tpwd.texas.gov/publications/pwdpubs/media/pwd_bk_w7000_0112a.pdf#page=149","lon":-93.71863,"lat":30.13705},"geometry":{"type":"MultiPolygon","coordinates":[[[[-93.7086,30.12072],[-93.70344,30.11571],[-93.70488,30.11144],[-93.71519,30.10867],[-93.71675,30.11154],[-93.72444,30.11037],[-93.72915,30.11312],[-93.72918,30.11796],[-93.71748,30.12046],[-93.70197,30.12703],[-93.70255,30.12297],[-93.70658,30.1228],[-93.7086,30.12072]]],[[[-93.69361,30.13586],[-93.69886,30.13958],[-93.70177,30.13841],[-93.70208,30.12742],[-93.71828,30.12061],[-93.73357,30.11924],[-93.73943,30.12933],[-93.7446,30.12668],[-93.74486,30.13554],[-93.74006,30.14048],[-93.74094,30.14194],[-93.73078,30.14215],[-93.72506,30.14423],[-93.72554,30.14647],[-93.74219,30.14472],[-93.74233,30.14858],[-93.71883,30.14937],[-93.71921,30.14713],[-93.71322,30.14335],[-93.71136,30.14742],[-93.70748,30.14635],[-93.69855,30.15254],[-93.69663,30.15107],[-93.69432,30.14202],[-93.68945,30.14078],[-93.69361,30.13586]]],[[[-93.70655,30.15127],[-93.71002,30.14785],[-93.7125,30.15141],[-93.70655,30.15127]]],[[[-93.7072,30.15287],[-93.71306,30.15194],[-93.71439,30.15368],[-93.71846,30.15329],[-93.72914,30.15718],[-93.72301,30.15932],[-93.72191,30.16138],[-93.71368,30.16017],[-93.71197,30.16152],[-93.707,30.15926],[-93.70818,30.15786],[-93.7072,30.15287]]],[[[-93.71196,30.16166],[-93.7137,30.16031],[-93.722,30.1615],[-93.72308,30.15944],[-93.72872,30.15837],[-93.7294,30.15701],[-93.73238,30.16353],[-93.73143,30.16608],[-93.70256,30.16575],[-93.70341,30.16165],[-93.70637,30.15924],[-93.71196,30.16166]]]]}},{"type":"Feature","id":"1121-165","properties":{"id":"1121-165","unitIds":["1121"],"name":"Trailway Flag Pond - Lake Somerville SP","counties":["Lee","Burleson"],"region":"Austin/Waco","acres":null,"type":"state_park","pdfUrl":"https://tpwd.texas.gov/huntwild/hunt/public/annual_public_hunting/resources/711_1121.pdf","aerialPdfUrl":"https://tpwd.texas.gov/huntwild/hunt/public/annual_public_hunting/resources/SomervilleAndNailsCreek_1121.pdf","registration":"osr","legalGameTags":["Teal","Waterfowl","Youth Waterfowl","Veteran Waterfowl"],"legalGameText":"• 2026-2027 \n OSR Required Each Day Waterfowl: FLAG POND ONLY. Shooting hours end at \n noon. Hunting is allowed each day of the Early Teal, North Zone Duck, and Extended Falconry seasons.","species":["teal","waterfowl"],"methods":["shotgun"],"access":["aph_walk_in","youth"],"complexes":[],"hasEpostcard":false,"hasRegularPermit":false,"epostcardUrl":"","countySlugs":["lee","burleson"],"bookletPage":"94","bookletPdfPage":123,"bookletUrl":"https://tpwd.texas.gov/publications/pwdpubs/media/pwd_bk_w7000_0112a.pdf#page=123","lon":-96.69622,"lat":30.30504},"geometry":{"type":"Polygon","coordinates":[[[-96.69005,30.30069],[-96.69055,30.30516],[-96.69613,30.31227],[-96.69846,30.31172],[-96.697,30.31392],[-96.70162,30.31122],[-96.69987,30.29919],[-96.69463,30.298],[-96.69005,30.30069]]]}},{"type":"Feature","id":"740","properties":{"id":"740","unitIds":["740"],"name":"Tucker Unit - Las Palomas WMA","counties":["Cameron"],"region":"San Antonio/Corpus Christi","acres":175.0,"type":"wma","pdfUrl":"https://tpwd.texas.gov/huntwild/hunt/public/annual_public_hunting/resources/740.pdf","aerialPdfUrl":"https://tpwd.texas.gov/huntwild/hunt/public/annual_public_hunting/resources/LasPalomasTucker_740.pdf","registration":"osr","legalGameTags":["Dove","Quail","Chachalaca","Rabbit"],"legalGameText":"• 2026-2027 \n OSR Required Each Day Dove: Each day of South Zone Dove and Falconry Dove seasons. Chachalaca: Each day of the Chachalaca season Quail: Each day of the Quail season. Rabbits & Hares: Concurrent with hunt dates for dove and quail.","species":["chachalaca","dove","quail","rabbit"],"methods":["any_legal","shotgun"],"access":["aph_walk_in"],"complexes":[],"hasEpostcard":false,"hasRegularPermit":false,"epostcardUrl":"","countySlugs":["cameron"],"bookletPage":"139","bookletPdfPage":168,"bookletUrl":"https://tpwd.texas.gov/publications/pwdpubs/media/pwd_bk_w7000_0112a.pdf#page=168","lon":-97.69909,"lat":26.09193},"geometry":{"type":"Polygon","coordinates":[[[-97.69974,26.09401],[-97.70379,26.09591],[-97.70802,26.09036],[-97.70646,26.08922],[-97.70515,26.09068],[-97.70202,26.08839],[-97.69827,26.09258],[-97.69202,26.08801],[-97.68949,26.09083],[-97.69444,26.09441],[-97.69974,26.09401]]]}},{"type":"Feature","id":"502","properties":{"id":"502","unitIds":["502"],"name":"Twin Buttes PHL","counties":["Tom Green"],"region":"Central Texas","acres":12858.0,"type":"phl","pdfUrl":"https://tpwd.texas.gov/huntwild/hunt/public/annual_public_hunting/resources/502.pdf","aerialPdfUrl":"https://tpwd.texas.gov/huntwild/hunt/public/annual_public_hunting/resources/TwinButtes_502.pdf","registration":"osr","legalGameTags":["Deer - Archery","Deer","Feral hogs","Exotic Mammals","Turkey","Javelina","Dove","Teal","Waterfowl","Quail","Squirrel","Rabbit","Coyotes","Furbearers","Fishing","Youth Deer","Youth Waterfowl","Veteran Waterfowl"],"legalGameText":"Box • 2026-2027 \n OSR Required Each Day White-tailed Deer: Bag limit - 2 deer either sex; not to exceed 1 buck (all seasons combined). Hunting is allowed each day of the Archery, General, and Late Seasons as established for Tom Green County. Shotguns with slugs, muzzleloaders, archery equipment, and pre-charged pneumatic air rifles/arrow guns are the only legal means allowed for general and late seasons. Feral Hogs, Exotic Mammals and Furbearers: Daylight hours \n only. Concurrent while hunting White-tailed Deer with hunting to end Feb. 21 (no bag limit). Javelina: Bag limit 2 (either sex; all seasons combined). Concurrent \n while hunting White-tailed Deer with hunting to end Feb. 21. Rio Grande Turkey: Bag limit 4 (all seasons combined). Hunting is \n allowed each day of the Archery, Fall, and Spring Seasons as established for Tom Green County. Waterfowl: Shooting hours are one half hour before sunrise to noon. \n Hunting is allowed each day of the Early Teal, High Plains Mallard Management, and Western Zone Goose seasons. Dove: Each day of the first split of the Central Zone Dove season. Quail, Squirrel, Rabbits & Hares: Jan. 1-Feb. 21. Trapping: Jan. 1-Feb. 21. Fishing: No closed season. \n NOTE: On the water recreationists, (including fishing from a vessel) are exempt from the hunter orange requirement. \n Notice: Children 16 and under are required to be accompanied by an adult with a current LPU or APH permit. \n Tom Green \n County \n Twin Buttes PHL \n Unit #502 12,858 acres \n Designated Parking Area \n Information/Registration Station \n Designated Access Point \n Twin Buttes Boundary \n Pond/Lake \n Archery Hunting Only \n Designated Camping Area \n Public Hunting Area Walk-In Compartment \n Compartment Number 1-10 \n Designated Public Hunting Road DR \n Fence \n ATV Trail \n ADA Compliant Access Trail \n No Public Access \n Boat Ramp \n Public Hunting Area \n Archery Hunting Only (Walk-In) \n 1 \n 2 \n 3 4 \n 5 \n 6 \n 7 \n 8 \n 9 \n 10","species":["coyote","dove","exotic_mammals","feral_hog","furbearers","javelina","quail","rabbit","squirrel","teal","turkey","waterfowl","white_tailed_deer"],"methods":["any_legal","archery","shotgun"],"access":["aph_walk_in","youth"],"complexes":[],"hasEpostcard":false,"hasRegularPermit":false,"epostcardUrl":"","countySlugs":["tom-green"],"bookletPage":"43","bookletPdfPage":72,"bookletUrl":"https://tpwd.texas.gov/publications/pwdpubs/media/pwd_bk_w7000_0112a.pdf#page=72","lon":-100.54128,"lat":31.34767},"geometry":{"type":"Polygon","coordinates":[[[-100.48351,31.31892],[-100.4775,31.31822],[-100.48053,31.31287],[-100.47466,31.30948],[-100.47141,31.30369],[-100.48632,31.30399],[-100.48723,31.30263],[-100.48534,31.30154],[-100.48801,31.30153],[-100.49267,31.29378],[-100.49142,31.28717],[-100.49344,31.28727],[-100.49376,31.28407],[-100.50333,31.28445],[-100.50436,31.27216],[-100.50108,31.27121],[-100.50047,31.26871],[-100.5051,31.26263],[-100.50404,31.26489],[-100.50797,31.28762],[-100.5119,31.30051],[-100.51584,31.29931],[-100.51669,31.30243],[-100.51502,31.30283],[-100.51479,31.3073],[-100.51125,31.30555],[-100.5095,31.30787],[-100.5119,31.31631],[-100.51088,31.32973],[-100.5227,31.34613],[-100.5277,31.34225],[-100.53188,31.34292],[-100.53486,31.34039],[-100.53583,31.33288],[-100.54087,31.34119],[-100.54595,31.33881],[-100.55012,31.33028],[-100.55321,31.33035],[-100.55654,31.32763],[-100.56113,31.32949],[-100.56245,31.32447],[-100.56395,31.3239],[-100.56351,31.32716],[-100.56481,31.327],[-100.56732,31.33115],[-100.57593,31.33029],[-100.57567,31.32863],[-100.57839,31.32725],[-100.58938,31.33362],[-100.60094,31.33127],[-100.58511,31.33921],[-100.58233,31.33865],[-100.58138,31.33509],[-100.57753,31.33517],[-100.57377,31.34013],[-100.56569,31.3431],[-100.5657,31.34864],[-100.57559,31.3552],[-100.58604,31.35451],[-100.59094,31.35858],[-100.59622,31.35568],[-100.59707,31.35672],[-100.59465,31.36015],[-100.59468,31.36333],[-100.60588,31.36974],[-100.60952,31.36868],[-100.6127,31.37146],[-100.61608,31.37161],[-100.6188,31.37565],[-100.61401,31.37622],[-100.61335,31.38722],[-100.61148,31.38855],[-100.61272,31.38997],[-100.60709,31.39021],[-100.60708,31.38823],[-100.60055,31.38818],[-100.60057,31.38331],[-100.60492,31.38107],[-100.60243,31.37744],[-100.59586,31.37779],[-100.5914,31.37496],[-100.58783,31.36747],[-100.57389,31.3665],[-100.57452,31.37189],[-100.57959,31.37762],[-100.57095,31.37525],[-100.56858,31.37872],[-100.55558,31.37726],[-100.55699,31.39395],[-100.56143,31.39723],[-100.56139,31.40008],[-100.54017,31.39909],[-100.53725,31.39429],[-100.53427,31.39434],[-100.52955,31.38973],[-100.53416,31.38469],[-100.53721,31.38743],[-100.5393,31.38324],[-100.53381,31.37289],[-100.52904,31.37293],[-100.52007,31.36602],[-100.51676,31.36628],[-100.51423,31.36398],[-100.51102,31.36398],[-100.5062,31.36939],[-100.50336,31.36942],[-100.50198,31.36761],[-100.51249,31.3588],[-100.5195,31.35885],[-100.51947,31.35682],[-100.50081,31.32611],[-100.49852,31.32418],[-100.48207,31.32419],[-100.48113,31.32034],[-100.48351,31.31892]]]}},{"type":"Feature","id":"2550","properties":{"id":"2550","unitIds":["2550"],"name":"Vara","counties":["Floyd"],"region":"Panhandle","acres":200.0,"type":"dove_lease","pdfUrl":"https://tpwd.texas.gov/huntwild/hunt/public/annual_public_hunting/resources/2550.pdf","aerialPdfUrl":"https://tpwd.texas.gov/huntwild/hunt/public/annual_public_hunting/resources/Vara_2550.pdf","registration":"osr","legalGameTags":["Dove","Teal","Waterfowl","Cranes","Pheasant","Rabbit"],"legalGameText":"• 2026-2027 \n OSR Required Each Day Dove: Each day of the North Zone Dove season (Mourning, White- \n winged, and Eurasian Collared). Ducks: Each day of the Early Teal season, Youth and Veteran Waterfowl \n days, and the High Plains Mallard seasons. Geese: Each day of the Western Zone seasons. Pheasant: Each day of Pheasant season for Floyd County. Sandhill Crane: Each day of Sandhill Crane season for Zone A. Rabbits and Hares: Concurrent with dove, pheasant, crane, and \n waterfowl seasons.","species":["dove","pheasant","rabbit","sandhill_crane","teal","waterfowl"],"methods":["any_legal","shotgun"],"access":["aph_walk_in"],"complexes":[],"hasEpostcard":false,"hasRegularPermit":false,"epostcardUrl":"","countySlugs":["floyd"],"bookletPage":"9","bookletPdfPage":38,"bookletUrl":"https://tpwd.texas.gov/publications/pwdpubs/media/pwd_bk_w7000_0112a.pdf#page=38","lon":-101.3889,"lat":34.00252},"geometry":{"type":"Polygon","coordinates":[[[-101.38334,34.00623],[-101.39457,34.0058],[-101.39459,33.99893],[-101.3832,33.99915],[-101.38334,34.00623]]]}},{"type":"Feature","id":"2507","properties":{"id":"2507","unitIds":["2507"],"name":"Warrick","counties":["Lynn"],"region":"Panhandle","acres":320.0,"type":"dove_lease","pdfUrl":"https://tpwd.texas.gov/huntwild/hunt/public/annual_public_hunting/resources/2507.pdf","aerialPdfUrl":"https://tpwd.texas.gov/huntwild/hunt/public/annual_public_hunting/resources/Warrick_2507.pdf","registration":"osr","legalGameTags":["Deer","Dove","Quail"],"legalGameText":"• 2026-2027 \n OSR Required Each Day Archery White-tailed Deer: Bag Limit 1 Antlerless only. Open each day \n of the Archery and General White-tailed Deer seasons for Lynn county. Dove: Each day of the of the North Zone Dove season (Mourning, White- \n winged, Eurasian Collared, and Feral Pigeon). Quail: Each day of Quail season for Lynn county.","species":["dove","quail","white_tailed_deer"],"methods":["any_legal","shotgun"],"access":["aph_walk_in"],"complexes":[],"hasEpostcard":false,"hasRegularPermit":false,"epostcardUrl":"","countySlugs":["lynn"],"bookletPage":"18","bookletPdfPage":47,"bookletUrl":"https://tpwd.texas.gov/publications/pwdpubs/media/pwd_bk_w7000_0112a.pdf#page=47","lon":-101.62275,"lat":33.03779},"geometry":{"type":"Polygon","coordinates":[[[-101.63147,33.0414],[-101.6315,33.0342],[-101.61407,33.03413],[-101.61402,33.04141],[-101.63147,33.0414]]]}},{"type":"Feature","id":"2315","properties":{"id":"2315","unitIds":["2315","2314","2548","2560"],"name":"Washington-Fayette County Complex","counties":["Washington"],"region":"Austin/Waco","acres":110.0,"type":"dove_lease","pdfUrl":"https://tpwd.texas.gov/huntwild/hunt/public/annual_public_hunting/resources/Washington_FayetteCountyComplex.pdf","aerialPdfUrl":"https://tpwd.texas.gov/huntwild/hunt/public/annual_public_hunting/resources/CarmineEast_2315.pdf","registration":"osr","legalGameTags":["Dove"],"legalGameText":"• 2026-2027 \n OSR Required Each Day Dove: Each day of the first split of the Central \n Zone Dove season (Mourning and White- winged). \n Information Station \n Public Hunting Area \n Designated Public Hunting Road DR \n County Line \n Stream/bed \n Pond/Lake \n Fence \n Designated Cross-Over \n Designated Parking Area \n X \n CAUTION: “Hunters may encounter ‘Free-Roaming Pets’ \n and tame ducks!” \n 0.125 0.5 0 0.25 \n APPROXIMATE SCALE IN MILES \n Upshaw \n Road Ledbetter \n Burton \n Fayette County \n Washington \n County \n Lee County \n l Hil ’s a R d o \n Cem e y et r \n a W ld c e k \n ad Ro an k S d oc R \n To Giddings \n To LaGrange \n 290 \n 290 \n 458 \n 1291 \n 1291 2145 237 \n Washington-Fayette County Complex \n Carmine West (Unit #2314) 170 acres \n Carmine East (Unit #2315) 110 acres \n Gerland (Unit #2548) 357 acres \n Trailer Park Road (Unit #2560) 88 acres \n Washington \n Fayette","species":["dove"],"methods":["shotgun"],"access":["aph_walk_in"],"complexes":["Carmine East","Carmine West","Gerland","Trailer Park Road"],"hasEpostcard":false,"hasRegularPermit":false,"epostcardUrl":"","countySlugs":["washington"],"bookletPage":"102","bookletPdfPage":131,"bookletUrl":"https://tpwd.texas.gov/publications/pwdpubs/media/pwd_bk_w7000_0112a.pdf#page=131","lon":-96.6843,"lat":30.14781},"geometry":{"type":"MultiPolygon","coordinates":[[[[-96.72032,30.14422],[-96.7217,30.14312],[-96.71796,30.13996],[-96.71973,30.13835],[-96.72908,30.14404],[-96.72145,30.14518],[-96.72032,30.14422]]],[[[-96.65499,30.14284],[-96.65655,30.1415],[-96.65366,30.13906],[-96.65821,30.13494],[-96.6606,30.13799],[-96.6633,30.13565],[-96.67362,30.14454],[-96.6688,30.14902],[-96.66236,30.14359],[-96.65881,30.14652],[-96.65499,30.14284]]],[[[-96.6767,30.15105],[-96.67872,30.15274],[-96.68234,30.15179],[-96.68389,30.15309],[-96.68241,30.15607],[-96.68116,30.15494],[-96.67869,30.15719],[-96.67235,30.1517],[-96.6767,30.15105]]],[[[-96.70988,30.16252],[-96.7124,30.1604],[-96.70613,30.15504],[-96.70807,30.15312],[-96.71966,30.1616],[-96.71432,30.16619],[-96.70988,30.16252]]]]}},{"type":"Feature","id":"2564","properties":{"id":"2564","unitIds":["2564"],"name":"Weets Farm North - Delta County Complex","counties":["Delta"],"region":"Dallas/Ft. Worth","acres":415.0,"type":"dove_lease","pdfUrl":"https://tpwd.texas.gov/huntwild/hunt/public/annual_public_hunting/resources/DeltaCountyComplex.pdf","aerialPdfUrl":"https://tpwd.texas.gov/huntwild/hunt/public/annual_public_hunting/resources/WeetsFarmNorth_2564.pdf","registration":"osr","legalGameTags":["Dove"],"legalGameText":"• 2026-2027 \n OSR Required Each Day Dove: Each day of the first split of the North Zone Dove season \n with hunting to end on Oct. 31 (Mourning, White-winged, and Eurasian Collared). \n Designated Parking Area \n Information/Registration Station \n Trees \n Public Hunting Area \n Stream/bed \n Pond/Lake \n N \n E W \n S","species":["dove"],"methods":["shotgun"],"access":["aph_walk_in"],"complexes":[],"hasEpostcard":false,"hasRegularPermit":false,"epostcardUrl":"","countySlugs":["delta"],"bookletPage":"53","bookletPdfPage":82,"bookletUrl":"https://tpwd.texas.gov/publications/pwdpubs/media/pwd_bk_w7000_0112a.pdf#page=82","lon":-95.74788,"lat":33.41749},"geometry":{"type":"Polygon","coordinates":[[[-95.75343,33.42521],[-95.75357,33.42257],[-95.7549,33.42261],[-95.75487,33.41539],[-95.7513,33.41538],[-95.75145,33.41021],[-95.74056,33.41019],[-95.74091,33.41375],[-95.74457,33.41526],[-95.74046,33.41586],[-95.74039,33.41961],[-95.74489,33.4197],[-95.7449,33.42507],[-95.75343,33.42521]]]}},{"type":"Feature","id":"2582","properties":{"id":"2582","unitIds":["2582"],"name":"West of Town - Canadian River Complex 4","counties":["Hansford"],"region":"Panhandle","acres":481.0,"type":"dove_lease","pdfUrl":"https://tpwd.texas.gov/huntwild/hunt/public/annual_public_hunting/resources/CanadianRiverComplex4.pdf","aerialPdfUrl":"https://tpwd.texas.gov/huntwild/hunt/public/annual_public_hunting/resources/CanadianRiverComplex4_WestofTown_2582.pdf","registration":"osr","legalGameTags":["Dove","Teal","Waterfowl","Cranes","Pheasant","Rabbit","Coyotes","Youth Waterfowl","Veteran Waterfowl"],"legalGameText":"• 2026-2027 \n OSR Required Each Day Dove: Each day of the North Zone Dove season (Mourning, White-winged, and Eurasian \n Collared) except on dates the","species":["coyote","dove","pheasant","rabbit","sandhill_crane","teal","waterfowl"],"methods":["any_legal","shotgun"],"access":["aph_walk_in","youth"],"complexes":[],"hasEpostcard":false,"hasRegularPermit":false,"epostcardUrl":"","countySlugs":["hansford"],"bookletPage":"25","bookletPdfPage":54,"bookletUrl":"https://tpwd.texas.gov/publications/pwdpubs/media/pwd_bk_w7000_0112a.pdf#page=54","lon":-101.24051,"lat":36.19406},"geometry":{"type":"Polygon","coordinates":[[[-101.24483,36.1831],[-101.2359,36.18324],[-101.23623,36.20504],[-101.24507,36.20492],[-101.24483,36.1831]]]}},{"type":"Feature","id":"727","properties":{"id":"727","unitIds":["727"],"name":"White Oak Creek WMA","counties":["Bowie","Cass","Morris","Titus"],"region":"Pineywoods","acres":25777.0,"type":"wma","pdfUrl":"https://tpwd.texas.gov/huntwild/hunt/public/annual_public_hunting/resources/727.pdf","aerialPdfUrl":"https://tpwd.texas.gov/huntwild/hunt/public/annual_public_hunting/resources/WhiteOakCreek_727.pdf","registration":"osr","legalGameTags":["Deer - Archery","Feral Hog","Dove","Waterfowl","Other Migratory Birds","Squirrel","Rabbit","Coyotes","Furbearers/Predators","Fishing","Youth Feral Hog","Youth Squirrel"],"legalGameText":"• 2026-2027 \n OSR Required Each Day Archery Only White-tailed Deer Season: Oct. 3-Jan. 3 except dates ENTIRE AREA \n CLOSED. Bag limit - 1 deer (either sex). LEGAL BUCK must have at least one unbranched antler or an inside spread of at least 13 inches. All deer taken on the WMA must be reported to 903-884-3800 within 12 hours. Leave a message with your name, county of harvest, and sex of deer. Feral Hog: (no bag limit). Archery Only Season: Oct. 3-Jan. 3 except dates","species":["coyote","dove","feral_hog","furbearers","other_migratory","rabbit","squirrel","waterfowl","white_tailed_deer"],"methods":["any_legal","archery","shotgun"],"access":["aph_walk_in","youth"],"complexes":[],"hasEpostcard":false,"hasRegularPermit":false,"epostcardUrl":"","countySlugs":["bowie","cass","morris","titus"],"bookletPage":"72","bookletPdfPage":101,"bookletUrl":"https://tpwd.texas.gov/publications/pwdpubs/media/pwd_bk_w7000_0112a.pdf#page=101","lon":-94.69733,"lat":33.27136},"geometry":{"type":"Polygon","coordinates":[[[-94.87913,33.30297],[-94.84887,33.30416],[-94.84258,33.29734],[-94.83969,33.29738],[-94.83968,33.2953],[-94.82501,33.29415],[-94.82464,33.27928],[-94.82647,33.2736],[-94.8286,33.27216],[-94.82745,33.27061],[-94.8131,33.27063],[-94.80627,33.26664],[-94.78822,33.26101],[-94.7794,33.26162],[-94.77944,33.26416],[-94.76379,33.26606],[-94.75934,33.26529],[-94.7576,33.26494],[-94.7579,33.25912],[-94.75268,33.25921],[-94.75178,33.25671],[-94.75027,33.25668],[-94.75011,33.2618],[-94.74417,33.25571],[-94.74011,33.25562],[-94.74006,33.24241],[-94.73498,33.24242],[-94.73497,33.23564],[-94.72912,33.23439],[-94.7305,33.24633],[-94.7257,33.24634],[-94.72405,33.24212],[-94.71982,33.24212],[-94.72322,33.248],[-94.72322,33.25163],[-94.71479,33.25164],[-94.71499,33.24801],[-94.70341,33.24187],[-94.69842,33.24825],[-94.69097,33.24814],[-94.6899,33.25407],[-94.68354,33.25395],[-94.68563,33.25798],[-94.67092,33.2549],[-94.6653,33.25711],[-94.65667,33.25697],[-94.65667,33.25545],[-94.6528,33.25538],[-94.65275,33.25385],[-94.64549,33.25381],[-94.64456,33.2489],[-94.63991,33.24574],[-94.63277,33.24585],[-94.62579,33.24065],[-94.61437,33.24408],[-94.61396,33.23995],[-94.60952,33.23911],[-94.61069,33.23638],[-94.60938,33.23638],[-94.61894,33.23064],[-94.63139,33.2298],[-94.63593,33.22807],[-94.63141,33.22662],[-94.63157,33.22263],[-94.61878,33.22249],[-94.61881,33.2188],[-94.61353,33.21872],[-94.61376,33.21482],[-94.61146,33.21474],[-94.60961,33.21994],[-94.61429,33.21994],[-94.61428,33.22246],[-94.60911,33.22379],[-94.60593,33.22065],[-94.60608,33.22319],[-94.60325,33.22329],[-94.60303,33.2299],[-94.59824,33.22978],[-94.59723,33.23232],[-94.59215,33.23399],[-94.58856,33.23889],[-94.58812,33.23184],[-94.58008,33.23181],[-94.58009,33.23029],[-94.57578,33.22832],[-94.5702,33.22184],[-94.56437,33.22528],[-94.56433,33.22832],[-94.56833,33.22835],[-94.56826,33.23583],[-94.57061,33.23659],[-94.57176,33.24845],[-94.56672,33.2525],[-94.56668,33.25708],[-94.56304,33.25705],[-94.56386,33.2708],[-94.57349,33.2708],[-94.5735,33.28292],[-94.58405,33.28404],[-94.58545,33.282],[-94.58777,33.28202],[-94.5889,33.27614],[-94.59193,33.27338],[-94.59612,33.27335],[-94.5961,33.27065],[-94.60487,33.27142],[-94.60833,33.26236],[-94.61264,33.25895],[-94.6162,33.25985],[-94.62525,33.26694],[-94.63617,33.28321],[-94.63835,33.28547],[-94.64098,33.28554],[-94.64127,33.28849],[-94.65789,33.28878],[-94.65777,33.29375],[-94.66571,33.29371],[-94.66626,33.29881],[-94.67411,33.29836],[-94.67822,33.29651],[-94.67814,33.29885],[-94.67406,33.30111],[-94.6741,33.3039],[-94.68144,33.30954],[-94.68405,33.31573],[-94.69046,33.31564],[-94.70656,33.30179],[-94.70652,33.29555],[-94.71198,33.29557],[-94.71192,33.28765],[-94.70556,33.28859],[-94.70552,33.28233],[-94.69911,33.28062],[-94.69812,33.27757],[-94.69809,33.27336],[-94.70422,33.27303],[-94.70573,33.26989],[-94.71004,33.26989],[-94.71287,33.27227],[-94.71951,33.26978],[-94.72183,33.27344],[-94.72785,33.27116],[-94.73047,33.27344],[-94.73046,33.27861],[-94.7335,33.27861],[-94.7382,33.28377],[-94.74078,33.28376],[-94.74073,33.27785],[-94.7445,33.27785],[-94.74978,33.28152],[-94.76623,33.28115],[-94.78009,33.27854],[-94.78749,33.2804],[-94.80124,33.2806],[-94.80076,33.29312],[-94.80515,33.29327],[-94.82009,33.30469],[-94.81822,33.30836],[-94.81533,33.30836],[-94.81526,33.31126],[-94.82915,33.31208],[-94.83307,33.3108],[-94.83369,33.31798],[-94.83057,33.31971],[-94.8353,33.3226],[-94.84369,33.32373],[-94.84611,33.32144],[-94.86626,33.3213],[-94.87881,33.31361],[-94.87913,33.30297]]]}},{"type":"Feature","id":"2555","properties":{"id":"2555","unitIds":["2555"],"name":"Wild Wood Ranch","counties":["Milam"],"region":"Austin/Waco","acres":745.0,"type":"dove_lease","pdfUrl":"https://tpwd.texas.gov/huntwild/hunt/public/annual_public_hunting/resources/2555.pdf","aerialPdfUrl":"https://tpwd.texas.gov/huntwild/hunt/public/annual_public_hunting/resources/WildWoodRanch_2555.pdf","registration":"osr","legalGameTags":["Feral Hog","Dove","Teal","Waterfowl","Squirrel","Rabbit","Youth Waterfowl"],"legalGameText":"• 2026- \n 2027 \n OSR Required Each Day Dove: Each day of the of the Central Zone \n Dove season (Mourning and White- winged). Waterfowl: Each day of the Early Teal \n season, Youth and Veteran Days, and North Zone Duck Days for Milam County. Rabbits, Hares, Squirrels, and Feral \n Hogs: May be taken concurrently while hunting for dove and waterfowl.","species":["dove","feral_hog","rabbit","squirrel","teal","waterfowl"],"methods":["any_legal","shotgun"],"access":["aph_walk_in","youth"],"complexes":[],"hasEpostcard":false,"hasRegularPermit":false,"epostcardUrl":"","countySlugs":["milam"],"bookletPage":"99","bookletPdfPage":128,"bookletUrl":"https://tpwd.texas.gov/publications/pwdpubs/media/pwd_bk_w7000_0112a.pdf#page=128","lon":-96.97228,"lat":31.01155},"geometry":{"type":"Polygon","coordinates":[[[-96.96589,31.01782],[-96.97185,31.02274],[-96.97505,31.02126],[-96.9794,31.02278],[-96.98707,31.01894],[-96.98094,31.00993],[-96.97598,31.01253],[-96.96314,30.99487],[-96.95766,30.99776],[-96.97033,31.01543],[-96.96589,31.01782]]]}},{"type":"Feature","id":"2224","properties":{"id":"2224","unitIds":["2224"],"name":"Wolf Creek","counties":["Collingsworth"],"region":"Panhandle","acres":480.0,"type":"dove_lease","pdfUrl":"https://tpwd.texas.gov/huntwild/hunt/public/annual_public_hunting/resources/2224.pdf","aerialPdfUrl":"https://tpwd.texas.gov/huntwild/hunt/public/annual_public_hunting/resources/WolfCreek_2224.pdf","registration":"osr","legalGameTags":["Dove"],"legalGameText":"• 2026-2027 \n OSR Required Each Day Dove: Each day of the first split of North Zone Dove \n (Mourning and White-winged). Season ending Oct. 26 \n Collingsworth \n Wolf Creek \n Unit #2224 \n 480 acres","species":["dove"],"methods":["shotgun"],"access":["aph_walk_in"],"complexes":[],"hasEpostcard":false,"hasRegularPermit":false,"epostcardUrl":"","countySlugs":["collingsworth"],"bookletPage":"4","bookletPdfPage":33,"bookletUrl":"https://tpwd.texas.gov/publications/pwdpubs/media/pwd_bk_w7000_0112a.pdf#page=33","lon":-100.12146,"lat":35.04613},"geometry":{"type":"Polygon","coordinates":[[[-100.13182,35.05208],[-100.13182,35.04508],[-100.12302,35.04508],[-100.12292,35.03768],[-100.11422,35.03768],[-100.11412,35.05218],[-100.13182,35.05208]]]}}]}