{"type":"FeatureCollection","features":[{"type":"Feature","id":"wmu:27","properties":{"id":"wmu:27","kind":"wmu","code":"27","name":"Chetco","region":"Western","acres":1082796},"geometry":{"type":"Polygon","coordinates":[[[-123.58493276769136,42.64878113437165],[-123.60551035639523,42.646200564072736],[-123.64351112046481,42.659285831765764],[-123.67339353543856,42.65594387458284],[-123.69035851881493,42.64543221511196],[-123.70808400288396,42.64654887128666],[-123.73040782027059,42.652748681677075],[-123.73675944332041,42.67817620826013],[-123.73278157241678,42.6815751705569],[-123.76399429612972,42.691717266585066],[-123.78350551328596,42.70729642935979],[-123.80651253300006,42.699860192867696],[-123.85919803105423,42.718252319363685],[-123.88511525434595,42.71614044964077],[-123.90236539812875,42.69606281325686],[-123.9263449101386,42.704089127774424],[-123.9411991330621,42.69578639120106],[-123.92966320817825,42.68784295562379],[-123.93379082914241,42.680843497962066],[-123.9499500245937,42.678963532488055],[-123.95599244737889,42.67174484568007],[-123.9632401835377,42.67713702667995],[-124.02896026465689,42.641524539682344],[-124.04707971197622,42.64468805893477],[-124.04741573639802,42.63343227344403],[-124.06574118053645,42.6118341542153],[-124.06024040922273,42.5808287541877],[-124.05178735636026,42.571378435175944],[-124.06391801199467,42.551314016467394],[-124.07652942786349,42.55740579805728],[-124.0860736243918,42.55445201124644],[-124.09147510302101,42.561380123919825],[-124.12171068768008,42.5570446247293],[-124.1912676323017,42.50151077972733],[-124.19518924272565,42.488060248058105],[-124.2311084939242,42.50123398535474],[-124.25981038116034,42.49825207354675],[-124.29720838970907,42.50430473538617],[-124.31038567193873,42.494176787692176],[-124.31335789114388,42.48034589966429],[-124.32925389405833,42.48178423418568],[-124.33041971817592,42.4747821754714],[-124.34779820418395,42.465970189342855],[-124.38048856361135,42.4635187632488],[-124.378869919112,42.44537547821022],[-124.3906010443881,42.43338153045666],[-124.43233978790718,42.41903431338288],[-124.42454270911028,42.37551066965378],[-124.43344780798326,42.32366135406179],[-124.42087404718123,42.32042213030031],[-124.41086655269046,42.30758578384749],[-124.40850336306647,42.26845677920081],[-124.41438309073045,42.25154343740425],[-124.37828158085162,42.21987471247949],[-124.37594756260684,42.19721664464168],[-124.36164172137761,42.18139143015887],[-124.36142419869203,42.16053570916248],[-124.36703820065884,42.15814557055313],[-124.35240127099566,42.13419983331688],[-124.35727627269362,42.11769708174466],[-124.35124789920705,42.11125650339848],[-124.35392644390376,42.10355167558322],[-124.30477132924983,42.063347916600534],[-124.29055704830877,42.04246935999963],[-124.2718450401434,42.04573981030587],[-124.21150456632294,41.998486641600216],[-123.72091782728347,41.99688109820127],[-123.73007467115437,42.02734722798694],[-123.68448213862736,42.091430469095606],[-123.67435923261378,42.11834853503764],[-123.65027453690395,42.153361164203965],[-123.64440477364225,42.180549355204604],[-123.65125381085078,42.198313987498004],[-123.64672121325582,42.2272568878577],[-123.61910275709074,42.25709201164016],[-123.60924214535758,42.309123197791145],[-123.5915348472082,42.33013529518356],[-123.54099062673143,42.36319130711469],[-123.51652750106942,42.36273599087553],[-123.49088274906633,42.38064141407238],[-123.4669877311196,42.38407190809508],[-123.46286630472726,42.39407569727213],[-123.4344208036047,42.408938299117644],[-123.33197050152873,42.42490691153305],[-123.33161625774446,42.430358297688386],[-123.36237380823587,42.42708495247465],[-123.38462254935895,42.43836438629813],[-123.44839989508183,42.43030620390648],[-123.48534510412689,42.44371706265659],[-123.50053087956759,42.441994488882436],[-123.48321163540251,42.4604411959572],[-123.49979103144285,42.4713393420979],[-123.49981189469374,42.48009302657634],[-123.48072779219865,42.49193665840643],[-123.48873773027809,42.498549048446584],[-123.47870198409748,42.507147212805485],[-123.49250475560034,42.51645484948026],[-123.50003692012893,42.538936972027464],[-123.53955517643753,42.554536069278235],[-123.56149323890008,42.55041384632075],[-123.57564952719625,42.56397856243546],[-123.5985187170458,42.560313056143364],[-123.58971399945798,42.580063621367955],[-123.5947343871619,42.587728585470366],[-123.58182065926381,42.59215703452945],[-123.58395580819221,42.600284127846685],[-123.57896597682605,42.60380377611798],[-123.59982723028264,42.620627375027446],[-123.58493276769136,42.64878113437165]]]}},{"type":"Feature","id":"wmu:22","properties":{"id":"wmu:22","kind":"wmu","code":"22","name":"Dixon","region":"Western","acres":995846},"geometry":{"type":"Polygon","coordinates":[[[-122.7374089038554,43.34510410687291],[-122.74360312322045,43.339859635554056],[-122.76020395976131,43.342335838575764],[-122.79717802424385,43.32350691195458],[-122.89353136334924,43.294919020785265],[-122.94124154010386,43.29499072676132],[-123.00917371527295,43.333227102883384],[-123.02370830333193,43.322372540182094],[-123.05371050535169,43.3234342467744],[-123.07260071000576,43.309020718089855],[-123.1007877491829,43.305714145672866],[-123.10504835922025,43.29683100807366],[-123.12375360405787,43.30738028909341],[-123.15009476900177,43.30681123746015],[-123.16353170783111,43.31495770350087],[-123.20240725756564,43.314445100960754],[-123.20642107983423,43.274737303930614],[-123.23737886226453,43.20863009432836],[-123.23122103939767,43.16070674145256],[-123.21060067288731,43.121255291641496],[-123.18821618456282,43.09909239436917],[-123.19839636920274,43.05467595695061],[-123.1882455057885,43.03095563741292],[-123.20343921088795,43.016350450968204],[-123.21367341583402,42.97953695893881],[-123.16364204798698,42.9717099683939],[-123.17050062190357,42.95273907459692],[-123.14019737728222,42.95431404962979],[-123.12671441662631,42.93745306476898],[-123.11348364776345,42.93622419520402],[-123.1008308163736,42.94390768193748],[-123.05557037310341,42.929529757089476],[-123.04149051923025,42.93160666739695],[-123.03582114958598,42.939528056979704],[-123.01164121654932,42.938248850118775],[-123.00899130136584,42.94506358814256],[-122.99214856739658,42.937924071121984],[-122.99118819676272,42.93225738494946],[-122.9387761521325,42.92426367819916],[-122.93204178298313,42.89666505873902],[-122.89511496103778,42.87952719925604],[-122.85931897039674,42.85447209211009],[-122.85210082688411,42.8425062963919],[-122.85261868232504,42.83093277617595],[-122.87188887238352,42.80938327166456],[-122.86534396236567,42.778376695145035],[-122.86985052148026,42.75225138559344],[-122.87530131902186,42.751777583218725],[-122.86583144721396,42.74687506056331],[-122.8631436027331,42.72976905578449],[-122.85145029491001,42.729952756853066],[-122.84191748462334,42.72123957217425],[-122.84012235881643,42.67356526707688],[-122.80833315245184,42.64789124662102],[-122.754551322494,42.66356427180789],[-122.6878876711731,42.656383709960515],[-122.67452123252393,42.664053470568476],[-122.64608418816216,42.66322454549688],[-122.60124410175578,42.68962375460783],[-122.59779306592361,42.70374296041391],[-122.53240644385546,42.72225898815935],[-122.48896166375505,42.75992571682907],[-122.47683117312776,42.796622904557076],[-122.48477607879309,42.83246571032941],[-122.47885949945483,42.85011507486162],[-122.44437847097241,42.90775069065709],[-122.42363187876151,42.92791312688834],[-122.3982027525127,42.9672603027676],[-122.39873435217312,42.986228935399076],[-122.38848614674083,42.9918662136304],[-122.36712626106336,43.035179057883425],[-122.35734059790856,43.03755609093655],[-122.33629900183453,43.07186139554057],[-122.31222796362071,43.08969073922888],[-122.20751914435277,43.09205503559923],[-122.16520348299773,43.116769258505386],[-122.1322575817649,43.12659718850348],[-122.1260735794685,43.13435060136338],[-122.12466973517905,43.15862678198742],[-122.14009443082928,43.232139573799614],[-122.17095112521693,43.25787831745407],[-122.20988290481155,43.25675715308391],[-122.23670262451813,43.24716546760207],[-122.30566808371853,43.24620450185019],[-122.32818242953893,43.25139634659525],[-122.37465852523809,43.240937034961085],[-122.41821683944299,43.26110113942973],[-122.44749452377543,43.26394642795842],[-122.45149111751023,43.27657684708594],[-122.46842573685329,43.28349136344617],[-122.4737368986026,43.29451970980574],[-122.50311621463705,43.306726367955385],[-122.52742671130498,43.30393891258054],[-122.5452680601948,43.291904548224764],[-122.55571080323645,43.296673106640014],[-122.57355103993265,43.28734013660445],[-122.5946900177982,43.28639055881625],[-122.61345188218093,43.29574848750685],[-122.62713580454563,43.293240986401614],[-122.62904204142968,43.286880992054066],[-122.63770705734031,43.297048046614265],[-122.67735571097195,43.3044606238673],[-122.69836039814848,43.32763770376529],[-122.7374089038554,43.34510410687291]]]}},{"type":"Feature","id":"wmu:29","properties":{"id":"wmu:29","kind":"wmu","code":"29","name":"Evans Creek","region":"Western","acres":666794},"geometry":{"type":"Polygon","coordinates":[[[-122.80777214289111,42.64794166412962],[-122.84012235881643,42.67356526707688],[-122.84191748462334,42.72123957217425],[-122.85145029491001,42.729952756853066],[-122.8631436027331,42.72976905578449],[-122.86583144721396,42.74687506056331],[-122.87530131902186,42.751777583218725],[-122.86985052148026,42.75225138559344],[-122.86534396236567,42.778376695145035],[-122.87188887238352,42.80938327166456],[-122.85261868232504,42.83093277617595],[-122.85210082688411,42.8425062963919],[-122.85931897039674,42.85447209211009],[-122.89511496103778,42.87952719925604],[-122.93204178298313,42.89666505873902],[-122.9387761521325,42.92426367819916],[-122.99118819676272,42.93225738494946],[-122.99214856739658,42.937924071121984],[-123.00899130136584,42.94506358814256],[-123.01164121654932,42.938248850118775],[-123.03582114958598,42.939528056979704],[-123.04149051923025,42.93160666739695],[-123.05557037310341,42.929529757089476],[-123.1008308163736,42.94390768193748],[-123.11348364776345,42.93622419520402],[-123.12671441662631,42.93745306476898],[-123.14019737728222,42.95431404962979],[-123.17011217025362,42.95243441864301],[-123.16313763674016,42.971322955333555],[-123.18682499411372,42.97647354362879],[-123.22180898184342,42.96962702250833],[-123.24224827244443,42.94358533952244],[-123.27063516729342,42.928117610670576],[-123.27857496935324,42.92678510664353],[-123.2844087090216,42.93669303724358],[-123.27395104517264,42.9180208122911],[-123.2380437210753,42.89374859310194],[-123.26301191460976,42.818401400960624],[-123.25288235349251,42.802335626879255],[-123.26523258541022,42.785538836961685],[-123.33833760011825,42.76587083507585],[-123.3716295732441,42.74549440352077],[-123.37280335646865,42.719179535073394],[-123.36691801740342,42.708063494757766],[-123.38596536184372,42.697332644271775],[-123.41497357766774,42.69616482564374],[-123.44253748489099,42.68658552474867],[-123.46699383660099,42.6739119781756],[-123.47713851840895,42.655325764717155],[-123.49203467842939,42.644239001967485],[-123.50833968954639,42.64738480767424],[-123.53099876095219,42.66253418814907],[-123.53939101204298,42.65665270424093],[-123.54593016192383,42.659913621470714],[-123.54944016185273,42.65251468994465],[-123.58493261162411,42.6487813521695],[-123.59982723028264,42.620627375027446],[-123.57896597682605,42.60380377611798],[-123.58395580819221,42.600284127846685],[-123.58182065926381,42.59215703452945],[-123.5947343871619,42.587728585470366],[-123.58971399945798,42.580063621367955],[-123.59857105838375,42.56069099149746],[-123.57564952719625,42.56397856243546],[-123.56149323890008,42.55041384632075],[-123.53955517643753,42.554536069278235],[-123.50003692012893,42.538936972027464],[-123.49250475560034,42.51645484948026],[-123.47870198409748,42.507147212805485],[-123.48873773027809,42.498549048446584],[-123.48072779219865,42.49193665840643],[-123.49981189469374,42.48009302657634],[-123.49979103144285,42.4713393420979],[-123.48321163540251,42.4604411959572],[-123.49987037605341,42.44151093707942],[-123.48534510412689,42.44371706265659],[-123.44839989508183,42.43030620390648],[-123.38462254935895,42.43836438629813],[-123.36237380823587,42.42708495247465],[-123.33161625774446,42.430358297688386],[-123.33197050152873,42.42490691153305],[-123.3099192937648,42.43679666205989],[-123.26721810349818,42.43698692450226],[-123.20874864719767,42.421786692308906],[-123.1752488825499,42.434199999599244],[-123.15474756512259,42.414009322847924],[-123.13807830812405,42.40838564667676],[-123.11363934056872,42.42548062375171],[-123.07302658031175,42.43239932425564],[-122.94161992840239,42.40560184625395],[-122.88289867119741,42.36129363878573],[-122.87653401300953,42.35031658324989],[-122.85618988550613,42.363491930690614],[-122.85608172997604,42.41276414817145],[-122.84866614400906,42.429091507876045],[-122.82314255002927,42.450734242892864],[-122.81232672948865,42.46964947532443],[-122.81051711505432,42.556813545457935],[-122.81906557408718,42.599290474700496],[-122.80680233986631,42.62826535139774],[-122.80777214289111,42.64794166412962]]]}},{"type":"Feature","id":"wmu:19","properties":{"id":"wmu:19","kind":"wmu","code":"19","name":"Mckenzie","region":"Western","acres":1693336},"geometry":{"type":"Polygon","coordinates":[[[-123.02188492943301,44.555414186849035],[-123.0616890890761,44.55578904315321],[-123.0607517350402,44.17217903987965],[-123.04445917880274,44.106606851307525],[-123.04984574324133,44.04142413104615],[-123.03097313712823,44.03299745897291],[-123.01809252224952,44.002424111997165],[-122.84742142097468,43.935259584058365],[-122.80733830077735,43.91309993793752],[-122.74590222956577,43.906906037786314],[-122.73388348420849,43.89128062533937],[-122.68517115591544,43.86313211976376],[-122.62922728126301,43.84384703834514],[-122.6214749966236,43.82558016840561],[-122.57854907010255,43.811909339636834],[-122.54642153809317,43.79201621828574],[-122.53065912005592,43.77793132780464],[-122.53257650491038,43.751884471172275],[-122.52601841027119,43.74542145903432],[-122.47053498804243,43.7455505517888],[-122.43822432909631,43.72944130100624],[-122.38330131039926,43.73046452521951],[-122.29236721132857,43.709040987585716],[-122.24763778601566,43.68384692375706],[-122.22927992697801,43.65916641298608],[-122.20307256890257,43.64559753198475],[-122.14670078121529,43.63023019113023],[-122.13337088981923,43.61416672350894],[-122.10913052641769,43.61154728672772],[-122.06927806044217,43.62072287687739],[-122.0688203208576,43.614008381903474],[-122.034176101337,43.59758031242022],[-122.00068213826577,43.59277567656781],[-121.996087308062,43.601631308054486],[-121.99770733628817,43.61151388341738],[-122.00456850973441,43.61321272008856],[-121.99948790961754,43.63190555986717],[-122.00497565407566,43.63378132674413],[-122.00510897796325,43.64771158486132],[-121.99292673647165,43.65281818498928],[-121.98678487760358,43.66359530590418],[-121.99757703557074,43.678952219759715],[-121.99433331488395,43.70748389016319],[-121.98894368759774,43.719465249612796],[-121.97548224819727,43.72772771646007],[-121.9796325496114,43.74287331787137],[-121.96756890355479,43.760968907320496],[-121.97124676691587,43.7734919185675],[-121.96421442993282,43.782099012100915],[-121.96826407134091,43.7872589070581],[-121.96383365310434,43.811339797955085],[-121.94683171685915,43.83924864357674],[-121.96519528142194,43.85416492880858],[-121.95201314298463,43.86735461583191],[-121.95290043562643,43.879866121919385],[-121.91999346312217,43.90373389452469],[-121.91686827969892,43.917452640266575],[-121.89722423674557,43.92294557806082],[-121.89579095166128,43.93510455040197],[-121.87821883824499,43.94065923275999],[-121.87919518414007,43.97557536123087],[-121.82533792966767,43.981749714498235],[-121.83067457975852,43.99382413645506],[-121.82215714220523,44.010843165157375],[-121.83091088284752,44.02376331604142],[-121.82965713632203,44.03804803158556],[-121.81283714232181,44.041610467728816],[-121.80875497984158,44.05600056938137],[-121.82219166168801,44.083591952722195],[-121.81521646806588,44.08826447117503],[-121.81676654230708,44.101389572267784],[-121.80982269482243,44.11248142964271],[-121.82390581163175,44.13333557007963],[-121.8195565760126,44.13768415640872],[-121.8216585289561,44.16657076817325],[-121.81482830806762,44.174755973363276],[-121.81816783521906,44.18482935840269],[-121.7916048865909,44.19036676958147],[-121.79168166389064,44.21175938740616],[-121.77797417919847,44.217267087494484],[-121.7726025620749,44.231200466662344],[-121.77306189552817,44.24617749109796],[-121.78992848454524,44.257711175041635],[-121.80967832447226,44.26048508888098],[-121.83063402424307,44.28406539757889],[-121.83428176631753,44.294186195268324],[-121.81914953082854,44.31058688596094],[-121.8521272866935,44.318243690444866],[-121.85425964191181,44.32853761722373],[-121.8692827823426,44.33652036213723],[-121.86562605317773,44.35183418832881],[-121.87156996334627,44.361832586537524],[-121.84979949057033,44.384806509333266],[-121.85445512357845,44.417119869337604],[-121.84903496512163,44.42396398532838],[-121.87404041528166,44.41894398800818],[-121.87553677229879,44.43092071424043],[-121.92127273108356,44.42863609443511],[-121.94230215274544,44.43648406875629],[-121.97263873017268,44.43163828196253],[-122.02030410831414,44.41028366708367],[-122.04290153513602,44.414789056778936],[-122.10983420648017,44.393397947755105],[-122.13458940276762,44.39916883350335],[-122.14994104398025,44.394236974355906],[-122.16609154553336,44.39728044450625],[-122.20982608377525,44.38328862809406],[-122.215375013307,44.39212276516525],[-122.22583322472073,44.39427542320846],[-122.21499010315833,44.39865696442601],[-122.21071480962348,44.40556206234688],[-122.21594326951248,44.40928346572435],[-122.24471508574602,44.39522541082566],[-122.29200138477778,44.40675713876403],[-122.34471719079806,44.398408013643],[-122.38282373342595,44.403861345149146],[-122.40827372106747,44.39391551323044],[-122.43526035258563,44.40015408849776],[-122.48058461041718,44.39728881370724],[-122.50700625884902,44.38993549205739],[-122.56815937662226,44.405905735414514],[-122.58751738369628,44.40007562197116],[-122.59381604971126,44.40864862774025],[-122.6293460865853,44.41348912272675],[-122.73488490429719,44.39742968961361],[-122.76255623656111,44.40600059451657],[-122.80848027625792,44.46719309337779],[-122.84817300760622,44.498416605452185],[-122.88516778387138,44.508698693162984],[-122.90633731119827,44.522322960384955],[-122.90713725371174,44.54597989766068],[-122.99106674644547,44.54562346808696],[-123.02188492943301,44.555414186849035]]]}},{"type":"Feature","id":"wmu:23","properties":{"id":"wmu:23","kind":"wmu","code":"23","name":"Melrose","region":"Western","acres":614137},"geometry":{"type":"Polygon","coordinates":[[[-123.06208709861214,43.76991322349088],[-123.11215730232381,43.75068681456921],[-123.17546701382099,43.74968080973353],[-123.21950621204458,43.707926104585134],[-123.28472374586313,43.698545089784226],[-123.31521106309249,43.66276097542367],[-123.37094141769195,43.66580280031376],[-123.41691050791438,43.660330889691686],[-123.45593493452667,43.669556991437396],[-123.4787849418008,43.667381149343136],[-123.51445262230895,43.64896937764573],[-123.56449443409305,43.634978389747666],[-123.58280747873978,43.61249029415365],[-123.60762090687035,43.614941346113106],[-123.61873921591338,43.60707931657244],[-123.61674488724185,43.5933652086367],[-123.57890691663296,43.57793338475711],[-123.53644977829178,43.600182687951765],[-123.5267217277451,43.58711753506351],[-123.50150933706179,43.58432096747367],[-123.5103302628934,43.57304059651563],[-123.52398792671622,43.58127069546628],[-123.53657419527161,43.58073275861814],[-123.52160094805384,43.556490058854436],[-123.50250286777093,43.55268542158994],[-123.50442604171408,43.53890594220275],[-123.52981222614494,43.536383914761984],[-123.55317743543904,43.55455308993027],[-123.56902650563514,43.55196028788673],[-123.57708133184788,43.54310228808848],[-123.56241709243378,43.53142350648494],[-123.53346300602836,43.524625228757685],[-123.49761211334874,43.50599170028396],[-123.47923169813329,43.478446528222676],[-123.50855514744066,43.48614819279477],[-123.52533628080846,43.47044366613717],[-123.55472472341141,43.47558307241241],[-123.54162603584741,43.46160877130697],[-123.54196597033062,43.44443964689282],[-123.54955102930047,43.44435601828506],[-123.55801639213327,43.4560225114705],[-123.57199163630969,43.45696947515966],[-123.5660469918648,43.423391944575734],[-123.58917639231628,43.412261323055816],[-123.52465733015525,43.40391184488446],[-123.52634358504602,43.39879086862877],[-123.54112069095545,43.397202400994566],[-123.54367512345857,43.39024281215588],[-123.51408886762509,43.37486724041051],[-123.47947494765991,43.37532321867087],[-123.47123367126066,43.368952786353866],[-123.47139138884044,43.36462105947905],[-123.48766417485105,43.36528317058149],[-123.48609558541942,43.34829611765987],[-123.49623173078713,43.339082931008036],[-123.49204159186597,43.32159105435537],[-123.47603647771865,43.3012601310322],[-123.4777498962743,43.29001212122035],[-123.46008896748654,43.28562015541334],[-123.44716270200615,43.27389691894651],[-123.45909097514654,43.246933141297475],[-123.47823819229703,43.24506690000546],[-123.48200679917825,43.234065000148014],[-123.52739808106955,43.228111627526026],[-123.52606411007463,43.210694100989215],[-123.54813278324964,43.185717322649786],[-123.60194949332028,43.15616009618927],[-123.6187768787679,43.137898718715526],[-123.61605398665263,43.1260004076101],[-123.5920799625668,43.11497558830682],[-123.57689138688978,43.09559090917472],[-123.56817788484473,43.09323861278731],[-123.56946446646292,43.070292317521215],[-123.55435374032604,43.067479127345486],[-123.54275449811222,43.0507737057306],[-123.56666246106916,42.971480507492736],[-123.60004700411599,42.952098783696734],[-123.60396978060194,42.9285840844104],[-123.61786893157898,42.927002094733545],[-123.61618973981417,42.916497583510804],[-123.62984635951116,42.90299187772346],[-123.58918486432466,42.880630592270556],[-123.57882187478486,42.86764988555512],[-123.55929395244853,42.882135593695075],[-123.56091351785254,42.89246154172141],[-123.54102592666156,42.8870358239556],[-123.5361186883266,42.8926286698833],[-123.54503145875812,42.898767699864194],[-123.54260281227772,42.90470699525105],[-123.5317972499786,42.904803429638875],[-123.52648907749277,42.91530343510013],[-123.51533732198035,42.916485208035986],[-123.50874285063679,42.92437625136618],[-123.49080519965123,42.927511740959886],[-123.48225673967488,42.91353897812216],[-123.47325390059662,42.92051946567944],[-123.46234631478089,42.9146430742039],[-123.40955599130902,42.93034396445977],[-123.38437541407481,42.913069804437555],[-123.36081996897417,42.919098962399346],[-123.27285372855378,42.917260060147285],[-123.28213648919065,42.92835681863804],[-123.28413385323587,42.9369873043685],[-123.27857496935324,42.92678510664353],[-123.27063516729342,42.928117610670576],[-123.24224827244443,42.94358533952244],[-123.22180898184342,42.96962702250833],[-123.19108792333563,42.975544491040104],[-123.21367341583402,42.97953695893881],[-123.20343921088795,43.016350450968204],[-123.1882455057885,43.03095563741292],[-123.19839636920274,43.05467595695061],[-123.18821618456282,43.09909239436917],[-123.21060067288731,43.121255291641496],[-123.23122103939767,43.16070674145256],[-123.23737886226453,43.20863009432836],[-123.20642107983423,43.274737303930614],[-123.20210122222878,43.33165085018983],[-123.187498390674,43.38585712334961],[-123.19301104042995,43.40485565389108],[-123.2069065124471,43.41867358282322],[-123.20631104363775,43.51589441201928],[-123.1629327117725,43.55833906645136],[-123.12808627030185,43.60509357041174],[-123.09503247426971,43.62804687955227],[-123.08449508980806,43.643696993298526],[-123.07277130227945,43.67527312915897],[-123.07980532314302,43.68954408381459],[-123.07748940022496,43.702333670540135],[-123.05630678292277,43.71965429497741],[-123.05614313981815,43.73784384244044],[-123.06696205683475,43.75278625198474],[-123.06208709861214,43.76991322349088]]]}},{"type":"Feature","id":"wmu:26","properties":{"id":"wmu:26","kind":"wmu","code":"26","name":"Powers","region":"Western","acres":528720},"geometry":{"type":"Polygon","coordinates":[[[-123.56931565505828,43.071636922905604],[-123.57092685040597,43.08704573792313],[-123.62134614950378,43.0640194221154],[-123.63516049141737,43.069060380341455],[-123.65004041384957,43.06482072489113],[-123.69411401094855,43.01209332450518],[-123.72796646793608,42.99417736649615],[-123.74773754442312,42.97389387698487],[-123.77002947880001,42.966188801481586],[-123.86564224975933,42.96399058153117],[-123.8762830865914,42.998265582785045],[-123.92389486790144,43.02186999436871],[-123.95719605496463,43.01211043423288],[-124.00199131236054,43.01866763272505],[-124.02836923041404,43.0347509999052],[-124.06254252380427,43.04180607333532],[-124.08397274652707,43.02358913371676],[-124.10834646013144,43.035262646450455],[-124.14633527212442,43.009543345535086],[-124.13849833484795,42.99725753702686],[-124.14148793571297,42.99071346405353],[-124.14752797733759,42.98553683813985],[-124.15792976785309,42.987952545278354],[-124.13177604122407,42.967141872628474],[-124.11463882421027,42.971709625713636],[-124.1066797009223,42.9495253720829],[-124.0960913468874,42.950008222747506],[-124.0983449465089,42.936219541321044],[-124.11850813576397,42.91827347056553],[-124.10192452602132,42.917209528043834],[-124.10855322045866,42.90779667625997],[-124.10391772764697,42.9031508764631],[-124.07745775327754,42.89592304595928],[-124.07308178858524,42.880575870430974],[-124.05738314211517,42.87439065933667],[-124.05222397996098,42.86098015861398],[-124.0454699079884,42.85921244958438],[-124.03546250145206,42.83513447624189],[-124.0130617165918,42.82338143363762],[-124.01752707344554,42.78904353436138],[-124.05711140955066,42.783633149559435],[-124.06675917977714,42.77589813759118],[-124.06850551199807,42.76015834147739],[-124.06062968625018,42.75440873017551],[-124.05982712580034,42.74143544153182],[-124.0359689383731,42.719562241477696],[-124.05807508272575,42.70531626353886],[-124.06109545005998,42.69828315521399],[-124.05487788503426,42.69163515097991],[-124.06606287403739,42.692947350607156],[-124.07716183004692,42.682034938606],[-124.0664157394257,42.67531811424962],[-124.06530421921825,42.663828239312885],[-124.06897339833216,42.66574834689508],[-124.0606126532213,42.6548750171942],[-124.06519083324477,42.655769371424334],[-124.06499334394113,42.64920580276268],[-124.0547451949355,42.645554221936735],[-124.05501043698499,42.63454693791709],[-124.04759081831452,42.633173931598854],[-124.0462711428551,42.6451861319559],[-124.02896026465689,42.641524539682344],[-123.96304198904184,42.677215258170726],[-123.95599244737889,42.67174484568007],[-123.9499500245937,42.678963532488055],[-123.93282969447057,42.6813287267053],[-123.92966320817825,42.68784295562379],[-123.94241972049207,42.69416886616313],[-123.92664236558345,42.70400568111253],[-123.90236539812875,42.69606281325686],[-123.88523743043764,42.716085504224836],[-123.86151088086993,42.71862727381763],[-123.80651253300006,42.699860192867696],[-123.78227821910237,42.70680059456875],[-123.76399429612972,42.691717266585066],[-123.73278157241678,42.6815751705569],[-123.73675944332041,42.67817620826013],[-123.73040782027059,42.652748681677075],[-123.70646984318651,42.6461985083535],[-123.64248628525557,42.659291603440685],[-123.603723330138,42.64618399214343],[-123.54944016185273,42.65251468994465],[-123.54593016192383,42.659913621470714],[-123.53939101204298,42.65665270424093],[-123.53099876095219,42.66253418814907],[-123.50833968954639,42.64738480767424],[-123.49216107861369,42.64419237682954],[-123.47713851840895,42.655325764717155],[-123.46699383660099,42.6739119781756],[-123.44253748489099,42.68658552474867],[-123.41497357766774,42.69616482564374],[-123.38596536184372,42.697332644271775],[-123.36691801740342,42.708063494757766],[-123.37280335646865,42.719179535073394],[-123.3716295732441,42.74549440352077],[-123.33833760011825,42.76587083507585],[-123.31445878019827,42.7682372429773],[-123.26456500005126,42.78622129493075],[-123.25288235349251,42.802335626879255],[-123.26301191460976,42.818401400960624],[-123.23802356756562,42.89357572810005],[-123.27285372855378,42.917260060147285],[-123.36081996897417,42.919098962399346],[-123.38437541407481,42.913069804437555],[-123.40955599130902,42.93034396445977],[-123.46234631478089,42.9146430742039],[-123.47325390059662,42.92051946567944],[-123.48225673967488,42.91353897812216],[-123.4933005658062,42.92781790336708],[-123.52610068524733,42.91554481934716],[-123.5317972499786,42.904803429638875],[-123.5423338866114,42.904981494723486],[-123.54503145875812,42.898767699864194],[-123.5361186883266,42.8926286698833],[-123.54126483891052,42.886882177884594],[-123.5611300839817,42.89232982006163],[-123.55929395244853,42.882135593695075],[-123.57642910405838,42.867094698305436],[-123.58918486432466,42.880630592270556],[-123.62609255526392,42.899042877320916],[-123.62825493187987,42.90889399101839],[-123.61527785557445,42.91839899286665],[-123.61791384613518,42.926949975224254],[-123.60396978060194,42.9285840844104],[-123.60019266616908,42.95193697330878],[-123.56705447577058,42.97084649642565],[-123.56068098488264,43.0012404970892],[-123.55046896094632,43.013531780068405],[-123.54275449811222,43.0507737057306],[-123.55435374032604,43.067479127345486],[-123.56931565505828,43.071636922905604]]]}},{"type":"Feature","id":"wmu:30","properties":{"id":"wmu:30","kind":"wmu","code":"30","name":"Rogue","region":"Western","acres":936497},"geometry":{"type":"Polygon","coordinates":[[[-122.12169185210053,43.092738313956566],[-122.13029203500327,43.10143619865462],[-122.13388959659414,43.127031571377756],[-122.16520348299773,43.116769258505386],[-122.208216002306,43.09187875702825],[-122.31480842641122,43.08871873656058],[-122.33659231210923,43.07155006644403],[-122.3578422310054,43.03699751950956],[-122.36712626106336,43.035179057883425],[-122.38841932663755,42.991961687163766],[-122.39878453631492,42.98613247829539],[-122.3983184102231,42.96706735561047],[-122.42363187876151,42.92791312688834],[-122.44437847097241,42.90775069065709],[-122.47849453656343,42.85085183444957],[-122.48477607879309,42.83246571032941],[-122.47683117312776,42.796622904557076],[-122.49025295010314,42.75819322993252],[-122.53318427020723,42.72177831973253],[-122.56610758248782,42.716854747434375],[-122.59796763040997,42.70363680454458],[-122.60124410175578,42.68962375460783],[-122.64608418816216,42.66322454549688],[-122.67452123252393,42.664053470568476],[-122.6878876711731,42.656383709960515],[-122.754551322494,42.66356427180789],[-122.80945086702944,42.64665664824269],[-122.80680233986631,42.62826535139774],[-122.81906557408718,42.599290474700496],[-122.81051711505432,42.556813545457935],[-122.81232672948865,42.46964947532443],[-122.82314255002927,42.450734242892864],[-122.84866614400906,42.429091507876045],[-122.85608172997604,42.41276414817145],[-122.85618988550613,42.363491930690614],[-122.87653413165478,42.35031651317543],[-122.86715031799103,42.32459200763391],[-122.77212354336105,42.244398329229746],[-122.67193367152046,42.19410832321547],[-122.5992249470093,42.08278483976179],[-122.60564661762251,42.0740186451041],[-122.60091564989972,42.065528292176296],[-122.61006419191098,42.05432876730597],[-122.59784731726528,42.038916732508135],[-122.61528341321203,42.005439876285166],[-122.34296980380977,42.009046629835744],[-122.34231032523326,42.016904620853495],[-122.33372917938571,42.02068969209104],[-122.33165555590645,42.04526621271448],[-122.34171976810141,42.05774291546336],[-122.33447293239328,42.07547793321691],[-122.35288486856592,42.116975117753405],[-122.34907901284633,42.124560668861406],[-122.28744605244091,42.133664786440804],[-122.28718080937027,42.29466160063806],[-122.24989732499368,42.30008824899913],[-122.21864873614969,42.32552590585181],[-122.21705247033269,42.33300341396601],[-122.22405786386734,42.35009050002353],[-122.22361270645465,42.37633969004588],[-122.23019033114468,42.3831970048829],[-122.22539321666267,42.39150862551347],[-122.23827342537946,42.39862410291313],[-122.25106846116519,42.42324040064584],[-122.24372043161766,42.44979964596115],[-122.27996587552087,42.471615562780386],[-122.27933584187907,42.491127199753144],[-122.25770785788737,42.499093545987115],[-122.25133319893311,42.508044458988145],[-122.24255882619805,42.50398442490223],[-122.2301254695812,42.51427631083859],[-122.23138326639462,42.5447961808784],[-122.21774708789297,42.55931557057647],[-122.22215503814012,42.57964520944794],[-122.22900031223836,42.58336519826506],[-122.21359354976617,42.60013708962265],[-122.2146020343009,42.6248732442291],[-122.22354987707695,42.63690921718419],[-122.20520341537375,42.650686291110745],[-122.20691438866375,42.658406757197405],[-122.21412160685026,42.65653304735802],[-122.20884072607775,42.66458424950711],[-122.19481959739896,42.6756661786563],[-122.17675546484705,42.67967043763809],[-122.17141386437372,42.688014627641714],[-122.19241749237909,42.71300967610084],[-122.19666900146963,42.75696684027026],[-122.18745602503542,42.77553096781454],[-122.17305085609108,42.783672080518336],[-122.17427252750622,42.800187704686564],[-122.26668251635807,42.800983724900775],[-122.26667415015966,42.83820000126278],[-122.28927184110154,42.85992956369782],[-122.29125946087106,42.87747929918373],[-122.28868541438298,42.89607134491486],[-122.28376372743183,42.89609344229627],[-122.28278687447127,42.95438147673054],[-122.2729169026645,42.95436946403839],[-122.27286113828237,42.976121040659606],[-122.30247636744011,42.97610157632122],[-122.30246521200728,42.98600520409326],[-122.27568050987328,42.99679063954004],[-122.26664075710681,43.01097629006694],[-122.26660690847416,43.067730753364344],[-122.25115894832075,43.06773214247239],[-122.25115910391602,43.0762060333708],[-122.22326981306807,43.076199601948616],[-122.22325172712101,43.08134419816911],[-122.19795692984779,43.08883414761362],[-122.09139014314138,43.088859422887346],[-122.12169185210053,43.092738313956566]]]}},{"type":"Feature","id":"wmu:10","properties":{"id":"wmu:10","kind":"wmu","code":"10","name":"Saddle Mtn","region":"Western","acres":662604},"geometry":{"type":"Polygon","coordinates":[[[-123.94409285138113,45.72966930397623],[-123.93984226967855,45.657671070476916],[-123.93295319369163,45.660377511705406],[-123.93467577720368,45.68636364885177],[-123.91806116746184,45.706030771408],[-123.90804013401944,45.709196898961174],[-123.90236930354881,45.70172433379365],[-123.88707325856704,45.6984600540732],[-123.89375289633932,45.71582008506272],[-123.89038821468742,45.72166153431957],[-123.8747766374337,45.735295168951446],[-123.84857667459292,45.743437913501076],[-123.83935304793393,45.75603517024283],[-123.84576892969521,45.77014191602027],[-123.8403799307328,45.78110469579232],[-123.82880769087774,45.787738144227035],[-123.82277383678735,45.783758971587126],[-123.81418703430286,45.80243702004378],[-123.78604545159067,45.80285835397988],[-123.77046825293242,45.81331215031058],[-123.77057901825046,45.82129118835277],[-123.78133711575893,45.827769903885944],[-123.76621400823194,45.84592598514799],[-123.76884443095439,45.86434064585561],[-123.75595567880723,45.894712359662115],[-123.75984549111642,45.90234107795054],[-123.74014231420759,45.907633863374215],[-123.6956722444364,45.91065867629478],[-123.68050571378204,45.89802961014964],[-123.66373573984859,45.90274799115553],[-123.60906330576589,45.88456537319895],[-123.59237258899411,45.86505381614915],[-123.57280280670196,45.86728128284973],[-123.5277524587934,45.84896578254476],[-123.49527649801779,45.82743408772914],[-123.48828091737295,45.81280359889721],[-123.41875447583428,45.775093514419346],[-123.38658126782364,45.77273399054662],[-123.34439602995646,45.780531878573896],[-123.31024898186769,45.7617220015896],[-123.27887478311256,45.762260281599616],[-123.279356503182,45.78080757535638],[-123.27059029818278,45.80053531433233],[-123.28349096221993,45.807348481248944],[-123.2776592703478,45.82404322421964],[-123.25420929925352,45.832323970518516],[-123.24585590832427,45.84577301799485],[-123.21127738210139,45.84070931713195],[-123.20008438114141,45.84562614748345],[-123.19769702244491,45.85864498597064],[-123.17232942176145,45.858362390686054],[-123.17018383112433,45.874393919762326],[-123.14931050518749,45.886884225741426],[-123.15822205345088,45.89343435833298],[-123.15658072916153,45.89890115430257],[-123.14135891127924,45.9069863488412],[-123.14095824649525,45.92330601361053],[-123.16571072353993,45.93652424866764],[-123.1648572583436,45.95815531986868],[-123.17972007591965,45.9745567319479],[-123.19000733923758,45.97873646140665],[-123.2108353461555,45.9732825567894],[-123.24974768040427,45.98542393984118],[-123.25726424713936,45.99554282528945],[-123.24293220223764,46.00266042866918],[-123.2471343895462,46.015287740950036],[-123.24162976420772,46.02440806106266],[-123.24727537804803,46.040559796914394],[-123.26728628722157,46.06359860547722],[-123.26003965436317,46.07666859894624],[-123.25992332954192,46.09450453382048],[-123.24639227986665,46.095742288156174],[-123.22332842386707,46.10977387050069],[-123.20620750991368,46.107712732827274],[-123.22386445499903,46.12225794224413],[-123.22481310081596,46.134970493546646],[-123.25189547906014,46.15713972954823],[-123.31385051537028,46.1422609803599],[-123.39046308036143,46.150048770798115],[-123.42844281037549,46.17972518094332],[-123.42359637959032,46.218461262004254],[-123.43216488708926,46.23972574084226],[-123.46543050795776,46.26257057956678],[-123.5012277359863,46.27040515752669],[-123.54084086253367,46.2602618090061],[-123.64909993163924,46.259006528733785],[-123.68812932219818,46.250010935354624],[-123.74013386272627,46.26912564723717],[-123.87180575203688,46.23470408333484],[-123.92955793435016,46.23860396884569],[-124.02130988203594,46.29230289596147],[-124.03639214865296,46.29080976618976],[-124.03849209463446,46.28281649708323],[-124.0305964445525,46.271131492103464],[-124.03535341418579,46.263678040937734],[-124.02442927794539,46.22909682462174],[-124.01080345754528,46.2249856738877],[-123.97325085787114,46.16605165767911],[-123.94654539272211,46.114041203849695],[-123.93264800362607,46.069801793810775],[-123.92768243712965,46.01551610265857],[-123.93586652606731,45.97833038326795],[-123.97012315639057,45.96861434845945],[-123.97553450925855,45.955088768315164],[-123.99353841511272,45.946302916179064],[-123.96741489106397,45.907513459754604],[-123.96257244037875,45.86957286205752],[-123.9693164258036,45.779993375784045],[-123.98323867572392,45.76554251741435],[-123.98141632592288,45.760918071553434],[-123.96849139356678,45.76256848606543],[-123.96408515792494,45.74398044589759],[-123.94409285138113,45.72966930397623]]]}},{"type":"Feature","id":"wmu:16","properties":{"id":"wmu:16","kind":"wmu","code":"16","name":"Santiam","region":"Western","acres":2133362},"geometry":{"type":"Polygon","coordinates":[[[-121.92207714316571,45.646859456657786],[-121.95564095477033,45.643502420374446],[-121.9629955167276,45.6328324142823],[-121.98289030460901,45.62292066335464],[-122.04408384704438,45.60951298855686],[-122.10171439469647,45.583103828416775],[-122.18271306163136,45.576767951237706],[-122.20084770561758,45.565060444878675],[-122.2666790798762,45.54390373975548],[-122.33142106928395,45.54842421136909],[-122.35234646067819,45.569279188895024],[-122.38022563245364,45.57588214266794],[-122.40127835895314,45.57122231407489],[-122.38113441035995,45.55555097806107],[-122.38655172826536,45.54751534153958],[-122.37229112376973,45.53519636913652],[-122.37063113123381,45.5115089177188],[-122.33968421097993,45.51542606059465],[-122.33848075024599,45.50450985046696],[-122.32264229265697,45.49732413679461],[-122.3021714607054,45.505085779557724],[-122.29890177323837,45.50038520439707],[-122.3073017322514,45.49168721301303],[-122.30051611953095,45.489845615755854],[-122.29109132293094,45.498500587892785],[-122.27961816568849,45.496898528677164],[-122.29082775501688,45.48686947766491],[-122.28907146782389,45.46995070677307],[-122.24253586833159,45.45280692553397],[-122.25679330385131,45.44242993683212],[-122.25939335465392,45.420327226490336],[-122.26919403767718,45.411147180596245],[-122.24143391614666,45.41350193532085],[-122.23503628588273,45.407728796485486],[-122.24315199009469,45.406222596931975],[-122.24528539949513,45.395696121794835],[-122.25375961505085,45.39843558790985],[-122.28520437893248,45.37887150277108],[-122.31999527603867,45.37482059912847],[-122.33697679549216,45.36281229942696],[-122.34700196297216,45.36505006583045],[-122.35894721198478,45.357578016289274],[-122.35176629059009,45.346118999768606],[-122.34255294601732,45.29189750384704],[-122.33190473173583,45.28336541986719],[-122.35059083813414,45.27572589186079],[-122.33281367666268,45.25478036195741],[-122.32505053588315,45.23176511877717],[-122.36291286424493,45.223043481025485],[-122.36807468895343,45.208022793266665],[-122.42751759970496,45.17276595970509],[-122.47659034169195,45.169142772219146],[-122.49744513836569,45.15809445018232],[-122.52166320300437,45.17179544840435],[-122.56418814535097,45.14455307847739],[-122.60638226791188,45.15070847012825],[-122.62768476392196,45.117902634395],[-122.72431760847152,45.04502233474272],[-122.74144999623677,45.024234446752416],[-122.7788419772146,45.00929416178646],[-122.80883655053569,44.98768761660232],[-122.80936430979165,44.96164892519763],[-122.80180716492855,44.951271270498935],[-122.79924719542879,44.92801444546997],[-122.80277476779801,44.9007738897936],[-122.79120289545465,44.87369010270104],[-122.79432529019915,44.817075174801374],[-122.75271222511257,44.80195249214796],[-122.66974412421887,44.78450094666174],[-122.61835221766732,44.7924525237604],[-122.61543296427233,44.77463594801697],[-122.662625795161,44.76932764433105],[-122.66808258058558,44.75080993513789],[-122.6978313056403,44.72719703921291],[-122.70917131979655,44.7248824069316],[-122.71526230314336,44.71308108845778],[-122.75988241334454,44.71434618638564],[-122.80440332570615,44.70556622240773],[-122.80427478550413,44.59172809865791],[-122.79798465035113,44.59171647192684],[-122.7980193965847,44.57715680729489],[-122.87215251459156,44.577252914325115],[-122.8773289814795,44.5472644694133],[-122.8908433983266,44.53777115235469],[-122.90709449293796,44.53844386654194],[-122.90613301952757,44.52214796292042],[-122.88516778387138,44.508698693162984],[-122.84929397316276,44.4991154992302],[-122.80951001402072,44.46825316980305],[-122.76228157582429,44.405795478616454],[-122.73231487029028,44.39737502013309],[-122.61904454047126,44.413323908138004],[-122.59381604971126,44.40864862774025],[-122.58751738369628,44.40007562197116],[-122.56815937662226,44.405905735414514],[-122.50700625884902,44.38993549205739],[-122.48058461041718,44.39728881370724],[-122.43526035258563,44.40015408849776],[-122.40827372106747,44.39391551323044],[-122.38282373342595,44.403861345149146],[-122.34471719079806,44.398408013643],[-122.29200138477778,44.40675713876403],[-122.24471508574602,44.39522541082566],[-122.21594326951248,44.40928346572435],[-122.21071480962348,44.40556206234688],[-122.21499010315833,44.39865696442601],[-122.22583322472073,44.39427542320846],[-122.215375013307,44.39212276516525],[-122.20982608377525,44.38328862809406],[-122.16609154553336,44.39728044450625],[-122.14994104398025,44.394236974355906],[-122.13458940276762,44.39916883350335],[-122.10983420648017,44.393397947755105],[-122.04290153513602,44.414789056778936],[-122.02030410831414,44.41028366708367],[-121.97263873017268,44.43163828196253],[-121.94230215274544,44.43648406875629],[-121.92127273108356,44.42863609443511],[-121.87553677229879,44.43092071424043],[-121.87836927425383,44.422354694242955],[-121.87358417501312,44.41888497959849],[-121.8466285650087,44.42676410565407],[-121.85523756132503,44.43691620094555],[-121.84364755685911,44.44480268007527],[-121.84658196623923,44.46238795975364],[-121.85382026433986,44.46766471783138],[-121.84968884027926,44.47639178224405],[-121.85407889182093,44.487239370995276],[-121.81163921308915,44.51401222320448],[-121.81612543113849,44.538239918829134],[-121.80309755555966,44.55515687755324],[-121.80158214974904,44.581966422717734],[-121.79461008396926,44.594303902608225],[-121.81151046102298,44.61587505146145],[-121.79793614297292,44.6403007440838],[-121.800470138646,44.67128529737339],[-121.77815605497788,44.75628686695969],[-121.78574294996307,44.758700593956775],[-121.71941975968025,45.1547726835293],[-121.60113367116283,45.13070698170425],[-121.6615630666378,45.15832705782253],[-121.67598925858717,45.176026246140964],[-121.67726115146345,45.18728253367807],[-121.68867594358095,45.192131141916356],[-121.69864625565708,45.208681254609566],[-121.69822485762116,45.237607045471655],[-121.70694517504467,45.24307896558401],[-121.71808689893844,45.27184904760623],[-121.71398854137502,45.28317785409208],[-121.69023588481454,45.2916925549565],[-121.6865108030871,45.28442913802876],[-121.68145524370922,45.28441940784404],[-121.67986485065276,45.29799867931179],[-121.69770706896303,45.31663543920811],[-121.70371615781058,45.332603780460126],[-121.75437417444063,45.343952053746186],[-121.7537385687856,45.36300102818762],[-121.78544087389771,45.37919452862117],[-121.7763305389354,45.379961373413956],[-121.78339545325827,45.387607053984354],[-121.77857879460292,45.3900129352112],[-121.74593472177028,45.392468330288025],[-121.78086006509346,45.40272025683262],[-121.78245899282834,45.409182378104184],[-121.79744141223206,45.41614625211528],[-121.79253336770496,45.419154888522336],[-121.80697070417196,45.43522863392266],[-121.80679641392798,45.45414634229147],[-121.86040314125952,45.48941697866088],[-121.86941614088977,45.51422188390812],[-121.89144810367843,45.51270998416689],[-121.90664474253042,45.520731500303484],[-121.92228591006248,45.54633527991041],[-121.90189152682422,45.55622263779499],[-121.91396634046482,45.57129201481014],[-121.9104848035874,45.581260236577506],[-121.91837468734616,45.585415436628516],[-121.91310024524996,45.60170370473804],[-121.92192963604195,45.61059359657294],[-121.92207714316571,45.646859456657786]]]}},{"type":"Feature","id":"wmu:11","properties":{"id":"wmu:11","kind":"wmu","code":"11","name":"Scappoose","region":"Western","acres":494899},"geometry":{"type":"Polygon","coordinates":[[[-123.00566456493618,46.13470561971466],[-123.12105332758185,46.186248322817455],[-123.16651065870242,46.18891895712518],[-123.25189547906014,46.15713972954823],[-123.22481310081596,46.134970493546646],[-123.22386445499903,46.12225794224413],[-123.20596284958127,46.106741877672334],[-123.22332842386707,46.10977387050069],[-123.24639227986665,46.095742288156174],[-123.25992332954192,46.09450453382048],[-123.26003965436317,46.07666859894624],[-123.26728628722157,46.06359860547722],[-123.24727537804803,46.040559796914394],[-123.24162976420772,46.02440806106266],[-123.2471343895462,46.015287740950036],[-123.24251545087374,46.00351094956158],[-123.25725118153737,45.996871435754535],[-123.25516526352692,45.99019145008109],[-123.21054842632458,45.973222242906914],[-123.19000733923758,45.97873646140665],[-123.17972007591965,45.9745567319479],[-123.1648572583436,45.95815531986868],[-123.16571072353993,45.93652424866764],[-123.14095824649525,45.92330601361053],[-123.14135891127924,45.9069863488412],[-123.15658072916153,45.89890115430257],[-123.15822205345088,45.89343435833298],[-123.14931050518749,45.886884225741426],[-123.17018383112433,45.874393919762326],[-123.17232942176145,45.858362390686054],[-123.19769702244491,45.85864498597064],[-123.20008438114141,45.84562614748345],[-123.21127738210139,45.84070931713195],[-123.24585590832427,45.84577301799485],[-123.25420929925352,45.832323970518516],[-123.27780071455923,45.82381817670317],[-123.28349096221993,45.807348481248944],[-123.27058991192767,45.80091945203348],[-123.27941153701185,45.78050049516357],[-123.2761955481782,45.7654385712987],[-123.30129230460675,45.75846713627019],[-123.29598403754102,45.748228788720986],[-123.29780942874633,45.71564331534891],[-123.28224631925872,45.702417721084785],[-123.28897046666619,45.701567816460226],[-123.28754331214549,45.675154811418075],[-123.2929933574562,45.66233467979988],[-123.2693970044604,45.6466095004773],[-123.26780149822476,45.62803829353023],[-123.23816016550033,45.60951479481999],[-123.21709693808573,45.62054631949674],[-123.10757774757433,45.60857904759199],[-123.06585024669238,45.615378800676915],[-122.90079938222053,45.554302369925715],[-122.8673448266987,45.58888415800426],[-122.85906528645094,45.61373292968156],[-122.86623754909162,45.632583246852946],[-122.85155964243538,45.65168221019732],[-122.82070938102126,45.6278256628902],[-122.79118093492876,45.61741032218208],[-122.78869393373795,45.633647747173534],[-122.76549635657521,45.652808034346194],[-122.77440353939367,45.680507970106746],[-122.7600347795589,45.734406450549585],[-122.76131191126669,45.759132451882145],[-122.76944213649969,45.78059264779139],[-122.7955536101058,45.80995698853636],[-122.78469216974956,45.86757554627924],[-122.81122393632339,45.912734007167664],[-122.8059840702054,45.93223176638623],[-122.81399644712853,45.96093580807555],[-122.83762626521622,45.98094534786977],[-122.85633968044567,46.01436448313299],[-122.87779632978406,46.03128523403568],[-122.88432611483339,46.06029606275411],[-122.90417873861013,46.08397186232054],[-122.963410866916,46.105251359616766],[-123.00566456493618,46.13470561971466]]]}},{"type":"Feature","id":"wmu:25","properties":{"id":"wmu:25","kind":"wmu","code":"25","name":"Sixes","region":"Western","acres":637079},"geometry":{"type":"Polygon","coordinates":[[[-124.23080151738914,43.425040498457726],[-124.23580513254169,43.423230571264035],[-124.22621400729868,43.41688659012768],[-124.23208617172185,43.407368840252474],[-124.23133982026931,43.40588208273182],[-124.23167192799828,43.40094401688463],[-124.23059941194043,43.39981190441187],[-124.2301052457743,43.398583671857146],[-124.23122656185099,43.39602328641874],[-124.237854414799,43.42375769569786],[-124.25123975635626,43.42080280158021],[-124.31488597669382,43.35283356274431],[-124.31861387394632,43.33419443718415],[-124.30428192282345,43.34243831960501],[-124.2880905630948,43.333851586704135],[-124.30531979350029,43.34096739242274],[-124.32077119008768,43.329968098131395],[-124.31171891839374,43.32339854668429],[-124.3214680020867,43.31708083074732],[-124.31106474087358,43.31618657096822],[-124.31690469536554,43.31056622231701],[-124.31009523727693,43.307821989660845],[-124.31159839061134,43.29393037601962],[-124.30303301602805,43.289572169480245],[-124.3075037438576,43.28594987239139],[-124.31858778599558,43.3065045420588],[-124.31657984925218,43.29087861769643],[-124.32106472484547,43.28590573121379],[-124.31826927451174,43.28091123764789],[-124.31973386135722,43.27865538451092],[-124.32607766824198,43.29308976793686],[-124.32212011180752,43.30689401382281],[-124.32757765741184,43.31109764082347],[-124.3221756160866,43.322596867310686],[-124.33341277400079,43.318478745526455],[-124.32477065491459,43.32880413353079],[-124.3282308865363,43.33540087648276],[-124.32177309846159,43.34064869778884],[-124.32855779107028,43.34686620217792],[-124.32285772254345,43.34902408095256],[-124.34199201659722,43.351441019773176],[-124.35358078347281,43.34025679272487],[-124.37552290940134,43.34001599575554],[-124.37274949517092,43.33389238997603],[-124.38483176796332,43.331223433331814],[-124.40233283330615,43.30734417722247],[-124.392561741603,43.29824085672721],[-124.38181064054659,43.27079362402067],[-124.40494299061245,43.17539518293414],[-124.42322881802929,43.12883394412027],[-124.43721451143423,43.11473073645061],[-124.43303447538331,43.09594878855983],[-124.44868741778173,43.02583648171606],[-124.5045106719645,42.91134979263807],[-124.52462937981738,42.882191695685286],[-124.53597026906272,42.87622893477161],[-124.53584131835615,42.86455287471664],[-124.5498947474906,42.84318239298514],[-124.56657169508291,42.836245271246064],[-124.54273250349445,42.82150674262272],[-124.52894152087147,42.80040511681533],[-124.51534399447736,42.736721555310496],[-124.51090221646415,42.73234517189639],[-124.50453644431553,42.74019107294841],[-124.49227875466653,42.741869712527624],[-124.47332014669244,42.73165089773504],[-124.44878229267137,42.688665931032446],[-124.45113497800286,42.6753982168965],[-124.41536996326855,42.660599066237104],[-124.41218461858215,42.641132423455964],[-124.40203859719986,42.62765851393513],[-124.40119489843515,42.59760827488926],[-124.40827808420987,42.59386529025046],[-124.39710115213077,42.58840947157742],[-124.39116744349431,42.56983086732781],[-124.40573990927342,42.52583179292397],[-124.42274188615886,42.49702930883494],[-124.42281495361684,42.4593846918799],[-124.43654713095104,42.44074314146772],[-124.43233978790718,42.41903431338288],[-124.3906010443881,42.43338153045666],[-124.378869919112,42.44537547821022],[-124.38048856361135,42.4635187632488],[-124.34779820418395,42.465970189342855],[-124.33041971817592,42.4747821754714],[-124.32925389405833,42.48178423418568],[-124.31292538500274,42.480603138922184],[-124.31038567193873,42.494176787692176],[-124.29788770180251,42.50418888347969],[-124.25981038116034,42.49825207354675],[-124.2311084939242,42.50123398535474],[-124.19518924272565,42.488060248058105],[-124.1912676323017,42.50151077972733],[-124.1222521527435,42.55675572873278],[-124.09147510302101,42.561380123919825],[-124.0860736243918,42.55445201124644],[-124.0751788176543,42.55714372351434],[-124.06634411307965,42.550255845056626],[-124.05187117374226,42.57079673382069],[-124.06024040922273,42.5808287541877],[-124.06579482870326,42.61151843602653],[-124.04818687061028,42.63258260826908],[-124.05501043698499,42.63454693791709],[-124.0547451949355,42.645554221936735],[-124.06499334394113,42.64920580276268],[-124.06519083324477,42.655769371424334],[-124.06239680146324,42.65432724498151],[-124.06112781904707,42.65432093553268],[-124.0606126532213,42.6548750171942],[-124.06897339833216,42.66574834689508],[-124.06530421921825,42.663828239312885],[-124.0664157394257,42.67531811424962],[-124.07716183004692,42.682034938606],[-124.06606287403739,42.692947350607156],[-124.05487788503426,42.69163515097991],[-124.06109545005998,42.69828315521399],[-124.05807508272575,42.70531626353886],[-124.0359689383731,42.719562241477696],[-124.05982712580034,42.74143544153182],[-124.06062968625018,42.75440873017551],[-124.06850551199807,42.76015834147739],[-124.06733379960427,42.77234475035511],[-124.05736666201399,42.78354972687308],[-124.01737059611516,42.78918904985226],[-124.0130617165918,42.82338143363762],[-124.03546250145206,42.83513447624189],[-124.0454699079884,42.85921244958438],[-124.05222397996098,42.86098015861398],[-124.05738314211517,42.87439065933667],[-124.07308178858524,42.880575870430974],[-124.07745775327754,42.89592304595928],[-124.10391772764697,42.9031508764631],[-124.10855322045866,42.90779667625997],[-124.10192452602132,42.917209528043834],[-124.11857784940172,42.91838873751901],[-124.0983449465089,42.936219541321044],[-124.09624692978291,42.950316523240986],[-124.1066797009223,42.9495253720829],[-124.11463882421027,42.971709625713636],[-124.13177604122407,42.967141872628474],[-124.15917543829725,42.989867343213405],[-124.14338165415211,42.987897969262406],[-124.13849833484795,42.99725753702686],[-124.14672671207387,43.009117342091194],[-124.13712321815278,43.01371206075597],[-124.13117284207296,43.020380817215916],[-124.12045112603005,43.02500173763866],[-124.11077825210968,43.03280045987479],[-124.13920776906615,43.06015703613908],[-124.1381945263306,43.08052754785992],[-124.17408159480004,43.12064273287652],[-124.1762781527253,43.156046672016416],[-124.1831781258212,43.16925325632129],[-124.20669220598361,43.1835066313199],[-124.21814106944699,43.183542861659284],[-124.24739820355674,43.2163487531769],[-124.2174266244149,43.255014179628205],[-124.22772219356999,43.26107996262808],[-124.2316133874852,43.28242892509667],[-124.21230011544058,43.29916782264947],[-124.19776547863893,43.33807364853583],[-124.19962782654912,43.352943335270936],[-124.21200502778204,43.35656331786256],[-124.21254029683975,43.37475672693595],[-124.22131602692896,43.3851066210074],[-124.22280385339447,43.42429946890043],[-124.22789597156243,43.41881349333978],[-124.23080151738914,43.425040498457726]]]}},{"type":"Feature","id":"wmu:24","properties":{"id":"wmu:24","kind":"wmu","code":"24","name":"Tioga","region":"Western","acres":990472},"geometry":{"type":"Polygon","coordinates":[[[-123.56766003031973,43.63250290926536],[-123.6256898787486,43.650100832218484],[-123.6728142417435,43.63603021740241],[-123.67439729971778,43.64123444842151],[-123.65389517712603,43.6644752327236],[-123.6538236433376,43.678468916480895],[-123.66004897684046,43.682782245724724],[-123.71144420460004,43.65708257057805],[-123.78371951987549,43.65607021859263],[-123.79880079637348,43.67392926624148],[-123.80931412351022,43.66977648915232],[-123.80760496782642,43.65887554682223],[-123.81373026997339,43.65234902545897],[-123.85002168517416,43.64846540825501],[-123.86106306541568,43.65840448286851],[-123.9012841064234,43.65107832241112],[-123.91659151935522,43.659587071817434],[-123.92253651974009,43.66877754372283],[-123.9373683927378,43.68116487675305],[-123.94347918534818,43.68367832945776],[-123.93817007786704,43.68010000305968],[-124.01696036814342,43.697430423165734],[-124.06411285061927,43.691570914144805],[-124.12919145734513,43.720313565803686],[-124.13059384770241,43.73349960531925],[-124.13840951332122,43.73310695737783],[-124.15886992211767,43.6942560905529],[-124.18689789180215,43.68266856958352],[-124.19545711688743,43.66883004153031],[-124.20817846894518,43.66701247872614],[-124.2320534492646,43.562443444847666],[-124.25731861912335,43.49772401566891],[-124.2995376476889,43.413042516839965],[-124.3421866688661,43.351215526356604],[-124.32130074257618,43.348151615707096],[-124.32855779107028,43.34686620217792],[-124.32177309846159,43.34064869778884],[-124.33341295111221,43.318555672805644],[-124.3221756160866,43.322596867310686],[-124.32757765741184,43.31109764082347],[-124.32116493689034,43.302069580767466],[-124.32325054353343,43.283380733529036],[-124.31953865772131,43.27848532140402],[-124.3184074882264,43.30657047971661],[-124.30765405720142,43.2858949250781],[-124.30303301602805,43.289572169480245],[-124.31459669066199,43.300461749734154],[-124.31009523727693,43.307821989660845],[-124.31690489198674,43.311329159856975],[-124.31106474087358,43.31618657096822],[-124.32111464505837,43.31584049455405],[-124.31161348941525,43.32102199537435],[-124.32027498090446,43.33081336990885],[-124.30531979350029,43.34096739242274],[-124.2991395344286,43.33576371772087],[-124.2880905630948,43.333851586704135],[-124.30428192282345,43.34243831960501],[-124.31861387394632,43.33419443718415],[-124.3119828527562,43.35787220109352],[-124.30034561254806,43.36334931571593],[-124.27877264176895,43.39685234254881],[-124.25768730527464,43.416824190180414],[-124.23805391542615,43.42385474212058],[-124.23847970798796,43.41200906822662],[-124.22945612346561,43.40739715778193],[-124.22626726777848,43.41707509128158],[-124.23461825455854,43.42136158880376],[-124.23576489850451,43.42368133463114],[-124.22789597156243,43.41881349333978],[-124.22280385339447,43.42429946890043],[-124.22131602692896,43.3851066210074],[-124.21254029683975,43.37475672693595],[-124.21200502778204,43.35656331786256],[-124.19962782654912,43.352943335270936],[-124.19776547863893,43.33807364853583],[-124.21230011544058,43.29916782264947],[-124.2316133874852,43.28242892509667],[-124.22772219356999,43.26107996262808],[-124.2174266244149,43.255014179628205],[-124.24757564339357,43.21687596904529],[-124.21814106944699,43.183542861659284],[-124.20669220598361,43.1835066313199],[-124.1831781258212,43.16925325632129],[-124.1762781527253,43.156046672016416],[-124.17408159480004,43.12064273287652],[-124.14343260222314,43.089164038010985],[-124.13786394233567,43.07953336644669],[-124.13938413265335,43.060447951895235],[-124.11616924732047,43.034235842519884],[-124.10345440971122,43.035490447958864],[-124.08397274652707,43.02358913371676],[-124.06254252380427,43.04180607333532],[-124.02836923041404,43.0347509999052],[-124.00199131236054,43.01866763272505],[-123.95680561413954,43.012075657910614],[-123.92424971665862,43.021974780361724],[-123.8762830865914,42.998265582785045],[-123.8688092178341,42.96553667333534],[-123.86298048337756,42.96343256588584],[-123.77002947880001,42.966188801481586],[-123.74794195390184,42.973785883656426],[-123.72796646793608,42.99417736649615],[-123.69328367346125,43.012851966617724],[-123.65049800336773,43.064547862321334],[-123.63516049141737,43.069060380341455],[-123.62134614950378,43.0640194221154],[-123.57111969688486,43.08684902987746],[-123.56817788484473,43.09323861278731],[-123.57689138688978,43.09559090917472],[-123.5920799625668,43.11497558830682],[-123.61605398665263,43.1260004076101],[-123.6187544187473,43.137945319020226],[-123.60194949332028,43.15616009618927],[-123.54813278324964,43.185717322649786],[-123.52606411007463,43.210694100989215],[-123.52739808106955,43.228111627526026],[-123.48200679917825,43.234065000148014],[-123.47823819229703,43.24506690000546],[-123.45909097514654,43.246933141297475],[-123.45699960997746,43.261547015046396],[-123.44766070400021,43.26785040837403],[-123.45587280385035,43.28317811542546],[-123.4777498962743,43.29001212122035],[-123.47603647771865,43.3012601310322],[-123.49146867974001,43.32001595805993],[-123.496201196508,43.3386548421009],[-123.48609558541942,43.34829611765987],[-123.48766417485105,43.36528317058149],[-123.47139138884044,43.36462105947905],[-123.47123367126066,43.368952786353866],[-123.47947494765991,43.37532321867087],[-123.51408886762509,43.37486724041051],[-123.54367512345857,43.39024281215588],[-123.54112069095545,43.397202400994566],[-123.52634358504602,43.39879086862877],[-123.52465733015525,43.40391184488446],[-123.588937230536,43.41091091449338],[-123.5660469918648,43.423391944575734],[-123.57199163630969,43.45696947515966],[-123.55801639213327,43.4560225114705],[-123.54791097903313,43.443199315312114],[-123.54135800827424,43.445571572407694],[-123.54162603584741,43.46160877130697],[-123.55472472341141,43.47558307241241],[-123.52533628080846,43.47044366613717],[-123.50855514744066,43.48614819279477],[-123.47903929497652,43.47898575952314],[-123.49761211334874,43.50599170028396],[-123.53346300602836,43.524625228757685],[-123.56241709243378,43.53142350648494],[-123.57708133184788,43.54310228808848],[-123.56902650563514,43.55196028788673],[-123.55317743543904,43.55455308993027],[-123.52981222614494,43.536383914761984],[-123.50442604171408,43.53890594220275],[-123.50250286777093,43.55268542158994],[-123.52160094805384,43.556490058854436],[-123.53657419527161,43.58073275861814],[-123.52398792671622,43.58127069546628],[-123.5103302628934,43.57304059651563],[-123.50170621428758,43.578091349752924],[-123.50368601707342,43.586259978076356],[-123.52609942551096,43.586841124408956],[-123.53644977829178,43.600182687951765],[-123.57890691663296,43.57793338475711],[-123.6200229475421,43.59694987311427],[-123.61364599368196,43.61221890736746],[-123.58280747873978,43.61249029415365],[-123.56766003031973,43.63250290926536]]]}},{"type":"Feature","id":"wmu:17","properties":{"id":"wmu:17","kind":"wmu","code":"17","name":"Stott Mtn","region":"Western","acres":318421},"geometry":{"type":"Polygon","coordinates":[[[-123.68089111309132,45.05766441196523],[-123.72343363244579,45.070721430495475],[-123.74643693622568,45.056068821399],[-123.79801673901804,45.047031778227414],[-123.81905535278774,45.02642602034711],[-123.87196725510935,45.01907954443772],[-123.89517936002213,45.00329977978248],[-123.91755979116932,45.00685164949314],[-123.94093245381777,45.02182433751332],[-123.96251511348096,45.02157641318035],[-123.97150219754265,45.03046272625195],[-123.98533419743427,45.03177774424645],[-123.98807136173265,45.03888188160543],[-124.00847573707937,45.04724794380622],[-124.00537555706764,45.040289859195376],[-124.01233402539353,45.030493184375466],[-124.00960398917869,45.011863362425466],[-124.02565649103464,44.92705480916407],[-124.01387337218503,44.926034926012086],[-124.01819265703071,44.914052890708064],[-124.00623670510451,44.91570468894834],[-124.00788047543901,44.90078061499812],[-123.98260688523312,44.88103572679146],[-123.96779708921862,44.8839033793236],[-123.96039576747961,44.878208605877404],[-123.93650342433979,44.88504768068643],[-123.91698290267887,44.87592761523283],[-123.93971183360048,44.874010950599235],[-123.93505447186934,44.85931095461631],[-123.9847319727509,44.85987980100281],[-123.98474239907968,44.83586285274077],[-123.96427844282229,44.83050923975658],[-123.96345086877541,44.82435710845368],[-123.97600621494743,44.817712864819235],[-123.97438664332304,44.810209384870234],[-124.00493123537191,44.812128838053894],[-124.01127969008066,44.80657889927301],[-123.99605610051921,44.80199884207779],[-123.96508831614022,44.80752903884163],[-123.95090985778097,44.799653776102076],[-123.89794590492119,44.796756250728286],[-123.9012131699241,44.787256758575076],[-123.91985936780655,44.78206798595944],[-123.91594091836481,44.77214511572114],[-123.9294447269531,44.7780785711026],[-123.94083592057972,44.774768649495314],[-123.93395791436464,44.76634278764578],[-123.89001233195111,44.757220673099134],[-123.90858756236535,44.75380364809295],[-123.91522528285186,44.73721809542418],[-123.90876171557069,44.73242364700241],[-123.91302810457879,44.724931900930144],[-123.91799149682187,44.73238900027287],[-123.93074000170704,44.731312017689625],[-123.9247927596535,44.72462754297179],[-123.94083889116702,44.72697391593649],[-123.93111606605774,44.71359956484181],[-123.91697858819205,44.718812178659974],[-123.88213016580046,44.714292101426054],[-123.87158815437684,44.72785588521781],[-123.79264290646236,44.736411395713965],[-123.79072289370603,44.74507791214383],[-123.8078899671446,44.75131535088435],[-123.83642551439074,44.77833488044092],[-123.81047309179617,44.78983858049167],[-123.78766182964965,44.78256104146681],[-123.78424425137035,44.80169730120079],[-123.77549130963023,44.812239129662046],[-123.7814577355084,44.811185430075916],[-123.78116641931493,44.81698365862361],[-123.77175689262484,44.81749570147336],[-123.77546709824466,44.830865582187634],[-123.76204506146142,44.830420039227114],[-123.76135551384581,44.84772606339285],[-123.75492752357704,44.84625885824728],[-123.73572495497811,44.85993477394493],[-123.71939495949341,44.875134520763694],[-123.72561656835373,44.880088783564844],[-123.71663787326072,44.88260037577781],[-123.7001402373274,44.87764481082105],[-123.70347138603171,44.87178455637326],[-123.69661573304113,44.86675597463199],[-123.66899065403567,44.85827926146634],[-123.66271269496062,44.84278672386737],[-123.64068769041646,44.82971102568815],[-123.58866487724042,44.81865673254221],[-123.57456387768006,44.83173523391253],[-123.52707867191728,44.823901937630794],[-123.5208819736658,44.83988623995911],[-123.48081816477355,44.84196742356788],[-123.46687973326034,44.852711380817645],[-123.46559061710595,44.86174831237342],[-123.44672081512633,44.85754314710348],[-123.4366479931695,44.86537071992358],[-123.39577303562866,44.84764727289402],[-123.39573134834109,44.840582780057964],[-123.37625182338856,44.82954398389427],[-123.32858861675031,44.88749363539751],[-123.33346525482253,44.89735747227449],[-123.32913827524649,44.91395364915507],[-123.31533357370877,44.9194770915568],[-123.31110905503965,44.94707548407135],[-123.29914246995268,44.96695626745785],[-123.36878750024626,45.00390367261854],[-123.41080918300256,45.00917558324709],[-123.42620872663403,45.023529556608196],[-123.44626028723997,45.02517626683849],[-123.49055927857557,45.0550019890607],[-123.53302097666474,45.05105864693815],[-123.56308595461624,45.06213912387743],[-123.68089111309132,45.05766441196523]]]}},{"type":"Feature","id":"wmu:14","properties":{"id":"wmu:14","kind":"wmu","code":"14","name":"Trask","region":"Western","acres":844449},"geometry":{"type":"Polygon","coordinates":[[[-123.2753090883997,45.650284312433776],[-123.3062116903978,45.6547452210492],[-123.34245834107078,45.64847251388733],[-123.38625751626877,45.6170708830728],[-123.41579808203124,45.621297610695805],[-123.42473989799245,45.61112807243669],[-123.44311885713503,45.60528698322129],[-123.49190960531224,45.606178584477924],[-123.51419145248222,45.59251675462131],[-123.55761425554063,45.586561361903335],[-123.57055211493659,45.56407356485507],[-123.6040324313406,45.55723066658137],[-123.60260751984782,45.54788546396388],[-123.61014148958745,45.540788272002416],[-123.60563181076155,45.53169359722536],[-123.61915706151879,45.5137699468081],[-123.60059577880484,45.495981591141955],[-123.64011782647692,45.48995476575228],[-123.67555960391005,45.4968409431094],[-123.69754100257529,45.48215047364049],[-123.71317501820725,45.48412525503274],[-123.75284708115147,45.466636160163354],[-123.77682994380272,45.472011196841365],[-123.78179947770127,45.47889013397846],[-123.7994847372476,45.47271881777563],[-123.80899931566762,45.47780941752983],[-123.84219669771653,45.474868861579],[-123.86100140230818,45.48474683330577],[-123.87394027407181,45.48181801481796],[-123.86005797112523,45.49029453617552],[-123.86642747842659,45.499211583709325],[-123.86443500213838,45.49698534611144],[-123.85472949931638,45.50107069366832],[-123.88322482156303,45.50164121697635],[-123.88886006540574,45.508721874133755],[-123.88729060025176,45.518597429727365],[-123.89712890669283,45.523780983314374],[-123.90757612756266,45.54750922356326],[-123.89464917378295,45.56224853153886],[-123.91559351172566,45.55411715053788],[-123.94996305671059,45.56912826320017],[-123.95871339357778,45.50447715542488],[-123.97898997393204,45.486437813863986],[-123.97008318368184,45.48196823667041],[-123.97361663723498,45.46205437502483],[-123.95631737435552,45.43455771088618],[-123.97292641899652,45.35439508520232],[-123.99326256601657,45.339736518163754],[-124.00847254837485,45.33924186742235],[-123.97330273861978,45.336911095826615],[-123.96444943866257,45.31765110064321],[-123.96316160815542,45.27334745803335],[-123.97302097687323,45.22366549287412],[-123.98036890228136,45.21764359093253],[-123.97303118697079,45.21679727186235],[-123.96854019512278,45.20357630763116],[-123.97118078909904,45.16010192783353],[-123.98681389439281,45.10122487032886],[-124.012038882094,45.07679816561523],[-124.0076925035607,45.070381820006055],[-124.01574200503138,45.06533186974404],[-124.01214370019433,45.053961256757916],[-124.01741134538922,45.049266518653916],[-124.0033513811757,45.047750674014274],[-123.96251511348096,45.02157641318035],[-123.94093245381777,45.02182433751332],[-123.94046362286117,45.016919991754115],[-123.90604025081431,45.00290303191298],[-123.89108024214761,45.0043899774215],[-123.87196725510935,45.01907954443772],[-123.8193291101422,45.02630499972566],[-123.79880100856721,45.04672668500854],[-123.74643693622568,45.056068821399],[-123.71630212213633,45.07205402471001],[-123.70083376826514,45.06089923216729],[-123.6813081659691,45.05768624683566],[-123.56276175221782,45.06213101450979],[-123.53364333973866,45.051149668284694],[-123.50412573120207,45.05081096769001],[-123.45900139434339,45.073033431657805],[-123.33813385790425,45.10272168512528],[-123.24705865165724,45.170282769525116],[-123.2099738715306,45.19045038657506],[-123.1980682513883,45.20488715673299],[-123.19600022375793,45.2222015021622],[-123.15843422897862,45.2329764707308],[-123.1796393172694,45.29428257994493],[-123.17610187636998,45.319446518951494],[-123.1877920797553,45.345591174262154],[-123.17728898439603,45.346718810394755],[-123.16003253358961,45.371688121748036],[-123.12379115598236,45.40296840339514],[-123.13583570343563,45.420204035362204],[-123.14354395349314,45.45382931419587],[-123.11568307811955,45.50243392218067],[-123.1156145503732,45.519665424082966],[-123.12146924051693,45.52016480818907],[-123.12351608002558,45.52913522112596],[-123.15543701948091,45.533469422425135],[-123.18206369960123,45.55184719465713],[-123.21828906079261,45.59681159693473],[-123.2679779121482,45.62821802797133],[-123.26665302180335,45.6394574723845],[-123.2753090883997,45.650284312433776]]]}},{"type":"Feature","id":"wmu:15","properties":{"id":"wmu:15","kind":"wmu","code":"15","name":"Willamette","region":"Western","acres":1855539},"geometry":{"type":"Polygon","coordinates":[[[-122.7639314562872,45.657144278032334],[-122.78869393373795,45.633647747173534],[-122.79118093492876,45.61741032218208],[-122.82070938102126,45.6278256628902],[-122.85155964243538,45.65168221019732],[-122.86623754909162,45.632583246852946],[-122.85906528645094,45.61373292968156],[-122.8673448266987,45.58888415800426],[-122.90079938222053,45.554302369925715],[-123.06393813626404,45.61506352992369],[-123.10757774757433,45.60857904759199],[-123.21683455542038,45.62055521227509],[-123.23329226935266,45.6094426895947],[-123.24449736175653,45.612837228845805],[-123.21828906079261,45.59681159693473],[-123.21346880856383,45.58485683027385],[-123.17649600952898,45.547552822645216],[-123.15513264099977,45.53335402116612],[-123.12351608002558,45.52913522112596],[-123.12146924051693,45.52016480818907],[-123.1156145503732,45.519665424082966],[-123.11568307811955,45.50243392218067],[-123.14354395349314,45.45382931419587],[-123.13583570343563,45.420204035362204],[-123.12379115598236,45.40296840339514],[-123.16003253358961,45.371688121748036],[-123.17728898439603,45.346718810394755],[-123.1877920797553,45.345591174262154],[-123.17610187636998,45.319446518951494],[-123.1796393172694,45.29428257994493],[-123.15843422897862,45.2329764707308],[-123.19535541494656,45.22271570398506],[-123.1980682513883,45.20488715673299],[-123.2099738715306,45.19045038657506],[-123.24705865165724,45.170282769525116],[-123.33741303321528,45.10309416797208],[-123.45846289359721,45.07320176444532],[-123.49354001437827,45.054666866843014],[-123.44626028723997,45.02517626683849],[-123.42590301998933,45.02337724558847],[-123.41234836912777,45.00976436470031],[-123.36978033890868,45.004283354841746],[-123.29952001831391,44.96872325265875],[-123.31110905503965,44.94707548407135],[-123.31533357370877,44.9194770915568],[-123.32913827524649,44.91395364915507],[-123.33346525482253,44.89735747227449],[-123.32858861675031,44.88749363539751],[-123.37625182338856,44.82954398389427],[-123.34488180149815,44.79862349938598],[-123.34536294462777,44.77857605813387],[-123.33428865153,44.75238742890143],[-123.31146455983915,44.73692990552159],[-123.2231066376985,44.744090155477124],[-123.21859650936292,44.68359768249121],[-123.22183979386308,44.656527270153184],[-123.2401552897314,44.6379040607085],[-123.26506726815556,44.55673232286786],[-123.30041923597145,44.55438743242707],[-123.35659716090208,44.54007869246843],[-123.38529246212342,44.541241262812505],[-123.42792856461462,44.51711462545328],[-123.44961074076436,44.48929804123241],[-123.42801391514139,44.4848935806132],[-123.42952774641618,44.473568926343404],[-123.38736508197269,44.46055554529293],[-123.33728641291863,44.45804817705646],[-123.33224390544201,44.427695380739934],[-123.35169976153625,44.400006991830274],[-123.36513712558005,44.394672304764065],[-123.35577117450948,44.363733531415015],[-123.2915951850106,44.36299777309383],[-123.29939782356888,44.32573248059757],[-123.29525451239921,44.270162547881625],[-123.28544282643117,44.240635159744166],[-123.2865240163276,44.18962305914229],[-123.40683275753405,44.136762875125136],[-123.44018371671105,44.14320650610397],[-123.46233754129265,44.123697805990496],[-123.4657014146224,44.11583208938502],[-123.4572126790727,44.109769327240166],[-123.45821378133694,44.09713470422893],[-123.45182971614204,44.08857380373757],[-123.45722930400362,44.06746247528224],[-123.42364903711925,44.05014380902985],[-123.22455419869422,44.05584733070985],[-123.17298549510782,44.048153151856944],[-123.17103026606749,44.09174745484824],[-123.16345726129362,44.09738991395847],[-123.11259278968402,44.09748985500277],[-123.04690525151882,44.08411073534786],[-123.04453875777088,44.107297627447664],[-123.0607517350402,44.17217903987965],[-123.0616890890761,44.55578904315321],[-123.01062557313286,44.5555272703587],[-122.99106674644547,44.54562346808696],[-122.90713725371174,44.54597989766068],[-122.90709449293796,44.53844386654194],[-122.89146511844505,44.53763980629282],[-122.87722914668343,44.54744558027347],[-122.87215251459156,44.577252914325115],[-122.7980193965847,44.57715680729489],[-122.79798465035113,44.59171647192684],[-122.80427478550413,44.59172809865791],[-122.80440332570615,44.70556622240773],[-122.75988241334454,44.71434618638564],[-122.71526230314336,44.71308108845778],[-122.70917131979655,44.7248824069316],[-122.6978313056403,44.72719703921291],[-122.66808258058558,44.75080993513789],[-122.662625795161,44.76932764433105],[-122.61543296427233,44.77463594801697],[-122.61835221766732,44.7924525237604],[-122.66974412421887,44.78450094666174],[-122.75271222511257,44.80195249214796],[-122.79432529019915,44.817075174801374],[-122.79120289545465,44.87369010270104],[-122.80277476779801,44.9007738897936],[-122.79924719542879,44.92801444546997],[-122.80180716492855,44.951271270498935],[-122.80936430979165,44.96164892519763],[-122.80899886127945,44.98743521374971],[-122.7788419772146,45.00929416178646],[-122.74144999623677,45.024234446752416],[-122.72431760847152,45.04502233474272],[-122.62768476392196,45.117902634395],[-122.60638226791188,45.15070847012825],[-122.56418814535097,45.14455307847739],[-122.52166320300437,45.17179544840435],[-122.49744513836569,45.15809445018232],[-122.47659034169195,45.169142772219146],[-122.42751759970496,45.17276595970509],[-122.36807468895343,45.208022793266665],[-122.36291286424493,45.223043481025485],[-122.32607516696882,45.23072731248207],[-122.33028688140463,45.25026219395318],[-122.35059083813414,45.27572589186079],[-122.33190473173583,45.28336541986719],[-122.34255294601732,45.29189750384704],[-122.35176629059009,45.346118999768606],[-122.35894721198478,45.357578016289274],[-122.34700196297216,45.36505006583045],[-122.33697679549216,45.36281229942696],[-122.31999527603867,45.37482059912847],[-122.2659739592267,45.3863769242932],[-122.25977167534901,45.39631850684397],[-122.24528539949513,45.395696121794835],[-122.24315199009469,45.406222596931975],[-122.23503628588273,45.407728796485486],[-122.2456148114856,45.41481230383775],[-122.26900312583209,45.409886171700236],[-122.25939335465392,45.420327226490336],[-122.25679330385131,45.44242993683212],[-122.24253586833159,45.45280692553397],[-122.28907146782389,45.46995070677307],[-122.29082775501688,45.48686947766491],[-122.27664855125587,45.49491760454636],[-122.29001172642702,45.49885392865574],[-122.29867078841069,45.490050325369765],[-122.30694653013252,45.491433153321324],[-122.29922158618399,45.50348334423132],[-122.32264229265697,45.49732413679461],[-122.33848075024599,45.50450985046696],[-122.33968421097993,45.51542606059465],[-122.37063113123381,45.5115089177188],[-122.37229112376973,45.53519636913652],[-122.38655172826536,45.54751534153958],[-122.38113441035995,45.55555097806107],[-122.40127835895314,45.57122231407489],[-122.43846151506415,45.56347547890019],[-122.54803085507537,45.596609033220396],[-122.6754023021235,45.61821543395199],[-122.7639314562872,45.657144278032334]]]}},{"type":"Feature","id":"wmu:12","properties":{"id":"wmu:12","kind":"wmu","code":"12","name":"Wilson","region":"Western","acres":369495},"geometry":{"type":"Polygon","coordinates":[[[-123.68955760167985,45.90765089432813],[-123.70690703453835,45.912181971537265],[-123.75984549111642,45.90234107795054],[-123.75595567880723,45.894712359662115],[-123.76884443095439,45.86434064585561],[-123.76621400823194,45.84592598514799],[-123.78133711575893,45.827769903885944],[-123.77057901825046,45.82129118835277],[-123.77046825293242,45.81331215031058],[-123.78604545159067,45.80285835397988],[-123.81418703430286,45.80243702004378],[-123.82277383678735,45.783758971587126],[-123.82880769087774,45.787738144227035],[-123.8403799307328,45.78110469579232],[-123.84576707175273,45.770169294814366],[-123.84246776298103,45.75067260916446],[-123.84975815810562,45.74252670494654],[-123.8799788204114,45.73244177367941],[-123.89331145591383,45.71760822343101],[-123.88707325856704,45.6984600540732],[-123.90236930354881,45.70172433379365],[-123.90804013401944,45.709196898961174],[-123.93338366209427,45.68982482536247],[-123.93231859542526,45.66260896929186],[-123.93984226967855,45.657671070476916],[-123.94673036809311,45.60556230058061],[-123.95886483340844,45.57015136240255],[-123.91559351172566,45.55411715053788],[-123.90514313324663,45.55552493047374],[-123.90445992502104,45.561889404107816],[-123.89464917378295,45.56224853153886],[-123.90757612756266,45.54750922356326],[-123.89712890669283,45.523780983314374],[-123.88729060025176,45.518597429727365],[-123.88886006540574,45.508721874133755],[-123.88322482156303,45.50164121697635],[-123.85472949931638,45.50107069366832],[-123.86642747842659,45.499211583709325],[-123.86005797112523,45.49029453617552],[-123.87394027407181,45.48181801481796],[-123.86100140230818,45.48474683330577],[-123.84219669771653,45.474868861579],[-123.80899931566762,45.47780941752983],[-123.7994847372476,45.47271881777563],[-123.78179947770127,45.47889013397846],[-123.77682994380272,45.472011196841365],[-123.75284708115147,45.466636160163354],[-123.71317501820725,45.48412525503274],[-123.69754100257529,45.48215047364049],[-123.67555960391005,45.4968409431094],[-123.64011782647692,45.48995476575228],[-123.60142500241759,45.495631460189834],[-123.61915706151879,45.5137699468081],[-123.60563181076155,45.53169359722536],[-123.61014148958745,45.540788272002416],[-123.60260751984782,45.54788546396388],[-123.6040324313406,45.55723066658137],[-123.57055211493659,45.56407356485507],[-123.55794336798705,45.586431469594984],[-123.51419145248222,45.59251675462131],[-123.49190960531224,45.606178584477924],[-123.44311885713503,45.60528698322129],[-123.42473989799245,45.61112807243669],[-123.41579808203124,45.621297610695805],[-123.38625751626877,45.6170708830728],[-123.34245834107078,45.64847251388733],[-123.3062116903978,45.6547452210492],[-123.2750188620347,45.650175112992436],[-123.2929933574562,45.66233467979988],[-123.28754331214549,45.675154811418075],[-123.28897046666619,45.701567816460226],[-123.28224495369567,45.70240043618526],[-123.29780942874633,45.71564331534891],[-123.30051972604194,45.759748717237954],[-123.34341776753803,45.78041103270071],[-123.38658126782364,45.77273399054662],[-123.41968941749401,45.775423608950845],[-123.47202733446902,45.80191600203922],[-123.49212400027363,45.816104708853864],[-123.49597865135922,45.828024196210436],[-123.54214098050512,45.856665988683126],[-123.57313897099964,45.86734688717374],[-123.59105669679813,45.864510610641005],[-123.60863083446752,45.88438481720117],[-123.66373573984859,45.90274799115553],[-123.68050571378204,45.89802961014964],[-123.68955760167985,45.90765089432813]]]}},{"type":"Feature","id":"wmu:70","properties":{"id":"wmu:70","kind":"wmu","code":"70","name":"Beatys Butte","region":"Eastern","acres":1684173},"geometry":{"type":"Polygon","coordinates":[[[-118.97818091085527,42.76314643311337],[-119.04777445068865,42.76376524690012],[-119.0558264531572,42.756769050432005],[-119.08843824076888,42.75191719498828],[-119.10840565807801,42.71615230886033],[-119.16751180340691,42.684045862982636],[-119.22755599258505,42.67846968432667],[-119.3456276814953,42.686347069052765],[-119.45827461963522,42.662681452957656],[-119.50652551702089,42.63667173771659],[-119.52656565354951,42.613909145531814],[-119.52963003272181,42.59919913183549],[-119.5445063873767,42.59836157140138],[-119.59316161301433,42.57661333318946],[-119.60744792089034,42.56348823738025],[-119.65357505542376,42.54778852209799],[-119.69701274639165,42.56501987351078],[-119.7022857559388,42.57566864993229],[-119.71826078881102,42.57427134743804],[-119.71034904514241,42.582109966624785],[-119.73898285634806,42.560985724920315],[-119.7853264659577,42.54102624352627],[-119.83932227861558,42.58839433881874],[-119.89882538616034,42.55769013267005],[-119.89360565847625,42.51097490325068],[-119.90887884109777,42.46227702917023],[-119.90427697543588,42.411536602541894],[-119.90982196513349,42.40803180724197],[-119.91145176575081,42.37612412070596],[-119.88970847711792,42.34155323535821],[-119.88761021664655,42.3242488319216],[-119.86422003093219,42.275401093356614],[-119.87706445298797,42.26713022080584],[-119.87933414557196,42.218711797059434],[-119.89922161669224,42.193694226465254],[-119.89545930021902,42.17185061040232],[-119.93327597183833,42.143075267091476],[-119.9512358412079,42.1094205757664],[-119.95069577109305,42.08255169700329],[-119.96689393351127,42.06581218831468],[-119.9598065733165,42.061006912310816],[-119.98152643029209,42.04737379723789],[-120.00614629327174,42.01271816664717],[-120.025376098987,42.00031764220343],[-120.04115773136489,42.00060078686265],[-120.04217964784736,41.99508340729968],[-118.63485696659852,41.9932459748365],[-118.60238717558069,42.06638518324779],[-118.57313710541695,42.09340750679369],[-118.60183460813775,42.13041020705698],[-118.61035608689289,42.180913115122195],[-118.64530694758353,42.222672209221884],[-118.65614621052269,42.247697408329856],[-118.67427176451396,42.26345891253283],[-118.6694699103431,42.28633621004722],[-118.690818837943,42.285700653624254],[-118.76649634856342,42.32813079307546],[-118.87896469574525,42.36310252174512],[-118.8754627918974,42.40532519207171],[-118.85957693114419,42.433686584595755],[-118.86876942073411,42.47033979278904],[-118.93642693388621,42.52992419946464],[-118.94090741123135,42.55485853226219],[-118.96108652922527,42.59963882073463],[-118.96162780419961,42.620234245081285],[-118.9911150733338,42.643451191752824],[-118.98766353723815,42.661545242536796],[-118.9966615211618,42.67327853977089],[-119.00529941379077,42.707076534081814],[-118.97818091085527,42.76314643311337]]]}},{"type":"Feature","id":"wmu:65","properties":{"id":"wmu:65","kind":"wmu","code":"65","name":"Beulah","region":"Eastern","acres":1755188},"geometry":{"type":"Polygon","coordinates":[[[-118.41917372777105,44.57900682505592],[-118.50238442191444,44.57353542876056],[-118.5075921133302,44.56495320082304],[-118.52494892127159,44.56033058614365],[-118.53746022542073,44.54219172582098],[-118.5703616043941,44.53259274151779],[-118.61151949323717,44.534002640870185],[-118.62879460032538,44.51963689060777],[-118.64275789776119,44.4856555080285],[-118.6669279804513,44.46296189649507],[-118.71138142088556,44.462465775984356],[-118.70830579411863,44.45745619827604],[-118.67863418659226,44.45370100554425],[-118.67433970568679,44.44549036633419],[-118.58959287933756,44.40772661223391],[-118.58059230547856,44.39659416927349],[-118.5821913055389,44.369795578537776],[-118.57532696379607,44.34245219380635],[-118.56511383175334,44.32245449798143],[-118.55224069596134,44.315421468987054],[-118.5416658222348,44.276262576395474],[-118.5164199871183,44.2498973646754],[-118.51422148835924,44.20447987444555],[-118.49125376599926,44.17225203884339],[-118.4767196618206,44.12158449243403],[-118.46667744656666,44.11317853228283],[-118.45560924673805,44.074068916062174],[-118.45887593205647,44.069502911565564],[-118.44767047900399,44.06009262316612],[-118.40674784375459,44.04872360800258],[-118.39401953554633,44.035072630137236],[-118.38556890978975,44.00886233420532],[-118.35820866066433,43.975966199026516],[-118.36318449521563,43.97516324061232],[-118.34470526400106,43.955978430176984],[-118.33032011171849,43.92040384182276],[-118.32902777811591,43.90233199871512],[-118.3378079684488,43.881295234139905],[-118.32774149723605,43.87348011920121],[-118.32800988822295,43.85139441983254],[-118.3532679664332,43.81575372875405],[-118.37776933647034,43.806684398410184],[-118.357330733556,43.779378061403],[-118.31003164587993,43.79012671191556],[-118.28268726237327,43.782702594628745],[-118.24446163349387,43.785728200469336],[-118.21127030614804,43.765810745656474],[-118.18213600204321,43.775476839653926],[-118.15076855179689,43.76208959573116],[-118.12320963162819,43.771375740094726],[-118.077802779669,43.74453612752701],[-118.04652589981833,43.76820763240836],[-118.0318975339229,43.76447734903132],[-118.02125059480916,43.784164037721204],[-118.0089585986419,43.786200018794865],[-118.00361813259678,43.79481441652666],[-117.98719048627068,43.795302544457265],[-117.97329423052615,43.78391462098831],[-117.96366309744428,43.79581076662521],[-117.94936082350031,43.79124155593623],[-117.93518261808045,43.80232553828761],[-117.90827502421338,43.797697162967296],[-117.90188178431305,43.8033224365214],[-117.8865501605662,43.79530635550503],[-117.86749111185628,43.7977293190128],[-117.82196857169599,43.77827046085063],[-117.78863706828231,43.77805814759964],[-117.79159170159024,43.765296668733974],[-117.78113917120771,43.763072871550975],[-117.7579746004619,43.76820929943388],[-117.74651168723594,43.77899613881866],[-117.73531946819807,43.775277779500115],[-117.72526894189647,43.78611964043224],[-117.69052309321097,43.78810295594049],[-117.60697885725358,43.85457789101663],[-117.54175280813067,43.88172327695478],[-117.5302096233026,43.873468770523026],[-117.50402462639572,43.8851391523404],[-117.45880957337205,43.88876969538024],[-117.37231901040134,43.939239290770864],[-117.31284161906946,43.93657048399668],[-117.25433047846252,43.980573398960786],[-117.2222018192323,43.98564101063162],[-117.11414226627254,43.981463193035545],[-117.08857066979175,43.98871010606693],[-117.00588481320366,43.98868559450457],[-117.00623341073147,43.88419877321797],[-117.00097630436207,43.87721909298765],[-116.98493804790583,43.876862190062766],[-116.97708924388724,43.89508901621393],[-116.98128638438601,43.91523677814914],[-116.9624651562962,43.9188100097568],[-116.9622707173343,43.92600030154538],[-116.97060441909886,43.930921557817484],[-116.96328513030866,43.95326255462797],[-116.97774624630108,43.957193764784016],[-116.97845349621619,43.969114957901546],[-116.96129930882603,43.98397761356034],[-116.95963239151452,43.99821008556945],[-116.94574120116707,44.000080769021835],[-116.93535408753996,44.022260516144165],[-116.94465092733094,44.035443962865926],[-116.96035494812523,44.03712138910456],[-116.97282328092541,44.04688787836634],[-116.97824481930455,44.08481755700004],[-116.9349634906389,44.100494492900175],[-116.93927469499435,44.107212460083126],[-116.91566159933876,44.126837099829594],[-116.91229543128148,44.14086495022198],[-116.90278061045183,44.14606552786624],[-116.89529194015836,44.16188622202404],[-116.89854751288577,44.1737534209601],[-116.92799636660855,44.18906696367428],[-116.97203593791357,44.19562089701642],[-116.98224738910382,44.221072650535746],[-116.97455583079226,44.223446430166085],[-116.97724018272322,44.24259999402965],[-117.03181222113729,44.24783755542278],[-117.04512608199433,44.22938288595454],[-117.0530417330279,44.228143409174386],[-117.08535227670356,44.24935945911382],[-117.09811022099028,44.272832497904325],[-117.1152404355272,44.277803731218334],[-117.14366513238105,44.252790528725185],[-117.18040125597571,44.26002126799878],[-117.26786319839876,44.318095632150744],[-117.28232959651046,44.3314828316106],[-117.28831019403637,44.3468980159401],[-117.30374016323938,44.3391505232104],[-117.33789232743509,44.349883309350986],[-117.3685856458928,44.343684622416035],[-117.39694877051572,44.35230342957762],[-117.43706777996977,44.35427512237467],[-117.48664128079834,44.34413860370215],[-117.5346746079059,44.35473716297479],[-117.60363236322506,44.3460290130926],[-117.61300176772981,44.356033861207166],[-117.64581171329739,44.3522890956515],[-117.66730180737665,44.35757167832796],[-117.68788441913246,44.37522077994348],[-117.7010708812638,44.36977519577379],[-117.73779775201503,44.38971848411816],[-117.76364827986615,44.38329947055],[-117.7690536752517,44.37211836599326],[-117.77911830360831,44.37752454381661],[-117.81081832875448,44.374816866029796],[-117.85883468179235,44.34721822877702],[-117.93731286994007,44.342473145969926],[-117.95673597368832,44.329636279437565],[-117.95184946835457,44.324961510190064],[-118.01957908798015,44.3209305652942],[-118.08287736887847,44.327490226095705],[-118.0877408936961,44.3435849466055],[-118.10482868799929,44.351538622544396],[-118.11395008436664,44.3636859560144],[-118.10942568183738,44.40957856895884],[-118.11360829797133,44.421077743393454],[-118.1297173904316,44.421861524720995],[-118.16308224760226,44.43714363923667],[-118.19216164660548,44.43750774659285],[-118.2043968133331,44.46329292234444],[-118.22099048462783,44.469014060244525],[-118.24404479849633,44.497331638821834],[-118.31617464623254,44.52823351407037],[-118.32770833771976,44.541565929632945],[-118.36601955064233,44.55264742746501],[-118.37573909051653,44.57022624688263],[-118.41917372777105,44.57900682505592]]]}},{"type":"Feature","id":"wmu:43","properties":{"id":"wmu:43","kind":"wmu","code":"43","name":"Biggs","region":"Eastern","acres":1263499},"geometry":{"type":"Polygon","coordinates":[[[-120.60523095303064,45.74151375061877],[-120.63881402691655,45.73904497615862],[-120.68819813675171,45.71095475430036],[-120.83447760740471,45.67269128944394],[-120.89856476631815,45.63810705153626],[-120.91853819609672,45.63581760533847],[-120.94640194782356,45.65419832242363],[-120.97519342981386,45.64487436694841],[-121.06728296898493,45.647892154127995],[-121.09745045861521,45.635473063309114],[-121.13759878996234,45.60615576738454],[-121.13911407462045,45.598457207825355],[-121.10465963312805,45.57663163553923],[-121.10054843098973,45.55237346926875],[-121.08824123809163,45.53962587888055],[-121.09656203622781,45.52329319059874],[-121.0864690580008,45.50685669567946],[-121.0929715353107,45.49378726921565],[-121.11587554712423,45.48333970633684],[-121.12436475002708,45.46115428343794],[-121.1191510248298,45.44749008679286],[-121.13175316112546,45.440022222154745],[-121.14011092571091,45.419294320760926],[-121.14237315017805,45.33818027969215],[-121.1509330837786,45.32273676713671],[-121.14775003050298,45.306107703291794],[-121.18313986249385,45.28721165568989],[-121.1908174628212,45.260878659525964],[-121.17463223372422,45.252533523279304],[-121.16112730504165,45.2554570825336],[-121.095564873633,45.245716786393004],[-121.08027905804553,45.253657399795536],[-121.0418173744615,45.25309998395629],[-121.0370767943374,45.26111770873748],[-121.02266833219694,45.26358563808901],[-121.01793426625046,45.25311431458331],[-120.99764891937589,45.259729842977066],[-121.00248454646919,45.255515736002515],[-120.99066816709744,45.25396539204798],[-120.954593967142,45.26960011658501],[-120.91166975488035,45.25762771622047],[-120.86235807058554,45.25772841820545],[-120.86075199504896,45.27970242560418],[-120.85054976553327,45.28777419828401],[-120.85054187802633,45.315053930162435],[-120.78958474244057,45.31602802766127],[-120.78583702315522,45.35306465470059],[-120.76883248063166,45.331386065010584],[-120.76792274871035,45.305719260682494],[-120.74801795324119,45.289072338437606],[-120.74594894988398,45.267577456140046],[-120.72760249898757,45.24990322864414],[-120.7227566868858,45.23226790684013],[-120.69656742948978,45.19879665709435],[-120.69536027856635,45.17143001820613],[-120.68753463770906,45.16171431647572],[-120.68712770588883,45.11216465021747],[-120.67404476941493,45.093157607578554],[-120.68359786145588,45.072665455818154],[-120.68430439382945,45.04737753584906],[-120.722081224761,45.03785782657817],[-120.74783171879706,45.01877011327997],[-120.75496616800014,45.00164842618525],[-120.72128894692845,44.946347517116486],[-120.73629997480023,44.91936133846377],[-120.71959112432677,44.90806072329546],[-120.65800284101373,44.911109435763514],[-120.64073639677675,44.896583710231155],[-120.62315241136557,44.90379662797078],[-120.57132091066856,44.901363006613025],[-120.56388346033546,44.91013821376051],[-120.52524730672388,44.92138293192338],[-120.4402667846323,44.91046452716992],[-120.38848308492973,44.91396335235177],[-120.32289445312315,44.900780651297225],[-120.2774667110889,44.90599765365791],[-120.25521163203885,44.92962107699184],[-120.23165455171896,44.93991344039486],[-120.23534219665574,44.946405577180734],[-120.21370956836215,44.94842404276351],[-120.21494664504931,44.99610457232342],[-120.23137967468537,45.00852599795314],[-120.18821015173721,45.05632744501488],[-120.19563750273736,45.103269364366234],[-120.18627185576418,45.118025901614686],[-120.19176819018391,45.13423245857576],[-120.21412181340797,45.1553736818179],[-120.20336730338775,45.17135526265162],[-120.18565753837736,45.18155930904299],[-120.17552713325371,45.20243938465213],[-120.17626363127869,45.21375476631101],[-120.18677922302562,45.222740684510875],[-120.18486493779281,45.23712558855049],[-120.15206909645484,45.267079607176235],[-120.14276575730946,45.28378001014252],[-120.13766034592864,45.358532026918894],[-120.14551781316828,45.37297082841424],[-120.13882382439508,45.38703492256579],[-120.15949039846772,45.41649689533687],[-120.18023570101717,45.4207658164961],[-120.19823613793557,45.46206261959959],[-120.19291920896002,45.48257858548072],[-120.16586757428949,45.515286981610025],[-120.16518483697486,45.573600126883925],[-120.1568094338525,45.58284678946359],[-120.16693337288318,45.60674639880299],[-120.16211765138438,45.6904093851091],[-120.20608719149448,45.72141741533505],[-120.28346805372036,45.71647154573757],[-120.38859256441991,45.69309159123805],[-120.48386673039279,45.68770609744369],[-120.52372127987269,45.70167845606712],[-120.56525974430156,45.733062954381495],[-120.60523095303064,45.74151375061877]]]}},{"type":"Feature","id":"wmu:58","properties":{"id":"wmu:58","kind":"wmu","code":"58","name":"Chesnimnus","region":"Eastern","acres":420881},"geometry":{"type":"Polygon","coordinates":[[[-116.91767326925165,45.99546030781245],[-117.09019739109712,45.99763257983426],[-117.09800102366107,45.9939113027161],[-117.09633954368302,45.98884547094639],[-117.12998321151457,45.975311479599526],[-117.13272091784651,45.96480019828097],[-117.14250409698428,45.96288037959763],[-117.1363659347182,45.956884520361356],[-117.15034955969227,45.956777038352065],[-117.15051700416281,45.94812728482943],[-117.16029645414633,45.946547764328116],[-117.15270113436834,45.94467710712691],[-117.15723183611806,45.934671357944126],[-117.1640981092497,45.93772646027915],[-117.17323010611555,45.92941440860695],[-117.17169714434704,45.92297226362366],[-117.18575191125724,45.92053815880321],[-117.18567107670192,45.91375626161829],[-117.20028781366324,45.91007734943347],[-117.1988321574033,45.9027264268861],[-117.21070148974279,45.90233154411366],[-117.23757517505041,45.8796646393209],[-117.23652147286667,45.870004587962086],[-117.24501494791213,45.860076872877045],[-117.23855027385382,45.85965851522349],[-117.23764669999343,45.84165009355295],[-117.24433247178771,45.83891758973498],[-117.2350171978961,45.83687166503734],[-117.23907291777996,45.831251123502305],[-117.23216324938677,45.83030695995456],[-117.2368193149366,45.827471071241426],[-117.23261420321705,45.822794902786605],[-117.2041893014677,45.81918603816691],[-117.19856466638262,45.80657257338812],[-117.1924030298348,45.80899978541163],[-117.19386669934698,45.80431243863441],[-117.18000525761217,45.79606800027295],[-117.18539649400523,45.790033216607114],[-117.17684676422536,45.78906575586973],[-117.18206310027546,45.78583536610153],[-117.17684547078339,45.78452946815201],[-117.17982402014103,45.77582104632952],[-117.16901824976516,45.766751260911256],[-117.17467882565307,45.75762485951325],[-117.16566510869362,45.75100017961299],[-117.17177217481229,45.74776886559939],[-117.16611178102866,45.74286749317131],[-117.16819607600327,45.73441722952794],[-117.1556880415665,45.730974316897345],[-117.16000731818171,45.71705309627517],[-117.15152705319765,45.70649775080313],[-117.15509274670048,45.699697340694755],[-117.13947088540507,45.67790874985603],[-117.14285009220978,45.63270223673608],[-117.13729584024401,45.62788461684552],[-117.12272955702926,45.549227358490455],[-117.11113442993438,45.51939014887866],[-117.14658022346825,45.48683682858046],[-117.1403546966519,45.4333887216881],[-117.14602211457357,45.41798113544863],[-117.1685457824405,45.411493810539],[-117.22681049544815,45.41054072160653],[-117.22986802212299,45.3543175215854],[-117.18765279231143,45.351704623362274],[-117.15519181066281,45.337346239790556],[-117.07994440523228,45.33572741353267],[-117.05669165550275,45.35026159970163],[-117.05388953598904,45.36739579412647],[-117.01028550075954,45.40305894163826],[-117.00484313944743,45.43936748906424],[-116.98576869149956,45.44873423627328],[-116.96348477827019,45.47242395456428],[-116.92785817716555,45.47852139514574],[-116.88702770154244,45.51129426891929],[-116.86172997236999,45.520340720628994],[-116.85703743997101,45.54015435908107],[-116.83390148026893,45.55936420043069],[-116.84669766325054,45.63554879869608],[-116.83719480845657,45.64820454371162],[-116.82788065341349,45.64789832248758],[-116.82363606059084,45.663823563034924],[-116.78849017515694,45.68576683928696],[-116.77643960508036,45.709942851120445],[-116.78137860608787,45.7296416363047],[-116.76614458243866,45.74588520935905],[-116.75907883337462,45.74605060823034],[-116.7427860883728,45.77952923651198],[-116.76463269945853,45.81708861602835],[-116.78889226268117,45.832151403870576],[-116.78828942257863,45.84564321087721],[-116.79657511368426,45.86086484194526],[-116.86219768714714,45.90936894262655],[-116.87674278684342,45.954589124451616],[-116.89331247046057,45.960077798803916],[-116.89439991070013,45.97724049714845],[-116.91767326925165,45.99546030781245]]]}},{"type":"Feature","id":"wmu:44","properties":{"id":"wmu:44","kind":"wmu","code":"44","name":"Columbia Basin","region":"Eastern","acres":1833200},"geometry":{"type":"Polygon","coordinates":[[[-120.209640226238,45.72277649552206],[-120.16609888856422,45.69532958501615],[-120.16120157591234,45.684919088567646],[-120.16684045228378,45.664765418296504],[-120.16276882571188,45.62676711026772],[-120.16693337288318,45.60674639880299],[-120.1568094338525,45.58284678946359],[-120.16518483697486,45.573600126883925],[-120.16586757428949,45.515286981610025],[-120.19313137792227,45.482201593381156],[-120.1971547043534,45.45311391114159],[-120.18023570101717,45.4207658164961],[-120.15891524853046,45.415986227217395],[-120.13819630687017,45.38237042103568],[-120.14551781316828,45.37297082841424],[-120.13766034592864,45.358532026918894],[-120.14276575730946,45.28378001014252],[-120.18411638701144,45.23249122162608],[-120.1133895977778,45.23011300299868],[-120.09707559938738,45.21837751451146],[-120.0725705907106,45.23023729974755],[-120.05298461938573,45.22784349871127],[-120.03106928012798,45.242491635015725],[-120.01776821634832,45.261032318628196],[-120.03140438579143,45.267339033779145],[-120.01849092989816,45.281700036168246],[-120.02397783199847,45.282902857873665],[-120.01414688386325,45.2823039024277],[-120.00252062143967,45.27458925069159],[-119.98596260790161,45.27325604581385],[-119.9743095078116,45.2879112318065],[-119.9027246107562,45.277757504405386],[-119.88738386018056,45.259032307613936],[-119.86249735955184,45.25340435884188],[-119.7424288708954,45.255488957517905],[-119.71428027364405,45.25088544027901],[-119.69240351202798,45.26355376023489],[-119.61402761464579,45.28195876228756],[-119.60463232428899,45.29434126437168],[-119.59378188860279,45.29758306739376],[-119.58281709067057,45.31563096560878],[-119.56194970538658,45.328847171588166],[-119.56048159940038,45.343075772613105],[-119.55019501429618,45.35706855995769],[-119.48161290012604,45.372052292435],[-119.40037662992766,45.35990300122089],[-119.3715859106195,45.363229613542025],[-119.35549492855128,45.380421089020025],[-119.33215267938581,45.37533590487299],[-119.29605541281536,45.386471712737084],[-119.28323439078306,45.39883320803426],[-119.26417009822688,45.3874393004878],[-119.25410577877692,45.39692220155712],[-119.24406057083952,45.384755418190935],[-119.2135441914811,45.37562300829344],[-119.19445687234258,45.388881598047796],[-119.17006096439394,45.390967905360135],[-119.14230479791316,45.43345300660825],[-119.09511610142633,45.458430933894675],[-119.09385705084904,45.46801102581202],[-119.05279899958612,45.4526768214255],[-119.0258976042785,45.465981712741595],[-119.00594479120923,45.467335764168034],[-118.95308357526287,45.45621110150573],[-118.91540181765305,45.467317609977265],[-118.89575685004101,45.46211864748361],[-118.85686409323425,45.46808231610451],[-118.8356131315444,45.47928693700585],[-118.78740559825013,45.5372319550322],[-118.78728512208968,45.56410027691856],[-118.80030734988493,45.59218799570413],[-118.80263112516323,45.616995646365474],[-118.81838110010315,45.64328755660563],[-118.80589255571145,45.66409466472249],[-118.73464793212693,45.68130649433825],[-118.58855450349692,45.74436860319284],[-118.51287915627357,45.80200880185041],[-118.48589863232635,45.8059466985478],[-118.4192215100674,45.837338599017784],[-118.39960231426274,45.85525202018718],[-118.38181464361365,45.91961123409516],[-118.38760540307003,45.932322853253396],[-118.38736845955991,46.000655505934404],[-118.98793924719122,46.00001641551693],[-119.02537502943288,45.96967510459302],[-119.12606590674525,45.93266299590297],[-119.19558370741623,45.92777807830807],[-119.2567178947018,45.93986510283046],[-119.32231239557697,45.93303387797399],[-119.36547269482432,45.9216126433229],[-119.45021284318875,45.9172808358552],[-119.48808084177742,45.90629357174763],[-119.52442165798213,45.908463842053735],[-119.57153443944459,45.92537039590605],[-119.60063413470891,45.91946071996861],[-119.62363106601543,45.905490774728676],[-119.6698047490621,45.85685798374886],[-119.7727602959797,45.84565498714783],[-119.8024892335061,45.847606114737765],[-119.9067696269789,45.82818513611821],[-119.96558772212583,45.824375041136236],[-120.07011589716845,45.78505735257286],[-120.14153513890275,45.773133841966725],[-120.17049102786373,45.761869299880225],[-120.209640226238,45.72277649552206]]]}},{"type":"Feature","id":"wmu:50","properties":{"id":"wmu:50","kind":"wmu","code":"50","name":"Desolation","region":"Eastern","acres":429617},"geometry":{"type":"Polygon","coordinates":[[[-118.85975617998824,45.01727662743716],[-118.93230790920894,44.99817184275791],[-118.94797470794921,44.99916458466543],[-118.94056136100006,44.994178010747866],[-118.94314952572054,44.9904197973422],[-119.00793867163925,44.93910786536853],[-119.01463663481995,44.89593288386948],[-119.01080506665839,44.88904327954908],[-119.02976003447937,44.85444426392795],[-119.03076549926243,44.83641897770494],[-119.01048744687864,44.83035198268898],[-119.00448532921077,44.817093395396356],[-118.98478369260378,44.805113362555964],[-118.97176782966272,44.80564066097694],[-118.97569810863257,44.80001838858451],[-118.95546409199244,44.794308061728174],[-118.94114972817435,44.799881473451656],[-118.93254108174598,44.79615657114502],[-118.92953690493594,44.80236487281658],[-118.9100642892412,44.797516070119215],[-118.89320707947147,44.773073391467726],[-118.85728718345861,44.76319398947074],[-118.86526905725037,44.76009977520395],[-118.8458215052532,44.73965225111711],[-118.84560748810796,44.730556167266734],[-118.82352741646156,44.7293757154895],[-118.82135169396363,44.71732687632745],[-118.80223668681384,44.692183966248564],[-118.79588485956077,44.69479626960871],[-118.69955444010316,44.66577301350091],[-118.6591604067513,44.640806118949094],[-118.63251152772119,44.644372604547215],[-118.62426087779032,44.636307509902764],[-118.57431610264202,44.624701322641606],[-118.50592322091994,44.587903231028456],[-118.48460841717069,44.60195880745141],[-118.46021891228408,44.63339730635295],[-118.42043152418074,44.650641205297035],[-118.42520810298211,44.65483509536784],[-118.44627844300798,44.6499318002266],[-118.50470605385698,44.66557472409496],[-118.51889975056125,44.691349463039245],[-118.51924825608664,44.706121860149196],[-118.49256474378464,44.71407994155927],[-118.47057452928726,44.70416574836648],[-118.44415377573443,44.724023813058416],[-118.42519539472677,44.71843298866448],[-118.41902746552695,44.71888334502707],[-118.41652532912552,44.72723229419135],[-118.39545975035496,44.72587117147374],[-118.37979035404858,44.74424109058325],[-118.36783785811839,44.74723395852644],[-118.32400680837365,44.741439789450126],[-118.28548097151547,44.750737626491514],[-118.289746261219,44.76460623721975],[-118.28293591452613,44.771146094117924],[-118.29931287105148,44.79601271048665],[-118.29582148148393,44.81591447144571],[-118.3107152146294,44.822342790207614],[-118.30786201253359,44.8296172992521],[-118.3191947872512,44.83649478564075],[-118.29358858958035,44.852841764632835],[-118.29580530392415,44.86231333350491],[-118.28985612432669,44.86642678426855],[-118.26701400983862,44.86907214874659],[-118.23685528827146,44.86174246070979],[-118.22789794228447,44.865295769367144],[-118.22489189194394,44.874883210456],[-118.23825240418105,44.90842267449106],[-118.22873810176077,44.91744600563923],[-118.23279229755225,44.924265904789],[-118.22438967851505,44.93717898191087],[-118.24488090220328,44.94461285478248],[-118.24786070346207,44.97490229522754],[-118.25329603043234,44.96424123819768],[-118.26960781414502,44.965602333243716],[-118.26794971814665,44.95133526537391],[-118.29761348558553,44.92876884084145],[-118.31238228107111,44.926223926022715],[-118.30431902996416,44.921563455882676],[-118.2874534206169,44.93231326368563],[-118.29759788832058,44.91848922240267],[-118.32097345499763,44.91126343442733],[-118.33558385875489,44.9174397714881],[-118.37996420308833,44.911260351832645],[-118.40387350206903,44.916234343955644],[-118.3963382405368,44.93555074165916],[-118.40975428966567,44.9304878647627],[-118.43230288391966,44.93782724855212],[-118.45243430720762,44.95765545470145],[-118.45122949835171,44.982091653037784],[-118.45875033603593,44.98783785597317],[-118.52782053438645,44.98479443361864],[-118.5622609252337,45.0020049189673],[-118.60990550375959,45.01026684553946],[-118.6020870641709,45.00371504239472],[-118.60490485558941,44.99680295949891],[-118.58888482587646,44.98700281176419],[-118.5928251050381,44.977753372906285],[-118.67048736292797,44.97650855283264],[-118.68287022544321,44.960211523208635],[-118.72512509683415,44.980291393489125],[-118.7295969297575,44.97185864885645],[-118.77893748817202,44.98112436762299],[-118.80925017250354,45.00036325446396],[-118.85975617998824,45.01727662743716]]]}},{"type":"Feature","id":"wmu:45","properties":{"id":"wmu:45","kind":"wmu","code":"45","name":"Fossil","region":"Eastern","acres":902244},"geometry":{"type":"Polygon","coordinates":[[[-119.9027246107562,45.277757504405386],[-119.97892810221809,45.286805818596314],[-119.98596260790161,45.27325604581385],[-120.00252062143967,45.27458925069159],[-120.01414688386325,45.2823039024277],[-120.02397783199847,45.282902857873665],[-120.01849092989816,45.281700036168246],[-120.03140438579143,45.267339033779145],[-120.01776821634832,45.261032318628196],[-120.03106928012798,45.242491635015725],[-120.05298461938573,45.22784349871127],[-120.0725705907106,45.23023729974755],[-120.09707559938738,45.21837751451146],[-120.1133895977778,45.23011300299868],[-120.18477101635366,45.23396120650309],[-120.18677922302562,45.222740684510875],[-120.17626363127869,45.21375476631101],[-120.17552713325371,45.20243938465213],[-120.18565753837736,45.18155930904299],[-120.20336730338775,45.17135526265162],[-120.21420729100024,45.15485689801896],[-120.1875512392991,45.1240660603068],[-120.19563750273736,45.103269364366234],[-120.18804422688149,45.05710578184406],[-120.23143705692316,45.00800426272677],[-120.21494664504931,44.99610457232342],[-120.21400244307485,44.94810464072465],[-120.23534219665574,44.946405577180734],[-120.23165455171896,44.93991344039486],[-120.25521163203885,44.92962107699184],[-120.27657139127092,44.90642926145858],[-120.29730267218028,44.90085575213705],[-120.38878687625605,44.91399337578482],[-120.43999970871621,44.91045756856811],[-120.4677275994405,44.91593456896664],[-120.47401921975485,44.908567831707025],[-120.45763408785821,44.90155460374861],[-120.45066108096522,44.90940323402586],[-120.43615927569788,44.894522184666506],[-120.44068362744903,44.886463273175686],[-120.4587751432201,44.881227739377344],[-120.45516775389534,44.865551347846164],[-120.41265435275356,44.85232097877609],[-120.40081089920824,44.83033878826501],[-120.37149863428874,44.82229476534819],[-120.38067309857647,44.818292691144904],[-120.37768987745889,44.81212062573122],[-120.38649460497612,44.81037812536731],[-120.37892090443637,44.805883562655694],[-120.384606816365,44.796750641545934],[-120.39200133407122,44.79594765416488],[-120.39588812039561,44.8039763996071],[-120.4046864961341,44.79472444843283],[-120.39468483371135,44.78604358826843],[-120.3992583855572,44.77793792261636],[-120.3877921159807,44.769871176906406],[-120.38765501924352,44.76198193542604],[-120.37644636309615,44.760887632190595],[-120.38234890488708,44.752732229950304],[-120.35811793274087,44.74053395036504],[-120.30739901865896,44.736756510101195],[-120.2989696182556,44.70835061984168],[-120.28277186995696,44.69443218380758],[-120.27796399758546,44.672744097344285],[-120.2068232303618,44.620740546739526],[-120.21792868785963,44.60014433574983],[-120.16964348142798,44.57221256032627],[-120.14086678250584,44.5648069599012],[-120.09021223487746,44.569141375686385],[-120.0494461208172,44.55671308028047],[-119.9705918981493,44.51767226047738],[-119.88398328714256,44.5272382725597],[-119.8623737424728,44.548862399963824],[-119.86489707201302,44.55685365514028],[-119.84085692318932,44.56255981771076],[-119.78656157581769,44.548736402069984],[-119.78130999153495,44.54136417010592],[-119.76471850061277,44.542511613399064],[-119.7202243303078,44.52261617746667],[-119.65406460458159,44.514602104295115],[-119.63343440038655,44.52777539336657],[-119.6490963549598,44.56429022163357],[-119.64114765560137,44.58780181176899],[-119.6323731865987,44.59478809859969],[-119.64352687228647,44.62980509442791],[-119.63637868323744,44.63374302971176],[-119.64862389188991,44.6410731988717],[-119.64598069828513,44.66005711230526],[-119.65230420909715,44.668698522535635],[-119.64153259771331,44.718388401405896],[-119.64397624430556,44.74578442693308],[-119.63657301768885,44.753828831168875],[-119.68401857393195,44.77896741608394],[-119.69303517297368,44.79665621154497],[-119.71253444900039,44.79927443368188],[-119.7133912929718,44.812058632257774],[-119.73387784569005,44.80655988623382],[-119.73308937847179,44.824837116980625],[-119.74683567169428,44.83259242793778],[-119.75500369595323,44.83002603431125],[-119.75535959529643,44.83603351202805],[-119.7145802361066,44.8589137016945],[-119.71998173937521,44.86151371820814],[-119.70848396458754,44.87021419255987],[-119.70788269518404,44.907479110321205],[-119.69332483171704,44.92258470589607],[-119.70216540792266,44.94878559300258],[-119.71402428172925,44.954550692571495],[-119.70610666379011,44.9513546940454],[-119.70536507020074,44.96075520820429],[-119.7241994811126,44.972346721188345],[-119.7094071092245,44.986824203155166],[-119.7132043129086,44.994690608744186],[-119.67913680376739,45.01830712843119],[-119.68066149325963,45.03530674025109],[-119.66720038099086,45.04479295275454],[-119.67205685223132,45.05448395514085],[-119.6565073187335,45.066510217369085],[-119.64728100178044,45.09151961507003],[-119.62363307324601,45.10679296079961],[-119.63932511341152,45.12370554020384],[-119.67964108696546,45.14442384449756],[-119.67255308633041,45.15349721866291],[-119.6835274640864,45.16110416313209],[-119.684510111919,45.17755773334092],[-119.71055913550174,45.19569695225162],[-119.7337372691138,45.223530541353846],[-119.73241235790398,45.235345242280395],[-119.69975483502532,45.25191176852961],[-119.68935764903982,45.26338684334272],[-119.71428027364405,45.25088544027901],[-119.7424288708954,45.255488957517905],[-119.86231963859585,45.2533857343412],[-119.88738386018056,45.259032307613936],[-119.9027246107562,45.277757504405386]]]}},{"type":"Feature","id":"wmu:38","properties":{"id":"wmu:38","kind":"wmu","code":"38","name":"Grizzly","region":"Eastern","acres":1079445},"geometry":{"type":"Polygon","coordinates":[[[-120.93128766271535,44.815461796770755],[-120.92413094379879,44.88365798550102],[-120.94618231726972,44.9207712715312],[-120.97870998111799,44.899458797253],[-121.00798563500695,44.85485904682275],[-121.04583164460117,44.845345001609566],[-121.07879199942005,44.85427281136675],[-121.08109114603562,44.83114803830576],[-121.10018511743627,44.80906973623917],[-121.12082639897211,44.80429800154584],[-121.12248154872475,44.795778261304456],[-121.19380727340356,44.786642729999464],[-121.20761301202373,44.77677778195342],[-121.21218785006324,44.764498479374346],[-121.22767145627246,44.76394751244578],[-121.22487898116918,44.75152012893013],[-121.23051348008053,44.74199306323911],[-121.24594679917817,44.737882951726114],[-121.24515666010002,44.71567537578211],[-121.23477128989002,44.709715653692776],[-121.238060723893,44.70352031016234],[-121.23057214879049,44.692136565895396],[-121.24152840811941,44.6840975793405],[-121.24156062723102,44.6726730377745],[-121.25886963582278,44.65563766445225],[-121.26495805969782,44.64014771233067],[-121.2857351249107,44.629623954412025],[-121.27571614513435,44.61047819381566],[-121.28647123277989,44.59769746331423],[-121.26582400123065,44.57672371015845],[-121.27267536595176,44.5653855952568],[-121.2620634862494,44.53714268260903],[-121.26333586314752,44.52131429026495],[-121.27132883615637,44.507804523050076],[-121.29774376670527,44.49510537839162],[-121.30222620869701,44.47800405907013],[-121.23023085175149,44.42707189192053],[-121.22817896941025,44.4111552138628],[-121.23543490054136,44.39911321678881],[-121.19300776261889,44.393312683211285],[-121.17847812934104,44.38007011965743],[-121.17852871384996,44.343262048040586],[-121.17086019594363,44.31693922559562],[-121.1742949359542,44.26961626268503],[-121.16354035926004,44.272569456736456],[-121.14794618426964,44.26214690528045],[-121.10551761651918,44.261972416830766],[-121.04477509737,44.24769152505673],[-120.94606525296587,44.24745682520054],[-120.86030224080902,44.302804282296435],[-120.75044029688173,44.30510636713598],[-120.72368151576872,44.29965087858064],[-120.66237331098161,44.31822947749093],[-120.62868155129654,44.30266171642165],[-120.60836332582329,44.311666997106684],[-120.58471819109961,44.333457352054296],[-120.55057475543826,44.34691678262139],[-120.54042833989506,44.35739749991627],[-120.5409106086556,44.367459117085986],[-120.51594377534109,44.38510822798018],[-120.51432883613289,44.397624825058635],[-120.50325298760377,44.40366108653171],[-120.46625370042801,44.449796693319676],[-120.41102423946141,44.474628678732],[-120.37624643668792,44.50737901484361],[-120.37492212214792,44.521488226628975],[-120.36224458802089,44.52833230232869],[-120.35949850255261,44.54392743930457],[-120.3196717757887,44.55486643912176],[-120.26426353438328,44.59260895877018],[-120.23603830355286,44.602432956800484],[-120.21568495394507,44.598020673322914],[-120.21860351851778,44.6065974745192],[-120.2065993318378,44.62014989302106],[-120.27796399758546,44.672744097344285],[-120.28277186995696,44.69443218380758],[-120.2989696182556,44.70835061984168],[-120.30748377297981,44.736828039016714],[-120.35811793274087,44.74053395036504],[-120.38234890488708,44.752732229950304],[-120.37644636309615,44.760887632190595],[-120.38765501924352,44.76198193542604],[-120.3877921159807,44.769871176906406],[-120.3992583855572,44.77793792261636],[-120.39468483371135,44.78604358826843],[-120.4046864961341,44.79472444843283],[-120.39588812039561,44.8039763996071],[-120.39200133407122,44.79594765416488],[-120.384606816365,44.796750641545934],[-120.37892090443637,44.805883562655694],[-120.38649460497612,44.81037812536731],[-120.37768987745889,44.81212062573122],[-120.38067309857647,44.818292691144904],[-120.37149863428874,44.82229476534819],[-120.40081089920824,44.83033878826501],[-120.41265435275356,44.85232097877609],[-120.45516775389534,44.865551347846164],[-120.4587751432201,44.881227739377344],[-120.44068362744903,44.886463273175686],[-120.43606427272105,44.893669279093984],[-120.4511412712633,44.90957142973421],[-120.45820442522201,44.9016391734298],[-120.4734961940336,44.90775515766267],[-120.47011385922049,44.91564777887558],[-120.52548898920182,44.92137437299722],[-120.56388346033546,44.91013821376051],[-120.57132091066856,44.901363006613025],[-120.62315241136557,44.90379662797078],[-120.64035691569849,44.89657641928336],[-120.65800284101373,44.911109435763514],[-120.71147083444066,44.91076060517675],[-120.82802307475657,44.86371580676984],[-120.85253846437044,44.860299191904495],[-120.87293328258897,44.84769758547053],[-120.91731595274724,44.83823590260385],[-120.93128766271535,44.815461796770755]]]}},{"type":"Feature","id":"wmu:48","properties":{"id":"wmu:48","kind":"wmu","code":"48","name":"Heppner","region":"Eastern","acres":922108},"geometry":{"type":"Polygon","coordinates":[[[-118.97966218022306,45.46032372588156],[-119.02469887043438,45.46630810744436],[-119.0523510536244,45.45265045579804],[-119.09385705084904,45.46801102581202],[-119.09511610142633,45.458430933894675],[-119.14230479791316,45.43345300660825],[-119.17006096439394,45.390967905360135],[-119.19445687234258,45.388881598047796],[-119.2135441914811,45.37562300829344],[-119.24406057083952,45.384755418190935],[-119.25410577877692,45.39692220155712],[-119.26417009822688,45.3874393004878],[-119.28323439078306,45.39883320803426],[-119.29605541281536,45.386471712737084],[-119.33215267938581,45.37533590487299],[-119.35549492855128,45.380421089020025],[-119.3715859106195,45.363229613542025],[-119.40037662992766,45.35990300122089],[-119.48161290012604,45.372052292435],[-119.55019501429618,45.35706855995769],[-119.56048159940038,45.343075772613105],[-119.56194970538658,45.328847171588166],[-119.58281709067057,45.31563096560878],[-119.59378188860279,45.29758306739376],[-119.60463232428899,45.29434126437168],[-119.61386046386946,45.282070277034656],[-119.68935764903982,45.26338684334272],[-119.73241235790398,45.235345242280395],[-119.73165313792036,45.22015101076741],[-119.68253468436107,45.17436333403171],[-119.6835274640864,45.16110416313209],[-119.67255308633041,45.15349721866291],[-119.67964108696546,45.14442384449756],[-119.63932511341152,45.12370554020384],[-119.62350006570836,45.10633403602075],[-119.64728100178044,45.09151961507003],[-119.6565073187335,45.066510217369085],[-119.67205685223132,45.05448395514085],[-119.66720038099086,45.04479295275454],[-119.68066149325963,45.03530674025109],[-119.67913680376739,45.01830712843119],[-119.7132043129086,44.994690608744186],[-119.7094071092245,44.986824203155166],[-119.72447490747511,44.97177882675347],[-119.70536507020074,44.96075520820429],[-119.70610666379011,44.9513546940454],[-119.71116208361278,44.95401263755213],[-119.71402428172925,44.954550692571495],[-119.70216540792266,44.94878559300258],[-119.69332483171704,44.92258470589607],[-119.70788269518404,44.907479110321205],[-119.70848396458754,44.87021419255987],[-119.71998173937521,44.86151371820814],[-119.7145802361066,44.8589137016945],[-119.75108019672687,44.84028290485324],[-119.75500369595323,44.83002603431125],[-119.74683567169428,44.83259242793778],[-119.73308937847179,44.824837116980625],[-119.73300682808923,44.80597190343921],[-119.7133912929718,44.812058632257774],[-119.71253444900039,44.79927443368188],[-119.69303517297368,44.79665621154497],[-119.68995733969061,44.784059222276035],[-119.67197252018256,44.76990699784782],[-119.63878922251759,44.75594218096246],[-119.635971192467,44.77067423367299],[-119.61661645485279,44.784631593500045],[-119.61056806999945,44.779744570914566],[-119.59810231578106,44.789293423164025],[-119.58374057788546,44.78620423539422],[-119.56775198946265,44.79203040058292],[-119.56312909901993,44.78748908828454],[-119.54542484604525,44.79945863221794],[-119.53289705467488,44.79456844803245],[-119.51646572397183,44.806680114853755],[-119.50886985469548,44.80242396831486],[-119.49659837562761,44.81087907393824],[-119.44652431696346,44.818809849438885],[-119.43822512456141,44.81309581704038],[-119.41420736526855,44.814543425960665],[-119.39741049836023,44.77662142821599],[-119.37087869828561,44.7583040330021],[-119.35715233746842,44.75736202086221],[-119.3614186803192,44.75161551129429],[-119.3524795126633,44.752506318560236],[-119.33929868440028,44.74149794439979],[-119.2597789189515,44.739857635290456],[-119.24361321552871,44.730582159371444],[-119.22218338303269,44.73756643412333],[-119.15533690730561,44.736441637307685],[-119.12605366863207,44.718487939989366],[-119.10382589425845,44.71376578045514],[-119.10521620646269,44.737086049886756],[-119.08707586185776,44.79206926560014],[-119.07843461354739,44.79690697723017],[-119.06853430666412,44.82734096361846],[-119.06187590706071,44.83113338084287],[-119.0738569465657,44.848483971000896],[-119.030849965487,44.83629603868294],[-119.02976003447937,44.85444426392795],[-119.01080506665839,44.88904327954908],[-119.01464814680156,44.895725363793936],[-119.00811151531005,44.938861794565774],[-118.94047152559759,44.993890673209215],[-118.94971750030001,45.000150284214264],[-118.98613888893863,45.00132021851095],[-118.99542828797179,45.010889686688174],[-118.97818338100981,45.034582525242804],[-118.98122045221787,45.04785220615257],[-118.96911999165161,45.05532731174319],[-118.98589539493462,45.0729412967205],[-118.98787290436239,45.07936881202428],[-118.98032732878994,45.08698887833891],[-118.98710817669675,45.10336577668791],[-118.97326197399866,45.1120194928947],[-118.97781267418816,45.12276899113857],[-118.95587345679186,45.140126118978834],[-118.94979191461793,45.18099448987766],[-118.96689358523294,45.20135069478837],[-118.96543468040541,45.228320086468855],[-118.98066781766057,45.25996040084728],[-118.96537005161467,45.28893503334113],[-118.97848769949148,45.29800813490235],[-119.0063703385625,45.30007959035412],[-119.00124162388659,45.31234862866711],[-119.0077325289686,45.33812912572415],[-118.99906903377934,45.34885530201583],[-118.99074116049225,45.413611847805875],[-118.99846307614203,45.445014301075126],[-118.97966218022306,45.46032372588156]]]}},{"type":"Feature","id":"wmu:42","properties":{"id":"wmu:42","kind":"wmu","code":"42","name":"Hood","region":"Eastern","acres":240897},"geometry":{"type":"Polygon","coordinates":[[[-121.52571827498443,45.71691050638003],[-121.5216532797001,45.71366272646251],[-121.66850946692112,45.700248651588865],[-121.6948991822156,45.68829423750753],[-121.83052553556846,45.69711784761752],[-121.8499419230933,45.69109549575713],[-121.83984973179092,45.69034531320626],[-121.84514788768439,45.68378337894348],[-121.85134492019981,45.68961549732109],[-121.85124449348837,45.685023954706715],[-121.88781630809898,45.6749539362355],[-121.90654378687232,45.654154010709284],[-121.92207759394043,45.64698544372251],[-121.92192963604195,45.61059359657294],[-121.91310024524996,45.60170370473804],[-121.91837468734616,45.585415436628516],[-121.9104848035874,45.581260236577506],[-121.91396634046482,45.57129201481014],[-121.90189152682422,45.55622263779499],[-121.92228591006248,45.54633527991041],[-121.90664474253042,45.520731500303484],[-121.89144810367843,45.51270998416689],[-121.86941614088977,45.51422188390812],[-121.86040314125952,45.48941697866088],[-121.80679641392798,45.45414634229147],[-121.80697070417196,45.43522863392266],[-121.79253336770496,45.419154888522336],[-121.79744141223206,45.41614625211528],[-121.78245899282834,45.409182378104184],[-121.78086006509346,45.40272025683262],[-121.74593472177028,45.392468330288025],[-121.77857879460292,45.3900129352112],[-121.78339545325827,45.387607053984354],[-121.7763305389354,45.379961373413956],[-121.78544087389771,45.37919452862117],[-121.7537385687856,45.36300102818762],[-121.75437417444063,45.343952053746186],[-121.70371615781058,45.332603780460126],[-121.69770706896303,45.31663543920811],[-121.67986485065276,45.29799867931179],[-121.68431918511878,45.28463788540069],[-121.67121567343264,45.28673753762405],[-121.67591115245757,45.299585650711144],[-121.6606410300255,45.313497075230025],[-121.65159669239058,45.30894665967126],[-121.64048368169779,45.317477887263195],[-121.59893338943765,45.32248207229573],[-121.56930773296965,45.34166584838323],[-121.56911311478169,45.421021167531535],[-121.58143529103532,45.45580557391581],[-121.56125068169149,45.47472107118985],[-121.56807161058364,45.556662884792054],[-121.5571052035346,45.568832977603336],[-121.55057442848201,45.595103483492274],[-121.53308681633621,45.61035902796292],[-121.53189465557853,45.620787173237126],[-121.51296239239244,45.63089910806894],[-121.51337838203305,45.67031629331941],[-121.50163415766734,45.70519977338929],[-121.5061117277136,45.711804242310315],[-121.50216061983939,45.71408405597502],[-121.52571827498443,45.71691050638003]]]}},{"type":"Feature","id":"wmu:61","properties":{"id":"wmu:61","kind":"wmu","code":"61","name":"Imnaha","region":"Eastern","acres":272162},"geometry":{"type":"Polygon","coordinates":[[[-116.79108535631994,45.46452106965616],[-116.82180598375442,45.53730263976769],[-116.83451501054277,45.54641730744285],[-116.83477357382685,45.55920545106368],[-116.85703743997101,45.54015435908107],[-116.86172997236999,45.520340720628994],[-116.88702770154244,45.51129426891929],[-116.92785817716555,45.47852139514574],[-116.96358876699136,45.47235583422711],[-116.98576869149956,45.44873423627328],[-117.00521889717022,45.43897702147681],[-117.01028550075954,45.40305894163826],[-117.05388953598904,45.36739579412647],[-117.05669165550275,45.35026159970163],[-117.08009172422497,45.335654330021434],[-117.15519181066281,45.337346239790556],[-117.18765279231143,45.351704623362274],[-117.22986802212299,45.3543175215854],[-117.22357442689994,45.33767478702408],[-117.20502969492107,45.32744607574264],[-117.19889053502268,45.300443125923444],[-117.2272179628943,45.23998570330628],[-117.23573943901853,45.23308220792318],[-117.2361589869001,45.20797638117185],[-117.24963098237515,45.18122226187506],[-117.24628840275861,45.158518810628436],[-117.27063539180794,45.148867783153484],[-117.2607707139283,45.142121812005925],[-117.27102628934858,45.13457247638391],[-117.26973826561726,45.127613005924104],[-117.20668472498376,45.09928161743078],[-117.16186445175408,45.10483137089248],[-117.13602751404105,45.114879413717986],[-117.05305203894815,45.09748902021514],[-117.01061596142658,45.11329002788376],[-116.90725346147602,45.10896646648647],[-116.87988971323458,45.13647718070588],[-116.86441151751532,45.21071086825396],[-116.84290448659684,45.23473117289489],[-116.8144246459203,45.25286253902921],[-116.79661515013517,45.290885828319446],[-116.80674218045172,45.32046892186102],[-116.80548266210954,45.348461134368264],[-116.79592840490638,45.36653270227929],[-116.80154633448466,45.37151136699493],[-116.79218095177987,45.386171509146656],[-116.78357609709246,45.42877672772427],[-116.79108535631994,45.46452106965616]]]}},{"type":"Feature","id":"wmu:75","properties":{"id":"wmu:75","kind":"wmu","code":"75","name":"Interstate","region":"Eastern","acres":1405804},"geometry":{"type":"Polygon","coordinates":[[[-121.08508727015435,42.78907611939824],[-121.14675014795672,42.753719565540315],[-121.15706938591111,42.741981368962605],[-121.1599408416475,42.725043766221255],[-121.17321032424718,42.71522949016816],[-121.18710658688359,42.71674289227005],[-121.20019520955873,42.69208034924001],[-121.2171128777765,42.687414603810666],[-121.2196395491559,42.69305525602616],[-121.23013835090444,42.68808050018777],[-121.2382980446898,42.692344097031956],[-121.2485971618007,42.68193432477376],[-121.27292499664047,42.69587008387549],[-121.27008576158589,42.68732630915841],[-121.28443743852561,42.683012418967714],[-121.29121487065964,42.669092505380824],[-121.3046410016965,42.66988617535974],[-121.32490602357821,42.65688342122329],[-121.3569301162738,42.657446124395186],[-121.35398024208634,42.64485928990856],[-121.36429016299311,42.63592045878432],[-121.35858320239913,42.620277593338855],[-121.3468843073114,42.61604789806789],[-121.3469271334201,42.5844574304782],[-121.32347326182614,42.56164356239726],[-121.32897421440565,42.554915877060395],[-121.32498367482833,42.548787955054074],[-121.3088606191281,42.54838451764074],[-121.30138712020008,42.518983589174425],[-121.3057088269073,42.51498616612959],[-121.29781344184472,42.51309949067847],[-121.2908335606766,42.4925485531823],[-121.27518993447988,42.48226414153556],[-121.2712305086826,42.470006451807905],[-121.28565538933522,42.468259841028015],[-121.28778624686757,42.46166776788296],[-121.2712229688387,42.459949949870136],[-121.27127490927025,42.44173822374633],[-121.24499015802448,42.446486464727734],[-121.2169411241214,42.43868668132135],[-121.16274133297628,42.440906800061015],[-121.05102521675623,42.41131969229798],[-121.04284546538716,42.39672678852211],[-121.05203894523842,42.38419238373857],[-121.04357684916454,42.37850982851457],[-121.039110737595,42.35355537819923],[-121.031028008048,42.35059359634138],[-121.040509245628,42.33553197930344],[-121.00800148159156,42.31709538060241],[-121.05250289219398,42.29672828651087],[-121.08366500295632,42.265120883524176],[-121.09355995193916,42.263908013246514],[-121.09903247578049,42.242727166190924],[-121.13960441879527,42.24004448921107],[-121.15015544833159,42.224038504956575],[-121.14367728328054,42.203648094083704],[-121.17246262683041,42.177599043603834],[-121.20070283025746,42.17256923726044],[-121.19935019296096,42.15868025370857],[-121.21360322430026,42.15848606311044],[-121.21516110557606,42.14470324822405],[-121.23335870934136,42.13678823969751],[-121.23300705357313,42.12980668327968],[-121.22374501756238,42.129293964918155],[-121.21883184783333,42.11830147878954],[-121.2160788776768,42.08252125348014],[-121.2035596275892,42.06676955173695],[-121.20249767279239,42.028342154847444],[-121.22418537419777,42.0070625147589],[-121.22224732169252,42.00264973731831],[-121.2089577107617,41.99717675473629],[-121.01271271569044,41.993137913386455],[-120.2981083506381,41.993052853905006],[-120.29818323153691,42.017624856759866],[-120.30821363520397,42.03206373773795],[-120.32195650769232,42.08611521313985],[-120.31723957497266,42.128780955211745],[-120.34703841129593,42.158345443411385],[-120.34713044888562,42.197226947579416],[-120.36419689701259,42.218529952232316],[-120.36751292288788,42.23534575977222],[-120.33781358972837,42.31457686457165],[-120.29770507146911,42.334224653817714],[-120.29720571854195,42.371400548391335],[-120.30649849839365,42.3851889802227],[-120.28939432654715,42.4069265205053],[-120.28984871220513,42.42230226304708],[-120.27939710022163,42.44459585266564],[-120.28219539459117,42.498330768856576],[-120.2993347059786,42.54354756136667],[-120.32383877490632,42.56445549899773],[-120.41608524489564,42.60613105942144],[-120.5040487585711,42.61961534680864],[-120.51962326661406,42.640770579335324],[-120.53077143217415,42.688201142444825],[-120.54551198545937,42.69312558079448],[-120.55090135276326,42.70578346612767],[-120.59079776128762,42.72023399391842],[-120.69347410252047,42.7250345257764],[-120.74917775106073,42.73692929457787],[-120.75521047070846,42.735878652266514],[-120.74649154318656,42.73125867484436],[-120.75693556750821,42.72942885984254],[-120.75502331282601,42.7207329236673],[-120.77460323083804,42.719908625262825],[-120.7585498364106,42.70937006871583],[-120.7588614702376,42.70077622071115],[-120.76549501478907,42.70499874653298],[-120.78725370830257,42.70115306426873],[-120.79556272508383,42.71292552675742],[-120.79607914115964,42.7015709576088],[-120.804892070519,42.69494141901807],[-120.82969927431353,42.693104666370616],[-120.84077932803784,42.70740275147047],[-120.88299484326137,42.714643754788234],[-120.92811405719877,42.696720229280615],[-120.9486469770584,42.70891849646449],[-120.97544263372292,42.7112911347356],[-120.99104228762634,42.72446580929033],[-121.002787019483,42.74749034250899],[-120.99966093727622,42.76131693951834],[-121.01399288976624,42.77583030401272],[-121.04327311609808,42.78314192962027],[-121.06222440809795,42.77963251092453],[-121.06993018447915,42.788551413773995],[-121.08508727015435,42.78907611939824]]]}},{"type":"Feature","id":"wmu:71","properties":{"id":"wmu:71","kind":"wmu","code":"71","name":"Juniper","region":"Eastern","acres":1872238},"geometry":{"type":"Polygon","coordinates":[[[-119.02009139308132,43.58587086285365],[-119.06278062999236,43.5851141038897],[-119.0844589328513,43.55917840088258],[-119.08221454421763,43.52836418222495],[-119.12346798898662,43.51158885636976],[-119.18090944324298,43.51238716850083],[-119.24829084414348,43.5240295540052],[-119.26999195343411,43.5210633546836],[-119.32907197176118,43.533795425103214],[-119.5055314765001,43.541939639544964],[-119.52795739197414,43.50917670638108],[-119.53696797174295,43.48190121224223],[-119.65349003015601,43.39387701357548],[-119.6773418482174,43.356180349481555],[-119.71559906270322,43.32247769189268],[-119.89013360109627,43.24305135836875],[-119.9003247269401,43.22855285869412],[-119.8886400988458,43.21147745517728],[-119.89555827272024,43.19268986310374],[-119.91953570764025,43.186857745089995],[-119.95650341436863,43.15310654547775],[-120.00429876695978,42.934752039385835],[-119.99150715678745,42.899172857430976],[-119.9959268273265,42.876004928060844],[-120.04718624386086,42.81216370545692],[-120.08059306948671,42.79468465039254],[-120.05962454752674,42.783099318082854],[-120.05324695941091,42.75304210447842],[-120.0323531710593,42.74012210347636],[-120.0127238466246,42.71077954385501],[-120.00457394006452,42.67014801934789],[-119.99120978361769,42.66957522936809],[-119.9777172260836,42.658005830725486],[-119.95172448244308,42.62821890813837],[-119.95320103135684,42.61886314771534],[-119.93725281298282,42.60991715499478],[-119.89880775238,42.55766504595994],[-119.83932227861558,42.58839433881874],[-119.7853264659577,42.54102624352627],[-119.73898285634806,42.560985724920315],[-119.71034904514241,42.582109966624785],[-119.71826078881102,42.57427134743804],[-119.7022857559388,42.57566864993229],[-119.69701274639165,42.56501987351078],[-119.65292800423178,42.54794083031226],[-119.60744792089034,42.56348823738025],[-119.59316161301433,42.57661333318946],[-119.5445063873767,42.59836157140138],[-119.52963003272181,42.59919913183549],[-119.52656565354951,42.613909145531814],[-119.50652551702089,42.63667173771659],[-119.45756108692476,42.66290115786141],[-119.3456276814953,42.686347069052765],[-119.22755599258505,42.67846968432667],[-119.16677524362035,42.68427076935657],[-119.10840565807801,42.71615230886033],[-119.08843824076888,42.75191719498828],[-119.0558264531572,42.756769050432005],[-119.04777445068865,42.76376524690012],[-118.97818091085527,42.76314643311337],[-118.97665816109891,42.78085359921044],[-118.96111086350875,42.813927844725114],[-118.94579669912171,42.81961373341374],[-118.93880457024781,42.82934002843536],[-118.91434461610793,42.82550395119101],[-118.91978774048407,42.84065763101994],[-118.88269916487364,42.922740613939276],[-118.88881726542091,42.93321265121574],[-118.87881205516531,42.94157012361021],[-118.87443725852461,42.95786535972723],[-118.87455250097044,42.98923673776808],[-118.86537317391098,42.99127965665141],[-118.86978031050272,43.00015665372931],[-118.85399770033675,43.00902347719456],[-118.84213362629878,43.02851053528871],[-118.87272245820843,43.05392374834643],[-118.88033282130782,43.08464788785932],[-118.900746211527,43.095967757689095],[-118.90830810531108,43.1130264828441],[-118.94493839674037,43.14298864653864],[-118.94033852307196,43.18101387774097],[-118.94574573838493,43.190243947351185],[-118.94627535196697,43.23093765253156],[-118.95560412609419,43.24226187435485],[-118.9636759114838,43.27946389366612],[-118.97409978703955,43.29449378854951],[-118.98655607171627,43.43756135255508],[-119.02002477141868,43.45000367510285],[-119.02009139308132,43.58587086285365]]]}},{"type":"Feature","id":"wmu:63","properties":{"id":"wmu:63","kind":"wmu","code":"63","name":"Keating","region":"Eastern","acres":389119},"geometry":{"type":"Polygon","coordinates":[[[-117.28007722829129,45.109958232910046],[-117.28624640717102,45.149261733265114],[-117.30200029720268,45.163668280675026],[-117.32814219779277,45.17379751270584],[-117.3260141981225,45.16214817537291],[-117.33846357667818,45.137340849106224],[-117.35260116767654,45.12720607861082],[-117.37141981274631,45.12809357031084],[-117.37920503663649,45.11329895415446],[-117.41213953907356,45.10984014715914],[-117.44043224632449,45.12968090741062],[-117.4828589692645,45.13047160851644],[-117.4889161514862,45.11399643334202],[-117.50713053950679,45.10509084744859],[-117.51596960851322,45.081501527213035],[-117.53082963195207,45.086097323229374],[-117.54024662743697,45.07798754995686],[-117.54003102298896,45.06909954879131],[-117.5468375031036,45.0745299243788],[-117.54008821521323,45.0540802073144],[-117.54634334648034,45.025407203581445],[-117.60107822763484,44.99562757486828],[-117.61988927902253,45.00306816321782],[-117.62882987900915,45.01700505590087],[-117.64566583735144,45.013248060597604],[-117.65419172118789,44.985626246254974],[-117.64692501042299,44.96120790630847],[-117.64963779317328,44.94698234777679],[-117.67172069716783,44.91412550712065],[-117.6930668563718,44.92101907634753],[-117.71019858687845,44.94989003706014],[-117.72674618520152,44.946616542586554],[-117.76004399694901,44.96051391485698],[-117.75987314774262,44.97157840253406],[-117.78462812709553,44.995868462574194],[-117.77942854202985,45.011233467835844],[-117.80553109064932,45.03171110575632],[-117.81193547298145,45.03176454343073],[-117.81181295934128,45.024298343226235],[-117.82294515049664,45.0291383933295],[-117.84365981506623,45.05844931081873],[-117.8578856981057,45.05972061679364],[-117.86275200260542,45.054300763178254],[-117.87440767048437,45.065472993140666],[-117.87259771910352,45.0611567819106],[-117.88846918682827,45.057109585524486],[-117.88625019155303,45.04968283032196],[-117.89640019895357,45.0379166959472],[-117.92200504840065,45.01890933602165],[-117.82105307241157,44.917660435767225],[-117.8130036844642,44.803316266658925],[-117.7687691900424,44.80412909911107],[-117.75184286638545,44.812704101055544],[-117.67271413771891,44.80919521376706],[-117.61468921797183,44.81884204379577],[-117.59056769064708,44.836426530140066],[-117.51482828795235,44.8299161129574],[-117.46682622076895,44.81580242780512],[-117.45280590870922,44.81856622469162],[-117.45137240731883,44.82957594634787],[-117.43343439870954,44.83145498236495],[-117.42019936554419,44.817326068312596],[-117.31362921497586,44.80694705282145],[-117.29967911028872,44.78705362674092],[-117.30645969699059,44.77831241516265],[-117.2638509317548,44.77505931249381],[-117.25185792211124,44.781325069893896],[-117.2540122570258,44.77094957618791],[-117.24649312313817,44.76807625799545],[-117.25474724832964,44.76560061818826],[-117.24203655297676,44.763035559983834],[-117.2538204052115,44.75296349291272],[-117.23327877048483,44.75330417402563],[-117.22061873943505,44.74682905824915],[-117.21647398781337,44.7494749472769],[-117.22025011811131,44.75589548842746],[-117.16665380088986,44.745577738324705],[-117.11231484650118,44.75864812167431],[-117.1164679808266,44.767081427397294],[-117.09569017329153,44.76923074174273],[-117.09397728925701,44.774265466125],[-117.0723922119006,44.76741643803265],[-117.06349777993537,44.770599768948905],[-117.05474747952451,44.77850227172726],[-117.06016358322493,44.777989571469575],[-117.06206638170411,44.77942237081536],[-117.06308338288514,44.780940272328934],[-117.05053308118268,44.7837376727257],[-117.04790088235262,44.795395176406835],[-117.09284199587849,44.82838297264271],[-117.0981668044415,44.85553387424669],[-117.0934660175985,44.871295987855014],[-117.18843710962119,44.95305613086918],[-117.19728541591789,44.980771923150435],[-117.19591399294379,45.01310016679493],[-117.19270255397528,45.02380847838893],[-117.17440645202568,45.03875098069839],[-117.17821245899682,45.069948983497824],[-117.19214845006037,45.07522376371459],[-117.20262972094844,45.069801618889414],[-117.22745764937545,45.07105893186239],[-117.24849062350275,45.06293526608956],[-117.24913445098768,45.05489087799077],[-117.28665441866474,45.062612828510545],[-117.29212743806056,45.068688981107435],[-117.28365835935016,45.07244991787341],[-117.27207081506263,45.099816497181116],[-117.28007722829129,45.109958232910046]]]}},{"type":"Feature","id":"wmu:31","properties":{"id":"wmu:31","kind":"wmu","code":"31","name":"Keno","region":"Eastern","acres":667826},"geometry":{"type":"Polygon","coordinates":[[[-122.06202061268006,42.76873778249403],[-122.07957062555228,42.78027033599403],[-122.07957097888165,42.80098648713095],[-122.17510652570232,42.800981622318545],[-122.17305085609108,42.783672080518336],[-122.18745602503542,42.77553096781454],[-122.19666900146963,42.75696684027026],[-122.19241749237909,42.71300967610084],[-122.1717942010966,42.685375654457786],[-122.20884072607775,42.66458424950711],[-122.21412160685026,42.65653304735802],[-122.20691438866375,42.658406757197405],[-122.20520341537375,42.650686291110745],[-122.22354987707695,42.63690921718419],[-122.2146020343009,42.6248732442291],[-122.21359354976617,42.60013708962265],[-122.22900031223836,42.58336519826506],[-122.22215503814012,42.57964520944794],[-122.21774708789297,42.55931557057647],[-122.23138326639462,42.5447961808784],[-122.2301254695812,42.51427631083859],[-122.24255882619805,42.50398442490223],[-122.25133319893311,42.508044458988145],[-122.25770785788737,42.499093545987115],[-122.27916526437913,42.49141894777042],[-122.28141586411813,42.47851851654556],[-122.2623445929284,42.4571032517724],[-122.24372043161766,42.44979964596115],[-122.25106846116519,42.42324040064584],[-122.23827342537946,42.39862410291313],[-122.22539321666267,42.39150862551347],[-122.2302638226539,42.38373341443341],[-122.22361270645465,42.37633969004588],[-122.21822342711427,42.326365103857086],[-122.25033917247751,42.29985164935303],[-122.28718080937027,42.29466160063806],[-122.28744605244091,42.133664786440804],[-122.34907901284633,42.124560668861406],[-122.35288486856592,42.116975117753405],[-122.33447293239328,42.07547793321691],[-122.34169411072038,42.05720522804853],[-122.3316313805011,42.04506244735501],[-122.33717962782886,42.027359231350644],[-122.33372915277526,42.0206897708402],[-122.34231032523326,42.016904620853495],[-122.34297004491465,42.00904160973635],[-121.88914949541288,42.00334047835696],[-121.87299472980719,42.03814568533006],[-121.8521455343017,42.06312940052901],[-121.82566911864815,42.12679669982822],[-121.79968520911527,42.15509921665],[-121.80178063326507,42.186036027754874],[-121.7868938643104,42.21089771283679],[-121.79695245316229,42.23489451490065],[-121.79484545092419,42.25057536049241],[-121.81043481901425,42.26445351074218],[-121.81797232527416,42.32907095898499],[-121.82913062673909,42.344548614966996],[-121.81375367734404,42.38468173075906],[-121.82508479189127,42.40213745276225],[-121.86675894639059,42.43791434348061],[-121.88655288614203,42.530600920486854],[-121.92154961093252,42.57836851901999],[-121.93712093476613,42.63291223379163],[-121.9652194473993,42.66363324100633],[-121.9723152577843,42.694810424451774],[-121.99589185085385,42.70095209792984],[-122.00893565240553,42.73376602239553],[-122.03026046763476,42.73399122823371],[-122.0472824708344,42.74389963397101],[-122.06202061268006,42.76873778249403]]]}},{"type":"Feature","id":"wmu:32","properties":{"id":"wmu:32","kind":"wmu","code":"32","name":"Klamath Falls","region":"Eastern","acres":801389},"geometry":{"type":"Polygon","coordinates":[[[-121.2712229688387,42.459949949870136],[-121.33357586066381,42.457299474439075],[-121.33632605056881,42.46458446916053],[-121.34983452003932,42.466787793106995],[-121.36547012489919,42.459041796692404],[-121.38326304659266,42.467286604367565],[-121.39746274156721,42.46039835500678],[-121.45133286273082,42.466505965045705],[-121.45278052202197,42.45769546702597],[-121.50293019204236,42.461859775936695],[-121.52162034874814,42.46728956769664],[-121.51802731930505,42.47406494523026],[-121.52344463171939,42.47677788273947],[-121.5358897036192,42.46938187692229],[-121.54794643484303,42.470741800054455],[-121.53473598961683,42.4855366019553],[-121.54564904578365,42.49440651737559],[-121.55725462545615,42.49271151441207],[-121.55641681971069,42.48119179831327],[-121.56633968267667,42.47407574579392],[-121.56542381577249,42.478819153259614],[-121.5755752343671,42.479098926247616],[-121.58077201500247,42.497453614305684],[-121.61799085209951,42.50917431400654],[-121.60543848122417,42.53026671588281],[-121.60735514080666,42.54295189947046],[-121.6310230433751,42.55518294842514],[-121.64002427654985,42.55152117875144],[-121.652218084926,42.56082844324404],[-121.68524111777606,42.562526611234],[-121.67868050575815,42.5690073215478],[-121.68272132797863,42.58924886359366],[-121.69248847652291,42.58197597851397],[-121.6968062834516,42.58606095037806],[-121.70599266556266,42.58220117885769],[-121.7008836177182,42.59229280148353],[-121.68165291633552,42.59314049940656],[-121.67882709921858,42.60300506611263],[-121.68569672448963,42.608532274981556],[-121.71096221315678,42.60435696626803],[-121.72218725715251,42.611178156543566],[-121.74315952600115,42.59103942403307],[-121.76551591908971,42.60045900603655],[-121.76725954918679,42.61404477314197],[-121.77611791421647,42.61015929560295],[-121.78001773348957,42.599731832792955],[-121.79924936927806,42.60880998412645],[-121.80963082441656,42.60678416949229],[-121.82764148491125,42.589359315133514],[-121.85167446032764,42.584393127505734],[-121.83945679663933,42.56528145150247],[-121.84753826094074,42.560995321195335],[-121.84410316620708,42.555863540696016],[-121.84981720660807,42.548590468432245],[-121.8662310229614,42.56814768807573],[-121.87956384065673,42.56966574864982],[-121.87558989027538,42.54908500450293],[-121.88504888078548,42.52483798810114],[-121.86737228106611,42.439688751097925],[-121.82508479189127,42.40213745276225],[-121.81364848631387,42.384388457191505],[-121.8290881587416,42.34416232639496],[-121.81797232527416,42.32907095898499],[-121.81043481901425,42.26445351074218],[-121.79484545092419,42.25057536049241],[-121.79695245316229,42.23489451490065],[-121.7868449012106,42.21016694079573],[-121.80178063326507,42.186036027754874],[-121.79993342378013,42.15448959906648],[-121.82566911864815,42.12679669982822],[-121.8521455343017,42.06312940052901],[-121.87299472980719,42.03814568533006],[-121.88914877123457,42.0033404685975],[-121.2089577107617,41.99717675473629],[-121.22418537419777,42.0070625147589],[-121.20257120411968,42.028122665808446],[-121.2035596275892,42.06676955173695],[-121.2160788776768,42.08252125348014],[-121.21883184783333,42.11830147878954],[-121.22374501756238,42.129293964918155],[-121.23300705357313,42.12980668327968],[-121.23335870934136,42.13678823969751],[-121.21516110557606,42.14470324822405],[-121.21360322430026,42.15848606311044],[-121.19935019296096,42.15868025370857],[-121.20070283025746,42.17256923726044],[-121.17246262683041,42.177599043603834],[-121.14367728328054,42.203648094083704],[-121.15015544833159,42.224038504956575],[-121.13960441879527,42.24004448921107],[-121.09903247578049,42.242727166190924],[-121.09355995193916,42.263908013246514],[-121.08366500295632,42.265120883524176],[-121.05250289219398,42.29672828651087],[-121.00800148159156,42.31709538060241],[-121.040509245628,42.33553197930344],[-121.031028008048,42.35059359634138],[-121.039110737595,42.35355537819923],[-121.04357684916454,42.37850982851457],[-121.05203894523842,42.38419238373857],[-121.04284546538716,42.39672678852211],[-121.05102521675623,42.41131969229798],[-121.16274133297628,42.440906800061015],[-121.2169411241214,42.43868668132135],[-121.24499015802448,42.446486464727734],[-121.27127490927025,42.44173822374633],[-121.2712229688387,42.459949949870136]]]}},{"type":"Feature","id":"wmu:64","properties":{"id":"wmu:64","kind":"wmu","code":"64","name":"Lookout Mtn","region":"Eastern","acres":355685},"geometry":{"type":"Polygon","coordinates":[[[-117.58907210424864,44.83644122420329],[-117.61468921797183,44.81884204379577],[-117.67271413771891,44.80919521376706],[-117.75184286638545,44.812704101055544],[-117.7687691900424,44.80412909911107],[-117.8130036844642,44.803316266658925],[-117.81095000534576,44.75544250360818],[-117.7764169288114,44.72397760098722],[-117.60790783828054,44.660655924405546],[-117.5547359046677,44.64758153077966],[-117.50751681174366,44.627436634356464],[-117.48014174480997,44.60860552669427],[-117.46831105970136,44.591595039711784],[-117.43239394727352,44.56587729364811],[-117.41090205062453,44.534321412160686],[-117.3757781888104,44.51810662451519],[-117.36004414086412,44.48524203841363],[-117.34550546854582,44.48240531002572],[-117.30779595615991,44.41520782904816],[-117.31295571634215,44.40676475011766],[-117.3088662860051,44.38417474987976],[-117.2960072856909,44.37111123804267],[-117.28162480199217,44.33059580755025],[-117.20700772701613,44.27759926037336],[-117.22699208699598,44.3019783760632],[-117.2039459722895,44.31372910952995],[-117.19102928779115,44.33759877727794],[-117.23131357614301,44.36757268947409],[-117.24527630611075,44.39097973536652],[-117.2431404061544,44.39860390571129],[-117.22804218901541,44.40575593371951],[-117.21757189215965,44.42649899544833],[-117.21713977469349,44.449939124277435],[-117.23011857048074,44.48104735775158],[-117.22641281352662,44.487744251493865],[-117.20456471329851,44.493550544662355],[-117.19551983407999,44.51847039482446],[-117.18169602424723,44.529764897447826],[-117.162368003482,44.53378486919985],[-117.14806337226801,44.548828934023476],[-117.15138910356077,44.56896559286132],[-117.13062504225552,44.58132141542261],[-117.12222621468386,44.62107030553011],[-117.10170462250828,44.6496327397846],[-117.09913162145325,44.66609174428468],[-117.08283958456101,44.67665438392062],[-117.08574373771607,44.68812354517512],[-117.0666581100314,44.707322115333575],[-117.06398020262762,44.729767473849236],[-117.04854098451948,44.7446054491229],[-117.05244699890093,44.74789190637974],[-117.04765943369145,44.75920803235311],[-117.0862439559283,44.77508633552632],[-117.1164679808266,44.767081427397294],[-117.11231484650118,44.75864812167431],[-117.15232726491344,44.747802859136705],[-117.18379330244612,44.745939840657556],[-117.22055337023113,44.75589493621549],[-117.21647398781337,44.7494749472769],[-117.22061873943505,44.74682905824915],[-117.23327877048483,44.75330417402563],[-117.2538204052115,44.75296349291272],[-117.24203655297676,44.763035559983834],[-117.25474724832964,44.76560061818826],[-117.24649312313817,44.76807625799545],[-117.2540122570258,44.77094957618791],[-117.25185792211124,44.781325069893896],[-117.2638509317548,44.77505931249381],[-117.30645969699059,44.77831241516265],[-117.29967911028872,44.78705362674092],[-117.31857025595811,44.80855376776326],[-117.42019936554419,44.817326068312596],[-117.43343439870954,44.83145498236495],[-117.45137240731883,44.82957594634787],[-117.45280590870922,44.81856622469162],[-117.46682622076895,44.81580242780512],[-117.51482828795235,44.8299161129574],[-117.58907210424864,44.83644122420329]]]}},{"type":"Feature","id":"wmu:66","properties":{"id":"wmu:66","kind":"wmu","code":"66","name":"Malheur River","region":"Eastern","acres":1852575},"geometry":{"type":"Polygon","coordinates":[[[-118.51422183239016,44.204479880432224],[-118.56758735672089,44.18037699149669],[-118.66738693944019,44.177918704122014],[-118.70568384855414,44.17085258427974],[-118.72810452866963,44.182206282484785],[-118.74402716326271,44.18303996154368],[-118.7746067225692,44.17280925776654],[-118.87863445243521,44.162335386716414],[-118.92670759050011,44.14671933869086],[-118.94137860259309,44.1356083153077],[-118.97227429340266,44.133917118258466],[-118.97532049797998,44.126064254441225],[-118.96046043082958,44.12082084446705],[-118.95536033381133,44.1056748957131],[-118.96074422200027,44.092763212137505],[-118.97036887586607,44.088463823905414],[-118.96181497639559,44.08192025412769],[-118.97541478872178,44.07245980284515],[-118.94295991390142,44.06319173939775],[-118.92364618270383,44.00903795265766],[-118.9384629794519,43.90183358446205],[-118.92410595492203,43.87888259204609],[-118.95286442928929,43.84678923585088],[-118.97124371292082,43.84035620735599],[-118.9719227172944,43.8251466319141],[-118.99739364255343,43.79235181586672],[-119.00304297453047,43.7656257942099],[-119.00037662274845,43.738861086264],[-119.00687465068701,43.729671605149676],[-119.00223380936886,43.72426989891119],[-119.02154345693629,43.69619801650861],[-118.9991772541504,43.67757769916879],[-119.0009791470325,43.636406694932774],[-119.01997974857939,43.614107777990355],[-119.05365131599554,43.59541388276808],[-119.05436313740665,43.58605927570737],[-118.97969662545083,43.58507870903054],[-118.7871291960031,43.43999464334248],[-118.61205146191462,43.437412847466824],[-118.58928423388906,43.41972725345552],[-118.58002581343678,43.27733498872448],[-118.5293453079593,43.247369551876446],[-118.46879825105204,43.222030344572424],[-118.30795616740816,43.1708574800045],[-118.27796895916674,43.14723659597488],[-118.28150094214887,43.13327878346492],[-118.25497962727674,43.12114224477958],[-118.24256203521591,43.10323320203025],[-118.18945949276781,43.079600084444735],[-118.19920460020003,43.06315289665927],[-118.1842751831265,43.05287607439812],[-118.17141590164039,43.058719558838725],[-118.17385078679975,43.069714630969],[-118.15339966786578,43.072588480332556],[-118.14496144447226,43.10225970146044],[-118.120831915703,43.1316173168395],[-118.0932908217629,43.14994739777301],[-118.06962912053172,43.15188970177106],[-118.06488927605493,43.167234929385465],[-118.07432868359643,43.175469886963185],[-118.05227676048564,43.203842913207616],[-118.0086281863142,43.21330371795461],[-117.97398798334883,43.22941752934787],[-117.92527823455687,43.2333482102665],[-117.91984812459792,43.24074378650563],[-117.92439567515116,43.25631754289754],[-117.92050898563959,43.276530951063876],[-117.91183109241585,43.281419523239016],[-117.91546153590319,43.29164026730024],[-117.80338186677764,43.28773432760298],[-117.78809976437203,43.295702253992474],[-117.77662341377757,43.3340716945458],[-117.77728040497843,43.35976810385762],[-117.74775746587926,43.362343739420346],[-117.7381718708436,43.38158755193783],[-117.74995471750483,43.405694517547126],[-117.78763821824582,43.43599151748414],[-117.78533559884069,43.45439201914487],[-117.79564605303115,43.458301761621655],[-117.78739069471183,43.47782074396451],[-117.79096080789277,43.497756239284335],[-117.77949702390899,43.506352418697865],[-117.78590496628411,43.52045415520718],[-117.78453425236616,43.53926843257533],[-117.78034049441075,43.55059622533669],[-117.75898225656832,43.56735964744952],[-117.72869441173067,43.57960418362558],[-117.70494271418677,43.59897655304837],[-117.68040621834669,43.629635084136346],[-117.67482026186654,43.658728976911355],[-117.67858107085812,43.67448965984115],[-117.6880543401791,43.679115268085965],[-117.68774223091395,43.69022753192565],[-117.69744756202367,43.693988982518604],[-117.70168501626864,43.71082248025948],[-117.67372717884237,43.73744653962636],[-117.66846658654507,43.7547846677983],[-117.63046825300908,43.790090154311585],[-117.60953998500231,43.8238516807309],[-117.61391835816187,43.84050016091489],[-117.60498826275372,43.854707601806346],[-117.69052309321097,43.78810295594049],[-117.72526894189647,43.78611964043224],[-117.73531946819807,43.775277779500115],[-117.74651168723594,43.77899613881866],[-117.7579746004619,43.76820929943388],[-117.78239666582046,43.76289403478433],[-117.79159170159024,43.765296668733974],[-117.78863706828231,43.77805814759964],[-117.82196857169599,43.77827046085063],[-117.86749111185628,43.7977293190128],[-117.8865501605662,43.79530635550503],[-117.90188178431305,43.8033224365214],[-117.90827502421338,43.797697162967296],[-117.93518261808045,43.80232553828761],[-117.94936082350031,43.79124155593623],[-117.96366309744428,43.79581076662521],[-117.97329423052615,43.78391462098831],[-117.98719048627068,43.795302544457265],[-118.00361813259678,43.79481441652666],[-118.0089585986419,43.786200018794865],[-118.02125059480916,43.784164037721204],[-118.0318975339229,43.76447734903132],[-118.04652589981833,43.76820763240836],[-118.077802779669,43.74453612752701],[-118.12320963162819,43.771375740094726],[-118.15076855179689,43.76208959573116],[-118.18213600204321,43.775476839653926],[-118.21127030614804,43.765810745656474],[-118.24446163349387,43.785728200469336],[-118.28268726237327,43.782702594628745],[-118.31003164587993,43.79012671191556],[-118.357330733556,43.779378061403],[-118.3778109283248,43.806509501466856],[-118.37438780233138,43.81213938279798],[-118.3532679664332,43.81575372875405],[-118.32838642716816,43.84956453546163],[-118.32774149723605,43.87348011920121],[-118.3378079684488,43.881295234139905],[-118.32902777811591,43.90233199871512],[-118.33034974920896,43.9205376214267],[-118.34945951047828,43.96450869238173],[-118.38608545226253,44.00976981344298],[-118.39503033709109,44.036545899926125],[-118.40778043489954,44.049431212761114],[-118.44767047900399,44.06009262316612],[-118.45882718720078,44.06942703146112],[-118.46667744656666,44.11317853228283],[-118.4767196618206,44.12158449243403],[-118.49125376599926,44.17225203884339],[-118.51422183239016,44.204479880432224]]]}},{"type":"Feature","id":"wmu:40","properties":{"id":"wmu:40","kind":"wmu","code":"40","name":"Maupin","region":"Eastern","acres":338291},"geometry":{"type":"Polygon","coordinates":[[[-120.76792274871035,45.305719260682494],[-120.76918890398935,45.33221672488153],[-120.78723646709545,45.35309524991331],[-120.78958474244057,45.31602802766127],[-120.85010893941595,45.31542002182798],[-120.85054976553327,45.28777419828401],[-120.86075199504896,45.27970242560418],[-120.86235807058554,45.25772841820545],[-120.91166975488035,45.25762771622047],[-120.95399356890474,45.269607303736],[-120.99066816709744,45.25396539204798],[-121.00248454646919,45.255515736002515],[-120.99764891937589,45.259729842977066],[-121.01793426625046,45.25311431458331],[-121.02266833219694,45.26358563808901],[-121.0370767943374,45.26111770873748],[-121.0418173744615,45.25309998395629],[-121.08027905804553,45.253657399795536],[-121.09485053050503,45.24572427556824],[-121.17433398221218,45.25400950775455],[-121.12405381793705,45.224425374499916],[-121.12350920866918,45.17430675612606],[-121.11864310911409,45.1682030798278],[-121.07604136084517,45.176805412005],[-121.12538808964104,45.146558529650974],[-121.1226138594533,45.13167356251782],[-121.13307334631956,45.12505297884402],[-121.13159590584932,45.102533220174124],[-121.12569336205289,45.09646826967481],[-121.1311753127077,45.092048203268156],[-121.12114365375173,45.078245819878966],[-121.10834076477109,45.07465873592234],[-121.12069643554985,45.06397945122708],[-121.11520348447449,45.05719141385567],[-121.12184232637476,45.04876703331937],[-121.10836199047888,45.03587884186127],[-121.10067243319781,45.04266464490637],[-121.09381529233744,45.031208069070885],[-121.0807795610273,45.036093784454344],[-121.06543508867227,45.0302987327726],[-121.0525224761915,45.00873786135659],[-121.06586571851273,44.97337758849402],[-121.08564906979286,44.97225255313644],[-121.07734744197572,44.96679295106675],[-121.07892062398882,44.94016457161917],[-121.0728046329204,44.93657767495577],[-121.08360722142494,44.93187133063129],[-121.07972435556655,44.924028480364974],[-121.08420419450647,44.914758838151776],[-121.04792898093783,44.878117248302615],[-121.06127372193023,44.85926020079841],[-121.07879199942005,44.85427281136675],[-121.04583164460117,44.845345001609566],[-121.00798563500695,44.85485904682275],[-120.97870998111799,44.899458797253],[-120.94618231726972,44.9207712715312],[-120.92391756654182,44.882805890592856],[-120.93108916154627,44.81545569755635],[-120.91731595274724,44.83823590260385],[-120.82802307475657,44.86371580676984],[-120.72093059931164,44.90866255475333],[-120.73636433705856,44.919512929172676],[-120.72134093316441,44.94652974522795],[-120.75496616800014,45.00164842618525],[-120.74783171879706,45.01877011327997],[-120.722081224761,45.03785782657817],[-120.68430439382945,45.04737753584906],[-120.68359786145588,45.072665455818154],[-120.67404476941493,45.093157607578554],[-120.68712770588883,45.11216465021747],[-120.68753463770906,45.16171431647572],[-120.69536027856635,45.17143001820613],[-120.69656742948978,45.19879665709435],[-120.7227566868858,45.23226790684013],[-120.72760249898757,45.24990322864414],[-120.74512527667295,45.26618060321303],[-120.74801795324119,45.289072338437606],[-120.76792274871035,45.305719260682494]]]}},{"type":"Feature","id":"wmu:36","properties":{"id":"wmu:36","kind":"wmu","code":"36","name":"Maury","region":"Eastern","acres":705098},"geometry":{"type":"Polygon","coordinates":[[[-120.57252230566337,44.17754174108949],[-120.63055804926262,44.17831436578493],[-120.63835694203328,44.16636884082281],[-120.65150051587355,44.16442237658918],[-120.67368684637417,44.1439722028748],[-120.69139875754517,44.14625227524821],[-120.68694701800142,44.11904386564403],[-120.71182954128092,44.13204643402308],[-120.72267181383961,44.12278554257317],[-120.74267495547764,44.133629120169076],[-120.74851732838756,44.12768709653992],[-120.73072421412382,44.11556574222146],[-120.75069996928165,44.10403615222419],[-120.78729361721038,44.11209907027206],[-120.78180339491637,44.10535122812426],[-120.78583658920385,44.09437163533185],[-120.77884940145154,44.08710496270668],[-120.7833874447676,44.069421006852636],[-120.77496267034171,44.0507131191764],[-120.7677175900746,44.04747046626488],[-120.76605559440468,44.054444939611294],[-120.73469943929503,44.06080983318304],[-120.71751629395075,44.05780012835964],[-120.70876007701479,44.05267014842728],[-120.70093974393242,44.028480117528225],[-120.69952563704432,44.019011516315956],[-120.7102591374864,44.00165254570767],[-120.7091796522903,43.983352208345806],[-120.74248541881111,43.96322903267541],[-120.7579822607358,43.94537934434057],[-120.75305576664432,43.92883884353816],[-120.74066283323346,43.923270052994965],[-120.74444807363648,43.917647759838935],[-120.73278252292025,43.880917816302635],[-120.73452066109068,43.849686610361324],[-120.48782524832335,43.7819550935665],[-120.25590372782528,43.686242012448744],[-120.19457898863284,43.645656015585594],[-120.16768780220158,43.61392259085613],[-120.127853190342,43.5909288051691],[-120.06677575035293,43.589980685328904],[-120.0549450777826,43.731258089317684],[-120.05977381839158,43.753086153398236],[-120.07798400795572,43.76472459413065],[-120.07832533647816,43.84361827348116],[-120.06829607435711,43.85195861245793],[-120.06327198851318,43.87980319680372],[-120.01816102184686,43.88380644345668],[-120.01599738539592,43.89175877611451],[-120.00335085270285,43.89042453024121],[-119.95646385782359,43.9070246546772],[-119.9160876697788,43.90997585015668],[-119.87756083789161,43.929282042192106],[-119.86464139240651,43.92845809154155],[-119.86888456817888,43.933023093740076],[-119.862495935377,43.936221692062325],[-119.86789043262091,43.9393528034148],[-119.86291587480774,43.96841381219921],[-119.85125038872961,43.99344134318721],[-119.85838244635356,44.002660204177324],[-119.85233590395157,44.01832161299566],[-119.85709572620932,44.02929724776171],[-119.83883222053754,44.0492351331782],[-119.83105888156736,44.04929742088615],[-119.81130528977916,44.07681165911211],[-119.81900213141253,44.081612179009966],[-119.82438619665801,44.104261174236896],[-119.86143029153652,44.119742693321435],[-119.87230006388404,44.13372356162251],[-119.89581480330742,44.142893570541375],[-119.92596904393044,44.1324711825015],[-119.95810643891905,44.13360876343166],[-119.96610786548446,44.124453050833566],[-120.01420192707073,44.10209720873496],[-120.02303197687553,44.10718036346461],[-120.05421137096536,44.10126851626856],[-120.06921888242215,44.08460304848381],[-120.08793996512291,44.10244887401933],[-120.12519418551246,44.11520277330275],[-120.13230706387645,44.12565835786123],[-120.14538301730079,44.12031256560711],[-120.15107042456205,44.12568554776349],[-120.16951340899156,44.12204053626386],[-120.17454311394746,44.112048565329424],[-120.19885399007957,44.118992316899984],[-120.27261530399299,44.116103157677024],[-120.29498401361026,44.13113358587828],[-120.31278326756482,44.13060850118481],[-120.32175414005039,44.13705847075618],[-120.34277055048578,44.124206774323895],[-120.48686890668316,44.153549942808795],[-120.50116303853224,44.16110986963471],[-120.4955469838732,44.16887374217437],[-120.50113231655499,44.17345436118962],[-120.55284195057652,44.171616111019816],[-120.57252230566337,44.17754174108949]]]}},{"type":"Feature","id":"wmu:39","properties":{"id":"wmu:39","kind":"wmu","code":"39","name":"Metolius","region":"Eastern","acres":426962},"geometry":{"type":"Polygon","coordinates":[[[-121.55373425209343,44.67414989840604],[-121.57439657302466,44.671497684026356],[-121.61357489462436,44.64936200038733],[-121.59689824670394,44.619688008202836],[-121.62078444221339,44.58655284809621],[-121.61966201446896,44.57661824811568],[-121.64092988511987,44.568181576193574],[-121.67570844823516,44.590062254895],[-121.68343118038018,44.61797865456045],[-121.7124932880624,44.64097003282198],[-121.77776336938429,44.632389000330306],[-121.79957981442173,44.646228337874355],[-121.81151046102298,44.61587505146145],[-121.79461008396926,44.594303902608225],[-121.80158214974904,44.581966422717734],[-121.80309755555966,44.55515687755324],[-121.81612543113849,44.538239918829134],[-121.81138035322377,44.51457152340618],[-121.85407889182093,44.487239370995276],[-121.84968884027926,44.47639178224405],[-121.85382026433986,44.46766471783138],[-121.84658196623923,44.46238795975364],[-121.84364755685911,44.44480268007527],[-121.85521956236869,44.43719511515038],[-121.84652348064499,44.42699710666333],[-121.85445512357845,44.417119869337604],[-121.84829975289212,44.39407341132874],[-121.86029184213035,44.36880558543267],[-121.87187527360605,44.3596569985493],[-121.86562605317773,44.35183418832881],[-121.8692827823426,44.33652036213723],[-121.85425964191181,44.32853761722373],[-121.85272102874883,44.31866378420783],[-121.81775861650118,44.30866401705399],[-121.83437512476077,44.29389910198364],[-121.82028622987565,44.26942760796339],[-121.79721263156178,44.25942725941475],[-121.76305318160368,44.28968471472671],[-121.72548502744867,44.305411750416816],[-121.63463419649997,44.3098885020758],[-121.57402649484513,44.29137083522383],[-121.54018907656568,44.287756433107965],[-121.35622348289672,44.29481695020694],[-121.28606956563736,44.28598362066458],[-121.25734011108352,44.27323275061188],[-121.1742949359542,44.26961626268503],[-121.17086019594363,44.31693922559562],[-121.17852871384996,44.343262048040586],[-121.17847812934104,44.38007011965743],[-121.19300776261889,44.393312683211285],[-121.23543490054136,44.39911321678881],[-121.22817896941025,44.4111552138628],[-121.23023085175149,44.42707189192053],[-121.30222620869701,44.47800405907013],[-121.29774376670527,44.49510537839162],[-121.27132883615637,44.507804523050076],[-121.26333586314752,44.52131429026495],[-121.2620634862494,44.53714268260903],[-121.27267536595176,44.5653855952568],[-121.26582400123065,44.57672371015845],[-121.276044525166,44.591912838009435],[-121.28647123277989,44.59769746331423],[-121.31941211974511,44.5836445456921],[-121.42999533977607,44.59407125914007],[-121.43725108278728,44.58459616601334],[-121.46333353058627,44.61607207682612],[-121.50212722671252,44.63586658514303],[-121.52362345700202,44.65701040710558],[-121.55373425209343,44.67414989840604]]]}},{"type":"Feature","id":"wmu:60","properties":{"id":"wmu:60","kind":"wmu","code":"60","name":"Minam","region":"Eastern","acres":368382},"geometry":{"type":"Polygon","coordinates":[[[-117.63100287748483,45.611998802369754],[-117.66439963542011,45.6301001919766],[-117.70608551178654,45.617459544994944],[-117.71327128122445,45.622560095543186],[-117.73024320613426,45.61837734931759],[-117.73005487216989,45.57854840283666],[-117.71911574296853,45.56449028513805],[-117.72508403349909,45.54045097985998],[-117.69685565026167,45.51507170020724],[-117.73077540919616,45.510409842539616],[-117.71388602992096,45.47287614359416],[-117.72356275258765,45.47021386072127],[-117.73379158472898,45.4549090642092],[-117.7275185367394,45.43546989068033],[-117.70641881752981,45.40738264769788],[-117.71047762988914,45.3680745470353],[-117.69960398098436,45.34883336493878],[-117.70454983338382,45.34204265688535],[-117.69977697251517,45.3233935437836],[-117.70561000918083,45.319396866765715],[-117.69335837739737,45.308643042469576],[-117.68659430775655,45.2903386549755],[-117.69915237850913,45.2942589522668],[-117.69461900102594,45.289569758276606],[-117.70480932438102,45.28966916609085],[-117.6780824385376,45.27503266541043],[-117.67673532897601,45.25300140532173],[-117.66760598267565,45.24496625009861],[-117.67113258344823,45.23984164906259],[-117.6608562793983,45.23593224849326],[-117.65150137367831,45.21547224989611],[-117.63601087025532,45.20708074788161],[-117.62593206982555,45.208837349910716],[-117.62460626927489,45.22502965035883],[-117.59589336793405,45.2382808560019],[-117.57505802657714,45.23836074882919],[-117.56039119985563,45.21862589203815],[-117.58288932340021,45.20029959129896],[-117.5451119076282,45.18606728713031],[-117.53291368210682,45.16745623780633],[-117.51011900715577,45.15588923096312],[-117.51713945012101,45.14179769526573],[-117.51379414420661,45.13706118579539],[-117.46110867459427,45.1262511177301],[-117.44043224632449,45.12968090741062],[-117.41213953907356,45.10984014715914],[-117.37920503663649,45.11329895415446],[-117.37141981274631,45.12809357031084],[-117.35260116767654,45.12720607861082],[-117.33846357667818,45.137340849106224],[-117.3260141981225,45.16214817537291],[-117.32936647866264,45.17356593884639],[-117.30200029720268,45.163668280675026],[-117.28092867432952,45.141727155258714],[-117.2668646323121,45.14551440925236],[-117.27063539180794,45.148867783153484],[-117.26048486215421,45.15490459448769],[-117.24812831178,45.15435608624605],[-117.24386051442453,45.16809260594643],[-117.24960621225156,45.18138436498315],[-117.2361589869001,45.20797638117185],[-117.23573943901853,45.23308220792318],[-117.20409493026895,45.283101484097635],[-117.19868379092397,45.30243831113254],[-117.20557839877674,45.328271729818916],[-117.22964898073892,45.34560781800533],[-117.23058526866129,45.39537559718164],[-117.24532434704962,45.41173318761518],[-117.27681199460504,45.42047950573615],[-117.27778311801539,45.42639105737687],[-117.30461994288986,45.42248900314906],[-117.33699715654637,45.44159379447432],[-117.38138008798532,45.44956440000667],[-117.39011067433665,45.47615916126206],[-117.4318755847913,45.48617351209379],[-117.4905696361493,45.54107706781087],[-117.49886289818429,45.556515705297954],[-117.53546809984553,45.57048829450624],[-117.54164191980605,45.585473397187336],[-117.56207740767645,45.598861959655366],[-117.58586012918026,45.60002390199407],[-117.60418892395703,45.61078155154409],[-117.6300552503336,45.604831396229],[-117.63100287748483,45.611998802369754]]]}},{"type":"Feature","id":"wmu:54","properties":{"id":"wmu:54","kind":"wmu","code":"54","name":"Mount Emily","region":"Eastern","acres":492615},"geometry":{"type":"Polygon","coordinates":[[[-118.42259318474986,45.82373749174976],[-118.4228823050127,45.835241925039384],[-118.48589863232635,45.8059466985478],[-118.51100570792828,45.80290583064806],[-118.58855450349692,45.74436860319284],[-118.73464793212693,45.68130649433825],[-118.80641656769649,45.6632011602464],[-118.76443116166371,45.66503767011572],[-118.70929445009617,45.65491617771379],[-118.64676073274688,45.614371379253335],[-118.64473043062856,45.60282277717189],[-118.61094672014043,45.594524583696746],[-118.62278062215219,45.58654578031314],[-118.6203012200798,45.582466481640765],[-118.58409031290675,45.582102282662554],[-118.50443820405128,45.600134193012515],[-118.46112919442231,45.58670139744765],[-118.45405298946321,45.57651169556019],[-118.4640781886002,45.55299539241049],[-118.46227328379885,45.54353299052038],[-118.33487315074231,45.39983628010353],[-118.29859530857317,45.37205601247425],[-118.24105174358077,45.34425129344131],[-118.22911724892397,45.34210641038292],[-118.18824902298434,45.35468949717504],[-118.16500651139762,45.34501009184887],[-118.08353370629932,45.33959628951644],[-118.07287857436445,45.33167512765651],[-117.99662801713443,45.36612404509875],[-117.96259865729542,45.46333460212128],[-117.9309843898436,45.50520984172841],[-117.91766483986565,45.54085735558008],[-117.9173122157532,45.56479908304183],[-117.9835067479893,45.56532359464778],[-117.98901214657337,45.56886031418754],[-117.98886781710273,45.58239721745131],[-118.01109047516395,45.59666112113846],[-118.01621416098922,45.611234503530675],[-118.01258170385317,45.624718009537375],[-118.02403996101137,45.65604123528049],[-118.04226967520425,45.67474030536821],[-118.04082871053622,45.69694521623939],[-118.02430056348388,45.71907052555702],[-118.02823341329331,45.73117051209934],[-118.06501992353527,45.768667627285524],[-118.10709682907742,45.786198300457755],[-118.1168253590952,45.7817786325883],[-118.1270785831243,45.79329082003036],[-118.13481701406461,45.78788322316369],[-118.15838287398347,45.790274829773956],[-118.1715764359282,45.78110742417828],[-118.20846219345762,45.79213957628297],[-118.28096480871052,45.786763673609066],[-118.32785077982506,45.79735079365661],[-118.34409783558709,45.79192376867212],[-118.39054881699788,45.80927615728789],[-118.39615925319197,45.82096688994926],[-118.42259318474986,45.82373749174976]]]}},{"type":"Feature","id":"wmu:46","properties":{"id":"wmu:46","kind":"wmu","code":"46","name":"Murderers Creek","region":"Eastern","acres":735765},"geometry":{"type":"Polygon","coordinates":[[[-118.70805304874828,44.45740600464357],[-118.71138142088556,44.462465775984356],[-118.76754234691643,44.44630680181546],[-118.79121319501492,44.445803687113454],[-118.8510828969363,44.42820496473172],[-118.87144440288778,44.41531137769703],[-118.98986186408533,44.420273944591464],[-119.04898008140704,44.41196052420136],[-119.14208448596642,44.41767503621454],[-119.21611231069507,44.410613568566276],[-119.27204132903948,44.42522273610542],[-119.27598990458524,44.4334786448193],[-119.33051605573323,44.43532531168029],[-119.39075957909846,44.449872994733894],[-119.40643110463482,44.44746771353326],[-119.4289786323383,44.458220994644606],[-119.44790205745836,44.45904464286716],[-119.45426758972272,44.46620770021489],[-119.53228399998422,44.46557147461755],[-119.52500254728716,44.460396082452775],[-119.53539797127912,44.457779808478584],[-119.53489616871127,44.45054380520909],[-119.51962788305289,44.444463016049866],[-119.54101030804448,44.436201626857454],[-119.53671409958872,44.41649129923043],[-119.54734292169071,44.39804198682104],[-119.54019947669279,44.377219475169],[-119.54998637313261,44.36987617517588],[-119.55662670738829,44.35247218224934],[-119.55227538060421,44.34428398689808],[-119.56641695828985,44.33297940214093],[-119.55658981471699,44.31800709589637],[-119.53780783656046,44.31225934717814],[-119.54384447398661,44.29846757305916],[-119.54137964068941,44.278536152387225],[-119.55159865755658,44.2691251256822],[-119.52945442033689,44.245661207027545],[-119.53666899455608,44.23175971632049],[-119.52588724691093,44.182512119842535],[-119.51148173616699,44.16147485227688],[-119.51362247251126,44.15563862779652],[-119.48877720043723,44.13548499330318],[-119.49091681739569,44.117702129513766],[-119.46746033232934,44.102717148772115],[-119.46108132281266,44.08840476455322],[-119.42974864418254,44.07944246770774],[-119.41469622886777,44.06464543105019],[-119.37179670768266,44.06284369135733],[-119.35517911798786,44.05216776364816],[-119.35674894978784,44.040449115075724],[-119.34649992826161,44.04039900987241],[-119.35061059524145,44.03546169375545],[-119.34511281313674,44.02043126615407],[-119.3102100071181,44.007781667010434],[-119.30191583302988,43.99885586867656],[-119.30075501338904,43.97155824628597],[-119.28454902146623,43.94996131995759],[-119.25292573946128,43.95849760394745],[-119.19630519199211,43.95358625930168],[-119.18232962437538,43.9617410002448],[-119.17378742444757,43.95500763890183],[-119.16416921909682,43.96186633576689],[-119.16967718965415,43.98574715340114],[-119.15607371044058,44.00366955552838],[-119.13536680100842,44.00896094272818],[-119.125790499858,44.02333354734961],[-119.09934882193335,44.02730255339917],[-119.08751691752511,44.0545836222084],[-119.06765522025508,44.052104434448715],[-119.03551830642546,44.064507773262065],[-119.01518688229024,44.06111854023106],[-118.97128064934947,44.06744006438457],[-118.97485381798997,44.07717283564738],[-118.96161677735334,44.08250233963095],[-118.97032372880608,44.08860072155134],[-118.96074422200027,44.092763212137505],[-118.95536033381133,44.1056748957131],[-118.96046043082958,44.12082084446705],[-118.97532049797998,44.126064254441225],[-118.97227429340266,44.133917118258466],[-118.94137860259309,44.1356083153077],[-118.92670759050011,44.14671933869086],[-118.87863445243521,44.162335386716414],[-118.7746067225692,44.17280925776654],[-118.74402716326271,44.18303996154368],[-118.72810452866963,44.182206282484785],[-118.70568384855414,44.17085258427974],[-118.66738693944019,44.177918704122014],[-118.56758735672089,44.18037699149669],[-118.51422148835924,44.20447987444555],[-118.51497859645443,44.246391009824485],[-118.5416658222348,44.276262576395474],[-118.55224069596134,44.315421468987054],[-118.56511383175334,44.32245449798143],[-118.57532696379607,44.34245219380635],[-118.5821913055389,44.369795578537776],[-118.58059230547856,44.39659416927349],[-118.58959287933756,44.40772661223391],[-118.67433970568679,44.44549036633419],[-118.67863418659226,44.45370100554425],[-118.70805304874828,44.45740600464357]]]}},{"type":"Feature","id":"wmu:47","properties":{"id":"wmu:47","kind":"wmu","code":"47","name":"Northside","region":"Eastern","acres":713868},"geometry":{"type":"Polygon","coordinates":[[[-119.05247673671744,44.84586916686759],[-119.07392275381495,44.84829985044521],[-119.06187590706071,44.83113338084287],[-119.06853430666412,44.82734096361846],[-119.07843461354739,44.79690697723017],[-119.08707586185776,44.79206926560014],[-119.10521620646269,44.737086049886756],[-119.10382589425845,44.71376578045514],[-119.12605366863207,44.718487939989366],[-119.15533690730561,44.736441637307685],[-119.22218338303269,44.73756643412333],[-119.24361321552871,44.730582159371444],[-119.2597789189515,44.739857635290456],[-119.33929868440028,44.74149794439979],[-119.3524795126633,44.752506318560236],[-119.3614186803192,44.75161551129429],[-119.35715233746842,44.75736202086221],[-119.37087869828561,44.7583040330021],[-119.39741049836023,44.77662142821599],[-119.40311210035267,44.79818292314566],[-119.41686161729417,44.8162928031671],[-119.43773449227203,44.81305335075574],[-119.45844935585579,44.818019339648025],[-119.49659837562761,44.81087907393824],[-119.50886985469548,44.80242396831486],[-119.51646572397183,44.806680114853755],[-119.53289705467488,44.79456844803245],[-119.54582977940234,44.79934929588251],[-119.56312909901993,44.78748908828454],[-119.56896345950584,44.79206691185141],[-119.58374057788546,44.78620423539422],[-119.59844782783203,44.78922264449025],[-119.61056806999945,44.779744570914566],[-119.6185629227162,44.783771048711955],[-119.63643760266142,44.76982374803264],[-119.63693332495862,44.75067351494463],[-119.6459027156164,44.73432509551325],[-119.64153259771331,44.718388401405896],[-119.6468460069958,44.68550261288457],[-119.651556188953,44.681843590050846],[-119.64730734070262,44.67425208447295],[-119.65227643026292,44.668302289781835],[-119.64598069828513,44.66005711230526],[-119.64874740414234,44.64148623634139],[-119.6364362269921,44.63391690607027],[-119.64352687228647,44.62980509442791],[-119.63238205375762,44.59514238597829],[-119.64807560888008,44.57305958656381],[-119.64361973474523,44.54272868758353],[-119.62201149048632,44.50675501993607],[-119.53237924646528,44.46559989179315],[-119.45426758972272,44.46620770021489],[-119.44790205745836,44.45904464286716],[-119.4289786323383,44.458220994644606],[-119.40643110463482,44.44746771353326],[-119.39075957909846,44.449872994733894],[-119.33051605573323,44.43532531168029],[-119.27598990458524,44.4334786448193],[-119.27204132903948,44.42522273610542],[-119.21947860766556,44.410913218003046],[-119.10748325355361,44.417907525056776],[-119.04898008140704,44.41196052420136],[-118.98986186408533,44.420273944591464],[-118.87179772451157,44.415299956728475],[-118.8510828969363,44.42820496473172],[-118.79061745726291,44.44595690821489],[-118.76754234691643,44.44630680181546],[-118.70826990018625,44.46314381614448],[-118.66869998210484,44.46196547955498],[-118.64275789776119,44.4856555080285],[-118.62879460032538,44.51963689060777],[-118.61216743708276,44.53369660117037],[-118.5703616043941,44.53259274151779],[-118.53716021027721,44.54230268961011],[-118.52494892127159,44.56033058614365],[-118.5072590100656,44.56515409246678],[-118.49858022491516,44.577683824630576],[-118.5105301030122,44.59340159323746],[-118.57431610264202,44.624701322641606],[-118.62426087779032,44.636307509902764],[-118.63251152772119,44.644372604547215],[-118.6591604067513,44.640806118949094],[-118.69955444010316,44.66577301350091],[-118.79588485956077,44.69479626960871],[-118.80223668681384,44.692183966248564],[-118.82135169396363,44.71732687632745],[-118.82352741646156,44.7293757154895],[-118.84560748810796,44.730556167266734],[-118.8458215052532,44.73965225111711],[-118.86526905725037,44.76009977520395],[-118.85728718345861,44.76319398947074],[-118.89320707947147,44.773073391467726],[-118.9100642892412,44.797516070119215],[-118.92953690493594,44.80236487281658],[-118.93254108174598,44.79615657114502],[-118.94114972817435,44.799881473451656],[-118.95546409199244,44.794308061728174],[-118.97569810863257,44.80001838858451],[-118.97176782966272,44.80564066097694],[-118.98440710280369,44.804962661334066],[-119.00448532921077,44.817093395396356],[-119.00203265939882,44.8210129008212],[-119.02214461031278,44.83702389002693],[-119.04058622284553,44.835227989079875],[-119.05247673671744,44.84586916686759]]]}},{"type":"Feature","id":"wmu:37","properties":{"id":"wmu:37","kind":"wmu","code":"37","name":"Ochoco","region":"Eastern","acres":1028990},"geometry":{"type":"Polygon","coordinates":[[[-120.1548237447756,44.56747887369999],[-120.2176204932989,44.599532153645775],[-120.23603830355286,44.602432956800484],[-120.26599191617791,44.59181457047324],[-120.3196717757887,44.55486643912176],[-120.35161599095855,44.548664822487815],[-120.35978782130883,44.543584239713056],[-120.36236392508354,44.52818104219087],[-120.37452475057609,44.52223320259812],[-120.37575993813645,44.50794344797287],[-120.39680832220624,44.48646083396293],[-120.46661168178807,44.4494531247468],[-120.50325298760377,44.40366108653171],[-120.51432883613289,44.397624825058635],[-120.51594377534109,44.38510822798018],[-120.5409106086556,44.367459117085986],[-120.54042833989506,44.35739749991627],[-120.55057475543826,44.34691678262139],[-120.58471819109961,44.333457352054296],[-120.60836332582329,44.311666997106684],[-120.62815437543459,44.3028548170816],[-120.66237331098161,44.31822947749093],[-120.72368151576872,44.29965087858064],[-120.75044029688173,44.30510636713598],[-120.84710268635082,44.302903601295476],[-120.84133206649065,44.27830905982773],[-120.85401508302844,44.267996960245654],[-120.86317156033029,44.229597934014336],[-120.87869097015573,44.21482106385023],[-120.87418219891505,44.20358076485863],[-120.87825859966783,44.19641122034751],[-120.86968003647236,44.185506970299436],[-120.84883228971437,44.180599572495446],[-120.83112822588824,44.165690068599815],[-120.83411911146224,44.15709388297595],[-120.82561779450998,44.148229282339265],[-120.83768558772672,44.130199867184785],[-120.8213116693124,44.13217009221442],[-120.81780964150032,44.13879273900371],[-120.80874180261603,44.127608744419874],[-120.79804909372277,44.12786137913766],[-120.79835576944846,44.12066774592261],[-120.7893878378161,44.117157484131816],[-120.79283880858739,44.11099846098686],[-120.76023597965548,44.103484999606536],[-120.73083299147065,44.1152464839531],[-120.74851732838756,44.12768709653992],[-120.74398272625876,44.1331476264758],[-120.72267181383961,44.12278554257317],[-120.71182954128092,44.13204643402308],[-120.68694701800142,44.11904386564403],[-120.6924082999419,44.14274229999388],[-120.68819834633021,44.14857704343663],[-120.67368684637417,44.1439722028748],[-120.65150051587355,44.16442237658918],[-120.63835694203328,44.16636884082281],[-120.63055804926262,44.17831436578493],[-120.61210593283226,44.175078575836956],[-120.57560515683237,44.18114968534484],[-120.55837866447564,44.17203167005496],[-120.50097045137346,44.173416365345446],[-120.4955469838732,44.16887374217437],[-120.50116303853224,44.16110986963471],[-120.48686890668316,44.153549942808795],[-120.34277055048578,44.124206774323895],[-120.32175414005039,44.13705847075618],[-120.31278326756482,44.13060850118481],[-120.29498401361026,44.13113358587828],[-120.27261530399299,44.116103157677024],[-120.19885399007957,44.118992316899984],[-120.17454311394746,44.112048565329424],[-120.16951340899156,44.12204053626386],[-120.15107042456205,44.12568554776349],[-120.14538301730079,44.12031256560711],[-120.13230706387645,44.12565835786123],[-120.12519418551246,44.11520277330275],[-120.08793996512291,44.10244887401933],[-120.06921888242215,44.08460304848381],[-120.05421137096536,44.10126851626856],[-120.02303197687553,44.10718036346461],[-120.01420192707073,44.10209720873496],[-119.96610786548446,44.124453050833566],[-119.95810643891905,44.13360876343166],[-119.92596904393044,44.1324711825015],[-119.8953563305214,44.142905256203434],[-119.87230006388404,44.13372356162251],[-119.86143029153652,44.119742693321435],[-119.82521658006404,44.10511664984205],[-119.81892175851675,44.081456500769875],[-119.80515025208696,44.06845787796068],[-119.78322712855918,44.06718563245022],[-119.69920888119789,44.08614624824392],[-119.68143902411249,44.08236964946769],[-119.67142318528636,44.07018919967267],[-119.65109089662305,44.071518605398644],[-119.64451839881704,44.064702584148215],[-119.62682679310421,44.08221705304543],[-119.6150513762791,44.073148744223246],[-119.57783726913036,44.08305087515361],[-119.55064816620511,44.08191138268193],[-119.51020917791395,44.100866404066856],[-119.4977309538012,44.09776336643545],[-119.49735221692134,44.10687820472111],[-119.48682452951155,44.11499772437904],[-119.4934161076783,44.12719993818943],[-119.48877720043723,44.13548499330318],[-119.51374223954743,44.155807195369434],[-119.51146776644586,44.16143909147532],[-119.52244973159377,44.1746655415132],[-119.53503210224905,44.21107411535175],[-119.53666899455608,44.23175971632049],[-119.52948365095057,44.24575954880631],[-119.55156141674767,44.268846855949185],[-119.54137964068941,44.278536152387225],[-119.54384447398661,44.29846757305916],[-119.53780783656046,44.31225934717814],[-119.55658981471699,44.31800709589637],[-119.56641695828985,44.33297940214093],[-119.55227538060421,44.34428398689808],[-119.55662670738829,44.35247218224934],[-119.54998637313261,44.36987617517588],[-119.54019947669279,44.377219475169],[-119.54734292169071,44.39804198682104],[-119.53671409958872,44.41649129923043],[-119.54101030804448,44.436201626857454],[-119.51962788305289,44.444463016049866],[-119.53489616871127,44.45054380520909],[-119.53539797127912,44.457779808478584],[-119.52503252719808,44.46080065380737],[-119.53894046466534,44.472353205871656],[-119.62201149048632,44.50675501993607],[-119.6327866557324,44.52759718645405],[-119.65511942864167,44.51436630047888],[-119.7202243303078,44.52261617746667],[-119.76471850061277,44.542511613399064],[-119.78130999153495,44.54136417010592],[-119.78656157581769,44.548736402069984],[-119.84085692318932,44.56255981771076],[-119.86489707201302,44.55685365514028],[-119.8623737424728,44.548862399963824],[-119.88398328714256,44.5272382725597],[-119.96832765741705,44.51757259795523],[-120.0494461208172,44.55671308028047],[-120.09021223487746,44.569141375686385],[-120.1548237447756,44.56747887369999]]]}},{"type":"Feature","id":"wmu:67","properties":{"id":"wmu:67","kind":"wmu","code":"67","name":"Owyhee","region":"Eastern","acres":1935282},"geometry":{"type":"Polygon","coordinates":[[[-118.1715016446012,43.058637359872996],[-118.1842751831265,43.05287607439812],[-118.08915367929899,43.00705007446743],[-118.05264165698392,42.95907009015095],[-117.8496664691595,42.77744583324319],[-117.79501135643939,42.77738494964202],[-117.75971380062826,42.788053131917714],[-117.70750016071614,42.81657343154359],[-117.68449845726049,42.818437011591456],[-117.61352070911056,42.84205152132223],[-117.61045449394426,42.84984225844147],[-117.50662069235489,42.875997553213665],[-117.39247290502391,42.878253753141806],[-117.33500787074878,42.90163444140963],[-117.27013780345906,42.91036868894734],[-117.14891897632391,42.98821347898623],[-117.08408519627024,42.98210325317515],[-117.02998837181585,42.96887171351239],[-117.02649485697418,42.96120737406174],[-117.02671496355408,43.809541437746354],[-117.0222060989008,43.81833295769363],[-117.03343526930988,43.82958290168235],[-117.02689196888012,43.84252916659926],[-117.01224102464003,43.84154130959244],[-117.0209725743158,43.85960295178396],[-116.98317991890558,43.87106293212085],[-116.98493828165446,43.87686219730607],[-117.0007209229042,43.877061121087415],[-117.00623341073147,43.88419877321797],[-117.00577911849123,43.98861371661706],[-117.08857066979175,43.98871010606693],[-117.11312268538134,43.981482515868606],[-117.25091334248218,43.981939503699195],[-117.31240055336995,43.93671681236019],[-117.37198977080759,43.939337877815554],[-117.45880957337205,43.88876969538024],[-117.50402462639572,43.8851391523404],[-117.5302096233026,43.873468770523026],[-117.54123031638251,43.88185225269264],[-117.60568179792209,43.855284495188975],[-117.61391835816187,43.84050016091489],[-117.60953998500231,43.8238516807309],[-117.63046825300908,43.790090154311585],[-117.66846658654507,43.7547846677983],[-117.67372717884237,43.73744653962636],[-117.70168501626864,43.71082248025948],[-117.69744756202367,43.693988982518604],[-117.68774223091395,43.69022753192565],[-117.6880543401791,43.679115268085965],[-117.67858107085812,43.67448965984115],[-117.67482026186654,43.658728976911355],[-117.68040621834669,43.629635084136346],[-117.70494271418677,43.59897655304837],[-117.72869441173067,43.57960418362558],[-117.75898225656832,43.56735964744952],[-117.78034049441075,43.55059622533669],[-117.78453425236616,43.53926843257533],[-117.78590496628411,43.52045415520718],[-117.77949702390899,43.506352418697865],[-117.79096080789277,43.497756239284335],[-117.78739069471183,43.47782074396451],[-117.79564605303115,43.458301761621655],[-117.78533559884069,43.45439201914487],[-117.78763821824582,43.43599151748414],[-117.74995471750483,43.405694517547126],[-117.7381718708436,43.38158755193783],[-117.74775746587926,43.362343739420346],[-117.77728040497843,43.35976810385762],[-117.77662341377757,43.3340716945458],[-117.78809976437203,43.295702253992474],[-117.80338186677764,43.28773432760298],[-117.91546153590319,43.29164026730024],[-117.91183109241585,43.281419523239016],[-117.92050898563959,43.276530951063876],[-117.92439567515116,43.25631754289754],[-117.91984812459792,43.24074378650563],[-117.92527823455687,43.2333482102665],[-117.97398798334883,43.22941752934787],[-118.0086281863142,43.21330371795461],[-118.05227676048564,43.203842913207616],[-118.07432868359643,43.175469886963185],[-118.06488927605493,43.167234929385465],[-118.06962912053172,43.15188970177106],[-118.0932908217629,43.14994739777301],[-118.120831915703,43.1316173168395],[-118.14496144447226,43.10225970146044],[-118.15379822962532,43.07210708482996],[-118.17385078679975,43.069714630969],[-118.1715016446012,43.058637359872996]]]}},{"type":"Feature","id":"wmu:35","properties":{"id":"wmu:35","kind":"wmu","code":"35","name":"Paulina","region":"Eastern","acres":1392750},"geometry":{"type":"Polygon","coordinates":[[[-120.84710268635082,44.302903601295476],[-120.87019898100968,44.299963347445825],[-120.94582038667144,44.24747812254164],[-121.04477509737,44.24769152505673],[-121.10551761651918,44.261972416830766],[-121.14794618426964,44.26214690528045],[-121.16354035926004,44.272569456736456],[-121.17429219609599,44.26961626625088],[-121.30334398154528,44.096655513646546],[-121.30262397794382,44.04246551265424],[-121.34534974825125,43.97703540817269],[-121.35022858461988,43.914226568786496],[-121.39724496173348,43.877628925211575],[-121.41563095833,43.85183426082246],[-121.44722863334725,43.788234492983975],[-121.47715976744847,43.702927762530045],[-121.60434856501408,43.54756976548845],[-121.64335654489636,43.52498917687075],[-121.67822723545949,43.49135763584294],[-121.66526193264924,43.502407837969606],[-121.63708786382699,43.50514349313582],[-121.61269404092545,43.48867439494717],[-121.59413891556291,43.484027353312705],[-121.58172192964977,43.47174605259459],[-121.55510006753876,43.469566492323864],[-121.51125650700075,43.45207751999574],[-121.45619109304226,43.444162431423614],[-121.42074481507552,43.450575533564106],[-121.36629897087161,43.44691125094545],[-121.36644217777902,43.45219476358874],[-121.31457319468643,43.43562066758087],[-121.29112527437348,43.43975211586975],[-121.25704187722694,43.42062568665117],[-121.21482938392654,43.38425311369863],[-121.20976560952522,43.36436172253212],[-121.17695144850904,43.352629732413426],[-121.13416325085934,43.362676857578826],[-121.09314378880696,43.35630686665517],[-120.93870220000238,43.3559980089819],[-120.93825064648482,43.26473546950232],[-120.91878373136052,43.26439217077812],[-120.91798181210903,43.250300034666544],[-120.89884476643022,43.249525296957785],[-120.89874602336212,43.235672129981154],[-120.64133470246256,43.2377145087319],[-120.63814574706542,43.31326013231494],[-120.62043724184727,43.324572032206746],[-120.62065385811165,43.33887140478726],[-120.60165324595394,43.339920803919554],[-120.60121110966452,43.35572580932542],[-120.5958292888235,43.35557304551183],[-120.59608755054877,43.4410280398646],[-120.63537959731188,43.44097433129497],[-120.6265352293811,43.45334690702381],[-120.64603277566768,43.46125652142379],[-120.66518190293108,43.48789186149211],[-120.66307837301505,43.54887373404971],[-120.68120586795074,43.5591397270315],[-120.67773701566169,43.57686282498087],[-120.70429690050649,43.60564193352363],[-120.70470609469008,43.635686584750545],[-120.72378863579065,43.68819361327662],[-120.73370864128323,43.688217648377005],[-120.73400099343466,43.70553832665071],[-120.78218062291633,43.77322175502567],[-120.82400823698492,43.800254653520625],[-120.85968254147735,43.84990534366556],[-120.86707456715632,43.85051753797057],[-120.86734499788378,43.87149029430022],[-120.8075884887993,43.87136261804322],[-120.73311894676516,43.850065435679845],[-120.73293644686015,43.88222603809086],[-120.74444807363648,43.917647759838935],[-120.74066283323346,43.923270052994965],[-120.75305576664432,43.92883884353816],[-120.7579822607358,43.94537934434057],[-120.74248541881111,43.96322903267541],[-120.7093015866841,43.9831978346349],[-120.71020196263294,44.001906442503135],[-120.69950177213624,44.01912577599282],[-120.70493058535902,44.0457010590559],[-120.71486909590183,44.05676257656073],[-120.73469943929503,44.06080983318304],[-120.76605559440468,44.054444939611294],[-120.7677175900746,44.04747046626488],[-120.77496267034171,44.0507131191764],[-120.7833874447676,44.069421006852636],[-120.78186371825574,44.105765735229696],[-120.79328650112667,44.11135097440161],[-120.78966258527024,44.11773374780925],[-120.81780964150032,44.13879273900371],[-120.8213116693124,44.13217009221442],[-120.83768558772672,44.130199867184785],[-120.82561779450998,44.148229282339265],[-120.83411911146224,44.15709388297595],[-120.83112822588824,44.165690068599815],[-120.84883228971437,44.180599572495446],[-120.86968003647236,44.185506970299436],[-120.87825859966783,44.19641122034751],[-120.87418219891505,44.20358076485863],[-120.87869097015573,44.21482106385023],[-120.86317156033029,44.229597934014336],[-120.85401508302844,44.267996960245654],[-120.84133206649065,44.27830905982773],[-120.84710268635082,44.302903601295476]]]}},{"type":"Feature","id":"wmu:62","properties":{"id":"wmu:62","kind":"wmu","code":"62","name":"Pine Creek","region":"Eastern","acres":242031},"geometry":{"type":"Polygon","coordinates":[[[-116.75790991187702,45.21850456092075],[-116.76665036654722,45.21689724707121],[-116.76510717587071,45.19176615117637],[-116.77556039182012,45.18180430548657],[-116.79707438756849,45.18449135652232],[-116.80836808636833,45.17233160195315],[-116.80809318789183,45.16336531996968],[-116.8206499908864,45.155932518785065],[-116.83556562671036,45.1761731231893],[-116.83457305128981,45.15997762816264],[-116.84780434170013,45.14423398534043],[-116.86445081294498,45.13735541529848],[-116.87759512981481,45.15067967099139],[-116.88120306838934,45.133588962153276],[-116.90725346147602,45.10896646648647],[-116.91972350316362,45.10559135026653],[-116.96913018644194,45.114807151529725],[-117.01061596142658,45.11329002788376],[-117.04991218221451,45.09782355152768],[-117.0755798091273,45.09838103455161],[-117.13602751404105,45.114879413717986],[-117.16186445175408,45.10483137089248],[-117.20872543917366,45.09939485979638],[-117.2662009180171,45.12383612079775],[-117.2711015842794,45.134374174880094],[-117.26288317922616,45.14511436458416],[-117.28092893026755,45.14172710652646],[-117.28103668680369,45.11334842836048],[-117.27207081506263,45.099816497181116],[-117.28365835935016,45.07244991787341],[-117.29212743806056,45.068688981107435],[-117.28726650815682,45.062994616719244],[-117.24913445098768,45.05489087799077],[-117.24849062350275,45.06293526608956],[-117.22745764937545,45.07105893186239],[-117.20262972094844,45.069801618889414],[-117.19214845006037,45.07522376371459],[-117.17821245899682,45.069948983497824],[-117.17440645202568,45.03875098069839],[-117.19270255397528,45.02380847838893],[-117.19591399294379,45.01310016679493],[-117.19728541591789,44.980771923150435],[-117.18843710962119,44.95305613086918],[-117.0934660175985,44.871295987855014],[-117.0981668044415,44.85553387424669],[-117.09284199587849,44.82838297264271],[-117.04790088235262,44.795395176406835],[-117.05053308118268,44.7837376727257],[-117.06308338288514,44.780940272328934],[-117.0547994805194,44.77840337181427],[-117.0723922119006,44.76741643803265],[-117.04765943369145,44.75920803235311],[-117.05030830096766,44.745306930091616],[-117.02603757223402,44.75889318197203],[-117.02432280959103,44.754765820880166],[-116.99582015430971,44.760701208650325],[-116.96761417720451,44.779375684498596],[-116.9438671268034,44.78308873937114],[-116.93604532336629,44.791627830068066],[-116.94051520352873,44.802274118515236],[-116.89908610904067,44.84215738046153],[-116.8990461448496,44.85489430738771],[-116.86673765917439,44.87078091431],[-116.85411533413334,44.8879921858765],[-116.83368541539024,44.93246095994888],[-116.85389930309442,44.96182646017717],[-116.826611701838,44.982834282074705],[-116.83696007985208,44.983524848140675],[-116.8479282166896,44.97086552377661],[-116.8587685798527,44.97691095879177],[-116.84533934015887,45.002305720213435],[-116.84942609891041,45.02267393164609],[-116.79761443195656,45.06136455003436],[-116.78509001916326,45.07827416698107],[-116.78148198115986,45.10126723866413],[-116.75606993599624,45.11396211026061],[-116.74667761251563,45.13324169826064],[-116.73249970289075,45.14084307176252],[-116.72647312175958,45.17463075768938],[-116.71279682425583,45.198749080417784],[-116.73917673921449,45.20566273457329],[-116.75790991187702,45.21850456092075]]]}},{"type":"Feature","id":"wmu:77","properties":{"id":"wmu:77","kind":"wmu","code":"77","name":"Fort Rock","region":"Eastern","acres":1129371},"geometry":{"type":"Polygon","coordinates":[[[-122.03272818981876,43.59650321058179],[-122.07293076582786,43.586379664675796],[-122.13160954118507,43.55361544415454],[-122.13370670993251,43.54118740113189],[-122.12303051606813,43.53651391917055],[-122.11877471059293,43.522794680350685],[-122.13335367221762,43.520051740522526],[-122.14565720626177,43.50268933644432],[-122.13383284187549,43.49971061411211],[-122.14292610782965,43.4749493271542],[-122.13761583922408,43.47364900832201],[-122.13356917814055,43.447064803503174],[-122.11860610436028,43.44002602757529],[-122.11132949721477,43.44580445580253],[-122.09687305404844,43.43812789157262],[-122.0848642309201,43.415872746270495],[-122.06097124191257,43.40128083279164],[-122.0611694285995,43.38567823845794],[-122.02087585500504,43.35864142178655],[-122.00896936202967,43.337722324410024],[-122.01653308667606,43.31870265982373],[-122.00115560465436,43.307754847699414],[-122.0146309745259,43.29561406679414],[-121.98930138654592,43.27280406359274],[-121.98627528749046,43.24547851483015],[-121.99610917876849,43.24398716288958],[-122.00771812316789,43.225836639978525],[-122.01441579729294,43.23211898672551],[-122.02685131982322,43.22535035811545],[-122.02259912850188,43.2200905076229],[-122.0513791305496,43.19968921927547],[-122.0491147339255,43.19476523025237],[-122.06399931343658,43.17606521651288],[-122.06245447417892,43.16260610504739],[-122.07391238112595,43.16429645743565],[-122.06974261842038,43.16184848454746],[-122.08076287754486,43.15344906233141],[-122.07453094221633,43.14330072237971],[-122.08661157582776,43.13550428450052],[-122.07446114435726,43.131488249663214],[-122.08188199094738,43.122893016841246],[-122.0838373722858,43.097787240005665],[-122.09159293732715,43.08989266113654],[-122.00457105118629,43.08781920016735],[-121.99973311894797,42.985656644852085],[-121.97814821542856,42.97988316755009],[-121.98465428224563,42.971426046103694],[-121.97891009885605,42.94222354157606],[-121.9661437593032,42.92162257921863],[-121.9760910447568,42.91888307118807],[-121.99976770092381,42.8933471297627],[-121.98597849382574,42.87882074972232],[-121.98597442623222,42.857005055330795],[-121.96613449407894,42.849805828461804],[-121.94702387187736,42.833552855090936],[-121.91096063607854,42.84708367065821],[-121.90519220866582,42.857708752330495],[-121.86389253124351,42.871120361738996],[-121.81536122410144,42.86657498438557],[-121.65851937437088,42.89906419018426],[-121.67347725702678,42.916570793698696],[-121.68731354984541,42.918677622377984],[-121.66683712672113,42.94942543250452],[-121.67417166195852,42.95328017837676],[-121.66260742347934,42.96479895880899],[-121.6480912815011,42.968993833485285],[-121.6167002901959,42.94976909187924],[-121.59776165747103,42.95293783637059],[-121.5974377514417,42.963989093668246],[-121.57847653529468,42.96531281749357],[-121.56853713466852,42.9975946308351],[-121.52498505585679,43.0040990441688],[-121.50519487075977,43.02083724929348],[-121.48292421522655,43.06482953313425],[-121.43068255268079,43.068228382732514],[-121.4189053190007,43.090547528956655],[-121.39693103963494,43.10756177929698],[-121.23193267843966,43.11169376795035],[-121.1936032279049,43.127935954102234],[-121.15853675143842,43.125006175956806],[-121.1309320775523,43.13966445042789],[-121.07504640336148,43.13505065549586],[-121.0640510178223,43.12804063281599],[-120.90566555606759,43.130843235550685],[-120.86176041694756,43.11486727011227],[-120.85520510350266,43.12146722841128],[-120.82575335708005,43.12525723618605],[-120.80300018241876,43.15050621224758],[-120.7610999869793,43.17131110831437],[-120.72020575607743,43.18306178756054],[-120.71762889835836,43.19220294813741],[-120.68121046945276,43.193762813896946],[-120.68101217526505,43.23785951853968],[-120.89874602336212,43.235672129981154],[-120.89884476643022,43.249525296957785],[-120.91798181210903,43.250300034666544],[-120.91878373136052,43.26439217077812],[-120.93825064648482,43.26473546950232],[-120.93870220000238,43.3559980089819],[-121.09314378880696,43.35630686665517],[-121.13416325085934,43.362676857578826],[-121.17695144850904,43.352629732413426],[-121.20976560952522,43.36436172253212],[-121.21482938392654,43.38425311369863],[-121.25704187722694,43.42062568665117],[-121.29021129764675,43.43947956191716],[-121.31457319468643,43.43562066758087],[-121.36644217777902,43.45219476358874],[-121.3662989734208,43.446911256327375],[-121.42074481507552,43.450575533564106],[-121.45619109304226,43.444162431423614],[-121.51125650700075,43.45207751999574],[-121.55510006753876,43.469566492323864],[-121.58172192964977,43.47174605259459],[-121.59413891556291,43.484027353312705],[-121.61269404092545,43.48867439494717],[-121.63708786382699,43.50514349313582],[-121.66635293645815,43.50183323688607],[-121.68490784348931,43.484396773072326],[-121.69610510681181,43.46223719969226],[-121.78677264847404,43.46555207542935],[-121.81952066451373,43.47764233814149],[-121.84136078477628,43.49663699748615],[-121.90061076754345,43.482460678793],[-121.93214199110943,43.501683437653526],[-121.95280309955061,43.55030773330932],[-121.97482129714281,43.57404158777894],[-122.03272818981876,43.59650321058179]]]}},{"type":"Feature","id":"wmu:76","properties":{"id":"wmu:76","kind":"wmu","code":"76","name":"Silver Lake","region":"Eastern","acres":612844},"geometry":{"type":"Polygon","coordinates":[[[-121.12489859910295,43.13915361859577],[-121.15955994560069,43.12475067429378],[-121.1943361010285,43.12777776135911],[-121.23193267843966,43.11169376795035],[-121.39735821320848,43.10743279819127],[-121.4189053190007,43.090547528956655],[-121.43068255268079,43.068228382732514],[-121.48292421522655,43.06482953313425],[-121.49857335121153,43.02919426987329],[-121.52390253675459,43.00470777699242],[-121.57105884503932,42.99412332224256],[-121.57847653529468,42.96531281749357],[-121.52897100552953,42.981100658399704],[-121.50325363209706,42.972523556239494],[-121.4866673340807,42.95392634778092],[-121.4825808702381,42.93361103366413],[-121.48720936427657,42.92425329266253],[-121.46371264621378,42.899833820182124],[-121.47049937374679,42.878465923648086],[-121.46023469599156,42.86087641385567],[-121.46468605103043,42.838801829172006],[-121.45195468331303,42.81987288258166],[-121.4394291391122,42.81302114355229],[-121.44528640167633,42.78474376837253],[-121.43525343989691,42.763670167982575],[-121.43715427010308,42.748324390386465],[-121.42553248263194,42.73053295909548],[-121.40996112915833,42.72276238247152],[-121.40764615747649,42.69985671278187],[-121.39704148220979,42.67969449978703],[-121.36556227228786,42.65794750934685],[-121.32490602357821,42.65688342122329],[-121.3046410016965,42.66988617535974],[-121.28923300781662,42.670161478556615],[-121.2848628660872,42.682631508728946],[-121.2698560957486,42.6876830076056],[-121.27292499664047,42.69587008387549],[-121.2485971618007,42.68193432477376],[-121.2382980446898,42.692344097031956],[-121.23013835090444,42.68808050018777],[-121.2196395491559,42.69305525602616],[-121.2171128777765,42.687414603810666],[-121.20038389151335,42.691993363254916],[-121.18710658688359,42.71674289227005],[-121.17321032424718,42.71522949016816],[-121.1599408416475,42.725043766221255],[-121.15706938591111,42.741981368962605],[-121.14681272883168,42.75366666558746],[-121.08651369003485,42.78960418057416],[-121.06993018447915,42.788551413773995],[-121.06222440809795,42.77963251092453],[-121.04327311609808,42.78314192962027],[-121.01399288976624,42.77583030401272],[-120.99966093727622,42.76131693951834],[-121.002787019483,42.74749034250899],[-120.99104228762634,42.72446580929033],[-120.97544263372292,42.7112911347356],[-120.9486469770584,42.70891849646449],[-120.93816084715787,42.69908540544553],[-120.92683972797388,42.69671976328892],[-120.88299484326137,42.714643754788234],[-120.84077932803784,42.70740275147047],[-120.82969927431353,42.693104666370616],[-120.804892070519,42.69494141901807],[-120.79607914115964,42.7015709576088],[-120.79556272508383,42.71292552675742],[-120.78725370830257,42.70115306426873],[-120.75741421659727,42.70131525562096],[-120.7585498364106,42.70937006871583],[-120.77460323083804,42.719908625262825],[-120.75502331282601,42.7207329236673],[-120.75693556750821,42.72942885984254],[-120.74649154318656,42.73125867484436],[-120.77597565572637,42.75951732324964],[-120.79176071062228,42.79673609297965],[-120.79809782757228,42.82441203636348],[-120.79259403806006,42.84029202709624],[-120.80685047688344,42.867378208012504],[-120.80666836797758,42.88484911620866],[-120.81524932493275,42.90384582002505],[-120.80864775062712,42.925178921173895],[-120.77770176804023,42.97361386429484],[-120.7724513443132,43.01485902531238],[-120.78134028676489,43.02950531604188],[-120.790846052562,43.02967731285811],[-120.79630133000303,43.046262230472834],[-120.80944773336,43.04949934665364],[-120.85543532613787,43.109962011833396],[-120.89949127402164,43.12965222332802],[-121.0640510178223,43.12804063281599],[-121.07504640336148,43.13505065549586],[-121.12489859910295,43.13915361859577]]]}},{"type":"Feature","id":"wmu:72","properties":{"id":"wmu:72","kind":"wmu","code":"72","name":"Silvies","region":"Eastern","acres":1146340},"geometry":{"type":"Polygon","coordinates":[[[-119.46746033232934,44.102717148772115],[-119.49172329162911,44.11323648113027],[-119.49869436098929,44.09703587713735],[-119.51020917791395,44.100866404066856],[-119.5510115784786,44.08183173525808],[-119.57783726913036,44.08305087515361],[-119.61539806236293,44.07312299110805],[-119.62707421095679,44.08215720225455],[-119.64451839881704,44.064702584148215],[-119.65109089662305,44.071518605398644],[-119.67142318528636,44.07018919967267],[-119.68143902411249,44.08236964946769],[-119.69877100106392,44.08612964836492],[-119.78382535482415,44.067113769738704],[-119.80627193936374,44.068651249200215],[-119.81130513291306,44.076811725679995],[-119.83105888156736,44.04929742088615],[-119.83883222053754,44.0492351331782],[-119.85709572620932,44.02929724776171],[-119.85233590395157,44.01832161299566],[-119.85838244635356,44.002660204177324],[-119.85125038872961,43.99344134318721],[-119.86291587480774,43.96841381219921],[-119.86789043262091,43.9393528034148],[-119.862495935377,43.936221692062325],[-119.86888456817888,43.933023093740076],[-119.86464139240651,43.92845809154155],[-119.87756083789161,43.929282042192106],[-119.9160876697788,43.90997585015668],[-119.95646385782359,43.9070246546772],[-120.00335085270285,43.89042453024121],[-120.01599738539592,43.89175877611451],[-120.01816102184686,43.88380644345668],[-120.06327198851318,43.87980319680372],[-120.06829607435711,43.85195861245793],[-120.07832533647816,43.84361827348116],[-120.07798400795572,43.76472459413065],[-120.05977381839158,43.753086153398236],[-120.0549450777826,43.731258089317684],[-120.06677575035293,43.589980685328904],[-119.96788106749005,43.590693606281775],[-119.95355784817407,43.58069170690011],[-119.88743335582471,43.565845382922134],[-119.84878965111048,43.53623622166724],[-119.81558241580153,43.52328542159709],[-119.76714133904555,43.53733203167513],[-119.49522966652152,43.542340115963896],[-119.32778955950363,43.53367982781601],[-119.27073535246868,43.52116802055387],[-119.24779329459008,43.52398257987671],[-119.17934152607886,43.512290680764444],[-119.12204285048023,43.51172895473953],[-119.08371532620284,43.526913786352864],[-119.08467878988482,43.558403668932556],[-119.07058999581011,43.57917250219945],[-119.05436313740665,43.58605927570737],[-119.05365131599554,43.59541388276808],[-119.01997974857939,43.614107777990355],[-119.00140529967935,43.635053274094716],[-118.9991772541504,43.67757769916879],[-119.02154345693629,43.69619801650861],[-119.00223380936886,43.72426989891119],[-119.00687465068701,43.729671605149676],[-119.00037662274845,43.738861086264],[-119.00304297453047,43.7656257942099],[-118.99739364255343,43.79235181586672],[-118.9719227172944,43.8251466319141],[-118.97124371292082,43.84035620735599],[-118.95286442928929,43.84678923585088],[-118.92410595492203,43.87888259204609],[-118.9384629794519,43.90183358446205],[-118.92350763394404,44.00821141814491],[-118.94267341951813,44.06281274705879],[-118.97088553162723,44.0717548465186],[-118.97487611522011,44.06563573277621],[-119.03551830642546,44.064507773262065],[-119.06695158289845,44.05222071570491],[-119.08736048056318,44.05464052345284],[-119.09934882193335,44.02730255339917],[-119.125790499858,44.02333354734961],[-119.13536680100842,44.00896094272818],[-119.15607371044058,44.00366955552838],[-119.16967718965415,43.98574715340114],[-119.16376704496268,43.965957045097426],[-119.1718177102077,43.955837321271254],[-119.17972944402202,43.95676703189619],[-119.17844689503514,43.961851550251176],[-119.20641554996772,43.95291430746939],[-119.25292573946128,43.95849760394745],[-119.28454902146623,43.94996131995759],[-119.30075501338904,43.97155824628597],[-119.30191583302988,43.99885586867656],[-119.3102100071181,44.007781667010434],[-119.34511281313674,44.02043126615407],[-119.35061059524145,44.03546169375545],[-119.34649992826161,44.04039900987241],[-119.35674894978784,44.040449115075724],[-119.35517911798786,44.05216776364816],[-119.37179670768266,44.06284369135733],[-119.4148104051336,44.06468808378943],[-119.42974864418254,44.07944246770774],[-119.46108132281266,44.08840476455322],[-119.46746033232934,44.102717148772115]]]}},{"type":"Feature","id":"wmu:59","properties":{"id":"wmu:59","kind":"wmu","code":"59","name":"Snake River","region":"Eastern","acres":294407},"geometry":{"type":"Polygon","coordinates":[[[-116.71436371971888,45.82641291302454],[-116.76463269945853,45.81708861602835],[-116.74298316677893,45.78029031215294],[-116.74778878315698,45.76383422072668],[-116.75907883337462,45.74605060823034],[-116.78099414994786,45.730379053148944],[-116.77643960508036,45.709942851120445],[-116.78849017515694,45.68576683928696],[-116.82363606059084,45.663823563034924],[-116.82788065341349,45.64789832248758],[-116.83719480845657,45.64820454371162],[-116.8470111465491,45.634559171364465],[-116.83459845197002,45.54664250137806],[-116.82256762701589,45.53830287944223],[-116.81164730694265,45.518230820054555],[-116.81478548870082,45.509036810900774],[-116.79416804150972,45.47286181326676],[-116.78357609709246,45.42877672772427],[-116.79218095177987,45.386171509146656],[-116.80154633448466,45.37151136699493],[-116.79592840490638,45.36653270227929],[-116.80548266210954,45.348461134368264],[-116.80674218045172,45.32046892186102],[-116.79661515013517,45.290885828319446],[-116.8144246459203,45.25286253902921],[-116.84290448659684,45.23473117289489],[-116.86590573171942,45.208241745481914],[-116.87806190387165,45.15288112372331],[-116.86445081294498,45.13735541529848],[-116.83745399960115,45.155075885807754],[-116.83556562671036,45.1761731231893],[-116.8206499908864,45.155932518785065],[-116.80809318789183,45.16336531996968],[-116.80836808636833,45.17233160195315],[-116.79707438756849,45.18449135652232],[-116.77522837185587,45.18207375071055],[-116.76510717587071,45.19176615117637],[-116.76665036654722,45.21689724707121],[-116.75452568617952,45.217840152644975],[-116.73838995252127,45.205327832758854],[-116.71185913698258,45.20036705214507],[-116.70502096300862,45.23231481657456],[-116.70890517756663,45.23752774159323],[-116.69125110114409,45.264792423755395],[-116.6748827675356,45.27617906189771],[-116.67343000024077,45.32267689979092],[-116.62358723271457,45.39428357374288],[-116.59792949171106,45.41278431593395],[-116.58833813642083,45.44351698338672],[-116.55526516210189,45.4637364922919],[-116.55976054028231,45.481090408481606],[-116.55371892957041,45.49749442734346],[-116.55831870586508,45.50510919981425],[-116.53645173006423,45.52415017238981],[-116.52399032848588,45.54712369374991],[-116.52916678630007,45.55160060335004],[-116.50696568846713,45.55878002743071],[-116.48228604669444,45.578134979561156],[-116.48288930724398,45.58737438499029],[-116.4637716368858,45.603931996714124],[-116.46395523236552,45.61607564938246],[-116.47234541000464,45.629048742921086],[-116.48286097813444,45.63278718446753],[-116.48911544510645,45.65080534372565],[-116.53645352035583,45.6916382872117],[-116.53615879389594,45.7340455588467],[-116.54736514953473,45.7513937489243],[-116.59463357891332,45.77882513967521],[-116.63178292992731,45.78482365245505],[-116.66428223084424,45.78141674443703],[-116.68088112148608,45.794285406688076],[-116.69717568234891,45.81978216065181],[-116.71436371971888,45.82641291302454]]]}},{"type":"Feature","id":"wmu:33","properties":{"id":"wmu:33","kind":"wmu","code":"33","name":"Sprague","region":"Eastern","acres":496133},"geometry":{"type":"Polygon","coordinates":[[[-121.53165935860659,42.98093264876142],[-121.58533930993188,42.96246376965709],[-121.5974377514417,42.963989093668246],[-121.59735075390036,42.953289310675935],[-121.60376701041527,42.94981287461529],[-121.6167002901959,42.94976909187924],[-121.6480912815011,42.968993833485285],[-121.66254018607135,42.96484291694461],[-121.67417166195852,42.95328017837676],[-121.66683712672113,42.94942543250452],[-121.68731354984541,42.918677622377984],[-121.67347725702678,42.916570793698696],[-121.65851937437088,42.89906419018426],[-121.81536122410144,42.86657498438557],[-121.86389253124351,42.871120361738996],[-121.90519220866582,42.857708752330495],[-121.91096063607854,42.84708367065821],[-121.94442046472363,42.83338484088437],[-121.96290126002783,42.844774170994484],[-121.99976552599185,42.849787018731966],[-121.99968242036046,42.80102161056764],[-122.07222604252871,42.800986539087],[-122.05781250948709,42.772536421457765],[-122.06085726527179,42.76268465428018],[-122.04750186957963,42.744071335013395],[-122.03026046763476,42.73399122823371],[-122.00893565240553,42.73376602239553],[-121.99589185085385,42.70095209792984],[-121.97240171507354,42.69494046156959],[-121.9652194473993,42.66363324100633],[-121.93712093476613,42.63291223379163],[-121.92154961093252,42.57836851901999],[-121.88504888078548,42.52483798810114],[-121.87536505960978,42.55207268583506],[-121.88193071181541,42.56769413079981],[-121.8662310229614,42.56814768807573],[-121.85630069426998,42.55101042559571],[-121.84852117246423,42.549153739965206],[-121.84776718342712,42.56060136398988],[-121.83945679663933,42.56528145150247],[-121.85167446032764,42.584393127505734],[-121.82764148491125,42.589359315133514],[-121.81108164498876,42.606218298242624],[-121.79924936927806,42.60880998412645],[-121.78001773348957,42.599731832792955],[-121.77611791421647,42.61015929560295],[-121.76725954918679,42.61404477314197],[-121.76551591908971,42.60045900603655],[-121.74315952600115,42.59103942403307],[-121.72218725715251,42.611178156543566],[-121.71096221315678,42.60435696626803],[-121.68607801104564,42.608590768941745],[-121.67882709921858,42.60300506611263],[-121.68165291633552,42.59314049940656],[-121.7008836177182,42.59229280148353],[-121.70599266556266,42.58220117885769],[-121.6968062834516,42.58606095037806],[-121.69248847652291,42.58197597851397],[-121.68272132797863,42.58924886359366],[-121.67868050575815,42.5690073215478],[-121.68524111777606,42.562526611234],[-121.652218084926,42.56082844324404],[-121.64002427654985,42.55152117875144],[-121.6310230433751,42.55518294842514],[-121.60735514080666,42.54295189947046],[-121.60543848122417,42.53026671588281],[-121.61799085209951,42.50917431400654],[-121.58077201500247,42.497453614305684],[-121.5755752343671,42.479098926247616],[-121.56542381577249,42.478819153259614],[-121.56633968267667,42.47407574579392],[-121.55641681971069,42.48119179831327],[-121.55725462545615,42.49271151441207],[-121.54564904578365,42.49440651737559],[-121.53473598961683,42.4855366019553],[-121.54771769908625,42.470572301794725],[-121.53977966190138,42.473844224592064],[-121.54260436821659,42.470624639159055],[-121.5358897036192,42.46938187692229],[-121.52344463171939,42.47677788273947],[-121.51802731930505,42.47406494523026],[-121.52337421667862,42.46949140587191],[-121.51978975017957,42.46660840815085],[-121.46743265113776,42.462773220255485],[-121.46521721692066,42.45718267708666],[-121.45232286200714,42.45791898224664],[-121.45400371712819,42.46497952120811],[-121.44667830789211,42.467073323550615],[-121.39784439801922,42.46039928760342],[-121.37612651089312,42.46683007057241],[-121.36547012489919,42.459041796692404],[-121.34983452003932,42.466787793106995],[-121.33632605056881,42.46458446916053],[-121.33357586066381,42.457299474439075],[-121.28884811407684,42.45936706797418],[-121.28565538933522,42.468259841028015],[-121.2712305086826,42.470006451807905],[-121.27587576843322,42.483620707155154],[-121.2908335606766,42.4925485531823],[-121.29308326500248,42.50693693162727],[-121.3057088269073,42.51498616612959],[-121.30138712020008,42.518983589174425],[-121.3088606191281,42.54838451764074],[-121.32498367482833,42.548787955054074],[-121.32897421440565,42.554915877060395],[-121.32347326182614,42.56164356239726],[-121.34697668181182,42.584548142717296],[-121.3468843073114,42.61604789806789],[-121.35858320239913,42.620277593338855],[-121.36429240162491,42.63583942923119],[-121.35398024208634,42.64485928990856],[-121.35610608162659,42.656767928412705],[-121.38140547778345,42.66628190342778],[-121.39704148220979,42.67969449978703],[-121.40764615747649,42.69985671278187],[-121.40996112915833,42.72276238247152],[-121.42553248263194,42.73053295909548],[-121.43715427010308,42.748324390386465],[-121.43525343989691,42.763670167982575],[-121.44528640167633,42.78474376837253],[-121.4394291391122,42.81302114355229],[-121.45195468331303,42.81987288258166],[-121.46468605103043,42.838801829172006],[-121.46023469599156,42.86087641385567],[-121.47049937374679,42.878465923648086],[-121.46371264621378,42.899833820182124],[-121.48720936427657,42.92425329266253],[-121.4825808702381,42.93361103366413],[-121.4866673340807,42.95392634778092],[-121.50325363209706,42.972523556239494],[-121.53165935860659,42.98093264876142]]]}},{"type":"Feature","id":"wmu:52","properties":{"id":"wmu:52","kind":"wmu","code":"52","name":"Starkey","region":"Eastern","acres":517090},"geometry":{"type":"Polygon","coordinates":[[[-118.36052784198756,45.43103228785365],[-118.3945501508192,45.43613785161137],[-118.40777899148533,45.430746253187934],[-118.41279918153263,45.41918397611669],[-118.4047870746887,45.40399150075026],[-118.42678473025796,45.37471647050668],[-118.46209080289655,45.36695027769553],[-118.46159938794268,45.35974316005971],[-118.4760696327902,45.345839948474776],[-118.49905630215815,45.34180228076296],[-118.53573367472373,45.35368345876707],[-118.53820703620575,45.33640202797464],[-118.5488907592307,45.33684657060811],[-118.55421715490498,45.323689567173645],[-118.56666845883507,45.318886966546465],[-118.59464576491979,45.32217066329581],[-118.61849006738323,45.31420706187722],[-118.62276866575132,45.30726036014146],[-118.62428656306112,45.29925895837735],[-118.61872806310957,45.297685960915835],[-118.622904962663,45.292750357391235],[-118.60558056020034,45.291746461557466],[-118.61376285612228,45.27599513438018],[-118.59907107245455,45.21901485465244],[-118.60462354360146,45.202482639847545],[-118.59977186447207,45.185627962261464],[-118.61239680208708,45.18252980342273],[-118.60761768389652,45.177410233784514],[-118.6285919346392,45.17545221113935],[-118.64443632175438,45.163971931536615],[-118.6370395416074,45.15162041285112],[-118.64763346214109,45.15105891157304],[-118.63894917488956,45.14553964237239],[-118.63304489311356,45.12532123997136],[-118.60921279827275,45.11434822082611],[-118.60497664626027,45.10294412124514],[-118.56280472145578,45.085573432047255],[-118.5694392070355,45.069604009894846],[-118.56478460059843,45.05876214276683],[-118.57008606085657,45.054116819419455],[-118.5446086232582,45.0461813382679],[-118.546782843245,45.03757791225501],[-118.54117367979512,45.033112126715345],[-118.54869372440407,45.01832001925777],[-118.57692953594797,45.008569050745486],[-118.58584280127666,45.01295596398326],[-118.60877177323465,45.01038515392192],[-118.5622609252337,45.0020049189673],[-118.52782053438645,44.98479443361864],[-118.45875033603593,44.98783785597317],[-118.45122949835171,44.982091653037784],[-118.45243430720762,44.95765545470145],[-118.43230288391966,44.93782724855212],[-118.40975428966567,44.9304878647627],[-118.39577345938032,44.93498914982346],[-118.4042956666397,44.91928063649327],[-118.40049136200767,44.913526254708486],[-118.36150147382631,44.91186804764762],[-118.33558385875489,44.9174397714881],[-118.32097345499763,44.91126343442733],[-118.28975069821712,44.92397005461676],[-118.28791440556124,44.93252414271891],[-118.30431902996416,44.921563455882676],[-118.3126922771319,44.92480717086883],[-118.29761348558553,44.92876884084145],[-118.26794971814665,44.95133526537391],[-118.26991852694641,44.96531088063811],[-118.25329603043234,44.96424123819768],[-118.24823470784803,44.97485189414593],[-118.23156253377833,44.96312034010665],[-118.20053716150777,44.96434236767305],[-118.17886253613618,44.97347547611867],[-118.14026116395031,44.97469615777169],[-118.13071582388713,44.986839662986945],[-118.12259152051118,44.971379003146154],[-118.07111508752509,44.999098702564105],[-117.99355251169496,44.99263807853616],[-117.99251741118502,45.002571718753785],[-117.9707368062714,45.001456098085484],[-117.92851113223844,45.022331910085875],[-117.97167180588424,45.150074137318825],[-117.96506454846084,45.16740330025214],[-118.02537524765806,45.21097550480891],[-118.01243161074615,45.23193954031357],[-118.03915642161012,45.298544700504394],[-118.07239719261928,45.33189889079186],[-118.08353370629932,45.33959628951644],[-118.16500651139762,45.34501009184887],[-118.18824902298434,45.35468949717504],[-118.22911724892397,45.34210641038292],[-118.24105174358077,45.34425129344131],[-118.30040991378769,45.373245565143016],[-118.33424899757357,45.39918690239253],[-118.36052784198756,45.43103228785365]]]}},{"type":"Feature","id":"wmu:69","properties":{"id":"wmu:69","kind":"wmu","code":"69","name":"Steens Mtn","region":"Eastern","acres":1224571},"geometry":{"type":"Polygon","coordinates":[[[-118.98155689479805,43.58561353425518],[-119.02009139308132,43.58587086285365],[-119.02002477141868,43.45000367510285],[-118.98655607171627,43.43756135255508],[-118.97409978703955,43.29449378854951],[-118.9636759114838,43.27946389366612],[-118.95560412609419,43.24226187435485],[-118.94627535196697,43.23093765253156],[-118.94574573838493,43.190243947351185],[-118.94033852307196,43.18101387774097],[-118.94493839674037,43.14298864653864],[-118.90830810531108,43.1130264828441],[-118.900746211527,43.095967757689095],[-118.88033282130782,43.08464788785932],[-118.87272245820843,43.05392374834643],[-118.84211053604294,43.02830685555054],[-118.85539299320446,43.007593834845835],[-118.86978031050272,43.00015665372931],[-118.86537317391098,42.99127965665141],[-118.87455250097044,42.98923673776808],[-118.87443725852461,42.95786535972723],[-118.87881205516531,42.94157012361021],[-118.88881726542091,42.93321265121574],[-118.88269916487364,42.922740613939276],[-118.91978774048407,42.84065763101994],[-118.91434461610793,42.82550395119101],[-118.93880457024781,42.82934002843536],[-118.94579669912171,42.81961373341374],[-118.96128738552466,42.81374446890247],[-118.97665816109891,42.78085359921044],[-118.97679419223914,42.765516320761215],[-119.00485605409817,42.70934390626691],[-118.99709862966398,42.67446653814281],[-118.98760550215566,42.66127502244177],[-118.99130134028646,42.64401099987367],[-118.96162780419961,42.620234245081285],[-118.96108652922527,42.59963882073463],[-118.94090741123135,42.55485853226219],[-118.93642693388621,42.52992419946464],[-118.86896265277669,42.470833614036074],[-118.85957693114419,42.433686584595755],[-118.8754627918974,42.40532519207171],[-118.8784027682488,42.36239421501088],[-118.76649634856342,42.32813079307546],[-118.74518315039434,42.31171353489389],[-118.72508827191865,42.308027996438014],[-118.70496921697581,42.29128682637543],[-118.66797750460277,42.283355403731576],[-118.64101766356963,42.38574423214654],[-118.63119771868539,42.397277632504824],[-118.63070260000698,42.421538246166214],[-118.6164512707862,42.44494345999615],[-118.60797432440101,42.475509315477375],[-118.53781113288058,42.4895252496655],[-118.5292664000846,42.52921278034599],[-118.53525754079786,42.541404969394414],[-118.50985546490895,42.589780554757986],[-118.50879855371181,42.61093955804063],[-118.47093873635146,42.66698704504551],[-118.45130054518702,42.66916843059484],[-118.45115099993957,42.731748688485034],[-118.41644458035377,42.82280926153406],[-118.37565486480679,42.88878571738043],[-118.31343554462191,42.93758848524137],[-118.25862169823775,43.016341441871944],[-118.19479786481565,43.05345009478899],[-118.1917627961366,43.05696549317162],[-118.1991470493196,43.06555909471957],[-118.18909794649281,43.078922888624355],[-118.24160241729872,43.10259317370366],[-118.25497962727674,43.12114224477958],[-118.28103546404233,43.13287600621673],[-118.27796895916674,43.14723659597488],[-118.30896627643087,43.17138730640253],[-118.46879825105204,43.222030344572424],[-118.5293453079593,43.247369551876446],[-118.58002581343678,43.27733498872448],[-118.58928423388906,43.41972725345552],[-118.61205146191462,43.437412847466824],[-118.78811080051764,43.44036021910637],[-118.98155689479805,43.58561353425518]]]}},{"type":"Feature","id":"wmu:51","properties":{"id":"wmu:51","kind":"wmu","code":"51","name":"Sumpter","region":"Eastern","acres":976300},"geometry":{"type":"Polygon","coordinates":[[[-117.82062329396966,44.916732897265945],[-117.92703071063862,45.02535100927264],[-117.9707368062714,45.001456098085484],[-117.99289337200953,45.00239831319241],[-117.99355251169496,44.99263807853616],[-118.07076764781526,44.99917770191875],[-118.12307249213882,44.971311274798694],[-118.13071582388713,44.986839662986945],[-118.14026116395031,44.97469615777169],[-118.17886253613618,44.97347547611867],[-118.20053716150777,44.96434236767305],[-118.23156253377833,44.96312034010665],[-118.24786070346207,44.97490229522754],[-118.24488090220328,44.94461285478248],[-118.22438967851505,44.93717898191087],[-118.23279229755225,44.924265904789],[-118.22873810176077,44.91744600563923],[-118.23825240418105,44.90842267449106],[-118.22489189194394,44.874883210456],[-118.22789794228447,44.865295769367144],[-118.28985612432669,44.86642678426855],[-118.29580530392415,44.86231333350491],[-118.29358858958035,44.852841764632835],[-118.3191947872512,44.83649478564075],[-118.30786201253359,44.8296172992521],[-118.3107152146294,44.822342790207614],[-118.29582148148393,44.81591447144571],[-118.29931287105148,44.79601271048665],[-118.28293591452613,44.771146094117924],[-118.289746261219,44.76460623721975],[-118.28548097151547,44.750737626491514],[-118.32400680837365,44.741439789450126],[-118.36783785811839,44.74723395852644],[-118.37979035404858,44.74424109058325],[-118.39545975035496,44.72587117147374],[-118.41652532912552,44.72723229419135],[-118.41902746552695,44.71888334502707],[-118.42519539472677,44.71843298866448],[-118.44415377573443,44.724023813058416],[-118.47057452928726,44.70416574836648],[-118.49256474378464,44.71407994155927],[-118.51924825608664,44.706121860149196],[-118.51889975056125,44.691349463039245],[-118.50470605385698,44.66557472409496],[-118.44627844300798,44.6499318002266],[-118.42520810298211,44.65483509536784],[-118.42043152418074,44.650641205297035],[-118.44159483523732,44.64565362865043],[-118.46387801606029,44.6303362573452],[-118.48460841717069,44.60195880745141],[-118.50488674472857,44.590778725945334],[-118.50092576721292,44.57367268914534],[-118.42678624840204,44.58208844275288],[-118.37573909051653,44.57022624688263],[-118.36601955064233,44.55264742746501],[-118.32770833771976,44.541565929632945],[-118.31617464623254,44.52823351407037],[-118.24385641194804,44.49720603797053],[-118.22099048462783,44.469014060244525],[-118.2043968133331,44.46329292234444],[-118.19226813001794,44.437565653299984],[-118.16308224760226,44.43714363923667],[-118.12935136376971,44.421743435903174],[-118.11400047931174,44.421324458753936],[-118.10942568183738,44.40957856895884],[-118.11395008436664,44.3636859560144],[-118.10482868799929,44.351538622544396],[-118.0877408936961,44.3435849466055],[-118.08257945082681,44.32742764599009],[-118.01957908798015,44.3209305652942],[-117.95184946835457,44.324961510190064],[-117.95673597368832,44.329636279437565],[-117.93731286994007,44.342473145969926],[-117.85883468179235,44.34721822877702],[-117.8109721609386,44.374762383481176],[-117.77911830360831,44.37752454381661],[-117.7690536752517,44.37211836599326],[-117.76364827986615,44.38329947055],[-117.73940849477843,44.3898188843635],[-117.7010708812638,44.36977519577379],[-117.68788441913246,44.37522077994348],[-117.66730180737665,44.35757167832796],[-117.64581171329739,44.3522890956515],[-117.61300176772981,44.356033861207166],[-117.60363236322506,44.3460290130926],[-117.5346746079059,44.35473716297479],[-117.48664128079834,44.34413860370215],[-117.43706777996977,44.35427512237467],[-117.39694877051572,44.35230342957762],[-117.3685856458928,44.343684622416035],[-117.33789232743509,44.349883309350986],[-117.30374016323938,44.3391505232104],[-117.28831052857319,44.346897912730704],[-117.2960072856909,44.37111123804267],[-117.3088662860051,44.38417474987976],[-117.31295571634215,44.40676475011766],[-117.30779595615991,44.41520782904816],[-117.3456854304568,44.48265244398405],[-117.36004414086412,44.48524203841363],[-117.3757781888104,44.51810662451519],[-117.41090205062453,44.534321412160686],[-117.43239394727352,44.56587729364811],[-117.46831105970136,44.591595039711784],[-117.48014174480997,44.60860552669427],[-117.50751681174366,44.627436634356464],[-117.5547359046677,44.64758153077966],[-117.60790783828054,44.660655924405546],[-117.7764169288114,44.72397760098722],[-117.8053519201873,44.74809542414991],[-117.81116260728294,44.75634848704672],[-117.82062329396966,44.916732897265945]]]}},{"type":"Feature","id":"wmu:49","properties":{"id":"wmu:49","kind":"wmu","code":"49","name":"Ukiah","region":"Eastern","acres":560922},"geometry":{"type":"Polygon","coordinates":[[[-118.70864435069188,45.65460487690974],[-118.80641656892641,45.66320116206388],[-118.8177560789009,45.64669495800143],[-118.78740570449463,45.564655586196054],[-118.78734803385073,45.53773743978152],[-118.83548848100659,45.47937434668366],[-118.88447806038631,45.46291143196365],[-118.91473434536778,45.4673804043107],[-118.9525691725458,45.456251714190444],[-118.9844949649186,45.45962714174665],[-118.99831992627703,45.44564801631163],[-118.99074116049225,45.413611847805875],[-118.99906903377934,45.34885530201583],[-119.0077325289686,45.33812912572415],[-119.00124162388659,45.31234862866711],[-119.0063703385625,45.30007959035412],[-118.97848769949148,45.29800813490235],[-118.96537005161467,45.28893503334113],[-118.98066781766057,45.25996040084728],[-118.96543468040541,45.228320086468855],[-118.96689358523294,45.20135069478837],[-118.94979191461793,45.18099448987766],[-118.95587345679186,45.140126118978834],[-118.97781267418816,45.12276899113857],[-118.97326197399866,45.1120194928947],[-118.98710817669675,45.10336577668791],[-118.98032732878994,45.08698887833891],[-118.98787290436239,45.07936881202428],[-118.98589539493462,45.0729412967205],[-118.96911999165161,45.05532731174319],[-118.98122045221787,45.04785220615257],[-118.97818338100981,45.034582525242804],[-118.99542828797179,45.010889686688174],[-118.97963239926275,44.999773358587476],[-118.93582122472542,44.99779968179389],[-118.85357071674319,45.01801163529669],[-118.77893748817202,44.98112436762299],[-118.7295969297575,44.97185864885645],[-118.72512509683415,44.980291393489125],[-118.68287022544321,44.960211523208635],[-118.67048736292797,44.97650855283264],[-118.6526100704972,44.973635241334065],[-118.62101996338578,44.97968064469136],[-118.61236555095165,44.973789660561735],[-118.59733196451087,44.97515218441109],[-118.58888482587646,44.98700281176419],[-118.60490485558941,44.99680295949891],[-118.6020870641709,45.00371504239472],[-118.60990550375959,45.01026684553946],[-118.57692953594797,45.008569050745486],[-118.54869372440407,45.01832001925777],[-118.54116704108469,45.03292316840267],[-118.546782843245,45.03757791225501],[-118.5446086232582,45.0461813382679],[-118.57008606085657,45.054116819419455],[-118.56478460059843,45.05876214276683],[-118.5694392070355,45.069604009894846],[-118.56280472145578,45.085573432047255],[-118.60497664626027,45.10294412124514],[-118.60921279827275,45.11434822082611],[-118.63304489311356,45.12532123997136],[-118.63894917488956,45.14553964237239],[-118.64763346214109,45.15105891157304],[-118.6370395416074,45.15162041285112],[-118.64443632175438,45.163971931536615],[-118.6285919346392,45.17545221113935],[-118.60761768389652,45.177410233784514],[-118.61239680208708,45.18252980342273],[-118.59977186447207,45.185627962261464],[-118.60462354360146,45.202482639847545],[-118.59907107245455,45.21901485465244],[-118.61376285612228,45.27599513438018],[-118.60558056020034,45.291746461557466],[-118.622904962663,45.292750357391235],[-118.61849006738323,45.31420706187722],[-118.59464576491979,45.32217066329581],[-118.56666845883507,45.318886966546465],[-118.55421715490498,45.323689567173645],[-118.5488907592307,45.33684657060811],[-118.53820703620575,45.33640202797464],[-118.5376096870008,45.352109269973866],[-118.53199035715946,45.35452733126487],[-118.49905630215815,45.34180228076296],[-118.4760696327902,45.345839948474776],[-118.46159938794268,45.35974316005971],[-118.46209080289655,45.36695027769553],[-118.43099544766781,45.37207767315843],[-118.41888920922723,45.38402517242566],[-118.4047870746887,45.40399150075026],[-118.41279918153263,45.41918397611669],[-118.40767069985287,45.43087647024425],[-118.3945501508192,45.43613785161137],[-118.38164765561098,45.4289368600768],[-118.36028394443807,45.431051296009684],[-118.46227328379885,45.54353299052038],[-118.4640781886002,45.55299539241049],[-118.45405298946321,45.57651169556019],[-118.4605096911493,45.5863426974511],[-118.50443820405128,45.600134193012515],[-118.58409031290675,45.582102282662554],[-118.62069081916226,45.58255888106341],[-118.62278062215219,45.58654578031314],[-118.61118732166597,45.5947194824837],[-118.64473043062856,45.60282277717189],[-118.64676073274688,45.614371379253335],[-118.70864435069188,45.65460487690974]]]}},{"type":"Feature","id":"wmu:34","properties":{"id":"wmu:34","kind":"wmu","code":"34","name":"Upper Deschutes","region":"Eastern","acres":897236},"geometry":{"type":"Polygon","coordinates":[[[-121.98886805815677,43.65902328849163],[-122.00510897796325,43.64771158486132],[-122.00497565407566,43.63378132674413],[-121.99948790961754,43.63190555986717],[-122.00456850973441,43.61321272008856],[-121.99770733628817,43.61151388341738],[-121.996087308062,43.601631308054486],[-122.0003663296984,43.593142112758535],[-122.034176101337,43.59758031242022],[-121.9805549422267,43.5776345239224],[-121.96166531385829,43.562226458608926],[-121.9277500638772,43.49776043118771],[-121.89741448064449,43.48232638493607],[-121.84136078477628,43.49663699748615],[-121.81952066451373,43.47764233814149],[-121.78677264847404,43.46555207542935],[-121.69610498537517,43.462237245995944],[-121.68383907300002,43.48576359597354],[-121.64520972343723,43.52336149091336],[-121.60361005962723,43.54835355483871],[-121.47715976744847,43.702927762530045],[-121.44722863334725,43.788234492983975],[-121.41563095833,43.85183426082246],[-121.39724496173348,43.877628925211575],[-121.35022858461988,43.914226568786496],[-121.34534974825125,43.97703540817269],[-121.30262397794382,44.04246551265424],[-121.30334398154528,44.096655513646546],[-121.17429219609599,44.26961626625088],[-121.25734011108352,44.27323275061188],[-121.28606956563736,44.28598362066458],[-121.35622348289672,44.29481695020694],[-121.40243183313541,44.2948032093169],[-121.41241844608096,44.28884170552088],[-121.48891866720793,44.2918825478361],[-121.51659295663019,44.28635332970524],[-121.57402649484513,44.29137083522383],[-121.63429568911944,44.309872731568845],[-121.67477579251128,44.305583190408136],[-121.69904524105407,44.309456219110835],[-121.73038122465246,44.304209916195234],[-121.76305308882041,44.28968477156847],[-121.78749345739236,44.26516895306365],[-121.8048755480917,44.25982250159695],[-121.77306189552817,44.24617749109796],[-121.7726025620749,44.231200466662344],[-121.77797417919847,44.217267087494484],[-121.79168166389064,44.21175938740616],[-121.7916048865909,44.19036676958147],[-121.81816783521906,44.18482935840269],[-121.81482830806762,44.174755973363276],[-121.8216585289561,44.16657076817325],[-121.8195565760126,44.13768415640872],[-121.82390581163175,44.13333557007963],[-121.80982269482243,44.11248142964271],[-121.81676654230708,44.101389572267784],[-121.81521646806588,44.08826447117503],[-121.82219166168801,44.083591952722195],[-121.80875497984158,44.05600056938137],[-121.81283714232181,44.041610467728816],[-121.82965713632203,44.03804803158556],[-121.83091088284752,44.02376331604142],[-121.82215714220523,44.010843165157375],[-121.83067457975852,43.99382413645506],[-121.82533792966767,43.981749714498235],[-121.87913158462001,43.975628849505796],[-121.87821883824499,43.94065923275999],[-121.89579095166128,43.93510455040197],[-121.89716107220892,43.92299002386129],[-121.91686820286617,43.91745270875029],[-121.91999346312217,43.90373389452469],[-121.95314351431915,43.87948129509597],[-121.95201314298463,43.86735461583191],[-121.96542247850194,43.853257729657706],[-121.94685887622265,43.83912293202529],[-121.96383365310434,43.811339797955085],[-121.96826407134091,43.7872589070581],[-121.96421442993282,43.782099012100915],[-121.97124676691587,43.7734919185675],[-121.96756890355479,43.760968907320496],[-121.9796325496114,43.74287331787137],[-121.97548224819727,43.72772771646007],[-121.99073140138103,43.717248123688705],[-121.9969186045389,43.69536950124161],[-121.99757703557074,43.678952219759715],[-121.98966076722363,43.671445192839606],[-121.98886805815677,43.65902328849163]]]}},{"type":"Feature","id":"wmu:73","properties":{"id":"wmu:73","kind":"wmu","code":"73","name":"Wagontire","region":"Eastern","acres":1992968},"geometry":{"type":"Polygon","coordinates":[[[-120.86571079115791,43.87147083499289],[-120.86707456715632,43.85051753797057],[-120.85968254147735,43.84990534366556],[-120.82400823698492,43.800254653520625],[-120.78218062291633,43.77322175502567],[-120.73400099343466,43.70553832665071],[-120.73370864128323,43.688217648377005],[-120.72378863579065,43.68819361327662],[-120.71776480853241,43.676772430871445],[-120.70470609469008,43.635686584750545],[-120.70429690050649,43.60564193352363],[-120.67773701566169,43.57686282498087],[-120.68120586795074,43.5591397270315],[-120.66307837301505,43.54887373404971],[-120.66747955381389,43.52492650214656],[-120.66206692339932,43.518951927651145],[-120.66531599892245,43.48849084654477],[-120.6590124838689,43.477303956550216],[-120.65021217244725,43.47362292373805],[-120.64571099959143,43.46098833275643],[-120.6282416232578,43.45638739658456],[-120.63537959731188,43.44097433129497],[-120.59608755054877,43.4410280398646],[-120.5958292888235,43.35557304551183],[-120.60121110966452,43.35572580932542],[-120.60165324595394,43.339920803919554],[-120.62065385811165,43.33887140478726],[-120.62043724184727,43.324572032206746],[-120.63814574706542,43.31326013231494],[-120.64133470246256,43.2377145087319],[-120.68101217526505,43.23785951853968],[-120.68147894148066,43.19349495151168],[-120.71762889835836,43.19220294813741],[-120.72020575607743,43.18306178756054],[-120.7610999869793,43.17131110831437],[-120.80300018241876,43.15050621224758],[-120.82575335708005,43.12525723618605],[-120.85520510350266,43.12146722841128],[-120.86176072257068,43.11486701077504],[-120.80944773336,43.04949934665364],[-120.79672247918795,43.04669842582428],[-120.79181260369519,43.030654425573715],[-120.7814901638628,43.02965646300989],[-120.77255704019817,43.015585659657674],[-120.77785255351156,42.97313403154779],[-120.81535580721676,42.910884558657166],[-120.80700183695265,42.86782745927625],[-120.79259403806006,42.84029202709624],[-120.79799821100674,42.82293781268429],[-120.78284893375474,42.77457984093256],[-120.77544036710555,42.75888845268565],[-120.74092293417168,42.732821262450194],[-120.5934351477671,42.72086357070378],[-120.55090135276326,42.70578346612767],[-120.54551198545937,42.69312558079448],[-120.5285158386758,42.68476449458827],[-120.51962326661406,42.640770579335324],[-120.5045572500381,42.61999033651021],[-120.41686291742056,42.60638347359107],[-120.32360724463955,42.564320650163666],[-120.29737871862169,42.54080695134596],[-120.28214222565768,42.48365602612888],[-120.23615732466466,42.52134919448718],[-120.23044426232512,42.53381836817744],[-120.1840981238438,42.577284108563134],[-120.18687006308133,42.619902802468275],[-120.17971842714122,42.65406300579417],[-120.1595016435033,42.68824420792366],[-120.13620647720988,42.703648111448615],[-120.13417103202306,42.71743289505763],[-120.11475985501006,42.72849360573853],[-120.09747164940907,42.78320575374688],[-120.04718624386086,42.81216370545692],[-119.99637845041627,42.875050272085666],[-119.99150715678745,42.899172857430976],[-120.00429876695978,42.934752039385835],[-119.9537869822746,43.157292985875216],[-119.91953570764025,43.186857745089995],[-119.89555827272024,43.19268986310374],[-119.8886400988458,43.21147745517728],[-119.9003247269401,43.22855285869412],[-119.88901630622127,43.244002468865325],[-119.71510498822384,43.322877896112],[-119.6773418482174,43.356180349481555],[-119.65349003015601,43.39387701357548],[-119.53696797174295,43.48190121224223],[-119.52795739197414,43.50917670638108],[-119.5047649422359,43.542147232487935],[-119.76714133904555,43.53733203167513],[-119.81558241580153,43.52328542159709],[-119.84878965111048,43.53623622166724],[-119.88743335582471,43.565845382922134],[-119.95355784817407,43.58069170690011],[-119.96839899754333,43.59082471995986],[-120.11960767741125,43.588257089293734],[-120.16768780220158,43.61392259085613],[-120.19457898863284,43.645656015585594],[-120.25590372782528,43.686242012448744],[-120.48782524832335,43.7819550935665],[-120.80597513638783,43.871151689082346],[-120.86571079115791,43.87147083499289]]]}},{"type":"Feature","id":"wmu:74","properties":{"id":"wmu:74","kind":"wmu","code":"74","name":"Warner","region":"Eastern","acres":590812},"geometry":{"type":"Polygon","coordinates":[[[-120.05945334526018,42.78288534010516],[-120.08059306777601,42.79468489701836],[-120.09688957369494,42.78398286376668],[-120.11475985501006,42.72849360573853],[-120.13417103202306,42.71743289505763],[-120.13633583697693,42.70346951298183],[-120.1595016435033,42.68824420792366],[-120.1778950708582,42.65770921856657],[-120.18685647656356,42.62010300755873],[-120.1840981238438,42.577284108563134],[-120.23044426232512,42.53381836817744],[-120.23615732466466,42.52134919448718],[-120.28214235342399,42.483709252829975],[-120.27993850689256,42.439205679396956],[-120.28984871220513,42.42230226304708],[-120.29349530826082,42.3984361915315],[-120.30649849839365,42.3851889802227],[-120.29720571854195,42.371400548391335],[-120.29805808832006,42.332911868540535],[-120.32942891179113,42.32298763608456],[-120.33781358972837,42.31457686457165],[-120.36709697654925,42.23837516868745],[-120.3646184127355,42.219323453033425],[-120.34713044888562,42.197226947579416],[-120.34703841129593,42.158345443411385],[-120.3171294743944,42.12839265567386],[-120.32195650769232,42.08611521313985],[-120.30821363520397,42.03206373773795],[-120.29818323153691,42.017624856759866],[-120.2981083506381,41.993052853905006],[-120.04217964662097,41.995083409994116],[-120.04064138328562,42.0007839651245],[-120.02500714567054,42.00049998889027],[-119.99859075953036,42.02060715110825],[-119.98152643029209,42.04737379723789],[-119.9598065733165,42.061006912310816],[-119.9669439272521,42.06562902342814],[-119.95055424287189,42.08293479394054],[-119.9509609094939,42.11007018081486],[-119.93311772573432,42.14330848197792],[-119.89545930021902,42.17185061040232],[-119.89922161669224,42.193694226465254],[-119.87933414557196,42.218711797059434],[-119.87706445298797,42.26713022080584],[-119.86374200406814,42.279570793958875],[-119.87446659545434,42.291101685296624],[-119.88959029019402,42.341295288065204],[-119.91148747564397,42.37660941247612],[-119.90982196513349,42.40803180724197],[-119.90427697543588,42.411536602541894],[-119.90887884109777,42.46227702917023],[-119.89360565847625,42.51097490325068],[-119.89440517831692,42.55121633420042],[-119.93725281298282,42.60991715499478],[-119.95320103135684,42.61886314771534],[-119.95172448244308,42.62821890813837],[-119.9777172260836,42.658005830725486],[-119.99120978361769,42.66957522936809],[-120.00457394006452,42.67014801934789],[-120.0127238466246,42.71077954385501],[-120.0323531710593,42.74012210347636],[-120.05324695941091,42.75304210447842],[-120.05945334526018,42.78288534010516]]]}},{"type":"Feature","id":"wmu:68","properties":{"id":"wmu:68","kind":"wmu","code":"68","name":"Whitehorse","region":"Eastern","acres":3132638},"geometry":{"type":"Polygon","coordinates":[[[-118.08915367929899,43.00705007446743],[-118.1917627961366,43.05696549317162],[-118.25893781468548,43.01603330731782],[-118.31343554462191,42.93758848524137],[-118.37603276076456,42.88833307468192],[-118.41707984888502,42.82167427187342],[-118.45115099993957,42.731748688485034],[-118.45123486553109,42.669345844952375],[-118.47093873635146,42.66698704504551],[-118.50879855371181,42.61093955804063],[-118.50985546490895,42.589780554757986],[-118.53525754079786,42.541404969394414],[-118.5292664000846,42.52921278034599],[-118.53781113288058,42.4895252496655],[-118.5768337590829,42.479190319882605],[-118.60515201467344,42.47908376152665],[-118.6131122726798,42.46634071515767],[-118.67465578637734,42.26471033714047],[-118.65614621052269,42.247697408329856],[-118.64530694758353,42.222672209221884],[-118.61059998533068,42.1813246910467],[-118.60183460813775,42.13041020705698],[-118.57313710541695,42.09340750679369],[-118.60238717558069,42.06638518324779],[-118.63485696659852,41.9932459748365],[-117.0262458564353,42.000258661130935],[-117.02896339947844,42.968340962398266],[-117.11799524101063,42.98785187052502],[-117.14891897632391,42.98821347898623],[-117.27013780345906,42.91036868894734],[-117.33500787074878,42.90163444140963],[-117.39247290502391,42.878253753141806],[-117.50662069235489,42.875997553213665],[-117.61045449394426,42.84984225844147],[-117.61352070911056,42.84205152132223],[-117.68449845726049,42.818437011591456],[-117.70750016071614,42.81657343154359],[-117.75971380062826,42.788053131917714],[-117.79501135643939,42.77738494964202],[-117.8496664691595,42.77744583324319],[-118.05264165698392,42.95907009015095],[-118.08915367929899,43.00705007446743]]]}},{"type":"Feature","id":"wmu:55","properties":{"id":"wmu:55","kind":"wmu","code":"55","name":"Walla Walla","region":"Eastern","acres":195811},"geometry":{"type":"Polygon","coordinates":[[[-117.91018788193017,45.99966942206769],[-117.95881146175208,46.00049437467847],[-118.38736845955991,46.000655505934404],[-118.38760540307003,45.932322853253396],[-118.38181464361365,45.91961123409516],[-118.39960231426274,45.85525202018718],[-118.4228823050127,45.835241925039384],[-118.42522335743483,45.82526318260297],[-118.39615925319197,45.82096688994926],[-118.39054881699788,45.80927615728789],[-118.3445112693227,45.79197438312956],[-118.32785077982506,45.79735079365661],[-118.28096480871052,45.786763673609066],[-118.20846219345762,45.79213957628297],[-118.1715764359282,45.78110742417828],[-118.15838287398347,45.790274829773956],[-118.13481701406461,45.78788322316369],[-118.12741660534753,45.793338216192815],[-118.11605658445919,45.78153953025909],[-118.10765033520393,45.78626921769398],[-118.08838337367533,45.779886791716876],[-118.06480396959209,45.78499563172039],[-118.04429128592739,45.77474838746052],[-118.04571370845377,45.786693007008225],[-118.0254395831864,45.81048610377656],[-118.0188628359895,45.80721024146484],[-118.01434065914859,45.813294680589784],[-118.00712554657602,45.80703985753266],[-118.00106348876346,45.8179031689826],[-117.98195766854332,45.817389844063854],[-117.98241793743608,45.83064853935877],[-117.9668798246397,45.842284648673896],[-117.9443817405852,45.84004753814183],[-117.95081394581328,45.853936207353016],[-117.9494754854832,45.873946913346344],[-117.93719109735338,45.878711010239265],[-117.9422741330165,45.89721515202092],[-117.93408677491493,45.91635476720293],[-117.95759768216324,45.94797695852406],[-117.95605005913943,45.96990173132313],[-117.93230245118357,45.9953267310712],[-117.91740679938154,45.999687307450806],[-117.91022914438184,45.995154265064606],[-117.91018788193017,45.99966942206769]]]}},{"type":"Feature","id":"wmu:56","properties":{"id":"wmu:56","kind":"wmu","code":"56","name":"Wenaha","region":"Eastern","acres":264423},"geometry":{"type":"Polygon","coordinates":[[[-117.3964009435248,45.98792417776551],[-117.38206282504073,45.99809662150261],[-117.68215148051908,45.999793613969445],[-117.91024499730347,46.00029209107909],[-117.91022914438184,45.995154265064606],[-117.91740679938154,45.999687307450806],[-117.93230245118357,45.9953267310712],[-117.95589395971577,45.97023163609288],[-117.95797634347848,45.95207793874715],[-117.93408677491493,45.91635476720293],[-117.9422741330165,45.89721515202092],[-117.93719109735338,45.878711010239265],[-117.9494754854832,45.873946913346344],[-117.95081394581328,45.853936207353016],[-117.9443817405852,45.84004753814183],[-117.9668798246397,45.842284648673896],[-117.98241793743608,45.83064853935877],[-117.98195766854332,45.817389844063854],[-118.00106348876346,45.8179031689826],[-118.00712554657602,45.80703985753266],[-118.01434065914859,45.813294680589784],[-118.0188628359895,45.80721024146484],[-118.0254395831864,45.81048610377656],[-118.04571370845377,45.786693007008225],[-118.04429128592739,45.77474838746052],[-118.06480396959209,45.78499563172039],[-118.08838337367533,45.779886791716876],[-118.06433772174476,45.76817343963333],[-118.02461383616478,45.72462290578697],[-118.04082871053622,45.69694521623939],[-118.04226967520425,45.67474030536821],[-118.02403996101137,45.65604123528049],[-118.01258170385317,45.624718009537375],[-118.01621416098922,45.611234503530675],[-118.01109047516395,45.59666112113846],[-117.98886781710273,45.58239721745131],[-117.98901214657337,45.56886031418754],[-117.9835067479893,45.56532359464778],[-117.91113599477575,45.56633142127624],[-117.91495951759711,45.576162711279295],[-117.90383114604774,45.58238134214888],[-117.90167756020884,45.608834629747754],[-117.88079115763465,45.62638820018491],[-117.88766170744755,45.6398633227508],[-117.86357808486004,45.65838379147849],[-117.86080591297944,45.66847690886083],[-117.86972538044623,45.68485384861203],[-117.85464669871239,45.6965523856268],[-117.85745650242603,45.70139171502803],[-117.84318193876884,45.702929703730256],[-117.83490490848428,45.719084426803796],[-117.79955692338586,45.71925747065502],[-117.78475279330239,45.72588197178294],[-117.77976241092945,45.747088566697414],[-117.76106609494566,45.757152070513754],[-117.75600344244306,45.78268279140222],[-117.74451594627612,45.79221543310907],[-117.7499282417392,45.79783708194423],[-117.74062711048781,45.7988831456804],[-117.75351923564465,45.8209584774159],[-117.74849660372882,45.82541987699412],[-117.75240593574328,45.833112231268494],[-117.73960788496314,45.84054009062611],[-117.74226830625884,45.846971804405044],[-117.73321938631163,45.84517584171073],[-117.72878535089089,45.854114680035174],[-117.6750556674278,45.88116234804208],[-117.62057310542306,45.85967375855352],[-117.60891480141072,45.86842372036573],[-117.59860598958305,45.863968650598494],[-117.59814554851941,45.87357170080175],[-117.58726174289212,45.87311963553072],[-117.57452199344245,45.8860896148209],[-117.56441732489716,45.88287263990849],[-117.54292164401457,45.89413530637643],[-117.49568010826489,45.89522216945768],[-117.49026428559864,45.90007062941579],[-117.47422672005108,45.89703303241636],[-117.47975914958269,45.90627175387351],[-117.46305103342974,45.90647571494809],[-117.46122881080828,45.91591281297947],[-117.4418818913514,45.91970962835612],[-117.44436535010658,45.925505438082425],[-117.4576041056121,45.926182316807896],[-117.44102694350453,45.934296750347336],[-117.45106101165896,45.94519340267764],[-117.43434842120158,45.94633837949962],[-117.42060545101702,45.9620501657282],[-117.40927833340912,45.96198348420312],[-117.39539716245353,45.97408341719493],[-117.39679619719114,45.97984867770876],[-117.38876204089472,45.98100966885689],[-117.3964009435248,45.98792417776551]]]}},{"type":"Feature","id":"wmu:41","properties":{"id":"wmu:41","kind":"wmu","code":"41","name":"White River","region":"Eastern","acres":601275},"geometry":{"type":"Polygon","coordinates":[[[-121.58143529103532,45.45580557391581],[-121.56660135212945,45.37280030099964],[-121.5719562543649,45.337491971973016],[-121.60042085254315,45.32202638595007],[-121.64048368169779,45.317477887263195],[-121.65159669239058,45.30894665967126],[-121.66048125611596,45.31357118087476],[-121.67591115245757,45.299585650711144],[-121.67163972737048,45.286300251076476],[-121.68514752917235,45.283762526793886],[-121.69023588481454,45.2916925549565],[-121.71398854137502,45.28317785409208],[-121.71785656074623,45.27270007748983],[-121.70694517504467,45.24307896558401],[-121.69822485762116,45.237607045471655],[-121.69874529651123,45.20886891763689],[-121.68867594358095,45.192131141916356],[-121.67726115146345,45.18728253367807],[-121.67598925858717,45.176026246140964],[-121.6615630666378,45.15832705782253],[-121.60113373259225,45.130706868620905],[-121.0575075267403,45.01522521450911],[-121.06543508867227,45.0302987327726],[-121.0807795610273,45.036093784454344],[-121.09381529233744,45.031208069070885],[-121.09987652612399,45.04254337733587],[-121.10721999576653,45.03585983641622],[-121.11346098265167,45.03950093717103],[-121.12184232637476,45.04876703331937],[-121.11520348447449,45.05719141385567],[-121.12069643554985,45.06397945122708],[-121.10834076477109,45.07465873592234],[-121.12114365375173,45.078245819878966],[-121.1311753127077,45.092048203268156],[-121.12569336205289,45.09646826967481],[-121.13159590584932,45.102533220174124],[-121.13307334631956,45.12505297884402],[-121.1226138594533,45.13167356251782],[-121.12538808964104,45.146558529650974],[-121.07610711339369,45.17702039688363],[-121.11864310911409,45.1682030798278],[-121.12350920866918,45.17430675612606],[-121.12405381793705,45.224425374499916],[-121.19104734356745,45.26185105241475],[-121.18313986249385,45.28721165568989],[-121.14775003050298,45.306107703291794],[-121.1509330837786,45.32273676713671],[-121.14237315017805,45.33818027969215],[-121.14011092571091,45.419294320760926],[-121.13175316112546,45.440022222154745],[-121.1191510248298,45.44749008679286],[-121.12436475002708,45.46115428343794],[-121.11587554712423,45.48333970633684],[-121.0929715353107,45.49378726921565],[-121.0864690580008,45.50685669567946],[-121.09656203622781,45.52329319059874],[-121.08824123809163,45.53962587888055],[-121.10054843098973,45.55237346926875],[-121.10465963312805,45.57663163553923],[-121.13911407462045,45.598457207825355],[-121.13759878996234,45.60615576738454],[-121.17251307838684,45.600577191898836],[-121.18531877991671,45.60547100944436],[-121.19807776097485,45.615889333072914],[-121.19932287518125,45.63725984430845],[-121.21641289784975,45.664261756517554],[-121.28583985509228,45.67788249845298],[-121.28637216198844,45.68509037033424],[-121.30667651456415,45.69444764806522],[-121.3657939926821,45.701043325456794],[-121.39449341823389,45.68519974402755],[-121.42288064197635,45.686600821409264],[-121.50121662505792,45.71351314603519],[-121.51337838203305,45.67031629331941],[-121.51296239239244,45.63089910806894],[-121.53189465557853,45.620787173237126],[-121.53308681633621,45.61035902796292],[-121.55057442848201,45.595103483492274],[-121.5571052035346,45.568832977603336],[-121.56807161058364,45.556662884792054],[-121.56125068169149,45.47472107118985],[-121.58143529103532,45.45580557391581]]]}},{"type":"Feature","id":"wmu:1","properties":{"id":"wmu:1","kind":"wmu","code":"1","name":"Crater Lake Np","region":"Other","acres":182549},"geometry":{"type":"Polygon","coordinates":[[[-122.19795692984779,43.08883414761362],[-122.22325172712101,43.08134419816911],[-122.22326981306807,43.076199601948616],[-122.25115910391602,43.0762060333708],[-122.25115894832075,43.06773214247239],[-122.26660690847416,43.067730753364344],[-122.26664075710681,43.01097629006694],[-122.27568050987328,42.99679063954004],[-122.30246521200728,42.98600520409326],[-122.30247636744011,42.97610157632122],[-122.27286113828237,42.976121040659606],[-122.2729169026645,42.95436946403839],[-122.28278687447127,42.95438147673054],[-122.28376372743183,42.89609344229627],[-122.28868541438298,42.89607134491486],[-122.29125946087106,42.87747929918373],[-122.28927184110154,42.85992956369782],[-122.26667415015966,42.83820000126278],[-122.26668251635807,42.800983724900775],[-122.07957097888165,42.80098648713095],[-122.07957062555228,42.78027033599403],[-122.06225031705839,42.76873635994196],[-122.05781250948709,42.772536421457765],[-122.07222604252871,42.800986539087],[-121.99968242036046,42.80102161056764],[-121.99976552599185,42.849787018731966],[-121.96614018543028,42.84404019329071],[-121.96613449407894,42.849805828461804],[-121.98597442623222,42.857005055330795],[-121.98597849382574,42.87882074972232],[-121.99976770092381,42.8933471297627],[-121.9760910447568,42.91888307118807],[-121.9661437593032,42.92162257921863],[-121.97891009885605,42.94222354157606],[-121.98465428224563,42.971426046103694],[-121.97814821542856,42.97988316755009],[-121.99973311894797,42.985656644852085],[-122.00457105118629,43.08781920016735],[-122.19795692984779,43.08883414761362]]]}},{"type":"Feature","id":"wmu:57","properties":{"id":"wmu:57","kind":"wmu","code":"57","name":"Sled Springs","region":"Eastern","acres":566102},"geometry":{"type":"Polygon","coordinates":[[[-117.09019739109712,45.99763257983426],[-117.38206282504073,45.99809662150261],[-117.38513937950451,45.98950184044722],[-117.3964009435248,45.98792417776551],[-117.38876204089472,45.98100966885689],[-117.39679619719114,45.97984867770876],[-117.39539716245353,45.97408341719493],[-117.40927833340912,45.96198348420312],[-117.42060545101702,45.9620501657282],[-117.43434842120158,45.94633837949962],[-117.45106101165896,45.94519340267764],[-117.44102694350453,45.934296750347336],[-117.4576041056121,45.926182316807896],[-117.44436535010658,45.925505438082425],[-117.4418818913514,45.91970962835612],[-117.46122881080828,45.91591281297947],[-117.46305103342974,45.90647571494809],[-117.47975914958269,45.90627175387351],[-117.47422672005108,45.89703303241636],[-117.49026428559864,45.90007062941579],[-117.49568010826489,45.89522216945768],[-117.54292164401457,45.89413530637643],[-117.56441732489716,45.88287263990849],[-117.57452199344245,45.8860896148209],[-117.58726174289212,45.87311963553072],[-117.59814554851941,45.87357170080175],[-117.59860598958305,45.863968650598494],[-117.60891480141072,45.86842372036573],[-117.62057310542306,45.85967375855352],[-117.6750556674278,45.88116234804208],[-117.72839532178851,45.85433317334739],[-117.73321938631163,45.84517584171073],[-117.74226830625884,45.846971804405044],[-117.74497863050368,45.83332717942503],[-117.75287754852076,45.83223604331406],[-117.74849660372882,45.82541987699412],[-117.75336352075657,45.81982543094813],[-117.74052616085584,45.79961293297531],[-117.7499282417392,45.79783708194423],[-117.74451594627612,45.79221543310907],[-117.75600344244306,45.78268279140222],[-117.76179829863312,45.75598158271609],[-117.77976241092945,45.747088566697414],[-117.78475279330239,45.72588197178294],[-117.79955692338586,45.71925747065502],[-117.83490490848428,45.719084426803796],[-117.84318193876884,45.702929703730256],[-117.85715401747996,45.70177206968714],[-117.85464669871239,45.6965523856268],[-117.86972538044623,45.68485384861203],[-117.86080591297944,45.66847690886083],[-117.86357808486004,45.65838379147849],[-117.88717574616935,45.64078533696972],[-117.88093905337321,45.626008971170606],[-117.9013413542485,45.609458430133046],[-117.90360948171138,45.58295019384766],[-117.9138886877435,45.578898750853604],[-117.91456128824152,45.57057627283901],[-117.91113599477575,45.56633142127624],[-117.86548028188952,45.58739836364489],[-117.79712692348319,45.58784516730669],[-117.76541548639473,45.60256654610929],[-117.73453783886998,45.584908272714294],[-117.73011664637963,45.619411785115005],[-117.71271066741505,45.622534194658634],[-117.70608551178654,45.617459544994944],[-117.6627678627806,45.62995217038686],[-117.65416746030023,45.61813438366145],[-117.63069636181329,45.61177089280866],[-117.63026253522438,45.60488528464614],[-117.60372434320864,45.610740305700354],[-117.58586012918026,45.60002390199407],[-117.56169515331047,45.59864699392606],[-117.54164191980605,45.585473397187336],[-117.53546809984553,45.57048829450624],[-117.49886289818429,45.556515705297954],[-117.4905696361493,45.54107706781087],[-117.4318755847913,45.48617351209379],[-117.39011067433665,45.47615916126206],[-117.38103619352064,45.449397966296544],[-117.33699715654637,45.44159379447432],[-117.30461994288986,45.42248900314906],[-117.27778311801539,45.42639105737687],[-117.27681199460504,45.42047950573615],[-117.24532434704962,45.41173318761518],[-117.2303982752078,45.39513810883817],[-117.2259533464804,45.41100340560717],[-117.14912039185509,45.414839775965916],[-117.14037093973633,45.43283999626007],[-117.14658022346825,45.48683682858046],[-117.11113442993438,45.51939014887866],[-117.12272955702926,45.549227358490455],[-117.13729584024401,45.62788461684552],[-117.14290197688469,45.632954200497416],[-117.13948399287486,45.678007745777336],[-117.15509274670048,45.699697340694755],[-117.15152705319765,45.70649775080313],[-117.16000731818171,45.71705309627517],[-117.1556880415665,45.730974316897345],[-117.16819607600327,45.73441722952794],[-117.16611178102866,45.74286749317131],[-117.17177217481229,45.74776886559939],[-117.16566510869362,45.75100017961299],[-117.17467882565307,45.75762485951325],[-117.16901824976516,45.766751260911256],[-117.17982402014103,45.77582104632952],[-117.17684547078339,45.78452946815201],[-117.18206310027546,45.78583536610153],[-117.17684676422536,45.78906575586973],[-117.18539649400523,45.790033216607114],[-117.18000525761217,45.79606800027295],[-117.19386669934698,45.80431243863441],[-117.1924030298348,45.80899978541163],[-117.19856466638262,45.80657257338812],[-117.2041893014677,45.81918603816691],[-117.22267680342003,45.81761675314431],[-117.23351515692966,45.82342764680115],[-117.2368193149366,45.827471071241426],[-117.23216324938677,45.83030695995456],[-117.23907291777996,45.831251123502305],[-117.2350171978961,45.83687166503734],[-117.24440773627235,45.83907498505596],[-117.23764669999343,45.84165009355295],[-117.23855027385382,45.85965851522349],[-117.24501458966768,45.860184907892666],[-117.23652147286667,45.870004587962086],[-117.23757517505041,45.8796646393209],[-117.22309367528115,45.88756504494731],[-117.2213543370402,45.89520542907474],[-117.1988321574033,45.9027264268861],[-117.20028781366324,45.91007734943347],[-117.18567107670192,45.91375626161829],[-117.18575191125724,45.92053815880321],[-117.17169714434704,45.92297226362366],[-117.17323010611555,45.92941440860695],[-117.1647446347856,45.93727551232587],[-117.15593859879378,45.936198725036185],[-117.15270113436834,45.94467710712691],[-117.16029645414633,45.946547764328116],[-117.15051700416281,45.94812728482943],[-117.15051141585263,45.9566643545218],[-117.1363659347182,45.956884520361356],[-117.14250409698428,45.96288037959763],[-117.13272091784651,45.96480019828097],[-117.12998321151457,45.975311479599526],[-117.09633954368302,45.98884547094639],[-117.09800102366107,45.9939113027161],[-117.09019739109712,45.99763257983426]]]}},{"type":"Feature","id":"wmu:53","properties":{"id":"wmu:53","kind":"wmu","code":"53","name":"Catherine Creek","region":"Eastern","acres":424586},"geometry":{"type":"Polygon","coordinates":[[[-117.73000367064816,45.61882904678863],[-117.721472752354,45.621270757515404],[-117.7295020603125,45.61972867992381],[-117.73097306151347,45.618255777765405],[-117.73453783886998,45.584908272714294],[-117.76541548639473,45.60256654610929],[-117.78053137951562,45.59211866900667],[-117.81623198288116,45.58451408278951],[-117.87988299336973,45.584241345400564],[-117.91731165806506,45.56547724108572],[-117.91766483986565,45.54085735558008],[-117.9309843898436,45.50520984172841],[-117.96259865729542,45.46333460212128],[-117.99421334813752,45.368900841570046],[-118.07239719261928,45.33189889079186],[-118.03915642161012,45.298544700504394],[-118.01243161074615,45.23193954031357],[-118.02537524765806,45.21097550480891],[-117.96520353889674,45.167693639747974],[-117.97153689526203,45.14959944936026],[-117.94239769524945,45.05963983760928],[-117.92200504840065,45.01890933602165],[-117.89640019895357,45.0379166959472],[-117.88625019155303,45.04968283032196],[-117.88846918682827,45.057109585524486],[-117.87259771910352,45.0611567819106],[-117.87440767048437,45.065472993140666],[-117.86275200260542,45.054300763178254],[-117.8578856981057,45.05972061679364],[-117.84365981506623,45.05844931081873],[-117.82294515049664,45.0291383933295],[-117.81181295934128,45.024298343226235],[-117.81193547298145,45.03176454343073],[-117.80553109064932,45.03171110575632],[-117.77942854202985,45.011233467835844],[-117.78462812709553,44.995868462574194],[-117.75987314774262,44.97157840253406],[-117.76004399694901,44.96051391485698],[-117.72674618520152,44.946616542586554],[-117.71019858687845,44.94989003706014],[-117.6930668563718,44.92101907634753],[-117.67172069716783,44.91412550712065],[-117.64963779317328,44.94698234777679],[-117.64692501042299,44.96120790630847],[-117.65419172118789,44.985626246254974],[-117.64566583735144,45.013248060597604],[-117.62882987900915,45.01700505590087],[-117.61988927902253,45.00306816321782],[-117.60107822763484,44.99562757486828],[-117.54634334648034,45.025407203581445],[-117.54008821521323,45.0540802073144],[-117.5468375031036,45.0745299243788],[-117.54003102298896,45.06909954879131],[-117.54024662743697,45.07798754995686],[-117.53082963195207,45.086097323229374],[-117.51596960851322,45.081501527213035],[-117.50713053950679,45.10509084744859],[-117.4889161514862,45.11399643334202],[-117.48285861404824,45.13047171183825],[-117.51379414420661,45.13706118579539],[-117.51713945012101,45.14179769526573],[-117.51011900715577,45.15588923096312],[-117.53291368210682,45.16745623780633],[-117.5451119076282,45.18606728713031],[-117.58288932340021,45.20029959129896],[-117.56054802140268,45.217957303075124],[-117.5702960750897,45.235260599219835],[-117.60375547063921,45.235970953446746],[-117.62460626927489,45.22502965035883],[-117.62556506712052,45.20904584922392],[-117.6395530685781,45.208420150359636],[-117.65168237333488,45.21570524981494],[-117.6608562793983,45.23593224849326],[-117.67113258344823,45.23984164906259],[-117.66760598267565,45.24496625009861],[-117.6767353290198,45.25300140442237],[-117.6780824385376,45.27503266541043],[-117.70480932438102,45.28966916609085],[-117.69461900102594,45.289569758276606],[-117.69915237850913,45.2942589522668],[-117.68659430775655,45.2903386549755],[-117.69335837739737,45.308643042469576],[-117.70561000918083,45.319396866765715],[-117.69977697251517,45.3233935437836],[-117.70454983338382,45.34204265688535],[-117.69960398098436,45.34883336493878],[-117.71047762988914,45.3680745470353],[-117.70641881752981,45.40738264769788],[-117.7275185367394,45.43546989068033],[-117.73379158472898,45.4549090642092],[-117.72356275258765,45.47021386072127],[-117.71388602992096,45.47287614359416],[-117.73077540919616,45.510409842539616],[-117.69685563100137,45.515081005842326],[-117.72508403349909,45.54045097985998],[-117.71911574296853,45.56449028513805],[-117.73005487216989,45.57854840283666],[-117.73055668169674,45.610647934987746],[-117.73000367064816,45.61882904678863]]]}},{"type":"Feature","id":"wmu:18","properties":{"id":"wmu:18","kind":"wmu","code":"18","name":"Alsea","region":"Western","acres":1253496},"geometry":{"type":"Polygon","coordinates":[[[-124.0219827623758,44.927387949992465],[-124.05304220715814,44.840144754995315],[-124.0596134826975,44.837994074351414],[-124.05904324367636,44.829785345580106],[-124.06668513281743,44.83071253286728],[-124.06386219681035,44.80260739096667],[-124.07431264615857,44.79772865737051],[-124.07325538781687,44.7892949736725],[-124.0675221519325,44.78835165682992],[-124.07466472133058,44.785415341104255],[-124.07557093741397,44.771373604261456],[-124.06632648521075,44.76335756428365],[-124.06575063320435,44.74554314889214],[-124.05786667809741,44.73579779137233],[-124.06763215884867,44.685143748860476],[-124.08074418542583,44.67597283041875],[-124.06278631984067,44.673790521417374],[-124.05870402281062,44.65875503175956],[-124.06411350527273,44.62149024403934],[-124.08214671125009,44.61170614588085],[-124.06793544707148,44.61060659592652],[-124.06846840775857,44.58049727011993],[-124.07580922308449,44.522829967527976],[-124.08611413649236,44.49561650664558],[-124.08204947700409,44.46487478046939],[-124.08623809496014,44.407307199485984],[-124.10088572358566,44.33173176652639],[-124.10950466670987,44.31851307985618],[-124.10497182683552,44.30683513058721],[-124.11533684660424,44.286756768321396],[-124.11004085108614,44.282396859696554],[-124.11559932676462,44.274789185422826],[-124.10876422152533,44.2678153372967],[-124.11540679651469,44.25002366662004],[-124.11101883537164,44.23648069889185],[-124.11671592816236,44.174762357283406],[-124.12280150904861,44.14272315813045],[-124.12953388663384,44.13867339836804],[-124.12327604891084,44.13411135235955],[-124.12788558335374,44.12157090008639],[-124.12394936674974,44.10630249416246],[-124.1392954038625,44.02044958099633],[-124.12458649724609,44.0099768926017],[-124.12199218904645,43.973160402199674],[-124.10836527313504,43.965784327756516],[-124.09654143109292,43.96871623248907],[-124.10173281450952,43.9696747539095],[-124.08185019199892,43.97662633752735],[-124.08095333793683,43.984224996224455],[-124.06754489174862,43.991765547537796],[-124.05967292735534,43.99059663093794],[-124.07855456763359,43.982023996591906],[-124.07646585961392,43.97340332668919],[-124.02886147404294,43.98674963275934],[-124.00125540338261,44.011133910326755],[-123.973272328065,44.018991662322385],[-123.91674544190546,44.012818189453526],[-123.90792580729833,44.0219414348256],[-123.88451775747158,44.02304728183025],[-123.85866871080528,44.01554138746768],[-123.85442337230226,44.02601280685336],[-123.85887490721247,44.03447890434716],[-123.88815178996487,44.054058835487226],[-123.87371890085137,44.07500391189064],[-123.84940336004145,44.0728503262681],[-123.82006538463192,44.0571053892744],[-123.79769445120026,44.05509336626502],[-123.78564798973218,44.071184943460416],[-123.79364915966619,44.0767840557505],[-123.77036536209735,44.08552135520797],[-123.77459821406491,44.09310269240209],[-123.71182985801711,44.093543582648586],[-123.67517207204321,44.10297658424104],[-123.66468109584312,44.11899123916403],[-123.61904292993856,44.11836856254798],[-123.6139715018792,44.13242426711775],[-123.58950434677732,44.13726230140842],[-123.5811542961876,44.14550618405843],[-123.58462328424952,44.15483133108198],[-123.57219181683368,44.158453809299985],[-123.58310076899302,44.17735984146919],[-123.57106608098836,44.17678102482902],[-123.56300022273552,44.188348465114345],[-123.55223922627242,44.18730809062041],[-123.54570973714668,44.19661458338209],[-123.49812157910505,44.18882314358478],[-123.46779813238933,44.19679843542091],[-123.4532749793422,44.1877473105458],[-123.43915111052698,44.165928568502544],[-123.4250843735561,44.15945681590435],[-123.4269975090941,44.14410983810539],[-123.41196912306785,44.13632423350283],[-123.35768868201748,44.154011584021255],[-123.2865240163276,44.18962305914229],[-123.28544282643117,44.240635159744166],[-123.29525451239921,44.270162547881625],[-123.29939782356888,44.32573248059757],[-123.2915951850106,44.36299777309383],[-123.35384181567659,44.363010252036155],[-123.36566843126003,44.38899266670912],[-123.33224390544201,44.427695380739934],[-123.33728641291863,44.45804817705646],[-123.38736508197269,44.46055554529293],[-123.42952774641618,44.473568926343404],[-123.42801391514139,44.4848935806132],[-123.44961074076436,44.48929804123241],[-123.42792856461462,44.51711462545328],[-123.38529246212342,44.541241262812505],[-123.35659716090208,44.54007869246843],[-123.26496078460707,44.556833697857265],[-123.2401552897314,44.6379040607085],[-123.2215015921518,44.6576909172874],[-123.2231066376985,44.744090155477124],[-123.31146455983915,44.73692990552159],[-123.33439713421426,44.75256038293482],[-123.34536294462777,44.77857605813387],[-123.34488180149815,44.79862349938598],[-123.35514270509461,44.80371150566639],[-123.36135409302099,44.81929990122717],[-123.39573134834109,44.840582780057964],[-123.39577303562866,44.84764727289402],[-123.4366479931695,44.86537071992358],[-123.44672081512633,44.85754314710348],[-123.46559061710595,44.86174831237342],[-123.46687973326034,44.852711380817645],[-123.48081816477355,44.84196742356788],[-123.5208819736658,44.83988623995911],[-123.52707867191728,44.823901937630794],[-123.57456387768006,44.83173523391253],[-123.58844517791682,44.81862943068091],[-123.64068769041646,44.82971102568815],[-123.66271269496062,44.84278672386737],[-123.66899065403567,44.85827926146634],[-123.69661573304113,44.86675597463199],[-123.70347138603171,44.87178455637326],[-123.7001402373274,44.87764481082105],[-123.7159721631502,44.8826743233205],[-123.72561656835373,44.880088783564844],[-123.71939495949341,44.875134520763694],[-123.73572495497811,44.85993477394493],[-123.75492752357704,44.84625885824728],[-123.76135551384581,44.84772606339285],[-123.76204506146142,44.830420039227114],[-123.77546709824466,44.830865582187634],[-123.77175689262484,44.81749570147336],[-123.78116641931493,44.81698365862361],[-123.7814577355084,44.811185430075916],[-123.77549130963023,44.812239129662046],[-123.78424425137035,44.80169730120079],[-123.78766182964965,44.78256104146681],[-123.81047309179617,44.78983858049167],[-123.83642551439074,44.77833488044092],[-123.8078899671446,44.75131535088435],[-123.79072289370603,44.74507791214383],[-123.79264290646236,44.736411395713965],[-123.87158815437684,44.72785588521781],[-123.88213016580046,44.714292101426054],[-123.91697858819205,44.718812178659974],[-123.93059713290299,44.71333991229658],[-123.94083889116702,44.72697391593649],[-123.9247927596535,44.72462754297179],[-123.93074000170704,44.731312017689625],[-123.91799149682187,44.73238900027287],[-123.91302810457879,44.724931900930144],[-123.90876171557069,44.73242364700241],[-123.91522528285186,44.73721809542418],[-123.90858756236535,44.75380364809295],[-123.89001233195111,44.757220673099134],[-123.93395791436464,44.76634278764578],[-123.94083592057972,44.774768649495314],[-123.9294447269531,44.7780785711026],[-123.91594091836481,44.77214511572114],[-123.91985936780655,44.78206798595944],[-123.9012131699241,44.787256758575076],[-123.89794590492119,44.796756250728286],[-123.95090985778097,44.799653776102076],[-123.96508831614022,44.80752903884163],[-123.99605610051921,44.80199884207779],[-124.01128211036797,44.80671654881316],[-124.00493123537191,44.812128838053894],[-123.97438664332304,44.810209384870234],[-123.97600621494743,44.817712864819235],[-123.96345086877541,44.82435710845368],[-123.96427844282229,44.83050923975658],[-123.98474239907968,44.83586285274077],[-123.9847319727509,44.85987980100281],[-123.93505447186934,44.85931095461631],[-123.93971183360048,44.874010950599235],[-123.92050684137942,44.87235524710134],[-123.91723491926122,44.87757717377244],[-123.9370525313907,44.885089224927],[-123.96039576747961,44.878208605877404],[-123.96779708921862,44.8839033793236],[-123.98260688523312,44.88103572679146],[-124.00781883398705,44.90069288718796],[-124.00511092337221,44.91393200751516],[-124.01783782232675,44.91362486292703],[-124.01387337218503,44.926034926012086],[-124.0219827623758,44.927387949992465]]]}},{"type":"Feature","id":"wmu:20","properties":{"id":"wmu:20","kind":"wmu","code":"20","name":"Siuslaw","region":"Western","acres":969635},"geometry":{"type":"Polygon","coordinates":[[[-123.54475055447351,44.19666486432669],[-123.55223922627242,44.18730809062041],[-123.56300022273552,44.188348465114345],[-123.57106608098836,44.17678102482902],[-123.58310076899302,44.17735984146919],[-123.57219181683368,44.158453809299985],[-123.58462328424952,44.15483133108198],[-123.5811542961876,44.14550618405843],[-123.58950434677732,44.13726230140842],[-123.6139715018792,44.13242426711775],[-123.61904292993856,44.11836856254798],[-123.66468109584312,44.11899123916403],[-123.67517207204321,44.10297658424104],[-123.71182985801711,44.093543582648586],[-123.77459821406491,44.09310269240209],[-123.77036536209735,44.08552135520797],[-123.79364915966619,44.0767840557505],[-123.78564798973218,44.071184943460416],[-123.79769445120026,44.05509336626502],[-123.82006538463192,44.0571053892744],[-123.84940336004145,44.0728503262681],[-123.87371890085137,44.07500391189064],[-123.88815178996487,44.054058835487226],[-123.85887490721247,44.03447890434716],[-123.85442337230226,44.02601280685336],[-123.85963691789934,44.01519661485094],[-123.88451775747158,44.02304728183025],[-123.90792580729833,44.0219414348256],[-123.91620899020768,44.01284501781048],[-123.98028872479148,44.01774331967176],[-124.00125540338261,44.011133910326755],[-124.02821681625217,43.986971478007604],[-124.07646585961392,43.97340332668919],[-124.07855456763359,43.982023996591906],[-124.05967292735534,43.99059663093794],[-124.06754489174862,43.991765547537796],[-124.08095333793683,43.984224996224455],[-124.08185019199892,43.97662633752735],[-124.10836527313504,43.965784327756516],[-124.12241464310301,43.9737504952755],[-124.12458649724609,44.0099768926017],[-124.1388133447508,44.01861895833852],[-124.15467525741728,43.877259566436265],[-124.18193174971408,43.74663093065102],[-124.20817850548032,43.66701250726478],[-124.19545711688743,43.66883004153031],[-124.18689789180215,43.68266856958352],[-124.15886992211767,43.6942560905529],[-124.1527108932758,43.71413628596001],[-124.13248238724913,43.73487666028297],[-124.12919145734513,43.720313565803686],[-124.06557260569126,43.69206469644235],[-124.01696036814342,43.697430423165734],[-123.9448934871572,43.68406799573635],[-123.9012841064234,43.65107832241112],[-123.86106306541568,43.65840448286851],[-123.85002168517416,43.64846540825501],[-123.81373026997339,43.65234902545897],[-123.80760496782642,43.65887554682223],[-123.80931412351022,43.66977648915232],[-123.79880079637348,43.67392926624148],[-123.78371951987549,43.65607021859263],[-123.71144420460004,43.65708257057805],[-123.66004897684046,43.682782245724724],[-123.6538236433376,43.678468916480895],[-123.65389517712603,43.6644752327236],[-123.67439729971778,43.64123444842151],[-123.6728142417435,43.63603021740241],[-123.6256898787486,43.650100832218484],[-123.56766003031973,43.63250290926536],[-123.47773764949419,43.667510077168046],[-123.45593493452667,43.669556991437396],[-123.41691050791438,43.660330889691686],[-123.37094141769195,43.66580280031376],[-123.31521106309249,43.66276097542367],[-123.28472374586313,43.698545089784226],[-123.21950621204458,43.707926104585134],[-123.17546701382099,43.74968080973353],[-123.11215730232381,43.75068681456921],[-123.0618785987592,43.77138412307203],[-123.01308410936488,43.86806933428831],[-123.01213582827937,43.96791103902768],[-123.00565423392663,43.99400004183287],[-123.01882562747605,44.00329753547739],[-123.03114503970866,44.0331906164817],[-123.04972881947032,44.041134182854385],[-123.04690525151882,44.08411073534786],[-123.11259278968402,44.09748985500277],[-123.16345726129362,44.09738991395847],[-123.17103026606749,44.09174745484824],[-123.17298549510782,44.048153151856944],[-123.22455419869422,44.05584733070985],[-123.42234469671286,44.04974868633043],[-123.45722930400362,44.06746247528224],[-123.45182971614204,44.08857380373757],[-123.45821378133694,44.09713470422893],[-123.4572126790727,44.109769327240166],[-123.46580067529123,44.116501710049306],[-123.4466343749932,44.13920260556854],[-123.42670850419663,44.14365393188237],[-123.42492700956211,44.159282387083316],[-123.43915111052698,44.165928568502544],[-123.4532749793422,44.1877473105458],[-123.46806728540197,44.19691499908577],[-123.49812157910505,44.18882314358478],[-123.54475055447351,44.19666486432669]]]}},{"type":"Feature","id":"wmu:21","properties":{"id":"wmu:21","kind":"wmu","code":"21","name":"Indigo","region":"Western","acres":1242798},"geometry":{"type":"Polygon","coordinates":[[[-122.80434147930364,43.912675658122005],[-122.84742142097468,43.935259584058365],[-123.00643983258509,43.99677603985087],[-123.01213582827937,43.96791103902768],[-123.01301370924034,43.86836103150966],[-123.06687390186109,43.76213324798614],[-123.05612383367101,43.73777781431239],[-123.05629159424966,43.71975295801953],[-123.07748940022496,43.702333670540135],[-123.07980532314302,43.68954408381459],[-123.07277130227945,43.67527312915897],[-123.08436299127082,43.64395791410548],[-123.09503247426971,43.62804687955227],[-123.12808627030185,43.60509357041174],[-123.1629327117725,43.55833906645136],[-123.20631104363775,43.51589441201928],[-123.2069065124471,43.41867358282322],[-123.19301104042995,43.40485565389108],[-123.187498390674,43.38585712334961],[-123.19562508491263,43.36836533796591],[-123.20240725756564,43.314445100960754],[-123.16353170783111,43.31495770350087],[-123.15009476900177,43.30681123746015],[-123.12375360405787,43.30738028909341],[-123.10504835922025,43.29683100807366],[-123.1007877491829,43.305714145672866],[-123.07260071000576,43.309020718089855],[-123.05371050535169,43.3234342467744],[-123.02370830333193,43.322372540182094],[-123.00917371527295,43.333227102883384],[-122.94124154010386,43.29499072676132],[-122.89353136334924,43.294919020785265],[-122.79717802424385,43.32350691195458],[-122.76020395976131,43.342335838575764],[-122.74360312322045,43.339859635554056],[-122.7374089038554,43.34510410687291],[-122.69836039814848,43.32763770376529],[-122.67735571097195,43.3044606238673],[-122.63770705734031,43.297048046614265],[-122.62904204142968,43.286880992054066],[-122.62713580454563,43.293240986401614],[-122.61345188218093,43.29574848750685],[-122.5946900177982,43.28639055881625],[-122.57355103993265,43.28734013660445],[-122.55571080323645,43.296673106640014],[-122.5452680601948,43.291904548224764],[-122.52742671130498,43.30393891258054],[-122.50311621463705,43.306726367955385],[-122.4737368986026,43.29451970980574],[-122.46842573685329,43.28349136344617],[-122.45149111751023,43.27657684708594],[-122.44749452377543,43.26394642795842],[-122.41821683944299,43.26110113942973],[-122.37465852523809,43.240937034961085],[-122.32868678245507,43.25135415288828],[-122.30566808371853,43.24620450185019],[-122.23670262451813,43.24716546760207],[-122.20988290481155,43.25675715308391],[-122.17190011590019,43.25816732613405],[-122.1399960146634,43.23183299351573],[-122.1246143187367,43.15821717087147],[-122.12618950928194,43.13356661490174],[-122.1347600762386,43.12310048719508],[-122.13019216405633,43.10118902481761],[-122.11763408705457,43.08928016373055],[-122.09138530989543,43.08896083395077],[-122.07446114435726,43.131488249663214],[-122.08661157582776,43.13550428450052],[-122.07453094221633,43.14330072237971],[-122.08076287754486,43.15344906233141],[-122.06974261842038,43.16184848454746],[-122.07302710224799,43.16331377703041],[-122.07391238112595,43.16429645743565],[-122.06245447417892,43.16260610504739],[-122.06399931343658,43.17606521651288],[-122.0491147339255,43.19476523025237],[-122.0513791305496,43.19968921927547],[-122.02259912850188,43.2200905076229],[-122.02685131982322,43.22535035811545],[-122.01441579729294,43.23211898672551],[-122.00771812316789,43.225836639978525],[-121.99610917876849,43.24398716288958],[-121.98652246684136,43.24515987367472],[-121.9889689652109,43.271430953138534],[-122.0146309745259,43.29561406679414],[-122.00115555865784,43.310015825605525],[-122.01653308667606,43.31870265982373],[-122.00877981692346,43.33697471178961],[-122.02087585500504,43.35864142178655],[-122.06089035460869,43.3853606148538],[-122.06097124191257,43.40128083279164],[-122.0848642309201,43.415872746270495],[-122.09687305404844,43.43812789157262],[-122.11132949721477,43.44580445580253],[-122.11860610436028,43.44002602757529],[-122.13356917814055,43.447064803503174],[-122.13761583922408,43.47364900832201],[-122.14292610782965,43.4749493271542],[-122.13383284187549,43.49971061411211],[-122.14572535264291,43.502522242241106],[-122.13335367221762,43.520051740522526],[-122.11877471059293,43.522794680350685],[-122.12303051606813,43.53651391917055],[-122.13370670993251,43.54118740113189],[-122.13155939687864,43.55365995294927],[-122.07407817318307,43.585866722064736],[-122.034176101337,43.59758031242022],[-122.0688203208576,43.614008381903474],[-122.06927806044217,43.62072287687739],[-122.10913052641769,43.61154728672772],[-122.13337088981923,43.61416672350894],[-122.14670078121529,43.63023019113023],[-122.20307256890257,43.64559753198475],[-122.22927992697801,43.65916641298608],[-122.24763778601566,43.68384692375706],[-122.29236721132857,43.709040987585716],[-122.38330131039926,43.73046452521951],[-122.43822432909631,43.72944130100624],[-122.47053498804243,43.7455505517888],[-122.52601841027119,43.74542145903432],[-122.53257650491038,43.751884471172275],[-122.53369422132857,43.78126354198624],[-122.56659531209844,43.806173561860206],[-122.6214749966236,43.82558016840561],[-122.63010846513473,43.844386849795015],[-122.68517115591544,43.86313211976376],[-122.73388348420849,43.89128062533937],[-122.74665591147654,43.90724426551944],[-122.80434147930364,43.912675658122005]]]}},{"type":"Feature","id":"wmu:28","properties":{"id":"wmu:28","kind":"wmu","code":"28","name":"Applegate","region":"Western","acres":848011},"geometry":{"type":"Polygon","coordinates":[[[-123.27044051052236,42.437144583190225],[-123.3099192937648,42.43679666205989],[-123.32104507299996,42.42674004847963],[-123.43389143884636,42.40912310950392],[-123.46255314715098,42.394313486304625],[-123.4669877311196,42.38407190809508],[-123.49088274906633,42.38064141407238],[-123.51652750106942,42.36273599087553],[-123.54099062673143,42.36319130711469],[-123.58852686559115,42.333261712416345],[-123.60924214535758,42.309123197791145],[-123.61910275709074,42.25709201164016],[-123.64672121325582,42.2272568878577],[-123.65125381085078,42.198313987498004],[-123.64440477364225,42.180549355204604],[-123.65027453690395,42.153361164203965],[-123.67435923261378,42.11834853503764],[-123.68448213862736,42.091430469095606],[-123.73007467115437,42.02734722798694],[-123.72143677591826,41.99693607105864],[-122.61528322935003,42.005439794306106],[-122.59784731726528,42.038916732508135],[-122.61006419191098,42.05432876730597],[-122.60091564989972,42.065528292176296],[-122.60564661762251,42.0740186451041],[-122.5992249470093,42.08278483976179],[-122.67193367152046,42.19410832321547],[-122.77212354336105,42.244398329229746],[-122.86715031799103,42.32459200763391],[-122.88060362073108,42.35910773432727],[-122.93765325193999,42.40352447171188],[-123.07468685331372,42.432568255208864],[-123.11363934056872,42.42548062375171],[-123.13890487990439,42.408429347432666],[-123.15474756512259,42.414009322847924],[-123.1741608607452,42.4340273351304],[-123.20907361537267,42.421796137506355],[-123.27044051052236,42.437144583190225]]]}},{"type":"Feature","id":"wmu:0","properties":{"id":"wmu:0","kind":"wmu","code":"0","name":"Warm Spring Indian Reservation","region":"Other","acres":null},"geometry":{"type":"Polygon","coordinates":[[[-121.71941975968025,45.1547726835293],[-121.78574294996307,44.758700593956775],[-121.77815605497788,44.75628686695969],[-121.800470138646,44.67128529737339],[-121.79752282365703,44.64452563507443],[-121.77776336938429,44.632389000330306],[-121.7124932880624,44.64097003282198],[-121.68343118038018,44.61797865456045],[-121.67570844823516,44.590062254895],[-121.64092988511987,44.568181576193574],[-121.61966201446896,44.57661824811568],[-121.62078444221339,44.58655284809621],[-121.59689824670394,44.619688008202836],[-121.61357489462436,44.64936200038733],[-121.57439657302466,44.671497684026356],[-121.5552739179132,44.67542972928388],[-121.52362345700202,44.65701040710558],[-121.50212722671252,44.63586658514303],[-121.46333353058627,44.61607207682612],[-121.43766980508813,44.58472338064477],[-121.42999533977607,44.59407125914007],[-121.40356998145991,44.594318806382525],[-121.37208494884277,44.59178467893321],[-121.36669295084847,44.58566923885322],[-121.34231446366134,44.58888547070324],[-121.31743398802797,44.58382764507122],[-121.27746199327746,44.60265024340029],[-121.2857351249107,44.629623954412025],[-121.26495805969782,44.64014771233067],[-121.25886963582278,44.65563766445225],[-121.24156062723102,44.6726730377745],[-121.24152840811941,44.6840975793405],[-121.23180037103103,44.68931205014469],[-121.238060723893,44.70352031016234],[-121.23477128989002,44.709715653692776],[-121.24472061800111,44.71486847566889],[-121.24781037498654,44.725110227065464],[-121.2457871732797,44.738150612584725],[-121.22590845765062,44.74883548840837],[-121.22767145627246,44.76394751244578],[-121.21218785006324,44.764498479374346],[-121.20761301202373,44.77677778195342],[-121.19380727340356,44.786642729999464],[-121.12248154872475,44.795778261304456],[-121.12082639897211,44.80429800154584],[-121.10095997660763,44.80857854925628],[-121.08109114603562,44.83114803830576],[-121.07688269596356,44.858029741041776],[-121.06262302048974,44.85827486449054],[-121.04817037939961,44.876969120251175],[-121.06862186128255,44.904467160889595],[-121.08420419450647,44.914758838151776],[-121.07972435556655,44.924028480364974],[-121.08360722142494,44.93187133063129],[-121.0728046329204,44.93657767495577],[-121.07892062398882,44.94016457161917],[-121.07734744197572,44.96679295106675],[-121.08564906979286,44.97225255313644],[-121.06586571851273,44.97337758849402],[-121.0525224761915,45.00873786135659],[-121.05817258849841,45.015456223315425],[-121.27602213371976,45.06442813359331],[-121.71941975968025,45.1547726835293]]]}}]}